Feel free to place comments here.


!!!!!!!!!!!!!!!!!!!!!!!!!!!!!!!!!!!!!!!!!!!!!!!!!!!!!!!!!!!!!!!!!!!!!!!!!
!!! Warning:  This is a KLT data file.  Do not modify below this line !!!

------------------------------
KLT Feature Table
------------------------------

nFrames = 44, nFeatures = 500

feature |          frame
        |                   0                   1                   2                   3                   4                   5                   6                   7                   8                   9                  10                  11                  12                  13                  14                  15                  16                  17                  18                  19                  20                  21                  22                  23                  24                  25                  26                  27                  28                  29                  30                  31                  32                  33                  34                  35                  36                  37                  38                  39                  40                  41                  42                  43
--------+-----------------------------------------------------------------------------------------------------------------------------------------------------------------------------------------------------------------------------------------------------------------------------------------------------------------------------------------------------------------------------------------------------------------------------------------------------------------------------------------------------------------------------------------------------------------------------------------------------------------------------------------------------------------------------------------------------------------------------------------------------------------------------------------------------------------------------------------------------------------------------------------------------------------
      0 | (156.0,563.0)=14483 (160.1,556.1)=    0 (159.8,549.9)=    0 (162.5,542.0)=    0 (164.0,536.9)=    0 (159.1,537.5)=    0 (147.6,541.2)=    0 (132.2,544.0)=    0 (118.8,549.6)=    0 (100.4,556.8)=    0 ( 80.2,565.1)=    0 ( 60.5,572.5)=    0 ( 41.1,575.2)=    0 ( -1.0, -1.0)=   -4 ( -1.0, -1.0)=   -4 ( -1.0, -1.0)=   -4 ( -1.0, -1.0)=   -4 ( -1.0, -1.0)=   -4 ( -1.0, -1.0)=   -4 ( -1.0, -1.0)=   -4 ( -1.0, -1.0)=   -4 ( -1.0, -1.0)=   -4 ( -1.0, -1.0)=   -4 ( -1.0, -1.0)=   -4 ( -1.0, -1.0)=   -4 ( -1.0, -1.0)=   -4 ( -1.0, -1.0)=   -4 ( -1.0, -1.0)=   -4 ( -1.0, -1.0)=   -4 ( -1.0, -1.0)=   -4 ( -1.0, -1.0)=   -4 ( -1.0, -1.0)=   -4 ( -1.0, -1.0)=   -4 ( -1.0, -1.0)=   -4 ( -1.0, -1.0)=   -4 ( -1.0, -1.0)=   -4 ( -1.0, -1.0)=   -4 ( -1.0, -1.0)=   -4 ( -1.0, -1.0)=   -4 ( -1.0, -1.0)=   -4 ( -1.0, -1.0)=   -4 ( -1.0, -1.0)=   -4 ( -1.0, -1.0)=   -4 ( -1.0, -1.0)=   -4 
      1 | ( 71.0,236.0)=14312 ( 75.5,226.4)=    0 ( 74.8,217.8)=    0 ( 77.3,208.2)=    0 ( 78.1,200.9)=    0 ( 70.2,199.0)=    0 ( 55.2,201.9)=    0 ( -1.0, -1.0)=   -5 ( -1.0, -1.0)=   -5 ( -1.0, -1.0)=   -5 ( -1.0, -1.0)=   -5 ( -1.0, -1.0)=   -5 ( -1.0, -1.0)=   -5 ( -1.0, -1.0)=   -5 ( -1.0, -1.0)=   -5 ( -1.0, -1.0)=   -5 ( -1.0, -1.0)=   -5 ( -1.0, -1.0)=   -5 ( -1.0, -1.0)=   -5 ( -1.0, -1.0)=   -5 ( -1.0, -1.0)=   -5 ( -1.0, -1.0)=   -5 ( -1.0, -1.0)=   -5 ( -1.0, -1.0)=   -5 ( -1.0, -1.0)=   -5 ( -1.0, -1.0)=   -5 ( -1.0, -1.0)=   -5 ( -1.0, -1.0)=   -5 ( -1.0, -1.0)=   -5 ( -1.0, -1.0)=   -5 ( -1.0, -1.0)=   -5 ( -1.0, -1.0)=   -5 ( -1.0, -1.0)=   -5 ( -1.0, -1.0)=   -5 ( -1.0, -1.0)=   -5 ( -1.0, -1.0)=   -5 ( -1.0, -1.0)=   -5 ( -1.0, -1.0)=   -5 ( -1.0, -1.0)=   -5 ( -1.0, -1.0)=   -5 ( -1.0, -1.0)=   -5 ( -1.0, -1.0)=   -5 ( -1.0, -1.0)=   -5 ( -1.0, -1.0)=   -5 
      2 | (274.0,614.0)=13601 (278.6,607.7)=    0 (278.5,602.1)=    0 (281.0,594.5)=    0 (282.9,589.6)=    0 (278.3,590.8)=    0 (266.8,594.9)=    0 (251.7,598.2)=    0 (238.6,604.3)=    0 (220.6,612.0)=    0 (200.9,621.2)=    0 (181.0,628.8)=    0 (161.3,632.3)=    0 (136.2,634.2)=    0 (118.6,636.4)=    0 (100.6,639.6)=    0 ( 83.1,642.6)=    0 ( 69.1,647.9)=    0 ( -1.0, -1.0)=   -5 ( -1.0, -1.0)=   -5 ( -1.0, -1.0)=   -5 ( -1.0, -1.0)=   -5 ( -1.0, -1.0)=   -5 ( -1.0, -1.0)=   -5 ( -1.0, -1.0)=   -5 ( -1.0, -1.0)=   -5 ( -1.0, -1.0)=   -5 ( -1.0, -1.0)=   -5 ( -1.0, -1.0)=   -5 ( -1.0, -1.0)=   -5 ( -1.0, -1.0)=   -5 ( -1.0, -1.0)=   -5 ( -1.0, -1.0)=   -5 ( -1.0, -1.0)=   -5 ( -1.0, -1.0)=   -5 ( -1.0, -1.0)=   -5 ( -1.0, -1.0)=   -5 ( -1.0, -1.0)=   -5 ( -1.0, -1.0)=   -5 ( -1.0, -1.0)=   -5 ( -1.0, -1.0)=   -5 ( -1.0, -1.0)=   -5 ( -1.0, -1.0)=   -5 ( -1.0, -1.0)=   -5 
      3 | (389.0,594.0)=12984 (394.2,588.0)=    0 (395.0,582.7)=    0 (398.1,575.4)=    0 (400.7,570.5)=    0 (397.5,571.1)=    0 (387.3,574.5)=    0 (374.2,577.0)=    0 (362.5,582.2)=    0 (346.8,588.9)=    0 ( -1.0, -1.0)=   -5 ( -1.0, -1.0)=   -5 ( -1.0, -1.0)=   -5 ( -1.0, -1.0)=   -5 ( -1.0, -1.0)=   -5 ( -1.0, -1.0)=   -5 ( -1.0, -1.0)=   -5 ( -1.0, -1.0)=   -5 ( -1.0, -1.0)=   -5 ( -1.0, -1.0)=   -5 ( -1.0, -1.0)=   -5 ( -1.0, -1.0)=   -5 ( -1.0, -1.0)=   -5 ( -1.0, -1.0)=   -5 ( -1.0, -1.0)=   -5 ( -1.0, -1.0)=   -5 ( -1.0, -1.0)=   -5 ( -1.0, -1.0)=   -5 ( -1.0, -1.0)=   -5 ( -1.0, -1.0)=   -5 ( -1.0, -1.0)=   -5 ( -1.0, -1.0)=   -5 ( -1.0, -1.0)=   -5 ( -1.0, -1.0)=   -5 ( -1.0, -1.0)=   -5 ( -1.0, -1.0)=   -5 ( -1.0, -1.0)=   -5 ( -1.0, -1.0)=   -5 ( -1.0, -1.0)=   -5 ( -1.0, -1.0)=   -5 ( -1.0, -1.0)=   -5 ( -1.0, -1.0)=   -5 ( -1.0, -1.0)=   -5 ( -1.0, -1.0)=   -5 
      4 | ( 87.0,315.0)=12908 ( 91.4,306.2)=    0 ( 90.9,298.3)=    0 ( 93.5,289.2)=    0 ( 94.6,282.7)=    0 ( 87.5,281.4)=    0 ( 73.8,284.6)=    0 ( 55.1,285.5)=    0 ( 39.1,290.3)=    0 ( -1.0, -1.0)=   -5 ( -1.0, -1.0)=   -5 ( -1.0, -1.0)=   -5 ( -1.0, -1.0)=   -5 ( -1.0, -1.0)=   -5 ( -1.0, -1.0)=   -5 ( -1.0, -1.0)=   -5 ( -1.0, -1.0)=   -5 ( -1.0, -1.0)=   -5 ( -1.0, -1.0)=   -5 ( -1.0, -1.0)=   -5 ( -1.0, -1.0)=   -5 ( -1.0, -1.0)=   -5 ( -1.0, -1.0)=   -5 ( -1.0, -1.0)=   -5 ( -1.0, -1.0)=   -5 ( -1.0, -1.0)=   -5 ( -1.0, -1.0)=   -5 ( -1.0, -1.0)=   -5 ( -1.0, -1.0)=   -5 ( -1.0, -1.0)=   -5 ( -1.0, -1.0)=   -5 ( -1.0, -1.0)=   -5 ( -1.0, -1.0)=   -5 ( -1.0, -1.0)=   -5 ( -1.0, -1.0)=   -5 ( -1.0, -1.0)=   -5 ( -1.0, -1.0)=   -5 ( -1.0, -1.0)=   -5 ( -1.0, -1.0)=   -5 ( -1.0, -1.0)=   -5 ( -1.0, -1.0)=   -5 ( -1.0, -1.0)=   -5 ( -1.0, -1.0)=   -5 ( -1.0, -1.0)=   -5 
      5 | (216.0,609.0)=12866 (220.5,602.4)=    0 (220.1,596.5)=    0 (222.3,589.0)=    0 (224.0,584.0)=    0 (218.9,585.2)=    0 (206.9,589.4)=    0 (191.2,592.7)=    0 (177.4,598.9)=    0 (158.6,606.8)=    0 (138.0,616.0)=    0 (117.4,624.0)=    0 ( 97.3,627.4)=    0 ( 71.0,629.4)=    0 ( 52.5,631.6)=    0 ( 34.0,634.6)=    0 ( -1.0, -1.0)=   -4 ( -1.0, -1.0)=   -4 ( -1.0, -1.0)=   -4 ( -1.0, -1.0)=   -4 ( -1.0, -1.0)=   -4 ( -1.0, -1.0)=   -4 ( -1.0, -1.0)=   -4 ( -1.0, -1.0)=   -4 ( -1.0, -1.0)=   -4 ( -1.0, -1.0)=   -4 ( -1.0, -1.0)=   -4 ( -1.0, -1.0)=   -4 ( -1.0, -1.0)=   -4 ( -1.0, -1.0)=   -4 ( -1.0, -1.0)=   -4 ( -1.0, -1.0)=   -4 ( -1.0, -1.0)=   -4 ( -1.0, -1.0)=   -4 ( -1.0, -1.0)=   -4 ( -1.0, -1.0)=   -4 ( -1.0, -1.0)=   -4 ( -1.0, -1.0)=   -4 ( -1.0, -1.0)=   -4 ( -1.0, -1.0)=   -4 ( -1.0, -1.0)=   -4 ( -1.0, -1.0)=   -4 ( -1.0, -1.0)=   -4 ( -1.0, -1.0)=   -4 
      6 | ( 74.0,111.0)=12555 ( 78.8,100.3)=    0 ( 78.2, 90.7)=    0 ( 80.6, 80.0)=    0 ( 81.3, 71.8)=    0 ( 72.4, 68.5)=    0 ( 56.0, 70.7)=    0 ( 34.1, 69.5)=    0 ( -1.0, -1.0)=   -4 ( -1.0, -1.0)=   -4 ( -1.0, -1.0)=   -4 ( -1.0, -1.0)=   -4 ( -1.0, -1.0)=   -4 ( -1.0, -1.0)=   -4 ( -1.0, -1.0)=   -4 ( -1.0, -1.0)=   -4 ( -1.0, -1.0)=   -4 ( -1.0, -1.0)=   -4 ( -1.0, -1.0)=   -4 ( -1.0, -1.0)=   -4 ( -1.0, -1.0)=   -4 ( -1.0, -1.0)=   -4 ( -1.0, -1.0)=   -4 ( -1.0, -1.0)=   -4 ( -1.0, -1.0)=   -4 ( -1.0, -1.0)=   -4 ( -1.0, -1.0)=   -4 ( -1.0, -1.0)=   -4 ( -1.0, -1.0)=   -4 ( -1.0, -1.0)=   -4 ( -1.0, -1.0)=   -4 ( -1.0, -1.0)=   -4 ( -1.0, -1.0)=   -4 ( -1.0, -1.0)=   -4 ( -1.0, -1.0)=   -4 ( -1.0, -1.0)=   -4 ( -1.0, -1.0)=   -4 ( -1.0, -1.0)=   -4 ( -1.0, -1.0)=   -4 ( -1.0, -1.0)=   -4 ( -1.0, -1.0)=   -4 ( -1.0, -1.0)=   -4 ( -1.0, -1.0)=   -4 ( -1.0, -1.0)=   -4 
      7 | (300.0,633.0)=12534 (304.5,626.7)=    0 (304.5,621.2)=    0 (306.9,613.9)=    0 (308.8,609.2)=    0 (304.3,610.5)=    0 (292.5,614.9)=    0 (277.3,618.2)=    0 (264.0,624.7)=    0 (245.9,632.7)=    0 (261.6,626.0)=    0 ( -1.0, -1.0)=   -5 ( -1.0, -1.0)=   -5 ( -1.0, -1.0)=   -5 ( -1.0, -1.0)=   -5 ( -1.0, -1.0)=   -5 ( -1.0, -1.0)=   -5 ( -1.0, -1.0)=   -5 ( -1.0, -1.0)=   -5 ( -1.0, -1.0)=   -5 ( -1.0, -1.0)=   -5 ( -1.0, -1.0)=   -5 ( -1.0, -1.0)=   -5 ( -1.0, -1.0)=   -5 ( -1.0, -1.0)=   -5 ( -1.0, -1.0)=   -5 ( -1.0, -1.0)=   -5 ( -1.0, -1.0)=   -5 ( -1.0, -1.0)=   -5 ( -1.0, -1.0)=   -5 ( -1.0, -1.0)=   -5 ( -1.0, -1.0)=   -5 ( -1.0, -1.0)=   -5 ( -1.0, -1.0)=   -5 ( -1.0, -1.0)=   -5 ( -1.0, -1.0)=   -5 ( -1.0, -1.0)=   -5 ( -1.0, -1.0)=   -5 ( -1.0, -1.0)=   -5 ( -1.0, -1.0)=   -5 ( -1.0, -1.0)=   -5 ( -1.0, -1.0)=   -5 ( -1.0, -1.0)=   -5 ( -1.0, -1.0)=   -5 
      8 | ( 69.0,178.0)=12531 ( 73.5,167.8)=    0 ( 72.8,158.7)=    0 ( 75.1,148.5)=    0 ( 75.8,140.8)=    0 ( 67.4,138.2)=    0 ( 51.7,140.9)=    0 ( 30.7,140.3)=    0 ( -1.0, -1.0)=   -4 ( -1.0, -1.0)=   -4 ( -1.0, -1.0)=   -4 ( -1.0, -1.0)=   -4 ( -1.0, -1.0)=   -4 ( -1.0, -1.0)=   -4 ( -1.0, -1.0)=   -4 ( -1.0, -1.0)=   -4 ( -1.0, -1.0)=   -4 ( -1.0, -1.0)=   -4 ( -1.0, -1.0)=   -4 ( -1.0, -1.0)=   -4 ( -1.0, -1.0)=   -4 ( -1.0, -1.0)=   -4 ( -1.0, -1.0)=   -4 ( -1.0, -1.0)=   -4 ( -1.0, -1.0)=   -4 ( -1.0, -1.0)=   -4 ( -1.0, -1.0)=   -4 ( -1.0, -1.0)=   -4 ( -1.0, -1.0)=   -4 ( -1.0, -1.0)=   -4 ( -1.0, -1.0)=   -4 ( -1.0, -1.0)=   -4 ( -1.0, -1.0)=   -4 ( -1.0, -1.0)=   -4 ( -1.0, -1.0)=   -4 ( -1.0, -1.0)=   -4 ( -1.0, -1.0)=   -4 ( -1.0, -1.0)=   -4 ( -1.0, -1.0)=   -4 ( -1.0, -1.0)=   -4 ( -1.0, -1.0)=   -4 ( -1.0, -1.0)=   -4 ( -1.0, -1.0)=   -4 ( -1.0, -1.0)=   -4 
      9 | ( 81.0,328.0)=12504 ( 85.4,319.2)=    0 ( 84.9,311.5)=    0 ( 87.4,302.5)=    0 ( 88.5,295.8)=    0 ( 81.5,294.8)=    0 ( 67.5,298.1)=    0 ( -1.0, -1.0)=   -5 ( -1.0, -1.0)=   -5 ( -1.0, -1.0)=   -5 ( -1.0, -1.0)=   -5 ( -1.0, -1.0)=   -5 ( -1.0, -1.0)=   -5 ( -1.0, -1.0)=   -5 ( -1.0, -1.0)=   -5 ( -1.0, -1.0)=   -5 ( -1.0, -1.0)=   -5 ( -1.0, -1.0)=   -5 ( -1.0, -1.0)=   -5 ( -1.0, -1.0)=   -5 ( -1.0, -1.0)=   -5 ( -1.0, -1.0)=   -5 ( -1.0, -1.0)=   -5 ( -1.0, -1.0)=   -5 ( -1.0, -1.0)=   -5 ( -1.0, -1.0)=   -5 ( -1.0, -1.0)=   -5 ( -1.0, -1.0)=   -5 ( -1.0, -1.0)=   -5 ( -1.0, -1.0)=   -5 ( -1.0, -1.0)=   -5 ( -1.0, -1.0)=   -5 ( -1.0, -1.0)=   -5 ( -1.0, -1.0)=   -5 ( -1.0, -1.0)=   -5 ( -1.0, -1.0)=   -5 ( -1.0, -1.0)=   -5 ( -1.0, -1.0)=   -5 ( -1.0, -1.0)=   -5 ( -1.0, -1.0)=   -5 ( -1.0, -1.0)=   -5 ( -1.0, -1.0)=   -5 ( -1.0, -1.0)=   -5 ( -1.0, -1.0)=   -5 
     10 | (331.0,619.0)=12471 (335.7,612.8)=    0 (336.0,607.3)=    0 (338.6,600.1)=    0 (340.8,595.2)=    0 (336.8,596.4)=    0 (325.5,600.3)=    0 (311.0,603.4)=    0 (298.3,609.4)=    0 ( -1.0, -1.0)=   -5 ( -1.0, -1.0)=   -5 ( -1.0, -1.0)=   -5 ( -1.0, -1.0)=   -5 ( -1.0, -1.0)=   -5 ( -1.0, -1.0)=   -5 ( -1.0, -1.0)=   -5 ( -1.0, -1.0)=   -5 ( -1.0, -1.0)=   -5 ( -1.0, -1.0)=   -5 ( -1.0, -1.0)=   -5 ( -1.0, -1.0)=   -5 ( -1.0, -1.0)=   -5 ( -1.0, -1.0)=   -5 ( -1.0, -1.0)=   -5 ( -1.0, -1.0)=   -5 ( -1.0, -1.0)=   -5 ( -1.0, -1.0)=   -5 ( -1.0, -1.0)=   -5 ( -1.0, -1.0)=   -5 ( -1.0, -1.0)=   -5 ( -1.0, -1.0)=   -5 ( -1.0, -1.0)=   -5 ( -1.0, -1.0)=   -5 ( -1.0, -1.0)=   -5 ( -1.0, -1.0)=   -5 ( -1.0, -1.0)=   -5 ( -1.0, -1.0)=   -5 ( -1.0, -1.0)=   -5 ( -1.0, -1.0)=   -5 ( -1.0, -1.0)=   -5 ( -1.0, -1.0)=   -5 ( -1.0, -1.0)=   -5 ( -1.0, -1.0)=   -5 ( -1.0, -1.0)=   -5 
     11 | ( 78.0,144.0)=12049 ( 82.7,133.6)=    0 ( 82.2,124.4)=    0 ( 84.5,114.2)=    0 ( 85.2,106.1)=    0 ( 76.6,103.2)=    0 ( 60.6,105.7)=    0 ( 39.3,105.0)=    0 ( -1.0, -1.0)=   -4 ( -1.0, -1.0)=   -4 ( -1.0, -1.0)=   -4 ( -1.0, -1.0)=   -4 ( -1.0, -1.0)=   -4 ( -1.0, -1.0)=   -4 ( -1.0, -1.0)=   -4 ( -1.0, -1.0)=   -4 ( -1.0, -1.0)=   -4 ( -1.0, -1.0)=   -4 ( -1.0, -1.0)=   -4 ( -1.0, -1.0)=   -4 ( -1.0, -1.0)=   -4 ( -1.0, -1.0)=   -4 ( -1.0, -1.0)=   -4 ( -1.0, -1.0)=   -4 ( -1.0, -1.0)=   -4 ( -1.0, -1.0)=   -4 ( -1.0, -1.0)=   -4 ( -1.0, -1.0)=   -4 ( -1.0, -1.0)=   -4 ( -1.0, -1.0)=   -4 ( -1.0, -1.0)=   -4 ( -1.0, -1.0)=   -4 ( -1.0, -1.0)=   -4 ( -1.0, -1.0)=   -4 ( -1.0, -1.0)=   -4 ( -1.0, -1.0)=   -4 ( -1.0, -1.0)=   -4 ( -1.0, -1.0)=   -4 ( -1.0, -1.0)=   -4 ( -1.0, -1.0)=   -4 ( -1.0, -1.0)=   -4 ( -1.0, -1.0)=   -4 ( -1.0, -1.0)=   -4 ( -1.0, -1.0)=   -4 
     12 | ( 79.0,248.0)=12001 ( 83.5,238.6)=    0 ( 83.0,230.0)=    0 ( 85.3,220.6)=    0 ( 86.3,213.3)=    0 ( 78.6,211.6)=    0 ( 64.1,214.5)=    0 ( 44.3,214.9)=    0 ( 27.2,219.6)=    0 ( -1.0, -1.0)=   -4 ( -1.0, -1.0)=   -4 ( -1.0, -1.0)=   -4 ( -1.0, -1.0)=   -4 ( -1.0, -1.0)=   -4 ( -1.0, -1.0)=   -4 ( -1.0, -1.0)=   -4 ( -1.0, -1.0)=   -4 ( -1.0, -1.0)=   -4 ( -1.0, -1.0)=   -4 ( -1.0, -1.0)=   -4 ( -1.0, -1.0)=   -4 ( -1.0, -1.0)=   -4 ( -1.0, -1.0)=   -4 ( -1.0, -1.0)=   -4 ( -1.0, -1.0)=   -4 ( -1.0, -1.0)=   -4 ( -1.0, -1.0)=   -4 ( -1.0, -1.0)=   -4 ( -1.0, -1.0)=   -4 ( -1.0, -1.0)=   -4 ( -1.0, -1.0)=   -4 ( -1.0, -1.0)=   -4 ( -1.0, -1.0)=   -4 ( -1.0, -1.0)=   -4 ( -1.0, -1.0)=   -4 ( -1.0, -1.0)=   -4 ( -1.0, -1.0)=   -4 ( -1.0, -1.0)=   -4 ( -1.0, -1.0)=   -4 ( -1.0, -1.0)=   -4 ( -1.0, -1.0)=   -4 ( -1.0, -1.0)=   -4 ( -1.0, -1.0)=   -4 ( -1.0, -1.0)=   -4 
     13 | (304.0,601.0)=11924 (308.7,594.7)=    0 (308.9,589.1)=    0 (311.6,581.7)=    0 (313.8,576.7)=    0 (309.7,577.7)=    0 (298.7,581.5)=    0 (284.3,584.5)=    0 (271.7,590.2)=    0 (254.5,597.5)=    0 (235.7,606.0)=    0 (216.5,613.4)=    0 (198.0,616.6)=    0 (173.6,618.0)=    0 (156.9,620.0)=    0 (139.9,622.7)=    0 (123.3,625.6)=    0 (109.9,630.8)=    0 ( 92.4,635.1)=    0 ( -1.0, -1.0)=   -5 ( -1.0, -1.0)=   -5 ( -1.0, -1.0)=   -5 ( -1.0, -1.0)=   -5 ( -1.0, -1.0)=   -5 ( -1.0, -1.0)=   -5 ( -1.0, -1.0)=   -5 ( -1.0, -1.0)=   -5 ( -1.0, -1.0)=   -5 ( -1.0, -1.0)=   -5 ( -1.0, -1.0)=   -5 ( -1.0, -1.0)=   -5 ( -1.0, -1.0)=   -5 ( -1.0, -1.0)=   -5 ( -1.0, -1.0)=   -5 ( -1.0, -1.0)=   -5 ( -1.0, -1.0)=   -5 ( -1.0, -1.0)=   -5 ( -1.0, -1.0)=   -5 ( -1.0, -1.0)=   -5 ( -1.0, -1.0)=   -5 ( -1.0, -1.0)=   -5 ( -1.0, -1.0)=   -5 ( -1.0, -1.0)=   -5 ( -1.0, -1.0)=   -5 
     14 | (269.0,649.0)=11674 (273.4,642.7)=    0 (272.9,637.2)=    0 (274.9,629.8)=    0 (276.7,625.0)=    0 (271.5,626.8)=    0 (259.3,631.4)=    0 (243.1,635.2)=    0 (229.1,641.9)=    0 (210.1,650.5)=    0 (188.9,660.5)=    0 (167.8,668.9)=    0 (146.9,672.9)=    0 (120.0,675.8)=    0 (100.9,678.6)=    0 ( 81.5,682.4)=    0 ( 62.5,686.0)=    0 ( 47.1,691.8)=    0 ( 26.9,696.9)=    0 ( -1.0, -1.0)=   -4 ( -1.0, -1.0)=   -4 ( -1.0, -1.0)=   -4 ( -1.0, -1.0)=   -4 ( -1.0, -1.0)=   -4 ( -1.0, -1.0)=   -4 ( -1.0, -1.0)=   -4 ( -1.0, -1.0)=   -4 ( -1.0, -1.0)=   -4 ( -1.0, -1.0)=   -4 ( -1.0, -1.0)=   -4 ( -1.0, -1.0)=   -4 ( -1.0, -1.0)=   -4 ( -1.0, -1.0)=   -4 ( -1.0, -1.0)=   -4 ( -1.0, -1.0)=   -4 ( -1.0, -1.0)=   -4 ( -1.0, -1.0)=   -4 ( -1.0, -1.0)=   -4 ( -1.0, -1.0)=   -4 ( -1.0, -1.0)=   -4 ( -1.0, -1.0)=   -4 ( -1.0, -1.0)=   -4 ( -1.0, -1.0)=   -4 ( -1.0, -1.0)=   -4 
     15 | (360.0,606.0)=11594 (365.0,599.9)=    0 (365.5,594.4)=    0 (368.3,587.2)=    0 (370.8,582.3)=    0 (367.0,583.2)=    0 (356.4,586.9)=    0 (342.6,589.7)=    0 (330.4,595.4)=    0 (313.9,602.5)=    0 (295.5,610.8)=    0 (276.6,618.1)=    0 (258.6,620.9)=    0 (235.4,622.5)=    0 (219.2,624.4)=    0 (202.5,627.2)=    0 (186.4,630.4)=    0 (173.2,635.7)=    0 (156.2,640.1)=    0 (136.5,646.6)=    0 (123.7,652.3)=    0 (113.1,658.9)=    0 (102.0,666.1)=    0 ( 88.6,673.4)=    0 ( 73.5,682.0)=    0 ( 54.0,684.5)=    0 ( 41.4,678.2)=    0 ( 29.9,679.4)=    0 ( -1.0, -1.0)=   -4 ( -1.0, -1.0)=   -4 ( -1.0, -1.0)=   -4 ( -1.0, -1.0)=   -4 ( -1.0, -1.0)=   -4 ( -1.0, -1.0)=   -4 ( -1.0, -1.0)=   -4 ( -1.0, -1.0)=   -4 ( -1.0, -1.0)=   -4 ( -1.0, -1.0)=   -4 ( -1.0, -1.0)=   -4 ( -1.0, -1.0)=   -4 ( -1.0, -1.0)=   -4 ( -1.0, -1.0)=   -4 ( -1.0, -1.0)=   -4 ( -1.0, -1.0)=   -4 
     16 | ( 77.0,221.0)=11376 ( 81.5,211.3)=    0 ( 80.8,202.5)=    0 ( 83.2,192.8)=    0 ( 84.1,185.4)=    0 ( 76.2,183.5)=    0 ( 61.4,186.2)=    0 ( 41.0,186.4)=    0 ( -1.0, -1.0)=   -4 ( -1.0, -1.0)=   -4 ( -1.0, -1.0)=   -4 ( -1.0, -1.0)=   -4 ( -1.0, -1.0)=   -4 ( -1.0, -1.0)=   -4 ( -1.0, -1.0)=   -4 ( -1.0, -1.0)=   -4 ( -1.0, -1.0)=   -4 ( -1.0, -1.0)=   -4 ( -1.0, -1.0)=   -4 ( -1.0, -1.0)=   -4 ( -1.0, -1.0)=   -4 ( -1.0, -1.0)=   -4 ( -1.0, -1.0)=   -4 ( -1.0, -1.0)=   -4 ( -1.0, -1.0)=   -4 ( -1.0, -1.0)=   -4 ( -1.0, -1.0)=   -4 ( -1.0, -1.0)=   -4 ( -1.0, -1.0)=   -4 ( -1.0, -1.0)=   -4 ( -1.0, -1.0)=   -4 ( -1.0, -1.0)=   -4 ( -1.0, -1.0)=   -4 ( -1.0, -1.0)=   -4 ( -1.0, -1.0)=   -4 ( -1.0, -1.0)=   -4 ( -1.0, -1.0)=   -4 ( -1.0, -1.0)=   -4 ( -1.0, -1.0)=   -4 ( -1.0, -1.0)=   -4 ( -1.0, -1.0)=   -4 ( -1.0, -1.0)=   -4 ( -1.0, -1.0)=   -4 ( -1.0, -1.0)=   -4 
     17 | (119.0,500.0)=11300 (123.2,492.7)=    0 (123.1,486.1)=    0 (125.9,478.0)=    0 (127.9,472.5)=    0 (122.6,472.6)=    0 (111.1,476.0)=    0 ( 95.4,478.2)=    0 ( 82.1,483.5)=    0 ( 63.6,490.0)=    0 ( 43.5,497.6)=    0 ( 24.2,504.5)=    0 ( -1.0, -1.0)=   -4 ( -1.0, -1.0)=   -4 ( -1.0, -1.0)=   -4 ( -1.0, -1.0)=   -4 ( -1.0, -1.0)=   -4 ( -1.0, -1.0)=   -4 ( -1.0, -1.0)=   -4 ( -1.0, -1.0)=   -4 ( -1.0, -1.0)=   -4 ( -1.0, -1.0)=   -4 ( -1.0, -1.0)=   -4 ( -1.0, -1.0)=   -4 ( -1.0, -1.0)=   -4 ( -1.0, -1.0)=   -4 ( -1.0, -1.0)=   -4 ( -1.0, -1.0)=   -4 ( -1.0, -1.0)=   -4 ( -1.0, -1.0)=   -4 ( -1.0, -1.0)=   -4 ( -1.0, -1.0)=   -4 ( -1.0, -1.0)=   -4 ( -1.0, -1.0)=   -4 ( -1.0, -1.0)=   -4 ( -1.0, -1.0)=   -4 ( -1.0, -1.0)=   -4 ( -1.0, -1.0)=   -4 ( -1.0, -1.0)=   -4 ( -1.0, -1.0)=   -4 ( -1.0, -1.0)=   -4 ( -1.0, -1.0)=   -4 ( -1.0, -1.0)=   -4 ( -1.0, -1.0)=   -4 
     18 | ( 67.0,207.0)=11265 ( 71.4,197.3)=    0 ( 70.7,188.3)=    0 ( 73.1,178.4)=    0 ( 73.9,171.0)=    0 ( 65.7,168.8)=    0 ( 50.2,171.7)=    0 ( -1.0, -1.0)=   -5 ( -1.0, -1.0)=   -5 ( -1.0, -1.0)=   -5 ( -1.0, -1.0)=   -5 ( -1.0, -1.0)=   -5 ( -1.0, -1.0)=   -5 ( -1.0, -1.0)=   -5 ( -1.0, -1.0)=   -5 ( -1.0, -1.0)=   -5 ( -1.0, -1.0)=   -5 ( -1.0, -1.0)=   -5 ( -1.0, -1.0)=   -5 ( -1.0, -1.0)=   -5 ( -1.0, -1.0)=   -5 ( -1.0, -1.0)=   -5 ( -1.0, -1.0)=   -5 ( -1.0, -1.0)=   -5 ( -1.0, -1.0)=   -5 ( -1.0, -1.0)=   -5 ( -1.0, -1.0)=   -5 ( -1.0, -1.0)=   -5 ( -1.0, -1.0)=   -5 ( -1.0, -1.0)=   -5 ( -1.0, -1.0)=   -5 ( -1.0, -1.0)=   -5 ( -1.0, -1.0)=   -5 ( -1.0, -1.0)=   -5 ( -1.0, -1.0)=   -5 ( -1.0, -1.0)=   -5 ( -1.0, -1.0)=   -5 ( -1.0, -1.0)=   -5 ( -1.0, -1.0)=   -5 ( -1.0, -1.0)=   -5 ( -1.0, -1.0)=   -5 ( -1.0, -1.0)=   -5 ( -1.0, -1.0)=   -5 ( -1.0, -1.0)=   -5 
     19 | (264.0,589.0)=11118 (268.6,582.4)=    0 (268.8,576.7)=    0 (271.5,569.3)=    0 (273.5,564.2)=    0 (269.1,565.1)=    0 (258.0,568.8)=    0 ( -1.0, -1.0)=   -5 ( -1.0, -1.0)=   -5 ( -1.0, -1.0)=   -5 ( -1.0, -1.0)=   -5 ( -1.0, -1.0)=   -5 ( -1.0, -1.0)=   -5 ( -1.0, -1.0)=   -5 ( -1.0, -1.0)=   -5 ( -1.0, -1.0)=   -5 ( -1.0, -1.0)=   -5 ( -1.0, -1.0)=   -5 ( -1.0, -1.0)=   -5 ( -1.0, -1.0)=   -5 ( -1.0, -1.0)=   -5 ( -1.0, -1.0)=   -5 ( -1.0, -1.0)=   -5 ( -1.0, -1.0)=   -5 ( -1.0, -1.0)=   -5 ( -1.0, -1.0)=   -5 ( -1.0, -1.0)=   -5 ( -1.0, -1.0)=   -5 ( -1.0, -1.0)=   -5 ( -1.0, -1.0)=   -5 ( -1.0, -1.0)=   -5 ( -1.0, -1.0)=   -5 ( -1.0, -1.0)=   -5 ( -1.0, -1.0)=   -5 ( -1.0, -1.0)=   -5 ( -1.0, -1.0)=   -5 ( -1.0, -1.0)=   -5 ( -1.0, -1.0)=   -5 ( -1.0, -1.0)=   -5 ( -1.0, -1.0)=   -5 ( -1.0, -1.0)=   -5 ( -1.0, -1.0)=   -5 ( -1.0, -1.0)=   -5 ( -1.0, -1.0)=   -5 
     20 | (294.0,577.0)=10939 (298.7,570.6)=    0 (299.1,564.9)=    0 (301.9,557.5)=    0 (304.1,552.4)=    0 (300.4,553.0)=    0 ( -1.0, -1.0)=   -5 ( -1.0, -1.0)=   -5 ( -1.0, -1.0)=   -5 ( -1.0, -1.0)=   -5 ( -1.0, -1.0)=   -5 ( -1.0, -1.0)=   -5 ( -1.0, -1.0)=   -5 ( -1.0, -1.0)=   -5 ( -1.0, -1.0)=   -5 ( -1.0, -1.0)=   -5 ( -1.0, -1.0)=   -5 ( -1.0, -1.0)=   -5 ( -1.0, -1.0)=   -5 ( -1.0, -1.0)=   -5 ( -1.0, -1.0)=   -5 ( -1.0, -1.0)=   -5 ( -1.0, -1.0)=   -5 ( -1.0, -1.0)=   -5 ( -1.0, -1.0)=   -5 ( -1.0, -1.0)=   -5 ( -1.0, -1.0)=   -5 ( -1.0, -1.0)=   -5 ( -1.0, -1.0)=   -5 ( -1.0, -1.0)=   -5 ( -1.0, -1.0)=   -5 ( -1.0, -1.0)=   -5 ( -1.0, -1.0)=   -5 ( -1.0, -1.0)=   -5 ( -1.0, -1.0)=   -5 ( -1.0, -1.0)=   -5 ( -1.0, -1.0)=   -5 ( -1.0, -1.0)=   -5 ( -1.0, -1.0)=   -5 ( -1.0, -1.0)=   -5 ( -1.0, -1.0)=   -5 ( -1.0, -1.0)=   -5 ( -1.0, -1.0)=   -5 ( -1.0, -1.0)=   -5 
     21 | (334.0,588.0)=10868 (338.8,581.9)=    0 (339.3,576.3)=    0 (342.1,568.9)=    0 (344.5,563.9)=    0 (340.9,564.7)=    0 (330.4,568.2)=    0 (316.6,570.8)=    0 (304.5,576.2)=    0 ( -1.0, -1.0)=   -5 ( -1.0, -1.0)=   -5 ( -1.0, -1.0)=   -5 ( -1.0, -1.0)=   -5 ( -1.0, -1.0)=   -5 ( -1.0, -1.0)=   -5 ( -1.0, -1.0)=   -5 ( -1.0, -1.0)=   -5 ( -1.0, -1.0)=   -5 ( -1.0, -1.0)=   -5 ( -1.0, -1.0)=   -5 ( -1.0, -1.0)=   -5 ( -1.0, -1.0)=   -5 ( -1.0, -1.0)=   -5 ( -1.0, -1.0)=   -5 ( -1.0, -1.0)=   -5 ( -1.0, -1.0)=   -5 ( -1.0, -1.0)=   -5 ( -1.0, -1.0)=   -5 ( -1.0, -1.0)=   -5 ( -1.0, -1.0)=   -5 ( -1.0, -1.0)=   -5 ( -1.0, -1.0)=   -5 ( -1.0, -1.0)=   -5 ( -1.0, -1.0)=   -5 ( -1.0, -1.0)=   -5 ( -1.0, -1.0)=   -5 ( -1.0, -1.0)=   -5 ( -1.0, -1.0)=   -5 ( -1.0, -1.0)=   -5 ( -1.0, -1.0)=   -5 ( -1.0, -1.0)=   -5 ( -1.0, -1.0)=   -5 ( -1.0, -1.0)=   -5 ( -1.0, -1.0)=   -5 
     22 | (192.0,590.0)=10725 (196.2,583.3)=    0 (195.9,577.3)=    0 (198.3,569.6)=    0 (200.0,564.6)=    0 (194.8,565.5)=    0 (183.2,569.4)=    0 (167.5,572.6)=    0 (153.8,578.5)=    0 (135.3,586.3)=    0 (114.9,595.0)=    0 ( 94.6,602.6)=    0 ( 74.6,605.8)=    0 ( 48.5,607.4)=    0 ( 30.6,609.4)=    0 ( -1.0, -1.0)=   -4 ( -1.0, -1.0)=   -4 ( -1.0, -1.0)=   -4 ( -1.0, -1.0)=   -4 ( -1.0, -1.0)=   -4 ( -1.0, -1.0)=   -4 ( -1.0, -1.0)=   -4 ( -1.0, -1.0)=   -4 ( -1.0, -1.0)=   -4 ( -1.0, -1.0)=   -4 ( -1.0, -1.0)=   -4 ( -1.0, -1.0)=   -4 ( -1.0, -1.0)=   -4 ( -1.0, -1.0)=   -4 ( -1.0, -1.0)=   -4 ( -1.0, -1.0)=   -4 ( -1.0, -1.0)=   -4 ( -1.0, -1.0)=   -4 ( -1.0, -1.0)=   -4 ( -1.0, -1.0)=   -4 ( -1.0, -1.0)=   -4 ( -1.0, -1.0)=   -4 ( -1.0, -1.0)=   -4 ( -1.0, -1.0)=   -4 ( -1.0, -1.0)=   -4 ( -1.0, -1.0)=   -4 ( -1.0, -1.0)=   -4 ( -1.0, -1.0)=   -4 ( -1.0, -1.0)=   -4 
     23 | (413.0,553.0)=10659 (418.4,546.9)=    0 (419.8,541.4)=    0 (423.4,534.1)=    0 (426.4,529.0)=    0 (424.2,528.9)=    0 (415.0,531.6)=    0 (403.3,533.3)=    0 (392.7,537.8)=    0 (378.5,543.5)=    0 (362.5,550.4)=    0 ( -1.0, -1.0)=   -5 ( -1.0, -1.0)=   -5 ( -1.0, -1.0)=   -5 ( -1.0, -1.0)=   -5 ( -1.0, -1.0)=   -5 ( -1.0, -1.0)=   -5 ( -1.0, -1.0)=   -5 ( -1.0, -1.0)=   -5 ( -1.0, -1.0)=   -5 ( -1.0, -1.0)=   -5 ( -1.0, -1.0)=   -5 ( -1.0, -1.0)=   -5 ( -1.0, -1.0)=   -5 ( -1.0, -1.0)=   -5 ( -1.0, -1.0)=   -5 ( -1.0, -1.0)=   -5 ( -1.0, -1.0)=   -5 ( -1.0, -1.0)=   -5 ( -1.0, -1.0)=   -5 ( -1.0, -1.0)=   -5 ( -1.0, -1.0)=   -5 ( -1.0, -1.0)=   -5 ( -1.0, -1.0)=   -5 ( -1.0, -1.0)=   -5 ( -1.0, -1.0)=   -5 ( -1.0, -1.0)=   -5 ( -1.0, -1.0)=   -5 ( -1.0, -1.0)=   -5 ( -1.0, -1.0)=   -5 ( -1.0, -1.0)=   -5 ( -1.0, -1.0)=   -5 ( -1.0, -1.0)=   -5 ( -1.0, -1.0)=   -5 
     24 | (239.0,628.0)=10482 (243.3,621.6)=    0 (242.7,615.9)=    0 (245.1,608.4)=    0 (246.9,603.7)=    0 (241.7,605.0)=    0 (229.6,609.4)=    0 (213.6,613.0)=    0 (199.8,619.5)=    0 (181.1,627.7)=    0 (160.2,637.4)=    0 (139.4,645.6)=    0 (118.8,649.2)=    0 ( 92.2,651.6)=    0 ( 73.5,654.2)=    0 ( 54.5,657.5)=    0 ( 36.0,660.8)=    0 ( -1.0, -1.0)=   -4 ( -1.0, -1.0)=   -4 ( -1.0, -1.0)=   -4 ( -1.0, -1.0)=   -4 ( -1.0, -1.0)=   -4 ( -1.0, -1.0)=   -4 ( -1.0, -1.0)=   -4 ( -1.0, -1.0)=   -4 ( -1.0, -1.0)=   -4 ( -1.0, -1.0)=   -4 ( -1.0, -1.0)=   -4 ( -1.0, -1.0)=   -4 ( -1.0, -1.0)=   -4 ( -1.0, -1.0)=   -4 ( -1.0, -1.0)=   -4 ( -1.0, -1.0)=   -4 ( -1.0, -1.0)=   -4 ( -1.0, -1.0)=   -4 ( -1.0, -1.0)=   -4 ( -1.0, -1.0)=   -4 ( -1.0, -1.0)=   -4 ( -1.0, -1.0)=   -4 ( -1.0, -1.0)=   -4 ( -1.0, -1.0)=   -4 ( -1.0, -1.0)=   -4 ( -1.0, -1.0)=   -4 ( -1.0, -1.0)=   -4 
     25 | (186.0,552.0)=10476 (190.4,545.2)=    0 (190.3,539.0)=    0 (193.3,531.3)=    0 (195.2,526.1)=    0 (190.5,526.4)=    0 (179.5,529.8)=    0 ( -1.0, -1.0)=   -5 ( -1.0, -1.0)=   -5 ( -1.0, -1.0)=   -5 ( -1.0, -1.0)=   -5 ( -1.0, -1.0)=   -5 ( -1.0, -1.0)=   -5 ( -1.0, -1.0)=   -5 ( -1.0, -1.0)=   -5 ( -1.0, -1.0)=   -5 ( -1.0, -1.0)=   -5 ( -1.0, -1.0)=   -5 ( -1.0, -1.0)=   -5 ( -1.0, -1.0)=   -5 ( -1.0, -1.0)=   -5 ( -1.0, -1.0)=   -5 ( -1.0, -1.0)=   -5 ( -1.0, -1.0)=   -5 ( -1.0, -1.0)=   -5 ( -1.0, -1.0)=   -5 ( -1.0, -1.0)=   -5 ( -1.0, -1.0)=   -5 ( -1.0, -1.0)=   -5 ( -1.0, -1.0)=   -5 ( -1.0, -1.0)=   -5 ( -1.0, -1.0)=   -5 ( -1.0, -1.0)=   -5 ( -1.0, -1.0)=   -5 ( -1.0, -1.0)=   -5 ( -1.0, -1.0)=   -5 ( -1.0, -1.0)=   -5 ( -1.0, -1.0)=   -5 ( -1.0, -1.0)=   -5 ( -1.0, -1.0)=   -5 ( -1.0, -1.0)=   -5 ( -1.0, -1.0)=   -5 ( -1.0, -1.0)=   -5 ( -1.0, -1.0)=   -5 
     26 | (216.0,542.0)=10295 (220.5,535.3)=    0 (220.9,529.3)=    0 (223.8,521.6)=    0 (225.8,516.2)=    0 (221.7,516.5)=    0 (211.2,519.7)=    0 (197.1,521.9)=    0 (184.7,526.9)=    0 (167.9,533.1)=    0 (182.0,529.1)=    0 (195.7,523.8)=    0 (179.2,525.4)=    0 ( -1.0, -1.0)=   -5 ( -1.0, -1.0)=   -5 ( -1.0, -1.0)=   -5 ( -1.0, -1.0)=   -5 ( -1.0, -1.0)=   -5 ( -1.0, -1.0)=   -5 ( -1.0, -1.0)=   -5 ( -1.0, -1.0)=   -5 ( -1.0, -1.0)=   -5 ( -1.0, -1.0)=   -5 ( -1.0, -1.0)=   -5 ( -1.0, -1.0)=   -5 ( -1.0, -1.0)=   -5 ( -1.0, -1.0)=   -5 ( -1.0, -1.0)=   -5 ( -1.0, -1.0)=   -5 ( -1.0, -1.0)=   -5 ( -1.0, -1.0)=   -5 ( -1.0, -1.0)=   -5 ( -1.0, -1.0)=   -5 ( -1.0, -1.0)=   -5 ( -1.0, -1.0)=   -5 ( -1.0, -1.0)=   -5 ( -1.0, -1.0)=   -5 ( -1.0, -1.0)=   -5 ( -1.0, -1.0)=   -5 ( -1.0, -1.0)=   -5 ( -1.0, -1.0)=   -5 ( -1.0, -1.0)=   -5 ( -1.0, -1.0)=   -5 ( -1.0, -1.0)=   -5 
     27 | (157.0,520.0)=10286 (161.3,513.0)=    0 (161.6,506.6)=    0 (164.4,498.9)=    0 (166.5,493.5)=    0 (162.1,493.6)=    0 (151.5,496.8)=    0 (137.2,499.0)=    0 (124.8,504.2)=    0 (107.6,510.6)=    0 ( 88.9,518.0)=    0 ( 70.7,524.6)=    0 ( 52.7,526.7)=    0 ( 29.1,526.8)=    0 ( -1.0, -1.0)=   -4 ( -1.0, -1.0)=   -4 ( -1.0, -1.0)=   -4 ( -1.0, -1.0)=   -4 ( -1.0, -1.0)=   -4 ( -1.0, -1.0)=   -4 ( -1.0, -1.0)=   -4 ( -1.0, -1.0)=   -4 ( -1.0, -1.0)=   -4 ( -1.0, -1.0)=   -4 ( -1.0, -1.0)=   -4 ( -1.0, -1.0)=   -4 ( -1.0, -1.0)=   -4 ( -1.0, -1.0)=   -4 ( -1.0, -1.0)=   -4 ( -1.0, -1.0)=   -4 ( -1.0, -1.0)=   -4 ( -1.0, -1.0)=   -4 ( -1.0, -1.0)=   -4 ( -1.0, -1.0)=   -4 ( -1.0, -1.0)=   -4 ( -1.0, -1.0)=   -4 ( -1.0, -1.0)=   -4 ( -1.0, -1.0)=   -4 ( -1.0, -1.0)=   -4 ( -1.0, -1.0)=   -4 ( -1.0, -1.0)=   -4 ( -1.0, -1.0)=   -4 ( -1.0, -1.0)=   -4 ( -1.0, -1.0)=   -4 
     28 | (362.0,576.0)=10043 (367.0,569.9)=    0 (367.8,564.3)=    0 (370.7,557.0)=    0 (373.5,551.9)=    0 (370.3,552.4)=    0 (360.2,555.6)=    0 (347.1,557.8)=    0 (335.4,562.9)=    0 (319.9,569.5)=    0 ( -1.0, -1.0)=   -5 ( -1.0, -1.0)=   -5 ( -1.0, -1.0)=   -5 ( -1.0, -1.0)=   -5 ( -1.0, -1.0)=   -5 ( -1.0, -1.0)=   -5 ( -1.0, -1.0)=   -5 ( -1.0, -1.0)=   -5 ( -1.0, -1.0)=   -5 ( -1.0, -1.0)=   -5 ( -1.0, -1.0)=   -5 ( -1.0, -1.0)=   -5 ( -1.0, -1.0)=   -5 ( -1.0, -1.0)=   -5 ( -1.0, -1.0)=   -5 ( -1.0, -1.0)=   -5 ( -1.0, -1.0)=   -5 ( -1.0, -1.0)=   -5 ( -1.0, -1.0)=   -5 ( -1.0, -1.0)=   -5 ( -1.0, -1.0)=   -5 ( -1.0, -1.0)=   -5 ( -1.0, -1.0)=   -5 ( -1.0, -1.0)=   -5 ( -1.0, -1.0)=   -5 ( -1.0, -1.0)=   -5 ( -1.0, -1.0)=   -5 ( -1.0, -1.0)=   -5 ( -1.0, -1.0)=   -5 ( -1.0, -1.0)=   -5 ( -1.0, -1.0)=   -5 ( -1.0, -1.0)=   -5 ( -1.0, -1.0)=   -5 ( -1.0, -1.0)=   -5 
     29 | (232.0,574.0)= 9994 (236.5,567.4)=    0 (236.6,561.5)=    0 (239.3,553.8)=    0 (241.2,548.8)=    0 (236.9,549.4)=    0 (225.7,553.0)=    0 (211.0,555.8)=    0 (198.4,561.3)=    0 (180.9,568.4)=    0 (161.7,576.6)=    0 (142.5,583.8)=    0 (123.8,586.6)=    0 ( 99.3,587.6)=    0 ( 82.5,589.2)=    0 ( 65.6,591.5)=    0 ( 49.2,593.7)=    0 ( 36.4,598.2)=    0 ( -1.0, -1.0)=   -5 ( -1.0, -1.0)=   -5 ( -1.0, -1.0)=   -5 ( -1.0, -1.0)=   -5 ( -1.0, -1.0)=   -5 ( -1.0, -1.0)=   -5 ( -1.0, -1.0)=   -5 ( -1.0, -1.0)=   -5 ( -1.0, -1.0)=   -5 ( -1.0, -1.0)=   -5 ( -1.0, -1.0)=   -5 ( -1.0, -1.0)=   -5 ( -1.0, -1.0)=   -5 ( -1.0, -1.0)=   -5 ( -1.0, -1.0)=   -5 ( -1.0, -1.0)=   -5 ( -1.0, -1.0)=   -5 ( -1.0, -1.0)=   -5 ( -1.0, -1.0)=   -5 ( -1.0, -1.0)=   -5 ( -1.0, -1.0)=   -5 ( -1.0, -1.0)=   -5 ( -1.0, -1.0)=   -5 ( -1.0, -1.0)=   -5 ( -1.0, -1.0)=   -5 ( -1.0, -1.0)=   -5 
     30 | ( 89.0,540.0)= 9990 ( 92.9,532.9)=    0 ( 92.6,526.5)=    0 ( 95.5,518.5)=    0 ( 97.2,513.4)=    0 ( 91.9,513.7)=    0 ( 80.3,517.5)=    0 ( 64.5,520.4)=    0 ( 51.0,526.0)=    0 ( 32.4,533.2)=    0 ( -1.0, -1.0)=   -4 ( -1.0, -1.0)=   -4 ( -1.0, -1.0)=   -4 ( -1.0, -1.0)=   -4 ( -1.0, -1.0)=   -4 ( -1.0, -1.0)=   -4 ( -1.0, -1.0)=   -4 ( -1.0, -1.0)=   -4 ( -1.0, -1.0)=   -4 ( -1.0, -1.0)=   -4 ( -1.0, -1.0)=   -4 ( -1.0, -1.0)=   -4 ( -1.0, -1.0)=   -4 ( -1.0, -1.0)=   -4 ( -1.0, -1.0)=   -4 ( -1.0, -1.0)=   -4 ( -1.0, -1.0)=   -4 ( -1.0, -1.0)=   -4 ( -1.0, -1.0)=   -4 ( -1.0, -1.0)=   -4 ( -1.0, -1.0)=   -4 ( -1.0, -1.0)=   -4 ( -1.0, -1.0)=   -4 ( -1.0, -1.0)=   -4 ( -1.0, -1.0)=   -4 ( -1.0, -1.0)=   -4 ( -1.0, -1.0)=   -4 ( -1.0, -1.0)=   -4 ( -1.0, -1.0)=   -4 ( -1.0, -1.0)=   -4 ( -1.0, -1.0)=   -4 ( -1.0, -1.0)=   -4 ( -1.0, -1.0)=   -4 ( -1.0, -1.0)=   -4 
     31 | (350.0,554.0)= 9725 (354.9,547.8)=    0 (355.9,542.2)=    0 (359.1,534.8)=    0 (361.7,529.7)=    0 (358.7,529.7)=    0 (349.0,532.8)=    0 (336.3,534.6)=    0 (325.1,539.5)=    0 (309.9,545.5)=    0 (293.1,552.7)=    0 (275.7,558.9)=    0 (259.1,560.9)=    0 (237.9,561.2)=    0 (223.2,562.1)=    0 (208.4,564.0)=    0 (194.1,566.0)=    0 (182.9,570.6)=    0 (167.9,574.0)=    0 (150.8,579.1)=    0 (139.9,583.6)=    0 (131.3,588.9)=    0 (121.9,595.4)=    0 (110.6,601.5)=    0 ( 97.4,609.8)=    0 ( 80.4,612.1)=    0 ( 69.4,605.9)=    0 ( 59.5,607.0)=    0 ( 54.2,607.6)=    0 ( 40.0,603.2)=    0 ( 25.6,599.7)=    0 ( -1.0, -1.0)=   -4 ( -1.0, -1.0)=   -4 ( -1.0, -1.0)=   -4 ( -1.0, -1.0)=   -4 ( -1.0, -1.0)=   -4 ( -1.0, -1.0)=   -4 ( -1.0, -1.0)=   -4 ( -1.0, -1.0)=   -4 ( -1.0, -1.0)=   -4 ( -1.0, -1.0)=   -4 ( -1.0, -1.0)=   -4 ( -1.0, -1.0)=   -4 ( -1.0, -1.0)=   -4 
     32 | (377.0,624.0)= 9426 (382.0,618.1)=    0 (382.5,612.8)=    0 (385.2,605.6)=    0 (387.8,600.8)=    0 (384.3,601.9)=    0 (373.4,605.8)=    0 (359.7,608.8)=    0 (347.5,614.8)=    0 (331.2,622.1)=    0 (312.9,630.9)=    0 (293.8,638.4)=    0 (275.8,641.6)=    0 (252.6,643.4)=    0 (236.0,645.6)=    0 (219.4,648.8)=    0 (203.0,652.1)=    0 (189.3,657.7)=    0 (171.9,662.5)=    0 (152.0,669.3)=    0 (139.1,675.2)=    0 (128.1,682.2)=    0 (116.6,689.5)=    0 (102.8,696.9)=    0 ( -1.0, -1.0)=   -5 ( -1.0, -1.0)=   -5 ( -1.0, -1.0)=   -5 ( -1.0, -1.0)=   -5 ( -1.0, -1.0)=   -5 ( -1.0, -1.0)=   -5 ( -1.0, -1.0)=   -5 ( -1.0, -1.0)=   -5 ( -1.0, -1.0)=   -5 ( -1.0, -1.0)=   -5 ( -1.0, -1.0)=   -5 ( -1.0, -1.0)=   -5 ( -1.0, -1.0)=   -5 ( -1.0, -1.0)=   -5 ( -1.0, -1.0)=   -5 ( -1.0, -1.0)=   -5 ( -1.0, -1.0)=   -5 ( -1.0, -1.0)=   -5 ( -1.0, -1.0)=   -5 ( -1.0, -1.0)=   -5 
     33 | (195.0,563.0)= 9376 (199.2,556.2)=    0 (199.4,550.1)=    0 (202.0,542.3)=    0 (204.1,537.2)=    0 (199.3,537.7)=    0 (188.2,541.3)=    0 (173.3,543.9)=    0 (160.2,549.2)=    0 ( -1.0, -1.0)=   -3 ( -1.0, -1.0)=   -3 ( -1.0, -1.0)=   -3 ( -1.0, -1.0)=   -3 ( -1.0, -1.0)=   -3 ( -1.0, -1.0)=   -3 ( -1.0, -1.0)=   -3 ( -1.0, -1.0)=   -3 ( -1.0, -1.0)=   -3 ( -1.0, -1.0)=   -3 ( -1.0, -1.0)=   -3 ( -1.0, -1.0)=   -3 ( -1.0, -1.0)=   -3 ( -1.0, -1.0)=   -3 ( -1.0, -1.0)=   -3 ( -1.0, -1.0)=   -3 ( -1.0, -1.0)=   -3 ( -1.0, -1.0)=   -3 ( -1.0, -1.0)=   -3 ( -1.0, -1.0)=   -3 ( -1.0, -1.0)=   -3 ( -1.0, -1.0)=   -3 ( -1.0, -1.0)=   -3 ( -1.0, -1.0)=   -3 ( -1.0, -1.0)=   -3 ( -1.0, -1.0)=   -3 ( -1.0, -1.0)=   -3 ( -1.0, -1.0)=   -3 ( -1.0, -1.0)=   -3 ( -1.0, -1.0)=   -3 ( -1.0, -1.0)=   -3 ( -1.0, -1.0)=   -3 ( -1.0, -1.0)=   -3 ( -1.0, -1.0)=   -3 ( -1.0, -1.0)=   -3 
     34 | ( 71.0,163.0)= 9372 ( 75.6,152.8)=    0 ( 75.0,143.5)=    0 ( 77.3,133.4)=    0 ( 78.1,125.5)=    0 ( 69.6,122.9)=    0 ( 54.0,125.6)=    0 ( 32.8,125.2)=    0 ( -1.0, -1.0)=   -4 ( -1.0, -1.0)=   -4 ( -1.0, -1.0)=   -4 ( -1.0, -1.0)=   -4 ( -1.0, -1.0)=   -4 ( -1.0, -1.0)=   -4 ( -1.0, -1.0)=   -4 ( -1.0, -1.0)=   -4 ( -1.0, -1.0)=   -4 ( -1.0, -1.0)=   -4 ( -1.0, -1.0)=   -4 ( -1.0, -1.0)=   -4 ( -1.0, -1.0)=   -4 ( -1.0, -1.0)=   -4 ( -1.0, -1.0)=   -4 ( -1.0, -1.0)=   -4 ( -1.0, -1.0)=   -4 ( -1.0, -1.0)=   -4 ( -1.0, -1.0)=   -4 ( -1.0, -1.0)=   -4 ( -1.0, -1.0)=   -4 ( -1.0, -1.0)=   -4 ( -1.0, -1.0)=   -4 ( -1.0, -1.0)=   -4 ( -1.0, -1.0)=   -4 ( -1.0, -1.0)=   -4 ( -1.0, -1.0)=   -4 ( -1.0, -1.0)=   -4 ( -1.0, -1.0)=   -4 ( -1.0, -1.0)=   -4 ( -1.0, -1.0)=   -4 ( -1.0, -1.0)=   -4 ( -1.0, -1.0)=   -4 ( -1.0, -1.0)=   -4 ( -1.0, -1.0)=   -4 ( -1.0, -1.0)=   -4 
     35 | (350.0,620.0)= 9327 (354.9,614.0)=    0 (355.2,608.5)=    0 (357.9,601.4)=    0 (360.5,596.5)=    0 (356.5,597.7)=    0 (345.5,601.6)=    0 (331.2,604.8)=    0 (318.6,610.8)=    0 (301.7,618.3)=    0 (283.0,627.2)=    0 (263.8,634.8)=    0 (245.1,638.0)=    0 ( -1.0, -1.0)=   -5 ( -1.0, -1.0)=   -5 ( -1.0, -1.0)=   -5 ( -1.0, -1.0)=   -5 ( -1.0, -1.0)=   -5 ( -1.0, -1.0)=   -5 ( -1.0, -1.0)=   -5 ( -1.0, -1.0)=   -5 ( -1.0, -1.0)=   -5 ( -1.0, -1.0)=   -5 ( -1.0, -1.0)=   -5 ( -1.0, -1.0)=   -5 ( -1.0, -1.0)=   -5 ( -1.0, -1.0)=   -5 ( -1.0, -1.0)=   -5 ( -1.0, -1.0)=   -5 ( -1.0, -1.0)=   -5 ( -1.0, -1.0)=   -5 ( -1.0, -1.0)=   -5 ( -1.0, -1.0)=   -5 ( -1.0, -1.0)=   -5 ( -1.0, -1.0)=   -5 ( -1.0, -1.0)=   -5 ( -1.0, -1.0)=   -5 ( -1.0, -1.0)=   -5 ( -1.0, -1.0)=   -5 ( -1.0, -1.0)=   -5 ( -1.0, -1.0)=   -5 ( -1.0, -1.0)=   -5 ( -1.0, -1.0)=   -5 ( -1.0, -1.0)=   -5 
     36 | (262.0,563.0)= 9073 (266.6,556.4)=    0 (267.0,550.6)=    0 (269.9,543.0)=    0 (272.1,537.9)=    0 (268.1,538.3)=    0 ( -1.0, -1.0)=   -5 ( -1.0, -1.0)=   -5 ( -1.0, -1.0)=   -5 ( -1.0, -1.0)=   -5 ( -1.0, -1.0)=   -5 ( -1.0, -1.0)=   -5 ( -1.0, -1.0)=   -5 ( -1.0, -1.0)=   -5 ( -1.0, -1.0)=   -5 ( -1.0, -1.0)=   -5 ( -1.0, -1.0)=   -5 ( -1.0, -1.0)=   -5 ( -1.0, -1.0)=   -5 ( -1.0, -1.0)=   -5 ( -1.0, -1.0)=   -5 ( -1.0, -1.0)=   -5 ( -1.0, -1.0)=   -5 ( -1.0, -1.0)=   -5 ( -1.0, -1.0)=   -5 ( -1.0, -1.0)=   -5 ( -1.0, -1.0)=   -5 ( -1.0, -1.0)=   -5 ( -1.0, -1.0)=   -5 ( -1.0, -1.0)=   -5 ( -1.0, -1.0)=   -5 ( -1.0, -1.0)=   -5 ( -1.0, -1.0)=   -5 ( -1.0, -1.0)=   -5 ( -1.0, -1.0)=   -5 ( -1.0, -1.0)=   -5 ( -1.0, -1.0)=   -5 ( -1.0, -1.0)=   -5 ( -1.0, -1.0)=   -5 ( -1.0, -1.0)=   -5 ( -1.0, -1.0)=   -5 ( -1.0, -1.0)=   -5 ( -1.0, -1.0)=   -5 ( -1.0, -1.0)=   -5 
     37 | ( 67.0,221.0)= 8971 ( 71.4,211.3)=    0 ( 70.7,202.5)=    0 ( 73.1,192.9)=    0 ( 74.0,185.5)=    0 ( 65.8,183.6)=    0 ( 50.5,186.5)=    0 ( -1.0, -1.0)=   -5 ( -1.0, -1.0)=   -5 ( -1.0, -1.0)=   -5 ( -1.0, -1.0)=   -5 ( -1.0, -1.0)=   -5 ( -1.0, -1.0)=   -5 ( -1.0, -1.0)=   -5 ( -1.0, -1.0)=   -5 ( -1.0, -1.0)=   -5 ( -1.0, -1.0)=   -5 ( -1.0, -1.0)=   -5 ( -1.0, -1.0)=   -5 ( -1.0, -1.0)=   -5 ( -1.0, -1.0)=   -5 ( -1.0, -1.0)=   -5 ( -1.0, -1.0)=   -5 ( -1.0, -1.0)=   -5 ( -1.0, -1.0)=   -5 ( -1.0, -1.0)=   -5 ( -1.0, -1.0)=   -5 ( -1.0, -1.0)=   -5 ( -1.0, -1.0)=   -5 ( -1.0, -1.0)=   -5 ( -1.0, -1.0)=   -5 ( -1.0, -1.0)=   -5 ( -1.0, -1.0)=   -5 ( -1.0, -1.0)=   -5 ( -1.0, -1.0)=   -5 ( -1.0, -1.0)=   -5 ( -1.0, -1.0)=   -5 ( -1.0, -1.0)=   -5 ( -1.0, -1.0)=   -5 ( -1.0, -1.0)=   -5 ( -1.0, -1.0)=   -5 ( -1.0, -1.0)=   -5 ( -1.0, -1.0)=   -5 ( -1.0, -1.0)=   -5 
     38 | (348.0,638.0)= 8873 (352.8,632.2)=    0 (353.0,626.7)=    0 (355.5,619.5)=    0 (358.0,614.9)=    0 (354.0,616.3)=    0 (342.6,620.4)=    0 ( -1.0, -1.0)=   -5 ( -1.0, -1.0)=   -5 ( -1.0, -1.0)=   -5 ( -1.0, -1.0)=   -5 ( -1.0, -1.0)=   -5 ( -1.0, -1.0)=   -5 ( -1.0, -1.0)=   -5 ( -1.0, -1.0)=   -5 ( -1.0, -1.0)=   -5 ( -1.0, -1.0)=   -5 ( -1.0, -1.0)=   -5 ( -1.0, -1.0)=   -5 ( -1.0, -1.0)=   -5 ( -1.0, -1.0)=   -5 ( -1.0, -1.0)=   -5 ( -1.0, -1.0)=   -5 ( -1.0, -1.0)=   -5 ( -1.0, -1.0)=   -5 ( -1.0, -1.0)=   -5 ( -1.0, -1.0)=   -5 ( -1.0, -1.0)=   -5 ( -1.0, -1.0)=   -5 ( -1.0, -1.0)=   -5 ( -1.0, -1.0)=   -5 ( -1.0, -1.0)=   -5 ( -1.0, -1.0)=   -5 ( -1.0, -1.0)=   -5 ( -1.0, -1.0)=   -5 ( -1.0, -1.0)=   -5 ( -1.0, -1.0)=   -5 ( -1.0, -1.0)=   -5 ( -1.0, -1.0)=   -5 ( -1.0, -1.0)=   -5 ( -1.0, -1.0)=   -5 ( -1.0, -1.0)=   -5 ( -1.0, -1.0)=   -5 ( -1.0, -1.0)=   -5 
     39 | (388.0,565.0)= 8829 (393.1,558.8)=    0 (394.2,553.3)=    0 (397.4,546.1)=    0 (400.3,541.0)=    0 (397.6,541.0)=    0 (387.9,544.2)=    0 (375.4,546.1)=    0 (364.4,550.9)=    0 ( -1.0, -1.0)=   -3 ( -1.0, -1.0)=   -3 ( -1.0, -1.0)=   -3 ( -1.0, -1.0)=   -3 ( -1.0, -1.0)=   -3 ( -1.0, -1.0)=   -3 ( -1.0, -1.0)=   -3 ( -1.0, -1.0)=   -3 ( -1.0, -1.0)=   -3 ( -1.0, -1.0)=   -3 ( -1.0, -1.0)=   -3 ( -1.0, -1.0)=   -3 ( -1.0, -1.0)=   -3 ( -1.0, -1.0)=   -3 ( -1.0, -1.0)=   -3 ( -1.0, -1.0)=   -3 ( -1.0, -1.0)=   -3 ( -1.0, -1.0)=   -3 ( -1.0, -1.0)=   -3 ( -1.0, -1.0)=   -3 ( -1.0, -1.0)=   -3 ( -1.0, -1.0)=   -3 ( -1.0, -1.0)=   -3 ( -1.0, -1.0)=   -3 ( -1.0, -1.0)=   -3 ( -1.0, -1.0)=   -3 ( -1.0, -1.0)=   -3 ( -1.0, -1.0)=   -3 ( -1.0, -1.0)=   -3 ( -1.0, -1.0)=   -3 ( -1.0, -1.0)=   -3 ( -1.0, -1.0)=   -3 ( -1.0, -1.0)=   -3 ( -1.0, -1.0)=   -3 ( -1.0, -1.0)=   -3 
     40 | (373.0,521.0)= 8795 (378.3,514.8)=    0 (379.5,509.0)=    0 (383.2,501.7)=    0 (386.2,496.4)=    0 (383.7,495.8)=    0 (375.0,498.2)=    0 (363.2,499.5)=    0 (352.7,503.7)=    0 (338.7,508.8)=    0 (323.2,515.2)=    0 (306.9,520.8)=    0 (291.4,522.2)=    0 (272.1,521.6)=    0 (258.5,522.0)=    0 (245.2,523.3)=    0 (232.3,524.9)=    0 (222.5,528.9)=    0 (209.2,531.8)=    0 (194.2,536.0)=    0 (184.6,539.7)=    0 (177.4,544.4)=    0 (169.3,550.3)=    0 (159.3,555.7)=    0 (147.1,563.7)=    0 (131.6,566.1)=    0 (121.9,559.9)=    0 (113.0,561.1)=    0 (108.3,561.7)=    0 ( 95.8,557.5)=    0 ( 83.0,554.0)=    0 ( 77.1,548.7)=    0 ( 75.5,549.7)=    0 ( 77.5,553.2)=    0 ( 77.1,556.8)=    0 ( 73.1,557.9)=    0 ( 66.8,556.7)=    0 ( 54.0,556.6)=    0 ( 41.1,556.3)=    0 ( 29.2,552.4)=    0 ( -1.0, -1.0)=   -4 ( -1.0, -1.0)=   -4 ( -1.0, -1.0)=   -4 ( -1.0, -1.0)=   -4 
     41 | ( 85.0,367.0)= 8764 ( 89.3,358.6)=    0 ( 88.8,351.2)=    0 ( 91.4,342.4)=    0 ( 92.7,336.2)=    0 ( 86.0,335.5)=    0 ( 72.7,338.9)=    0 ( -1.0, -1.0)=   -5 ( -1.0, -1.0)=   -5 ( -1.0, -1.0)=   -5 ( -1.0, -1.0)=   -5 ( -1.0, -1.0)=   -5 ( -1.0, -1.0)=   -5 ( -1.0, -1.0)=   -5 ( -1.0, -1.0)=   -5 ( -1.0, -1.0)=   -5 ( -1.0, -1.0)=   -5 ( -1.0, -1.0)=   -5 ( -1.0, -1.0)=   -5 ( -1.0, -1.0)=   -5 ( -1.0, -1.0)=   -5 ( -1.0, -1.0)=   -5 ( -1.0, -1.0)=   -5 ( -1.0, -1.0)=   -5 ( -1.0, -1.0)=   -5 ( -1.0, -1.0)=   -5 ( -1.0, -1.0)=   -5 ( -1.0, -1.0)=   -5 ( -1.0, -1.0)=   -5 ( -1.0, -1.0)=   -5 ( -1.0, -1.0)=   -5 ( -1.0, -1.0)=   -5 ( -1.0, -1.0)=   -5 ( -1.0, -1.0)=   -5 ( -1.0, -1.0)=   -5 ( -1.0, -1.0)=   -5 ( -1.0, -1.0)=   -5 ( -1.0, -1.0)=   -5 ( -1.0, -1.0)=   -5 ( -1.0, -1.0)=   -5 ( -1.0, -1.0)=   -5 ( -1.0, -1.0)=   -5 ( -1.0, -1.0)=   -5 ( -1.0, -1.0)=   -5 
     42 | (243.0,532.0)= 8486 (247.7,525.3)=    0 (248.2,519.3)=    0 (251.3,511.7)=    0 (253.5,506.4)=    0 (249.9,506.4)=    0 (239.7,509.3)=    0 (226.3,511.2)=    0 (214.3,516.0)=    0 (228.4,511.2)=    0 (241.5,507.3)=    0 (254.2,502.3)=    0 (238.6,503.3)=    0 (219.1,502.4)=    0 (205.6,502.5)=    0 (192.3,503.6)=    0 (179.4,504.8)=    0 (170.0,508.5)=    0 (156.8,510.9)=    0 (141.6,514.6)=    0 (132.4,518.4)=    0 (125.1,522.5)=    0 (117.3,528.3)=    0 (107.7,533.5)=    0 ( 96.4,541.2)=    0 ( 81.6,543.4)=    0 ( 72.3,537.1)=    0 ( 64.3,537.9)=    0 ( 60.1,538.3)=    0 ( 48.4,533.8)=    0 ( 36.2,530.0)=    0 ( 30.7,524.2)=    0 ( 29.8,524.7)=    0 ( 32.6,527.7)=    0 ( 32.8,531.0)=    0 ( 29.7,531.8)=    0 ( 24.2,530.3)=    0 ( -1.0, -1.0)=   -4 ( -1.0, -1.0)=   -4 ( -1.0, -1.0)=   -4 ( -1.0, -1.0)=   -4 ( -1.0, -1.0)=   -4 ( -1.0, -1.0)=   -4 ( -1.0, -1.0)=   -4 
     43 | ( 77.0,207.0)= 8420 ( 81.4,197.1)=    0 ( 80.8,188.2)=    0 ( 83.1,178.3)=    0 ( 83.9,170.8)=    0 ( 76.0,168.6)=    0 ( 60.9,171.6)=    0 ( 40.5,171.4)=    0 ( -1.0, -1.0)=   -4 ( -1.0, -1.0)=   -4 ( -1.0, -1.0)=   -4 ( -1.0, -1.0)=   -4 ( -1.0, -1.0)=   -4 ( -1.0, -1.0)=   -4 ( -1.0, -1.0)=   -4 ( -1.0, -1.0)=   -4 ( -1.0, -1.0)=   -4 ( -1.0, -1.0)=   -4 ( -1.0, -1.0)=   -4 ( -1.0, -1.0)=   -4 ( -1.0, -1.0)=   -4 ( -1.0, -1.0)=   -4 ( -1.0, -1.0)=   -4 ( -1.0, -1.0)=   -4 ( -1.0, -1.0)=   -4 ( -1.0, -1.0)=   -4 ( -1.0, -1.0)=   -4 ( -1.0, -1.0)=   -4 ( -1.0, -1.0)=   -4 ( -1.0, -1.0)=   -4 ( -1.0, -1.0)=   -4 ( -1.0, -1.0)=   -4 ( -1.0, -1.0)=   -4 ( -1.0, -1.0)=   -4 ( -1.0, -1.0)=   -4 ( -1.0, -1.0)=   -4 ( -1.0, -1.0)=   -4 ( -1.0, -1.0)=   -4 ( -1.0, -1.0)=   -4 ( -1.0, -1.0)=   -4 ( -1.0, -1.0)=   -4 ( -1.0, -1.0)=   -4 ( -1.0, -1.0)=   -4 ( -1.0, -1.0)=   -4 
     44 | ( 99.0,470.0)= 8352 (103.2,462.4)=    0 (102.8,455.7)=    0 (105.6,447.4)=    0 (107.1,441.8)=    0 (101.6,441.8)=    0 ( 89.3,445.4)=    0 ( -1.0, -1.0)=   -5 ( -1.0, -1.0)=   -5 ( -1.0, -1.0)=   -5 ( -1.0, -1.0)=   -5 ( -1.0, -1.0)=   -5 ( -1.0, -1.0)=   -5 ( -1.0, -1.0)=   -5 ( -1.0, -1.0)=   -5 ( -1.0, -1.0)=   -5 ( -1.0, -1.0)=   -5 ( -1.0, -1.0)=   -5 ( -1.0, -1.0)=   -5 ( -1.0, -1.0)=   -5 ( -1.0, -1.0)=   -5 ( -1.0, -1.0)=   -5 ( -1.0, -1.0)=   -5 ( -1.0, -1.0)=   -5 ( -1.0, -1.0)=   -5 ( -1.0, -1.0)=   -5 ( -1.0, -1.0)=   -5 ( -1.0, -1.0)=   -5 ( -1.0, -1.0)=   -5 ( -1.0, -1.0)=   -5 ( -1.0, -1.0)=   -5 ( -1.0, -1.0)=   -5 ( -1.0, -1.0)=   -5 ( -1.0, -1.0)=   -5 ( -1.0, -1.0)=   -5 ( -1.0, -1.0)=   -5 ( -1.0, -1.0)=   -5 ( -1.0, -1.0)=   -5 ( -1.0, -1.0)=   -5 ( -1.0, -1.0)=   -5 ( -1.0, -1.0)=   -5 ( -1.0, -1.0)=   -5 ( -1.0, -1.0)=   -5 ( -1.0, -1.0)=   -5 
     45 | (167.0,571.0)= 8330 (171.1,564.1)=    0 (170.8,558.0)=    0 (173.5,550.2)=    0 (175.3,545.3)=    0 (170.0,546.0)=    0 (158.5,549.8)=    0 (143.1,552.7)=    0 (129.6,558.4)=    0 (111.2,565.8)=    0 ( 90.9,574.3)=    0 ( 71.1,581.8)=    0 ( 51.5,584.7)=    0 ( 25.9,585.9)=    0 ( -1.0, -1.0)=   -4 ( -1.0, -1.0)=   -4 ( -1.0, -1.0)=   -4 ( -1.0, -1.0)=   -4 ( -1.0, -1.0)=   -4 ( -1.0, -1.0)=   -4 ( -1.0, -1.0)=   -4 ( -1.0, -1.0)=   -4 ( -1.0, -1.0)=   -4 ( -1.0, -1.0)=   -4 ( -1.0, -1.0)=   -4 ( -1.0, -1.0)=   -4 ( -1.0, -1.0)=   -4 ( -1.0, -1.0)=   -4 ( -1.0, -1.0)=   -4 ( -1.0, -1.0)=   -4 ( -1.0, -1.0)=   -4 ( -1.0, -1.0)=   -4 ( -1.0, -1.0)=   -4 ( -1.0, -1.0)=   -4 ( -1.0, -1.0)=   -4 ( -1.0, -1.0)=   -4 ( -1.0, -1.0)=   -4 ( -1.0, -1.0)=   -4 ( -1.0, -1.0)=   -4 ( -1.0, -1.0)=   -4 ( -1.0, -1.0)=   -4 ( -1.0, -1.0)=   -4 ( -1.0, -1.0)=   -4 ( -1.0, -1.0)=   -4 
     46 | (290.0,632.0)= 8247 (294.4,625.7)=    0 (294.4,620.1)=    0 (296.8,612.8)=    0 (298.8,608.0)=    0 (294.2,609.4)=    0 (282.5,613.6)=    0 (267.3,617.1)=    0 (254.0,623.3)=    0 (270.9,615.9)=    0 ( -1.0, -1.0)=   -5 ( -1.0, -1.0)=   -5 ( -1.0, -1.0)=   -5 ( -1.0, -1.0)=   -5 ( -1.0, -1.0)=   -5 ( -1.0, -1.0)=   -5 ( -1.0, -1.0)=   -5 ( -1.0, -1.0)=   -5 ( -1.0, -1.0)=   -5 ( -1.0, -1.0)=   -5 ( -1.0, -1.0)=   -5 ( -1.0, -1.0)=   -5 ( -1.0, -1.0)=   -5 ( -1.0, -1.0)=   -5 ( -1.0, -1.0)=   -5 ( -1.0, -1.0)=   -5 ( -1.0, -1.0)=   -5 ( -1.0, -1.0)=   -5 ( -1.0, -1.0)=   -5 ( -1.0, -1.0)=   -5 ( -1.0, -1.0)=   -5 ( -1.0, -1.0)=   -5 ( -1.0, -1.0)=   -5 ( -1.0, -1.0)=   -5 ( -1.0, -1.0)=   -5 ( -1.0, -1.0)=   -5 ( -1.0, -1.0)=   -5 ( -1.0, -1.0)=   -5 ( -1.0, -1.0)=   -5 ( -1.0, -1.0)=   -5 ( -1.0, -1.0)=   -5 ( -1.0, -1.0)=   -5 ( -1.0, -1.0)=   -5 ( -1.0, -1.0)=   -5 
     47 | (225.0,552.0)= 8100 (229.6,545.4)=    0 (229.9,539.4)=    0 (232.8,531.7)=    0 (234.9,526.6)=    0 (230.6,526.9)=    0 (220.0,530.2)=    0 (205.7,532.6)=    0 (193.3,537.7)=    0 (176.2,544.3)=    0 (157.7,552.1)=    0 (139.0,558.7)=    0 (120.6,560.9)=    0 ( 97.1,561.5)=    0 ( 80.7,562.6)=    0 ( 64.4,564.4)=    0 ( 48.9,566.2)=    0 ( 36.9,570.4)=    0 ( -1.0, -1.0)=   -4 ( -1.0, -1.0)=   -4 ( -1.0, -1.0)=   -4 ( -1.0, -1.0)=   -4 ( -1.0, -1.0)=   -4 ( -1.0, -1.0)=   -4 ( -1.0, -1.0)=   -4 ( -1.0, -1.0)=   -4 ( -1.0, -1.0)=   -4 ( -1.0, -1.0)=   -4 ( -1.0, -1.0)=   -4 ( -1.0, -1.0)=   -4 ( -1.0, -1.0)=   -4 ( -1.0, -1.0)=   -4 ( -1.0, -1.0)=   -4 ( -1.0, -1.0)=   -4 ( -1.0, -1.0)=   -4 ( -1.0, -1.0)=   -4 ( -1.0, -1.0)=   -4 ( -1.0, -1.0)=   -4 ( -1.0, -1.0)=   -4 ( -1.0, -1.0)=   -4 ( -1.0, -1.0)=   -4 ( -1.0, -1.0)=   -4 ( -1.0, -1.0)=   -4 ( -1.0, -1.0)=   -4 
     48 | (291.0,551.0)= 8043 (295.8,544.5)=    0 (296.5,538.6)=    0 (299.5,531.2)=    0 (302.0,526.1)=    0 (298.4,526.2)=    0 (288.3,529.3)=    0 (274.9,531.4)=    0 (263.1,536.4)=    0 (247.1,542.6)=    0 (229.6,550.2)=    0 ( -1.0, -1.0)=   -5 ( -1.0, -1.0)=   -5 ( -1.0, -1.0)=   -5 ( -1.0, -1.0)=   -5 ( -1.0, -1.0)=   -5 ( -1.0, -1.0)=   -5 ( -1.0, -1.0)=   -5 ( -1.0, -1.0)=   -5 ( -1.0, -1.0)=   -5 ( -1.0, -1.0)=   -5 ( -1.0, -1.0)=   -5 ( -1.0, -1.0)=   -5 ( -1.0, -1.0)=   -5 ( -1.0, -1.0)=   -5 ( -1.0, -1.0)=   -5 ( -1.0, -1.0)=   -5 ( -1.0, -1.0)=   -5 ( -1.0, -1.0)=   -5 ( -1.0, -1.0)=   -5 ( -1.0, -1.0)=   -5 ( -1.0, -1.0)=   -5 ( -1.0, -1.0)=   -5 ( -1.0, -1.0)=   -5 ( -1.0, -1.0)=   -5 ( -1.0, -1.0)=   -5 ( -1.0, -1.0)=   -5 ( -1.0, -1.0)=   -5 ( -1.0, -1.0)=   -5 ( -1.0, -1.0)=   -5 ( -1.0, -1.0)=   -5 ( -1.0, -1.0)=   -5 ( -1.0, -1.0)=   -5 ( -1.0, -1.0)=   -5 
     49 | (255.0,541.0)= 7898 (259.5,534.3)=    0 (260.1,528.4)=    0 (263.1,520.7)=    0 (265.4,515.7)=    0 (261.7,515.6)=    0 (251.4,518.7)=    0 (238.0,520.8)=    0 (225.9,525.6)=    0 (209.6,531.8)=    0 ( -1.0, -1.0)=   -5 ( -1.0, -1.0)=   -5 ( -1.0, -1.0)=   -5 ( -1.0, -1.0)=   -5 ( -1.0, -1.0)=   -5 ( -1.0, -1.0)=   -5 ( -1.0, -1.0)=   -5 ( -1.0, -1.0)=   -5 ( -1.0, -1.0)=   -5 ( -1.0, -1.0)=   -5 ( -1.0, -1.0)=   -5 ( -1.0, -1.0)=   -5 ( -1.0, -1.0)=   -5 ( -1.0, -1.0)=   -5 ( -1.0, -1.0)=   -5 ( -1.0, -1.0)=   -5 ( -1.0, -1.0)=   -5 ( -1.0, -1.0)=   -5 ( -1.0, -1.0)=   -5 ( -1.0, -1.0)=   -5 ( -1.0, -1.0)=   -5 ( -1.0, -1.0)=   -5 ( -1.0, -1.0)=   -5 ( -1.0, -1.0)=   -5 ( -1.0, -1.0)=   -5 ( -1.0, -1.0)=   -5 ( -1.0, -1.0)=   -5 ( -1.0, -1.0)=   -5 ( -1.0, -1.0)=   -5 ( -1.0, -1.0)=   -5 ( -1.0, -1.0)=   -5 ( -1.0, -1.0)=   -5 ( -1.0, -1.0)=   -5 ( -1.0, -1.0)=   -5 
     50 | (320.0,618.0)= 7894 (324.7,611.9)=    0 (325.0,606.3)=    0 (327.6,599.0)=    0 (330.0,594.1)=    0 (325.8,595.3)=    0 (314.6,599.2)=    0 (300.3,602.3)=    0 (287.5,608.3)=    0 ( -1.0, -1.0)=   -5 ( -1.0, -1.0)=   -5 ( -1.0, -1.0)=   -5 ( -1.0, -1.0)=   -5 ( -1.0, -1.0)=   -5 ( -1.0, -1.0)=   -5 ( -1.0, -1.0)=   -5 ( -1.0, -1.0)=   -5 ( -1.0, -1.0)=   -5 ( -1.0, -1.0)=   -5 ( -1.0, -1.0)=   -5 ( -1.0, -1.0)=   -5 ( -1.0, -1.0)=   -5 ( -1.0, -1.0)=   -5 ( -1.0, -1.0)=   -5 ( -1.0, -1.0)=   -5 ( -1.0, -1.0)=   -5 ( -1.0, -1.0)=   -5 ( -1.0, -1.0)=   -5 ( -1.0, -1.0)=   -5 ( -1.0, -1.0)=   -5 ( -1.0, -1.0)=   -5 ( -1.0, -1.0)=   -5 ( -1.0, -1.0)=   -5 ( -1.0, -1.0)=   -5 ( -1.0, -1.0)=   -5 ( -1.0, -1.0)=   -5 ( -1.0, -1.0)=   -5 ( -1.0, -1.0)=   -5 ( -1.0, -1.0)=   -5 ( -1.0, -1.0)=   -5 ( -1.0, -1.0)=   -5 ( -1.0, -1.0)=   -5 ( -1.0, -1.0)=   -5 ( -1.0, -1.0)=   -5 
     51 | (325.0,566.0)= 7865 (330.0,559.7)=    0 (330.6,553.9)=    0 (333.7,546.6)=    0 (336.1,541.6)=    0 (332.6,541.8)=    0 (322.4,545.1)=    0 ( -1.0, -1.0)=   -5 ( -1.0, -1.0)=   -5 ( -1.0, -1.0)=   -5 ( -1.0, -1.0)=   -5 ( -1.0, -1.0)=   -5 ( -1.0, -1.0)=   -5 ( -1.0, -1.0)=   -5 ( -1.0, -1.0)=   -5 ( -1.0, -1.0)=   -5 ( -1.0, -1.0)=   -5 ( -1.0, -1.0)=   -5 ( -1.0, -1.0)=   -5 ( -1.0, -1.0)=   -5 ( -1.0, -1.0)=   -5 ( -1.0, -1.0)=   -5 ( -1.0, -1.0)=   -5 ( -1.0, -1.0)=   -5 ( -1.0, -1.0)=   -5 ( -1.0, -1.0)=   -5 ( -1.0, -1.0)=   -5 ( -1.0, -1.0)=   -5 ( -1.0, -1.0)=   -5 ( -1.0, -1.0)=   -5 ( -1.0, -1.0)=   -5 ( -1.0, -1.0)=   -5 ( -1.0, -1.0)=   -5 ( -1.0, -1.0)=   -5 ( -1.0, -1.0)=   -5 ( -1.0, -1.0)=   -5 ( -1.0, -1.0)=   -5 ( -1.0, -1.0)=   -5 ( -1.0, -1.0)=   -5 ( -1.0, -1.0)=   -5 ( -1.0, -1.0)=   -5 ( -1.0, -1.0)=   -5 ( -1.0, -1.0)=   -5 ( -1.0, -1.0)=   -5 
     52 | ( 61.0,125.0)= 7800 ( 65.7,114.4)=    0 ( 64.9,104.7)=    0 ( 67.2, 94.3)=    0 ( 67.8, 86.1)=    0 ( 58.9, 83.0)=    0 ( 42.5, 85.3)=    0 ( -1.0, -1.0)=   -4 ( -1.0, -1.0)=   -4 ( -1.0, -1.0)=   -4 ( -1.0, -1.0)=   -4 ( -1.0, -1.0)=   -4 ( -1.0, -1.0)=   -4 ( -1.0, -1.0)=   -4 ( -1.0, -1.0)=   -4 ( -1.0, -1.0)=   -4 ( -1.0, -1.0)=   -4 ( -1.0, -1.0)=   -4 ( -1.0, -1.0)=   -4 ( -1.0, -1.0)=   -4 ( -1.0, -1.0)=   -4 ( -1.0, -1.0)=   -4 ( -1.0, -1.0)=   -4 ( -1.0, -1.0)=   -4 ( -1.0, -1.0)=   -4 ( -1.0, -1.0)=   -4 ( -1.0, -1.0)=   -4 ( -1.0, -1.0)=   -4 ( -1.0, -1.0)=   -4 ( -1.0, -1.0)=   -4 ( -1.0, -1.0)=   -4 ( -1.0, -1.0)=   -4 ( -1.0, -1.0)=   -4 ( -1.0, -1.0)=   -4 ( -1.0, -1.0)=   -4 ( -1.0, -1.0)=   -4 ( -1.0, -1.0)=   -4 ( -1.0, -1.0)=   -4 ( -1.0, -1.0)=   -4 ( -1.0, -1.0)=   -4 ( -1.0, -1.0)=   -4 ( -1.0, -1.0)=   -4 ( -1.0, -1.0)=   -4 ( -1.0, -1.0)=   -4 
     53 | (319.0,541.0)= 7700 (323.8,534.8)=    0 (324.8,528.9)=    0 (328.0,521.5)=    0 (330.6,516.4)=    0 (327.5,516.2)=    0 (317.9,519.0)=    0 (305.1,520.9)=    0 (293.9,525.7)=    0 (278.6,531.6)=    0 (261.6,538.6)=    0 (244.4,544.8)=    0 ( -1.0, -1.0)=   -5 ( -1.0, -1.0)=   -5 ( -1.0, -1.0)=   -5 ( -1.0, -1.0)=   -5 ( -1.0, -1.0)=   -5 ( -1.0, -1.0)=   -5 ( -1.0, -1.0)=   -5 ( -1.0, -1.0)=   -5 ( -1.0, -1.0)=   -5 ( -1.0, -1.0)=   -5 ( -1.0, -1.0)=   -5 ( -1.0, -1.0)=   -5 ( -1.0, -1.0)=   -5 ( -1.0, -1.0)=   -5 ( -1.0, -1.0)=   -5 ( -1.0, -1.0)=   -5 ( -1.0, -1.0)=   -5 ( -1.0, -1.0)=   -5 ( -1.0, -1.0)=   -5 ( -1.0, -1.0)=   -5 ( -1.0, -1.0)=   -5 ( -1.0, -1.0)=   -5 ( -1.0, -1.0)=   -5 ( -1.0, -1.0)=   -5 ( -1.0, -1.0)=   -5 ( -1.0, -1.0)=   -5 ( -1.0, -1.0)=   -5 ( -1.0, -1.0)=   -5 ( -1.0, -1.0)=   -5 ( -1.0, -1.0)=   -5 ( -1.0, -1.0)=   -5 ( -1.0, -1.0)=   -5 
     54 | (318.0,653.0)= 7580 (322.7,646.9)=    0 (322.5,641.6)=    0 (324.8,634.3)=    0 (327.1,629.8)=    0 (322.3,631.3)=    0 (310.4,635.8)=    0 (295.3,639.7)=    0 (281.8,646.1)=    0 (263.7,654.6)=    0 (243.7,664.5)=    0 (223.4,672.7)=    0 (203.4,676.6)=    0 (177.7,679.4)=    0 (159.4,682.1)=    0 (140.7,685.9)=    0 (122.5,689.7)=    0 (107.4,695.7)=    0 ( -1.0, -1.0)=   -5 ( -1.0, -1.0)=   -5 ( -1.0, -1.0)=   -5 ( -1.0, -1.0)=   -5 ( -1.0, -1.0)=   -5 ( -1.0, -1.0)=   -5 ( -1.0, -1.0)=   -5 ( -1.0, -1.0)=   -5 ( -1.0, -1.0)=   -5 ( -1.0, -1.0)=   -5 ( -1.0, -1.0)=   -5 ( -1.0, -1.0)=   -5 ( -1.0, -1.0)=   -5 ( -1.0, -1.0)=   -5 ( -1.0, -1.0)=   -5 ( -1.0, -1.0)=   -5 ( -1.0, -1.0)=   -5 ( -1.0, -1.0)=   -5 ( -1.0, -1.0)=   -5 ( -1.0, -1.0)=   -5 ( -1.0, -1.0)=   -5 ( -1.0, -1.0)=   -5 ( -1.0, -1.0)=   -5 ( -1.0, -1.0)=   -5 ( -1.0, -1.0)=   -5 ( -1.0, -1.0)=   -5 
     55 | (405.0,611.0)= 7549 (410.2,605.1)=    0 (411.1,599.9)=    0 (414.0,592.8)=    0 (416.9,587.9)=    0 (413.7,588.8)=    0 (403.5,592.4)=    0 (390.4,595.2)=    0 (378.5,600.6)=    0 (363.0,607.6)=    0 (345.3,615.9)=    0 (327.3,623.0)=    0 (310.1,625.9)=    0 (287.9,627.3)=    0 (272.1,629.3)=    0 (256.3,632.2)=    0 (240.7,635.4)=    0 (227.7,640.7)=    0 (211.4,645.3)=    0 (192.7,651.7)=    0 (180.7,657.4)=    0 (170.5,663.8)=    0 (159.7,671.1)=    0 (146.6,678.2)=    0 ( -1.0, -1.0)=   -5 ( -1.0, -1.0)=   -5 ( -1.0, -1.0)=   -5 ( -1.0, -1.0)=   -5 ( -1.0, -1.0)=   -5 ( -1.0, -1.0)=   -5 ( -1.0, -1.0)=   -5 ( -1.0, -1.0)=   -5 ( -1.0, -1.0)=   -5 ( -1.0, -1.0)=   -5 ( -1.0, -1.0)=   -5 ( -1.0, -1.0)=   -5 ( -1.0, -1.0)=   -5 ( -1.0, -1.0)=   -5 ( -1.0, -1.0)=   -5 ( -1.0, -1.0)=   -5 ( -1.0, -1.0)=   -5 ( -1.0, -1.0)=   -5 ( -1.0, -1.0)=   -5 ( -1.0, -1.0)=   -5 
     56 | (361.0,545.0)= 7537 (366.1,538.8)=    0 (367.3,533.1)=    0 (370.6,525.8)=    0 (373.5,520.7)=    0 (370.8,520.6)=    0 (361.4,523.4)=    0 (349.2,525.0)=    0 (338.2,529.7)=    0 (323.6,535.4)=    0 (307.3,542.3)=    0 (290.6,548.1)=    0 (274.8,549.6)=    0 (254.4,549.6)=    0 (240.3,550.2)=    0 (226.2,551.8)=    0 (212.5,553.7)=    0 (201.8,558.0)=    0 (187.5,561.2)=    0 (171.2,565.6)=    0 (161.2,569.8)=    0 (153.0,574.8)=    0 (144.2,580.8)=    0 (133.5,586.6)=    0 (120.6,594.8)=    0 (104.1,597.1)=    0 ( 93.8,590.6)=    0 ( 84.3,591.5)=    0 ( 79.2,592.2)=    0 ( 65.9,587.8)=    0 ( 52.1,584.4)=    0 ( 45.2,578.6)=    0 ( 43.3,579.6)=    0 ( 45.0,582.7)=    0 ( 44.6,586.1)=    0 ( 40.0,587.0)=    0 ( 33.3,585.5)=    0 ( -1.0, -1.0)=   -4 ( -1.0, -1.0)=   -4 ( -1.0, -1.0)=   -4 ( -1.0, -1.0)=   -4 ( -1.0, -1.0)=   -4 ( -1.0, -1.0)=   -4 ( -1.0, -1.0)=   -4 
     57 | (170.0,230.0)= 7504 (175.0,220.8)=    0 (175.3,212.3)=    0 (178.2,202.8)=    0 (180.0,195.6)=    0 (173.7,193.1)=    0 (160.4,195.3)=    0 (142.5,194.9)=    0 (127.1,198.6)=    0 (106.0,202.6)=    0 ( 83.5,207.6)=    0 ( 61.3,213.4)=    0 ( 39.5,212.8)=    0 ( -1.0, -1.0)=   -4 ( -1.0, -1.0)=   -4 ( -1.0, -1.0)=   -4 ( -1.0, -1.0)=   -4 ( -1.0, -1.0)=   -4 ( -1.0, -1.0)=   -4 ( -1.0, -1.0)=   -4 ( -1.0, -1.0)=   -4 ( -1.0, -1.0)=   -4 ( -1.0, -1.0)=   -4 ( -1.0, -1.0)=   -4 ( -1.0, -1.0)=   -4 ( -1.0, -1.0)=   -4 ( -1.0, -1.0)=   -4 ( -1.0, -1.0)=   -4 ( -1.0, -1.0)=   -4 ( -1.0, -1.0)=   -4 ( -1.0, -1.0)=   -4 ( -1.0, -1.0)=   -4 ( -1.0, -1.0)=   -4 ( -1.0, -1.0)=   -4 ( -1.0, -1.0)=   -4 ( -1.0, -1.0)=   -4 ( -1.0, -1.0)=   -4 ( -1.0, -1.0)=   -4 ( -1.0, -1.0)=   -4 ( -1.0, -1.0)=   -4 ( -1.0, -1.0)=   -4 ( -1.0, -1.0)=   -4 ( -1.0, -1.0)=   -4 ( -1.0, -1.0)=   -4 
     58 | (360.0,620.0)= 7496 (365.0,614.0)=    0 (365.4,608.6)=    0 (368.1,601.3)=    0 (370.4,596.5)=    0 (366.7,597.7)=    0 (355.6,601.5)=    0 (341.6,604.6)=    0 (329.1,610.5)=    0 (312.3,617.8)=    0 (293.7,626.6)=    0 (274.2,634.2)=    0 (255.7,637.5)=    0 (232.1,639.2)=    0 ( -1.0, -1.0)=   -5 ( -1.0, -1.0)=   -5 ( -1.0, -1.0)=   -5 ( -1.0, -1.0)=   -5 ( -1.0, -1.0)=   -5 ( -1.0, -1.0)=   -5 ( -1.0, -1.0)=   -5 ( -1.0, -1.0)=   -5 ( -1.0, -1.0)=   -5 ( -1.0, -1.0)=   -5 ( -1.0, -1.0)=   -5 ( -1.0, -1.0)=   -5 ( -1.0, -1.0)=   -5 ( -1.0, -1.0)=   -5 ( -1.0, -1.0)=   -5 ( -1.0, -1.0)=   -5 ( -1.0, -1.0)=   -5 ( -1.0, -1.0)=   -5 ( -1.0, -1.0)=   -5 ( -1.0, -1.0)=   -5 ( -1.0, -1.0)=   -5 ( -1.0, -1.0)=   -5 ( -1.0, -1.0)=   -5 ( -1.0, -1.0)=   -5 ( -1.0, -1.0)=   -5 ( -1.0, -1.0)=   -5 ( -1.0, -1.0)=   -5 ( -1.0, -1.0)=   -5 ( -1.0, -1.0)=   -5 ( -1.0, -1.0)=   -5 
     59 | (378.0,592.0)= 7447 (383.2,586.0)=    0 (383.9,580.6)=    0 (386.9,573.3)=    0 (389.7,568.4)=    0 (386.5,569.0)=    0 (376.4,572.3)=    0 (363.3,574.7)=    0 (351.5,579.9)=    0 (335.8,586.6)=    0 (349.6,580.7)=    0 (332.2,587.2)=    0 (315.7,589.3)=    0 (294.8,590.0)=    0 (280.1,591.3)=    0 (265.3,593.6)=    0 (250.7,596.2)=    0 (239.0,601.1)=    0 (224.0,605.0)=    0 (206.7,610.5)=    0 (195.7,615.2)=    0 (187.0,621.2)=    0 (177.1,627.8)=    0 (165.3,634.2)=    0 (151.0,642.7)=    0 (132.7,645.1)=    0 (121.4,638.8)=    0 (110.6,640.1)=    0 (104.5,640.9)=    0 ( 89.7,636.8)=    0 ( 74.2,633.5)=    0 ( 66.2,628.6)=    0 ( 63.1,629.7)=    0 ( 63.8,633.1)=    0 ( 62.1,636.4)=    0 ( 56.3,637.4)=    0 ( 48.4,636.0)=    0 ( 33.2,636.1)=    0 ( -1.0, -1.0)=   -4 ( -1.0, -1.0)=   -4 ( -1.0, -1.0)=   -4 ( -1.0, -1.0)=   -4 ( -1.0, -1.0)=   -4 ( -1.0, -1.0)=   -4 
     60 | (484.0,427.0)= 7446 (489.9,420.8)=    0 (493.0,414.9)=    0 (498.0,407.5)=    0 (502.3,401.6)=    0 (502.5,399.3)=    0 (496.4,399.9)=    0 (488.3,399.4)=    0 (480.7,401.5)=    0 (470.5,404.3)=    0 (458.9,408.1)=    0 (446.4,411.5)=    0 (435.3,410.9)=    0 (421.7,408.0)=    0 (412.4,406.7)=    0 (403.6,406.1)=    0 (395.2,406.5)=    0 (389.7,409.1)=    0 (381.7,410.6)=    0 (372.8,412.7)=    0 (368.1,414.7)=    0 (365.5,417.1)=    0 (360.9,421.2)=    0 (355.9,424.9)=    0 (347.1,431.9)=    0 (335.8,434.0)=    0 (330.1,428.3)=    0 (324.1,429.1)=    0 (321.6,429.8)=    0 (314.0,426.2)=    0 (306.4,423.4)=    0 (306.1,418.7)=    0 (307.2,420.4)=    0 (310.6,424.9)=    0 (311.3,429.8)=    0 (309.5,432.5)=    0 (305.8,432.8)=    0 (298.0,434.0)=    0 (289.4,435.1)=    0 (282.0,432.9)=    0 (275.4,429.9)=    0 (265.0,427.2)=    0 (258.0,425.5)=    0 (261.4,424.9)=    0 
     61 | (378.0,538.0)= 7404 (383.2,532.0)=    0 (384.5,526.3)=    0 (388.0,518.9)=    0 (390.9,513.8)=    0 (388.5,513.4)=    0 (379.7,515.9)=    0 (368.1,517.4)=    0 (357.7,521.6)=    0 (343.8,527.1)=    0 (328.0,533.6)=    0 (311.6,539.3)=    0 (295.8,540.8)=    0 (276.3,540.4)=    0 (263.0,541.1)=    0 (249.3,542.5)=    0 (236.4,544.2)=    0 (226.3,548.4)=    0 (212.7,551.4)=    0 (197.5,555.9)=    0 (187.7,559.7)=    0 (180.0,564.6)=    0 (171.5,570.4)=    0 (161.5,576.1)=    0 (149.1,584.0)=    0 (132.9,586.1)=    0 (122.9,579.9)=    0 (113.6,581.0)=    0 (108.6,581.5)=    0 ( 95.6,577.2)=    0 ( 82.2,573.7)=    0 ( 75.9,568.2)=    0 ( 74.1,569.2)=    0 ( 75.9,572.6)=    0 ( 75.3,576.1)=    0 ( 71.1,577.3)=    0 ( 64.4,575.8)=    0 ( 51.1,575.6)=    0 ( 37.9,575.3)=    0 ( 25.6,571.1)=    0 ( -1.0, -1.0)=   -4 ( -1.0, -1.0)=   -4 ( -1.0, -1.0)=   -4 ( -1.0, -1.0)=   -4 
     62 | (661.0,700.0)= 7340 (667.5,695.3)=    0 (669.7,691.2)=    0 (673.4,685.2)=    0 (677.8,681.1)=    0 (677.5,682.5)=    0 (668.4,686.4)=    0 (657.9,689.4)=    0 (648.1,694.7)=    0 (635.2,702.2)=    0 (620.2,711.2)=    0 (602.7,718.7)=    0 (587.5,722.3)=    0 (568.4,725.0)=    0 (554.6,728.0)=    0 (540.2,732.7)=    0 (525.7,738.0)=    0 (513.5,745.4)=    0 (499.0,752.5)=    0 (483.1,761.4)=    0 (473.5,769.5)=    0 (466.1,778.1)=    0 (455.4,786.4)=    0 (443.4,795.6)=    0 (425.6,805.4)=    0 (403.3,809.5)=    0 (390.7,804.7)=    0 (376.4,807.1)=    0 (367.8,809.2)=    0 (350.4,807.3)=    0 (333.0,806.4)=    0 (324.3,805.6)=    0 (318.5,809.4)=    0 (315.2,814.6)=    0 (309.3,819.4)=    0 (299.2,822.7)=    0 (287.7,823.3)=    0 (269.1,827.2)=    0 (249.8,830.8)=    0 (231.5,830.2)=    0 (215.7,827.6)=    0 (194.4,826.1)=    0 (179.8,825.9)=    0 (181.2,828.1)=    0 
     63 | (283.0,531.0)= 7329 (287.8,524.5)=    0 (288.7,518.6)=    0 (291.8,511.0)=    0 (294.3,505.8)=    0 (291.0,505.7)=    0 (281.2,508.5)=    0 (268.3,510.3)=    0 (256.8,515.0)=    0 (241.1,520.7)=    0 (255.1,516.4)=    0 (238.2,522.1)=    0 (222.0,523.5)=    0 (201.5,523.1)=    0 (187.1,523.6)=    0 (173.0,524.8)=    0 (159.6,526.3)=    0 (149.4,530.3)=    0 (135.3,533.0)=    0 (119.0,537.1)=    0 (109.1,541.0)=    0 (100.8,545.7)=    0 ( 92.5,551.8)=    0 ( 82.3,557.3)=    0 ( 70.3,565.0)=    0 ( 54.9,567.4)=    0 ( 45.1,561.0)=    0 ( 36.4,561.9)=    0 ( 31.9,562.2)=    0 ( -1.0, -1.0)=   -4 ( -1.0, -1.0)=   -4 ( -1.0, -1.0)=   -4 ( -1.0, -1.0)=   -4 ( -1.0, -1.0)=   -4 ( -1.0, -1.0)=   -4 ( -1.0, -1.0)=   -4 ( -1.0, -1.0)=   -4 ( -1.0, -1.0)=   -4 ( -1.0, -1.0)=   -4 ( -1.0, -1.0)=   -4 ( -1.0, -1.0)=   -4 ( -1.0, -1.0)=   -4 ( -1.0, -1.0)=   -4 ( -1.0, -1.0)=   -4 
     64 | (350.0,605.0)= 7297 (354.8,598.8)=    0 (355.2,593.3)=    0 (358.2,586.1)=    0 (360.6,581.2)=    0 (356.9,582.1)=    0 (346.1,585.7)=    0 (332.4,588.5)=    0 (320.3,594.1)=    0 (303.8,601.2)=    0 (285.8,609.6)=    0 (267.2,616.7)=    0 (249.2,619.6)=    0 (226.2,621.0)=    0 (209.9,622.8)=    0 (193.6,625.6)=    0 (177.4,628.6)=    0 (164.4,633.8)=    0 (147.5,638.2)=    0 (127.9,644.4)=    0 (115.4,650.1)=    0 (104.6,656.6)=    0 ( 93.7,663.8)=    0 ( 80.4,670.9)=    0 ( -1.0, -1.0)=   -5 ( -1.0, -1.0)=   -5 ( -1.0, -1.0)=   -5 ( -1.0, -1.0)=   -5 ( -1.0, -1.0)=   -5 ( -1.0, -1.0)=   -5 ( -1.0, -1.0)=   -5 ( -1.0, -1.0)=   -5 ( -1.0, -1.0)=   -5 ( -1.0, -1.0)=   -5 ( -1.0, -1.0)=   -5 ( -1.0, -1.0)=   -5 ( -1.0, -1.0)=   -5 ( -1.0, -1.0)=   -5 ( -1.0, -1.0)=   -5 ( -1.0, -1.0)=   -5 ( -1.0, -1.0)=   -5 ( -1.0, -1.0)=   -5 ( -1.0, -1.0)=   -5 ( -1.0, -1.0)=   -5 
     65 | (403.0,535.0)= 7277 (408.3,528.9)=    0 (409.8,523.3)=    0 (413.4,516.0)=    0 (416.6,510.8)=    0 (414.3,510.3)=    0 (405.5,512.9)=    0 (393.9,514.3)=    0 (383.5,518.5)=    0 (396.8,512.5)=    0 (408.9,507.6)=    0 (419.8,501.9)=    0 (406.4,502.5)=    0 (416.3,490.5)=    0 (404.9,490.4)=    0 (393.9,491.2)=    0 (383.3,492.6)=    0 (375.3,496.4)=    0 (364.5,499.1)=    0 (352.5,502.8)=    0 (345.8,506.2)=    0 (340.9,509.9)=    0 (334.2,515.3)=    0 (326.6,520.3)=    0 (346.6,515.8)=    0 (332.5,518.4)=    0 (325.1,512.7)=    0 (317.0,514.1)=    0 (313.0,515.3)=    0 (302.9,511.9)=    0 (292.7,509.6)=    0 (290.0,505.4)=    0 (289.6,507.6)=    0 (291.4,512.5)=    0 (290.4,517.3)=    0 (286.7,519.9)=    0 (281.4,520.5)=    0 (270.9,522.2)=    0 (259.8,523.5)=    0 (249.6,521.4)=    0 (241.1,518.8)=    0 (227.9,516.2)=    0 (219.1,514.9)=    0 (222.0,514.9)=    0 
     66 | (168.0,200.0)= 7237 (173.2,190.5)=    0 (173.4,181.8)=    0 (176.4,172.1)=    0 (178.0,164.5)=    0 (171.5,161.7)=    0 (157.7,163.9)=    0 (139.6,163.1)=    0 (123.7,166.6)=    0 (102.2,170.4)=    0 ( 79.3,175.1)=    0 ( 56.6,181.1)=    0 ( 34.0,179.9)=    0 ( -1.0, -1.0)=   -4 ( -1.0, -1.0)=   -4 ( -1.0, -1.0)=   -4 ( -1.0, -1.0)=   -4 ( -1.0, -1.0)=   -4 ( -1.0, -1.0)=   -4 ( -1.0, -1.0)=   -4 ( -1.0, -1.0)=   -4 ( -1.0, -1.0)=   -4 ( -1.0, -1.0)=   -4 ( -1.0, -1.0)=   -4 ( -1.0, -1.0)=   -4 ( -1.0, -1.0)=   -4 ( -1.0, -1.0)=   -4 ( -1.0, -1.0)=   -4 ( -1.0, -1.0)=   -4 ( -1.0, -1.0)=   -4 ( -1.0, -1.0)=   -4 ( -1.0, -1.0)=   -4 ( -1.0, -1.0)=   -4 ( -1.0, -1.0)=   -4 ( -1.0, -1.0)=   -4 ( -1.0, -1.0)=   -4 ( -1.0, -1.0)=   -4 ( -1.0, -1.0)=   -4 ( -1.0, -1.0)=   -4 ( -1.0, -1.0)=   -4 ( -1.0, -1.0)=   -4 ( -1.0, -1.0)=   -4 ( -1.0, -1.0)=   -4 ( -1.0, -1.0)=   -4 
     67 | ( 95.0,365.0)= 7220 ( 99.2,356.6)=    0 ( 98.8,349.3)=    0 (101.4,340.5)=    0 (102.8,334.3)=    0 ( 96.3,333.5)=    0 ( 83.1,336.8)=    0 ( 65.2,338.2)=    0 ( 49.7,343.2)=    0 ( 28.7,349.1)=    0 ( -1.0, -1.0)=   -4 ( -1.0, -1.0)=   -4 ( -1.0, -1.0)=   -4 ( -1.0, -1.0)=   -4 ( -1.0, -1.0)=   -4 ( -1.0, -1.0)=   -4 ( -1.0, -1.0)=   -4 ( -1.0, -1.0)=   -4 ( -1.0, -1.0)=   -4 ( -1.0, -1.0)=   -4 ( -1.0, -1.0)=   -4 ( -1.0, -1.0)=   -4 ( -1.0, -1.0)=   -4 ( -1.0, -1.0)=   -4 ( -1.0, -1.0)=   -4 ( -1.0, -1.0)=   -4 ( -1.0, -1.0)=   -4 ( -1.0, -1.0)=   -4 ( -1.0, -1.0)=   -4 ( -1.0, -1.0)=   -4 ( -1.0, -1.0)=   -4 ( -1.0, -1.0)=   -4 ( -1.0, -1.0)=   -4 ( -1.0, -1.0)=   -4 ( -1.0, -1.0)=   -4 ( -1.0, -1.0)=   -4 ( -1.0, -1.0)=   -4 ( -1.0, -1.0)=   -4 ( -1.0, -1.0)=   -4 ( -1.0, -1.0)=   -4 ( -1.0, -1.0)=   -4 ( -1.0, -1.0)=   -4 ( -1.0, -1.0)=   -4 ( -1.0, -1.0)=   -4 
     68 | (122.0,172.0)= 7217 (126.8,162.0)=    0 (126.7,152.9)=    0 (129.3,142.8)=    0 (130.5,135.0)=    0 (123.1,132.2)=    0 (108.2,134.5)=    0 ( 88.5,133.7)=    0 ( 71.2,137.6)=    0 ( 48.1,141.5)=    0 ( -1.0, -1.0)=   -4 ( -1.0, -1.0)=   -4 ( -1.0, -1.0)=   -4 ( -1.0, -1.0)=   -4 ( -1.0, -1.0)=   -4 ( -1.0, -1.0)=   -4 ( -1.0, -1.0)=   -4 ( -1.0, -1.0)=   -4 ( -1.0, -1.0)=   -4 ( -1.0, -1.0)=   -4 ( -1.0, -1.0)=   -4 ( -1.0, -1.0)=   -4 ( -1.0, -1.0)=   -4 ( -1.0, -1.0)=   -4 ( -1.0, -1.0)=   -4 ( -1.0, -1.0)=   -4 ( -1.0, -1.0)=   -4 ( -1.0, -1.0)=   -4 ( -1.0, -1.0)=   -4 ( -1.0, -1.0)=   -4 ( -1.0, -1.0)=   -4 ( -1.0, -1.0)=   -4 ( -1.0, -1.0)=   -4 ( -1.0, -1.0)=   -4 ( -1.0, -1.0)=   -4 ( -1.0, -1.0)=   -4 ( -1.0, -1.0)=   -4 ( -1.0, -1.0)=   -4 ( -1.0, -1.0)=   -4 ( -1.0, -1.0)=   -4 ( -1.0, -1.0)=   -4 ( -1.0, -1.0)=   -4 ( -1.0, -1.0)=   -4 ( -1.0, -1.0)=   -4 
     69 | (273.0,523.0)= 7148 (277.9,516.5)=    0 (278.7,510.4)=    0 (282.0,502.9)=    0 (284.4,497.5)=    0 (281.0,497.4)=    0 (271.4,500.1)=    0 (258.5,501.7)=    0 (247.1,506.4)=    0 (231.5,512.0)=    0 (244.5,508.1)=    0 (257.2,503.3)=    0 (241.6,504.3)=    0 (222.1,503.5)=    0 (208.6,503.6)=    0 (195.3,504.7)=    0 (182.4,505.9)=    0 (173.0,509.6)=    0 (159.7,511.9)=    0 (144.4,515.7)=    0 (135.3,519.4)=    0 (127.9,523.5)=    0 (120.1,529.3)=    0 (110.5,534.5)=    0 ( 99.1,542.2)=    0 ( 84.4,544.4)=    0 ( 75.0,538.1)=    0 ( 66.9,538.9)=    0 ( 62.8,539.4)=    0 ( 51.0,534.9)=    0 ( 38.8,531.0)=    0 ( 33.4,525.3)=    0 ( 32.4,525.7)=    0 ( 35.1,528.8)=    0 ( 35.3,532.2)=    0 ( 32.2,533.1)=    0 ( 26.7,531.6)=    0 ( -1.0, -1.0)=   -4 ( -1.0, -1.0)=   -4 ( -1.0, -1.0)=   -4 ( -1.0, -1.0)=   -4 ( -1.0, -1.0)=   -4 ( -1.0, -1.0)=   -4 ( -1.0, -1.0)=   -4 
     70 | (539.0, 61.0)= 7088 (546.8, 51.8)=    0 (551.2, 43.0)=    0 (557.1, 32.7)=    0 ( -1.0, -1.0)=   -4 ( -1.0, -1.0)=   -4 ( -1.0, -1.0)=   -4 ( -1.0, -1.0)=   -4 ( -1.0, -1.0)=   -4 ( -1.0, -1.0)=   -4 ( -1.0, -1.0)=   -4 ( -1.0, -1.0)=   -4 ( -1.0, -1.0)=   -4 ( -1.0, -1.0)=   -4 ( -1.0, -1.0)=   -4 ( -1.0, -1.0)=   -4 ( -1.0, -1.0)=   -4 ( -1.0, -1.0)=   -4 ( -1.0, -1.0)=   -4 ( -1.0, -1.0)=   -4 ( -1.0, -1.0)=   -4 ( -1.0, -1.0)=   -4 ( -1.0, -1.0)=   -4 ( -1.0, -1.0)=   -4 ( -1.0, -1.0)=   -4 ( -1.0, -1.0)=   -4 ( -1.0, -1.0)=   -4 ( -1.0, -1.0)=   -4 ( -1.0, -1.0)=   -4 ( -1.0, -1.0)=   -4 ( -1.0, -1.0)=   -4 ( -1.0, -1.0)=   -4 ( -1.0, -1.0)=   -4 ( -1.0, -1.0)=   -4 ( -1.0, -1.0)=   -4 ( -1.0, -1.0)=   -4 ( -1.0, -1.0)=   -4 ( -1.0, -1.0)=   -4 ( -1.0, -1.0)=   -4 ( -1.0, -1.0)=   -4 ( -1.0, -1.0)=   -4 ( -1.0, -1.0)=   -4 ( -1.0, -1.0)=   -4 ( -1.0, -1.0)=   -4 
     71 | (139.0,194.0)= 7020 (143.9,184.3)=    0 (143.8,175.5)=    0 (146.6,165.6)=    0 (147.7,158.3)=    0 (140.8,155.4)=    0 (126.9,157.7)=    0 (108.1,156.8)=    0 ( 91.6,160.5)=    0 ( 69.5,164.5)=    0 ( 45.5,169.3)=    0 ( -1.0, -1.0)=   -4 ( -1.0, -1.0)=   -4 ( -1.0, -1.0)=   -4 ( -1.0, -1.0)=   -4 ( -1.0, -1.0)=   -4 ( -1.0, -1.0)=   -4 ( -1.0, -1.0)=   -4 ( -1.0, -1.0)=   -4 ( -1.0, -1.0)=   -4 ( -1.0, -1.0)=   -4 ( -1.0, -1.0)=   -4 ( -1.0, -1.0)=   -4 ( -1.0, -1.0)=   -4 ( -1.0, -1.0)=   -4 ( -1.0, -1.0)=   -4 ( -1.0, -1.0)=   -4 ( -1.0, -1.0)=   -4 ( -1.0, -1.0)=   -4 ( -1.0, -1.0)=   -4 ( -1.0, -1.0)=   -4 ( -1.0, -1.0)=   -4 ( -1.0, -1.0)=   -4 ( -1.0, -1.0)=   -4 ( -1.0, -1.0)=   -4 ( -1.0, -1.0)=   -4 ( -1.0, -1.0)=   -4 ( -1.0, -1.0)=   -4 ( -1.0, -1.0)=   -4 ( -1.0, -1.0)=   -4 ( -1.0, -1.0)=   -4 ( -1.0, -1.0)=   -4 ( -1.0, -1.0)=   -4 ( -1.0, -1.0)=   -4 
     72 | (140.0,326.0)= 6993 (144.6,317.6)=    0 (144.7,309.9)=    0 (147.4,301.0)=    0 (149.0,294.7)=    0 (143.1,293.1)=    0 (130.3,295.7)=    0 (113.1,296.2)=    0 ( 98.2,300.6)=    0 ( 77.9,305.7)=    0 ( 56.0,312.0)=    0 ( -1.0, -1.0)=   -5 ( -1.0, -1.0)=   -5 ( -1.0, -1.0)=   -5 ( -1.0, -1.0)=   -5 ( -1.0, -1.0)=   -5 ( -1.0, -1.0)=   -5 ( -1.0, -1.0)=   -5 ( -1.0, -1.0)=   -5 ( -1.0, -1.0)=   -5 ( -1.0, -1.0)=   -5 ( -1.0, -1.0)=   -5 ( -1.0, -1.0)=   -5 ( -1.0, -1.0)=   -5 ( -1.0, -1.0)=   -5 ( -1.0, -1.0)=   -5 ( -1.0, -1.0)=   -5 ( -1.0, -1.0)=   -5 ( -1.0, -1.0)=   -5 ( -1.0, -1.0)=   -5 ( -1.0, -1.0)=   -5 ( -1.0, -1.0)=   -5 ( -1.0, -1.0)=   -5 ( -1.0, -1.0)=   -5 ( -1.0, -1.0)=   -5 ( -1.0, -1.0)=   -5 ( -1.0, -1.0)=   -5 ( -1.0, -1.0)=   -5 ( -1.0, -1.0)=   -5 ( -1.0, -1.0)=   -5 ( -1.0, -1.0)=   -5 ( -1.0, -1.0)=   -5 ( -1.0, -1.0)=   -5 ( -1.0, -1.0)=   -5 
     73 | (172.0,259.0)= 6867 (177.1,250.2)=    0 (177.5,242.0)=    0 (180.4,232.7)=    0 (182.2,225.6)=    0 (176.3,223.5)=    0 (163.0,225.9)=    0 (145.8,225.6)=    0 (130.7,229.3)=    0 (110.2,233.7)=    0 ( 88.1,238.9)=    0 ( 66.5,244.8)=    0 ( 44.9,244.7)=    0 ( -1.0, -1.0)=   -4 ( -1.0, -1.0)=   -4 ( -1.0, -1.0)=   -4 ( -1.0, -1.0)=   -4 ( -1.0, -1.0)=   -4 ( -1.0, -1.0)=   -4 ( -1.0, -1.0)=   -4 ( -1.0, -1.0)=   -4 ( -1.0, -1.0)=   -4 ( -1.0, -1.0)=   -4 ( -1.0, -1.0)=   -4 ( -1.0, -1.0)=   -4 ( -1.0, -1.0)=   -4 ( -1.0, -1.0)=   -4 ( -1.0, -1.0)=   -4 ( -1.0, -1.0)=   -4 ( -1.0, -1.0)=   -4 ( -1.0, -1.0)=   -4 ( -1.0, -1.0)=   -4 ( -1.0, -1.0)=   -4 ( -1.0, -1.0)=   -4 ( -1.0, -1.0)=   -4 ( -1.0, -1.0)=   -4 ( -1.0, -1.0)=   -4 ( -1.0, -1.0)=   -4 ( -1.0, -1.0)=   -4 ( -1.0, -1.0)=   -4 ( -1.0, -1.0)=   -4 ( -1.0, -1.0)=   -4 ( -1.0, -1.0)=   -4 ( -1.0, -1.0)=   -4 
     74 | (438.0,544.0)= 6766 (443.6,538.0)=    0 (445.3,532.6)=    0 (449.0,525.4)=    0 (452.2,520.3)=    0 (450.3,519.8)=    0 (441.5,522.4)=    0 (430.3,523.8)=    0 (419.9,527.9)=    0 (406.3,533.4)=    0 (390.9,539.9)=    0 (374.7,545.7)=    0 (359.6,547.1)=    0 (340.6,546.9)=    0 (327.2,547.6)=    0 (314.1,549.4)=    0 (301.1,551.4)=    0 (290.9,555.9)=    0 (277.7,559.4)=    0 (262.7,564.2)=    0 (253.4,568.6)=    0 (246.2,573.5)=    0 (237.6,579.6)=    0 (227.5,585.6)=    0 (214.6,593.8)=    0 (198.0,596.5)=    0 (188.1,590.5)=    0 (178.2,591.9)=    0 (172.9,592.9)=    0 (159.9,589.1)=    0 (146.4,586.3)=    0 (140.1,581.6)=    0 (138.0,583.1)=    0 (138.9,586.9)=    0 (137.6,591.0)=    0 (132.5,592.7)=    0 (125.5,591.9)=    0 (111.8,592.5)=    0 ( 97.9,592.9)=    0 ( 84.9,589.7)=    0 ( 73.7,585.3)=    0 ( 57.6,581.7)=    0 ( 46.5,579.8)=    0 ( 48.5,579.3)=    0 
     75 | (405.0,580.0)= 6637 (410.3,574.0)=    0 (411.2,568.6)=    0 (414.5,561.4)=    0 (417.3,556.4)=    0 (414.7,556.7)=    0 (405.0,559.8)=    0 (392.5,561.9)=    0 (381.4,566.8)=    0 (366.4,573.0)=    0 (349.7,580.6)=    0 (332.3,587.2)=    0 (315.8,589.2)=    0 (294.9,589.9)=    0 (280.2,591.2)=    0 (265.4,593.5)=    0 (250.9,596.1)=    0 (239.2,601.0)=    0 (224.1,604.9)=    0 (206.8,610.4)=    0 (195.9,615.2)=    0 (187.1,621.1)=    0 (177.2,627.7)=    0 (165.4,634.2)=    0 (151.1,642.6)=    0 (132.8,645.0)=    0 (121.5,638.7)=    0 (110.7,640.0)=    0 (104.6,640.8)=    0 ( 89.7,636.7)=    0 ( 74.3,633.4)=    0 ( 66.3,628.5)=    0 ( 63.2,629.7)=    0 ( 63.9,633.0)=    0 ( 62.2,636.3)=    0 ( 56.4,637.3)=    0 ( 48.5,635.9)=    0 ( 33.2,636.0)=    0 ( -1.0, -1.0)=   -4 ( -1.0, -1.0)=   -4 ( -1.0, -1.0)=   -4 ( -1.0, -1.0)=   -4 ( -1.0, -1.0)=   -4 ( -1.0, -1.0)=   -4 
     76 | (430.0,569.0)= 6576 (435.4,563.1)=    0 (436.7,557.7)=    0 (440.2,550.5)=    0 (443.4,545.5)=    0 (441.1,545.4)=    0 (431.8,548.4)=    0 (420.0,550.2)=    0 (409.3,554.7)=    0 (422.6,548.5)=    0 (435.1,542.9)=    0 (446.1,536.5)=    0 ( -1.0, -1.0)=   -5 ( -1.0, -1.0)=   -5 ( -1.0, -1.0)=   -5 ( -1.0, -1.0)=   -5 ( -1.0, -1.0)=   -5 ( -1.0, -1.0)=   -5 ( -1.0, -1.0)=   -5 ( -1.0, -1.0)=   -5 ( -1.0, -1.0)=   -5 ( -1.0, -1.0)=   -5 ( -1.0, -1.0)=   -5 ( -1.0, -1.0)=   -5 ( -1.0, -1.0)=   -5 ( -1.0, -1.0)=   -5 ( -1.0, -1.0)=   -5 ( -1.0, -1.0)=   -5 ( -1.0, -1.0)=   -5 ( -1.0, -1.0)=   -5 ( -1.0, -1.0)=   -5 ( -1.0, -1.0)=   -5 ( -1.0, -1.0)=   -5 ( -1.0, -1.0)=   -5 ( -1.0, -1.0)=   -5 ( -1.0, -1.0)=   -5 ( -1.0, -1.0)=   -5 ( -1.0, -1.0)=   -5 ( -1.0, -1.0)=   -5 ( -1.0, -1.0)=   -5 ( -1.0, -1.0)=   -5 ( -1.0, -1.0)=   -5 ( -1.0, -1.0)=   -5 ( -1.0, -1.0)=   -5 
     77 | (655.0,494.0)= 6576 (662.0,488.5)=    0 (665.8,483.3)=    0 (671.3,476.3)=    0 (676.5,470.9)=    0 (678.3,469.1)=    0 (672.4,470.2)=    0 (665.2,469.7)=    0 (658.1,472.2)=    0 (648.6,475.3)=    0 (637.6,479.7)=    0 (625.1,483.4)=    0 (614.6,483.2)=    0 (601.7,481.0)=    0 (592.6,480.4)=    0 (584.0,481.0)=    0 (575.6,482.5)=    0 (569.4,486.6)=    0 (561.5,489.3)=    0 (552.6,492.9)=    0 (548.5,495.7)=    0 (546.5,499.0)=    0 (541.3,503.8)=    0 (535.9,508.5)=    0 (524.8,516.2)=    0 (511.0,519.1)=    0 (504.4,513.7)=    0 (496.6,515.3)=    0 (492.6,516.9)=    0 (483.2,514.5)=    0 (474.2,513.0)=    0 (473.5,510.1)=    0 (473.4,513.1)=    0 (474.5,519.0)=    0 (472.9,525.0)=    0 (468.9,528.9)=    0 (463.3,530.4)=    0 (453.3,533.7)=    0 (442.4,536.5)=    0 (432.9,536.4)=    0 (424.3,534.7)=    0 (411.7,533.6)=    0 (403.2,533.2)=    0 (406.6,533.9)=    0 
     78 | ( 96.0,448.0)= 6560 (100.1,440.2)=    0 ( 99.8,433.3)=    0 (102.6,424.8)=    0 (104.2,419.1)=    0 ( 98.2,418.7)=    0 ( 85.7,422.4)=    0 ( -1.0, -1.0)=   -5 ( -1.0, -1.0)=   -5 ( -1.0, -1.0)=   -5 ( -1.0, -1.0)=   -5 ( -1.0, -1.0)=   -5 ( -1.0, -1.0)=   -5 ( -1.0, -1.0)=   -5 ( -1.0, -1.0)=   -5 ( -1.0, -1.0)=   -5 ( -1.0, -1.0)=   -5 ( -1.0, -1.0)=   -5 ( -1.0, -1.0)=   -5 ( -1.0, -1.0)=   -5 ( -1.0, -1.0)=   -5 ( -1.0, -1.0)=   -5 ( -1.0, -1.0)=   -5 ( -1.0, -1.0)=   -5 ( -1.0, -1.0)=   -5 ( -1.0, -1.0)=   -5 ( -1.0, -1.0)=   -5 ( -1.0, -1.0)=   -5 ( -1.0, -1.0)=   -5 ( -1.0, -1.0)=   -5 ( -1.0, -1.0)=   -5 ( -1.0, -1.0)=   -5 ( -1.0, -1.0)=   -5 ( -1.0, -1.0)=   -5 ( -1.0, -1.0)=   -5 ( -1.0, -1.0)=   -5 ( -1.0, -1.0)=   -5 ( -1.0, -1.0)=   -5 ( -1.0, -1.0)=   -5 ( -1.0, -1.0)=   -5 ( -1.0, -1.0)=   -5 ( -1.0, -1.0)=   -5 ( -1.0, -1.0)=   -5 ( -1.0, -1.0)=   -5 
     79 | (192.0,257.0)= 6406 (197.1,248.1)=    0 (197.6,240.2)=    0 (200.8,230.7)=    0 (202.6,223.7)=    0 (197.2,221.3)=    0 ( -1.0, -1.0)=   -5 ( -1.0, -1.0)=   -5 ( -1.0, -1.0)=   -5 ( -1.0, -1.0)=   -5 ( -1.0, -1.0)=   -5 ( -1.0, -1.0)=   -5 ( -1.0, -1.0)=   -5 ( -1.0, -1.0)=   -5 ( -1.0, -1.0)=   -5 ( -1.0, -1.0)=   -5 ( -1.0, -1.0)=   -5 ( -1.0, -1.0)=   -5 ( -1.0, -1.0)=   -5 ( -1.0, -1.0)=   -5 ( -1.0, -1.0)=   -5 ( -1.0, -1.0)=   -5 ( -1.0, -1.0)=   -5 ( -1.0, -1.0)=   -5 ( -1.0, -1.0)=   -5 ( -1.0, -1.0)=   -5 ( -1.0, -1.0)=   -5 ( -1.0, -1.0)=   -5 ( -1.0, -1.0)=   -5 ( -1.0, -1.0)=   -5 ( -1.0, -1.0)=   -5 ( -1.0, -1.0)=   -5 ( -1.0, -1.0)=   -5 ( -1.0, -1.0)=   -5 ( -1.0, -1.0)=   -5 ( -1.0, -1.0)=   -5 ( -1.0, -1.0)=   -5 ( -1.0, -1.0)=   -5 ( -1.0, -1.0)=   -5 ( -1.0, -1.0)=   -5 ( -1.0, -1.0)=   -5 ( -1.0, -1.0)=   -5 ( -1.0, -1.0)=   -5 ( -1.0, -1.0)=   -5 
     80 | (299.0,514.0)= 6271 (303.8,507.6)=    0 (304.9,501.6)=    0 (308.3,494.1)=    0 (310.9,488.7)=    0 (307.9,488.3)=    0 (298.8,490.9)=    0 (286.3,492.3)=    0 (275.4,496.6)=    0 (288.8,492.0)=    0 (300.6,488.3)=    0 (312.0,483.6)=    0 (297.5,484.3)=    0 (279.7,482.8)=    0 (267.2,482.8)=    0 (255.0,483.5)=    0 (243.5,484.5)=    0 (234.8,488.0)=    0 (223.2,490.3)=    0 (209.6,493.7)=    0 (201.4,496.8)=    0 (195.3,500.7)=    0 (188.3,506.1)=    0 (179.6,511.0)=    0 (168.8,518.6)=    0 (154.7,520.7)=    0 (146.3,514.8)=    0 (138.4,515.7)=    0 (134.5,516.3)=    0 (123.7,512.1)=    0 (112.4,508.5)=    0 (108.2,503.2)=    0 (107.6,504.1)=    0 (110.1,507.6)=    0 (110.4,511.5)=    0 (107.3,512.8)=    0 (102.0,511.8)=    0 ( 90.9,511.7)=    0 ( 79.4,511.4)=    0 ( 68.9,507.7)=    0 ( 59.5,503.2)=    0 ( 46.0,499.0)=    0 ( 36.7,496.6)=    0 ( 39.1,495.8)=    0 
     81 | (188.0,199.0)= 6242 (193.2,189.5)=    0 (193.9,180.9)=    0 (196.6,171.0)=    0 (198.3,163.6)=    0 (192.5,160.5)=    0 (198.3,169.9)=    0 ( -1.0, -1.0)=   -5 ( -1.0, -1.0)=   -5 ( -1.0, -1.0)=   -5 ( -1.0, -1.0)=   -5 ( -1.0, -1.0)=   -5 ( -1.0, -1.0)=   -5 ( -1.0, -1.0)=   -5 ( -1.0, -1.0)=   -5 ( -1.0, -1.0)=   -5 ( -1.0, -1.0)=   -5 ( -1.0, -1.0)=   -5 ( -1.0, -1.0)=   -5 ( -1.0, -1.0)=   -5 ( -1.0, -1.0)=   -5 ( -1.0, -1.0)=   -5 ( -1.0, -1.0)=   -5 ( -1.0, -1.0)=   -5 ( -1.0, -1.0)=   -5 ( -1.0, -1.0)=   -5 ( -1.0, -1.0)=   -5 ( -1.0, -1.0)=   -5 ( -1.0, -1.0)=   -5 ( -1.0, -1.0)=   -5 ( -1.0, -1.0)=   -5 ( -1.0, -1.0)=   -5 ( -1.0, -1.0)=   -5 ( -1.0, -1.0)=   -5 ( -1.0, -1.0)=   -5 ( -1.0, -1.0)=   -5 ( -1.0, -1.0)=   -5 ( -1.0, -1.0)=   -5 ( -1.0, -1.0)=   -5 ( -1.0, -1.0)=   -5 ( -1.0, -1.0)=   -5 ( -1.0, -1.0)=   -5 ( -1.0, -1.0)=   -5 ( -1.0, -1.0)=   -5 
     82 | ( 99.0,157.0)= 6187 (103.7,146.9)=    0 (103.3,137.7)=    0 (105.8,127.5)=    0 (106.7,119.5)=    0 ( 98.9,116.6)=    0 ( 83.3,119.1)=    0 ( 62.6,118.1)=    0 ( 44.7,122.0)=    0 ( -1.0, -1.0)=   -4 ( -1.0, -1.0)=   -4 ( -1.0, -1.0)=   -4 ( -1.0, -1.0)=   -4 ( -1.0, -1.0)=   -4 ( -1.0, -1.0)=   -4 ( -1.0, -1.0)=   -4 ( -1.0, -1.0)=   -4 ( -1.0, -1.0)=   -4 ( -1.0, -1.0)=   -4 ( -1.0, -1.0)=   -4 ( -1.0, -1.0)=   -4 ( -1.0, -1.0)=   -4 ( -1.0, -1.0)=   -4 ( -1.0, -1.0)=   -4 ( -1.0, -1.0)=   -4 ( -1.0, -1.0)=   -4 ( -1.0, -1.0)=   -4 ( -1.0, -1.0)=   -4 ( -1.0, -1.0)=   -4 ( -1.0, -1.0)=   -4 ( -1.0, -1.0)=   -4 ( -1.0, -1.0)=   -4 ( -1.0, -1.0)=   -4 ( -1.0, -1.0)=   -4 ( -1.0, -1.0)=   -4 ( -1.0, -1.0)=   -4 ( -1.0, -1.0)=   -4 ( -1.0, -1.0)=   -4 ( -1.0, -1.0)=   -4 ( -1.0, -1.0)=   -4 ( -1.0, -1.0)=   -4 ( -1.0, -1.0)=   -4 ( -1.0, -1.0)=   -4 ( -1.0, -1.0)=   -4 
     83 | (114.0,310.0)= 6156 (118.5,301.3)=    0 (118.4,293.4)=    0 (121.0,284.4)=    0 (122.3,277.8)=    0 (115.6,276.3)=    0 (102.2,279.2)=    0 ( 83.9,279.9)=    0 ( 68.2,284.5)=    0 ( 47.1,289.6)=    0 ( 56.6,288.5)=    0 ( -1.0, -1.0)=   -5 ( -1.0, -1.0)=   -5 ( -1.0, -1.0)=   -5 ( -1.0, -1.0)=   -5 ( -1.0, -1.0)=   -5 ( -1.0, -1.0)=   -5 ( -1.0, -1.0)=   -5 ( -1.0, -1.0)=   -5 ( -1.0, -1.0)=   -5 ( -1.0, -1.0)=   -5 ( -1.0, -1.0)=   -5 ( -1.0, -1.0)=   -5 ( -1.0, -1.0)=   -5 ( -1.0, -1.0)=   -5 ( -1.0, -1.0)=   -5 ( -1.0, -1.0)=   -5 ( -1.0, -1.0)=   -5 ( -1.0, -1.0)=   -5 ( -1.0, -1.0)=   -5 ( -1.0, -1.0)=   -5 ( -1.0, -1.0)=   -5 ( -1.0, -1.0)=   -5 ( -1.0, -1.0)=   -5 ( -1.0, -1.0)=   -5 ( -1.0, -1.0)=   -5 ( -1.0, -1.0)=   -5 ( -1.0, -1.0)=   -5 ( -1.0, -1.0)=   -5 ( -1.0, -1.0)=   -5 ( -1.0, -1.0)=   -5 ( -1.0, -1.0)=   -5 ( -1.0, -1.0)=   -5 ( -1.0, -1.0)=   -5 
     84 | ( 91.0,326.0)= 6118 ( 95.5,317.2)=    0 ( 94.9,309.5)=    0 ( 97.5,300.5)=    0 ( 98.7,293.9)=    0 ( 91.7,292.9)=    0 ( 78.0,296.1)=    0 ( 59.5,297.1)=    0 ( 43.4,301.8)=    0 ( -1.0, -1.0)=   -4 ( -1.0, -1.0)=   -4 ( -1.0, -1.0)=   -4 ( -1.0, -1.0)=   -4 ( -1.0, -1.0)=   -4 ( -1.0, -1.0)=   -4 ( -1.0, -1.0)=   -4 ( -1.0, -1.0)=   -4 ( -1.0, -1.0)=   -4 ( -1.0, -1.0)=   -4 ( -1.0, -1.0)=   -4 ( -1.0, -1.0)=   -4 ( -1.0, -1.0)=   -4 ( -1.0, -1.0)=   -4 ( -1.0, -1.0)=   -4 ( -1.0, -1.0)=   -4 ( -1.0, -1.0)=   -4 ( -1.0, -1.0)=   -4 ( -1.0, -1.0)=   -4 ( -1.0, -1.0)=   -4 ( -1.0, -1.0)=   -4 ( -1.0, -1.0)=   -4 ( -1.0, -1.0)=   -4 ( -1.0, -1.0)=   -4 ( -1.0, -1.0)=   -4 ( -1.0, -1.0)=   -4 ( -1.0, -1.0)=   -4 ( -1.0, -1.0)=   -4 ( -1.0, -1.0)=   -4 ( -1.0, -1.0)=   -4 ( -1.0, -1.0)=   -4 ( -1.0, -1.0)=   -4 ( -1.0, -1.0)=   -4 ( -1.0, -1.0)=   -4 ( -1.0, -1.0)=   -4 
     85 | (413.0,543.0)= 6079 (418.5,536.8)=    0 (419.8,531.3)=    0 (423.4,524.0)=    0 (426.6,518.9)=    0 (424.5,518.4)=    0 (415.5,521.0)=    0 (403.9,522.4)=    0 (393.4,526.6)=    0 (379.3,532.0)=    0 (363.7,538.5)=    0 ( -1.0, -1.0)=   -5 ( -1.0, -1.0)=   -5 ( -1.0, -1.0)=   -5 ( -1.0, -1.0)=   -5 ( -1.0, -1.0)=   -5 ( -1.0, -1.0)=   -5 ( -1.0, -1.0)=   -5 ( -1.0, -1.0)=   -5 ( -1.0, -1.0)=   -5 ( -1.0, -1.0)=   -5 ( -1.0, -1.0)=   -5 ( -1.0, -1.0)=   -5 ( -1.0, -1.0)=   -5 ( -1.0, -1.0)=   -5 ( -1.0, -1.0)=   -5 ( -1.0, -1.0)=   -5 ( -1.0, -1.0)=   -5 ( -1.0, -1.0)=   -5 ( -1.0, -1.0)=   -5 ( -1.0, -1.0)=   -5 ( -1.0, -1.0)=   -5 ( -1.0, -1.0)=   -5 ( -1.0, -1.0)=   -5 ( -1.0, -1.0)=   -5 ( -1.0, -1.0)=   -5 ( -1.0, -1.0)=   -5 ( -1.0, -1.0)=   -5 ( -1.0, -1.0)=   -5 ( -1.0, -1.0)=   -5 ( -1.0, -1.0)=   -5 ( -1.0, -1.0)=   -5 ( -1.0, -1.0)=   -5 ( -1.0, -1.0)=   -5 
     86 | (681.0,646.0)= 6043 (687.9,641.0)=    0 (690.4,636.7)=    0 (694.3,630.3)=    0 ( -1.0, -1.0)=   -4 ( -1.0, -1.0)=   -4 ( -1.0, -1.0)=   -4 ( -1.0, -1.0)=   -4 ( -1.0, -1.0)=   -4 ( -1.0, -1.0)=   -4 ( -1.0, -1.0)=   -4 ( -1.0, -1.0)=   -4 ( -1.0, -1.0)=   -4 ( -1.0, -1.0)=   -4 ( -1.0, -1.0)=   -4 ( -1.0, -1.0)=   -4 ( -1.0, -1.0)=   -4 ( -1.0, -1.0)=   -4 ( -1.0, -1.0)=   -4 ( -1.0, -1.0)=   -4 ( -1.0, -1.0)=   -4 ( -1.0, -1.0)=   -4 ( -1.0, -1.0)=   -4 ( -1.0, -1.0)=   -4 ( -1.0, -1.0)=   -4 ( -1.0, -1.0)=   -4 ( -1.0, -1.0)=   -4 ( -1.0, -1.0)=   -4 ( -1.0, -1.0)=   -4 ( -1.0, -1.0)=   -4 ( -1.0, -1.0)=   -4 ( -1.0, -1.0)=   -4 ( -1.0, -1.0)=   -4 ( -1.0, -1.0)=   -4 ( -1.0, -1.0)=   -4 ( -1.0, -1.0)=   -4 ( -1.0, -1.0)=   -4 ( -1.0, -1.0)=   -4 ( -1.0, -1.0)=   -4 ( -1.0, -1.0)=   -4 ( -1.0, -1.0)=   -4 ( -1.0, -1.0)=   -4 ( -1.0, -1.0)=   -4 ( -1.0, -1.0)=   -4 
     87 | ( 77.0,315.0)= 6035 ( 81.3,306.2)=    0 ( 80.9,298.2)=    0 ( 83.3,289.1)=    0 ( 84.6,282.5)=    0 ( 77.4,281.4)=    0 ( 63.3,284.6)=    0 ( -1.0, -1.0)=   -5 ( -1.0, -1.0)=   -5 ( -1.0, -1.0)=   -5 ( -1.0, -1.0)=   -5 ( -1.0, -1.0)=   -5 ( -1.0, -1.0)=   -5 ( -1.0, -1.0)=   -5 ( -1.0, -1.0)=   -5 ( -1.0, -1.0)=   -5 ( -1.0, -1.0)=   -5 ( -1.0, -1.0)=   -5 ( -1.0, -1.0)=   -5 ( -1.0, -1.0)=   -5 ( -1.0, -1.0)=   -5 ( -1.0, -1.0)=   -5 ( -1.0, -1.0)=   -5 ( -1.0, -1.0)=   -5 ( -1.0, -1.0)=   -5 ( -1.0, -1.0)=   -5 ( -1.0, -1.0)=   -5 ( -1.0, -1.0)=   -5 ( -1.0, -1.0)=   -5 ( -1.0, -1.0)=   -5 ( -1.0, -1.0)=   -5 ( -1.0, -1.0)=   -5 ( -1.0, -1.0)=   -5 ( -1.0, -1.0)=   -5 ( -1.0, -1.0)=   -5 ( -1.0, -1.0)=   -5 ( -1.0, -1.0)=   -5 ( -1.0, -1.0)=   -5 ( -1.0, -1.0)=   -5 ( -1.0, -1.0)=   -5 ( -1.0, -1.0)=   -5 ( -1.0, -1.0)=   -5 ( -1.0, -1.0)=   -5 ( -1.0, -1.0)=   -5 
     88 | (248.0,591.0)= 5974 (252.5,584.4)=    0 (252.7,578.5)=    0 (255.1,571.1)=    0 (257.3,566.0)=    0 (252.8,566.8)=    0 (241.5,570.6)=    0 (226.8,573.4)=    0 (214.0,579.1)=    0 (196.5,586.4)=    0 (177.0,594.9)=    0 ( -1.0, -1.0)=   -5 ( -1.0, -1.0)=   -5 ( -1.0, -1.0)=   -5 ( -1.0, -1.0)=   -5 ( -1.0, -1.0)=   -5 ( -1.0, -1.0)=   -5 ( -1.0, -1.0)=   -5 ( -1.0, -1.0)=   -5 ( -1.0, -1.0)=   -5 ( -1.0, -1.0)=   -5 ( -1.0, -1.0)=   -5 ( -1.0, -1.0)=   -5 ( -1.0, -1.0)=   -5 ( -1.0, -1.0)=   -5 ( -1.0, -1.0)=   -5 ( -1.0, -1.0)=   -5 ( -1.0, -1.0)=   -5 ( -1.0, -1.0)=   -5 ( -1.0, -1.0)=   -5 ( -1.0, -1.0)=   -5 ( -1.0, -1.0)=   -5 ( -1.0, -1.0)=   -5 ( -1.0, -1.0)=   -5 ( -1.0, -1.0)=   -5 ( -1.0, -1.0)=   -5 ( -1.0, -1.0)=   -5 ( -1.0, -1.0)=   -5 ( -1.0, -1.0)=   -5 ( -1.0, -1.0)=   -5 ( -1.0, -1.0)=   -5 ( -1.0, -1.0)=   -5 ( -1.0, -1.0)=   -5 ( -1.0, -1.0)=   -5 
     89 | (346.0,497.0)= 5947 (351.3,490.8)=    0 (352.7,484.7)=    0 (356.5,477.3)=    0 (359.4,471.9)=    0 (357.2,471.1)=    0 (348.8,473.3)=    0 (337.4,474.4)=    0 (327.0,478.1)=    0 (339.6,473.5)=    0 (324.8,479.0)=    0 (309.5,484.0)=    0 (295.1,484.6)=    0 (277.3,483.1)=    0 (264.8,483.1)=    0 (252.6,483.7)=    0 (241.2,484.7)=    0 (232.4,488.2)=    0 (220.8,490.5)=    0 (207.2,493.9)=    0 (199.1,497.0)=    0 (193.0,500.9)=    0 (186.0,506.3)=    0 (177.2,511.2)=    0 (166.4,518.7)=    0 (152.3,520.9)=    0 (143.9,515.0)=    0 (136.0,515.8)=    0 (132.2,516.4)=    0 (121.3,512.2)=    0 (110.0,508.6)=    0 (105.8,503.2)=    0 (105.3,504.2)=    0 (107.9,507.6)=    0 (108.2,511.4)=    0 (105.0,512.7)=    0 ( 99.7,511.7)=    0 ( 88.7,511.5)=    0 ( 77.3,511.2)=    0 ( 66.7,507.6)=    0 ( 57.4,502.9)=    0 ( 43.9,498.8)=    0 ( 34.6,496.4)=    0 ( 37.1,495.4)=    0 
     90 | (307.0,566.0)= 5917 (311.6,559.6)=    0 (312.2,553.9)=    0 (315.4,546.5)=    0 (317.7,541.3)=    0 (314.1,541.7)=    0 (303.8,544.9)=    0 ( -1.0, -1.0)=   -5 ( -1.0, -1.0)=   -5 ( -1.0, -1.0)=   -5 ( -1.0, -1.0)=   -5 ( -1.0, -1.0)=   -5 ( -1.0, -1.0)=   -5 ( -1.0, -1.0)=   -5 ( -1.0, -1.0)=   -5 ( -1.0, -1.0)=   -5 ( -1.0, -1.0)=   -5 ( -1.0, -1.0)=   -5 ( -1.0, -1.0)=   -5 ( -1.0, -1.0)=   -5 ( -1.0, -1.0)=   -5 ( -1.0, -1.0)=   -5 ( -1.0, -1.0)=   -5 ( -1.0, -1.0)=   -5 ( -1.0, -1.0)=   -5 ( -1.0, -1.0)=   -5 ( -1.0, -1.0)=   -5 ( -1.0, -1.0)=   -5 ( -1.0, -1.0)=   -5 ( -1.0, -1.0)=   -5 ( -1.0, -1.0)=   -5 ( -1.0, -1.0)=   -5 ( -1.0, -1.0)=   -5 ( -1.0, -1.0)=   -5 ( -1.0, -1.0)=   -5 ( -1.0, -1.0)=   -5 ( -1.0, -1.0)=   -5 ( -1.0, -1.0)=   -5 ( -1.0, -1.0)=   -5 ( -1.0, -1.0)=   -5 ( -1.0, -1.0)=   -5 ( -1.0, -1.0)=   -5 ( -1.0, -1.0)=   -5 ( -1.0, -1.0)=   -5 
     91 | ( 60.0,163.0)= 5845 ( 64.6,152.8)=    0 ( 63.8,143.5)=    0 ( 66.1,133.4)=    0 ( 66.8,125.4)=    0 ( 58.0,123.0)=    0 ( 41.8,125.7)=    0 ( -1.0, -1.0)=   -5 ( -1.0, -1.0)=   -5 ( -1.0, -1.0)=   -5 ( -1.0, -1.0)=   -5 ( -1.0, -1.0)=   -5 ( -1.0, -1.0)=   -5 ( -1.0, -1.0)=   -5 ( -1.0, -1.0)=   -5 ( -1.0, -1.0)=   -5 ( -1.0, -1.0)=   -5 ( -1.0, -1.0)=   -5 ( -1.0, -1.0)=   -5 ( -1.0, -1.0)=   -5 ( -1.0, -1.0)=   -5 ( -1.0, -1.0)=   -5 ( -1.0, -1.0)=   -5 ( -1.0, -1.0)=   -5 ( -1.0, -1.0)=   -5 ( -1.0, -1.0)=   -5 ( -1.0, -1.0)=   -5 ( -1.0, -1.0)=   -5 ( -1.0, -1.0)=   -5 ( -1.0, -1.0)=   -5 ( -1.0, -1.0)=   -5 ( -1.0, -1.0)=   -5 ( -1.0, -1.0)=   -5 ( -1.0, -1.0)=   -5 ( -1.0, -1.0)=   -5 ( -1.0, -1.0)=   -5 ( -1.0, -1.0)=   -5 ( -1.0, -1.0)=   -5 ( -1.0, -1.0)=   -5 ( -1.0, -1.0)=   -5 ( -1.0, -1.0)=   -5 ( -1.0, -1.0)=   -5 ( -1.0, -1.0)=   -5 ( -1.0, -1.0)=   -5 
     92 | ( 86.0,377.0)= 5820 ( 90.2,368.6)=    0 ( 89.9,361.1)=    0 ( 92.5,352.2)=    0 ( 93.8,346.0)=    0 ( 87.1,345.3)=    0 ( 73.9,348.8)=    0 ( -1.0, -1.0)=   -5 ( -1.0, -1.0)=   -5 ( -1.0, -1.0)=   -5 ( -1.0, -1.0)=   -5 ( -1.0, -1.0)=   -5 ( -1.0, -1.0)=   -5 ( -1.0, -1.0)=   -5 ( -1.0, -1.0)=   -5 ( -1.0, -1.0)=   -5 ( -1.0, -1.0)=   -5 ( -1.0, -1.0)=   -5 ( -1.0, -1.0)=   -5 ( -1.0, -1.0)=   -5 ( -1.0, -1.0)=   -5 ( -1.0, -1.0)=   -5 ( -1.0, -1.0)=   -5 ( -1.0, -1.0)=   -5 ( -1.0, -1.0)=   -5 ( -1.0, -1.0)=   -5 ( -1.0, -1.0)=   -5 ( -1.0, -1.0)=   -5 ( -1.0, -1.0)=   -5 ( -1.0, -1.0)=   -5 ( -1.0, -1.0)=   -5 ( -1.0, -1.0)=   -5 ( -1.0, -1.0)=   -5 ( -1.0, -1.0)=   -5 ( -1.0, -1.0)=   -5 ( -1.0, -1.0)=   -5 ( -1.0, -1.0)=   -5 ( -1.0, -1.0)=   -5 ( -1.0, -1.0)=   -5 ( -1.0, -1.0)=   -5 ( -1.0, -1.0)=   -5 ( -1.0, -1.0)=   -5 ( -1.0, -1.0)=   -5 ( -1.0, -1.0)=   -5 
     93 | (192.0,209.0)= 5811 (197.2,199.8)=    0 (197.6,191.2)=    0 (200.7,181.6)=    0 (202.4,174.2)=    0 (196.7,171.3)=    0 ( -1.0, -1.0)=   -5 ( -1.0, -1.0)=   -5 ( -1.0, -1.0)=   -5 ( -1.0, -1.0)=   -5 ( -1.0, -1.0)=   -5 ( -1.0, -1.0)=   -5 ( -1.0, -1.0)=   -5 ( -1.0, -1.0)=   -5 ( -1.0, -1.0)=   -5 ( -1.0, -1.0)=   -5 ( -1.0, -1.0)=   -5 ( -1.0, -1.0)=   -5 ( -1.0, -1.0)=   -5 ( -1.0, -1.0)=   -5 ( -1.0, -1.0)=   -5 ( -1.0, -1.0)=   -5 ( -1.0, -1.0)=   -5 ( -1.0, -1.0)=   -5 ( -1.0, -1.0)=   -5 ( -1.0, -1.0)=   -5 ( -1.0, -1.0)=   -5 ( -1.0, -1.0)=   -5 ( -1.0, -1.0)=   -5 ( -1.0, -1.0)=   -5 ( -1.0, -1.0)=   -5 ( -1.0, -1.0)=   -5 ( -1.0, -1.0)=   -5 ( -1.0, -1.0)=   -5 ( -1.0, -1.0)=   -5 ( -1.0, -1.0)=   -5 ( -1.0, -1.0)=   -5 ( -1.0, -1.0)=   -5 ( -1.0, -1.0)=   -5 ( -1.0, -1.0)=   -5 ( -1.0, -1.0)=   -5 ( -1.0, -1.0)=   -5 ( -1.0, -1.0)=   -5 ( -1.0, -1.0)=   -5 
     94 | (208.0,579.0)= 5802 (212.2,572.3)=    0 (212.2,566.3)=    0 (214.8,558.6)=    0 (216.8,553.6)=    0 (212.3,554.3)=    0 ( -1.0, -1.0)=   -5 ( -1.0, -1.0)=   -5 ( -1.0, -1.0)=   -5 ( -1.0, -1.0)=   -5 ( -1.0, -1.0)=   -5 ( -1.0, -1.0)=   -5 ( -1.0, -1.0)=   -5 ( -1.0, -1.0)=   -5 ( -1.0, -1.0)=   -5 ( -1.0, -1.0)=   -5 ( -1.0, -1.0)=   -5 ( -1.0, -1.0)=   -5 ( -1.0, -1.0)=   -5 ( -1.0, -1.0)=   -5 ( -1.0, -1.0)=   -5 ( -1.0, -1.0)=   -5 ( -1.0, -1.0)=   -5 ( -1.0, -1.0)=   -5 ( -1.0, -1.0)=   -5 ( -1.0, -1.0)=   -5 ( -1.0, -1.0)=   -5 ( -1.0, -1.0)=   -5 ( -1.0, -1.0)=   -5 ( -1.0, -1.0)=   -5 ( -1.0, -1.0)=   -5 ( -1.0, -1.0)=   -5 ( -1.0, -1.0)=   -5 ( -1.0, -1.0)=   -5 ( -1.0, -1.0)=   -5 ( -1.0, -1.0)=   -5 ( -1.0, -1.0)=   -5 ( -1.0, -1.0)=   -5 ( -1.0, -1.0)=   -5 ( -1.0, -1.0)=   -5 ( -1.0, -1.0)=   -5 ( -1.0, -1.0)=   -5 ( -1.0, -1.0)=   -5 ( -1.0, -1.0)=   -5 
     95 | (324.0,505.0)= 5796 (329.3,498.8)=    0 (330.4,492.7)=    0 (334.0,485.3)=    0 (336.7,480.0)=    0 (334.1,479.3)=    0 (325.3,481.6)=    0 (313.4,482.8)=    0 (302.8,486.9)=    0 (288.6,491.9)=    0 (300.4,488.2)=    0 (311.9,483.5)=    0 (297.3,484.2)=    0 (279.6,482.7)=    0 (267.0,482.7)=    0 (254.8,483.3)=    0 (243.3,484.4)=    0 (234.6,487.9)=    0 (222.9,490.1)=    0 (209.4,493.6)=    0 (201.2,496.7)=    0 (195.1,500.5)=    0 (188.1,505.9)=    0 (179.4,510.9)=    0 (168.6,518.4)=    0 (154.5,520.6)=    0 (146.1,514.6)=    0 (138.2,515.6)=    0 (134.3,516.2)=    0 (123.4,511.9)=    0 (112.1,508.4)=    0 (107.9,503.0)=    0 (107.4,504.0)=    0 (110.0,507.5)=    0 (110.2,511.3)=    0 (107.1,512.6)=    0 (101.8,511.6)=    0 ( 90.8,511.5)=    0 ( 79.3,511.2)=    0 ( 68.8,507.6)=    0 ( 59.4,503.0)=    0 ( 45.9,498.9)=    0 ( 36.6,496.5)=    0 ( 39.0,495.6)=    0 
     96 | (194.0,285.0)= 5755 (199.1,276.5)=    0 (199.7,268.6)=    0 (202.8,259.6)=    0 (204.5,252.9)=    0 (199.3,250.7)=    0 (205.1,258.4)=    0 ( -1.0, -1.0)=   -5 ( -1.0, -1.0)=   -5 ( -1.0, -1.0)=   -5 ( -1.0, -1.0)=   -5 ( -1.0, -1.0)=   -5 ( -1.0, -1.0)=   -5 ( -1.0, -1.0)=   -5 ( -1.0, -1.0)=   -5 ( -1.0, -1.0)=   -5 ( -1.0, -1.0)=   -5 ( -1.0, -1.0)=   -5 ( -1.0, -1.0)=   -5 ( -1.0, -1.0)=   -5 ( -1.0, -1.0)=   -5 ( -1.0, -1.0)=   -5 ( -1.0, -1.0)=   -5 ( -1.0, -1.0)=   -5 ( -1.0, -1.0)=   -5 ( -1.0, -1.0)=   -5 ( -1.0, -1.0)=   -5 ( -1.0, -1.0)=   -5 ( -1.0, -1.0)=   -5 ( -1.0, -1.0)=   -5 ( -1.0, -1.0)=   -5 ( -1.0, -1.0)=   -5 ( -1.0, -1.0)=   -5 ( -1.0, -1.0)=   -5 ( -1.0, -1.0)=   -5 ( -1.0, -1.0)=   -5 ( -1.0, -1.0)=   -5 ( -1.0, -1.0)=   -5 ( -1.0, -1.0)=   -5 ( -1.0, -1.0)=   -5 ( -1.0, -1.0)=   -5 ( -1.0, -1.0)=   -5 ( -1.0, -1.0)=   -5 ( -1.0, -1.0)=   -5 
     97 | (190.0,228.0)= 5748 (195.2,218.7)=    0 (195.4,210.4)=    0 (198.7,200.7)=    0 (200.5,193.6)=    0 (194.8,190.9)=    0 (200.4,199.5)=    0 ( -1.0, -1.0)=   -5 ( -1.0, -1.0)=   -5 ( -1.0, -1.0)=   -5 ( -1.0, -1.0)=   -5 ( -1.0, -1.0)=   -5 ( -1.0, -1.0)=   -5 ( -1.0, -1.0)=   -5 ( -1.0, -1.0)=   -5 ( -1.0, -1.0)=   -5 ( -1.0, -1.0)=   -5 ( -1.0, -1.0)=   -5 ( -1.0, -1.0)=   -5 ( -1.0, -1.0)=   -5 ( -1.0, -1.0)=   -5 ( -1.0, -1.0)=   -5 ( -1.0, -1.0)=   -5 ( -1.0, -1.0)=   -5 ( -1.0, -1.0)=   -5 ( -1.0, -1.0)=   -5 ( -1.0, -1.0)=   -5 ( -1.0, -1.0)=   -5 ( -1.0, -1.0)=   -5 ( -1.0, -1.0)=   -5 ( -1.0, -1.0)=   -5 ( -1.0, -1.0)=   -5 ( -1.0, -1.0)=   -5 ( -1.0, -1.0)=   -5 ( -1.0, -1.0)=   -5 ( -1.0, -1.0)=   -5 ( -1.0, -1.0)=   -5 ( -1.0, -1.0)=   -5 ( -1.0, -1.0)=   -5 ( -1.0, -1.0)=   -5 ( -1.0, -1.0)=   -5 ( -1.0, -1.0)=   -5 ( -1.0, -1.0)=   -5 ( -1.0, -1.0)=   -5 
     98 | (195.0,238.0)= 5712 (200.3,228.9)=    0 (200.8,220.6)=    0 (203.7,211.1)=    0 (205.6,203.9)=    0 (200.1,201.3)=    0 ( -1.0, -1.0)=   -5 ( -1.0, -1.0)=   -5 ( -1.0, -1.0)=   -5 ( -1.0, -1.0)=   -5 ( -1.0, -1.0)=   -5 ( -1.0, -1.0)=   -5 ( -1.0, -1.0)=   -5 ( -1.0, -1.0)=   -5 ( -1.0, -1.0)=   -5 ( -1.0, -1.0)=   -5 ( -1.0, -1.0)=   -5 ( -1.0, -1.0)=   -5 ( -1.0, -1.0)=   -5 ( -1.0, -1.0)=   -5 ( -1.0, -1.0)=   -5 ( -1.0, -1.0)=   -5 ( -1.0, -1.0)=   -5 ( -1.0, -1.0)=   -5 ( -1.0, -1.0)=   -5 ( -1.0, -1.0)=   -5 ( -1.0, -1.0)=   -5 ( -1.0, -1.0)=   -5 ( -1.0, -1.0)=   -5 ( -1.0, -1.0)=   -5 ( -1.0, -1.0)=   -5 ( -1.0, -1.0)=   -5 ( -1.0, -1.0)=   -5 ( -1.0, -1.0)=   -5 ( -1.0, -1.0)=   -5 ( -1.0, -1.0)=   -5 ( -1.0, -1.0)=   -5 ( -1.0, -1.0)=   -5 ( -1.0, -1.0)=   -5 ( -1.0, -1.0)=   -5 ( -1.0, -1.0)=   -5 ( -1.0, -1.0)=   -5 ( -1.0, -1.0)=   -5 ( -1.0, -1.0)=   -5 
     99 | (176.0,315.0)= 5683 (180.8,306.9)=    0 (181.2,299.1)=    0 (184.2,290.2)=    0 (186.2,283.7)=    0 (180.8,282.1)=    0 (168.3,284.5)=    0 (151.6,284.7)=    0 (137.2,288.8)=    0 (117.6,293.6)=    0 ( 96.5,299.2)=    0 ( 75.8,305.4)=    0 ( 55.4,305.7)=    0 ( 28.8,302.9)=    0 ( -1.0, -1.0)=   -4 ( -1.0, -1.0)=   -4 ( -1.0, -1.0)=   -4 ( -1.0, -1.0)=   -4 ( -1.0, -1.0)=   -4 ( -1.0, -1.0)=   -4 ( -1.0, -1.0)=   -4 ( -1.0, -1.0)=   -4 ( -1.0, -1.0)=   -4 ( -1.0, -1.0)=   -4 ( -1.0, -1.0)=   -4 ( -1.0, -1.0)=   -4 ( -1.0, -1.0)=   -4 ( -1.0, -1.0)=   -4 ( -1.0, -1.0)=   -4 ( -1.0, -1.0)=   -4 ( -1.0, -1.0)=   -4 ( -1.0, -1.0)=   -4 ( -1.0, -1.0)=   -4 ( -1.0, -1.0)=   -4 ( -1.0, -1.0)=   -4 ( -1.0, -1.0)=   -4 ( -1.0, -1.0)=   -4 ( -1.0, -1.0)=   -4 ( -1.0, -1.0)=   -4 ( -1.0, -1.0)=   -4 ( -1.0, -1.0)=   -4 ( -1.0, -1.0)=   -4 ( -1.0, -1.0)=   -4 ( -1.0, -1.0)=   -4 
    100 | (454.0,557.0)= 5681 (459.6,551.1)=    0 (461.4,545.8)=    0 (465.0,538.6)=    0 (468.3,533.5)=    0 (466.7,533.3)=    0 (457.8,535.9)=    0 (446.5,537.4)=    0 (436.3,541.7)=    0 (422.4,547.3)=    0 (434.9,541.8)=    0 (445.9,535.5)=    0 ( -1.0, -1.0)=   -5 ( -1.0, -1.0)=   -5 ( -1.0, -1.0)=   -5 ( -1.0, -1.0)=   -5 ( -1.0, -1.0)=   -5 ( -1.0, -1.0)=   -5 ( -1.0, -1.0)=   -5 ( -1.0, -1.0)=   -5 ( -1.0, -1.0)=   -5 ( -1.0, -1.0)=   -5 ( -1.0, -1.0)=   -5 ( -1.0, -1.0)=   -5 ( -1.0, -1.0)=   -5 ( -1.0, -1.0)=   -5 ( -1.0, -1.0)=   -5 ( -1.0, -1.0)=   -5 ( -1.0, -1.0)=   -5 ( -1.0, -1.0)=   -5 ( -1.0, -1.0)=   -5 ( -1.0, -1.0)=   -5 ( -1.0, -1.0)=   -5 ( -1.0, -1.0)=   -5 ( -1.0, -1.0)=   -5 ( -1.0, -1.0)=   -5 ( -1.0, -1.0)=   -5 ( -1.0, -1.0)=   -5 ( -1.0, -1.0)=   -5 ( -1.0, -1.0)=   -5 ( -1.0, -1.0)=   -5 ( -1.0, -1.0)=   -5 ( -1.0, -1.0)=   -5 ( -1.0, -1.0)=   -5 
    101 | (174.0,287.0)= 5631 (179.0,278.4)=    0 (179.4,270.5)=    0 (182.3,261.4)=    0 (184.2,254.6)=    0 (178.6,252.7)=    0 (165.7,255.2)=    0 (148.8,255.1)=    0 (134.1,259.2)=    0 (114.1,263.6)=    0 ( 92.2,269.1)=    0 ( 71.1,275.2)=    0 ( 50.4,275.2)=    0 ( -1.0, -1.0)=   -4 ( -1.0, -1.0)=   -4 ( -1.0, -1.0)=   -4 ( -1.0, -1.0)=   -4 ( -1.0, -1.0)=   -4 ( -1.0, -1.0)=   -4 ( -1.0, -1.0)=   -4 ( -1.0, -1.0)=   -4 ( -1.0, -1.0)=   -4 ( -1.0, -1.0)=   -4 ( -1.0, -1.0)=   -4 ( -1.0, -1.0)=   -4 ( -1.0, -1.0)=   -4 ( -1.0, -1.0)=   -4 ( -1.0, -1.0)=   -4 ( -1.0, -1.0)=   -4 ( -1.0, -1.0)=   -4 ( -1.0, -1.0)=   -4 ( -1.0, -1.0)=   -4 ( -1.0, -1.0)=   -4 ( -1.0, -1.0)=   -4 ( -1.0, -1.0)=   -4 ( -1.0, -1.0)=   -4 ( -1.0, -1.0)=   -4 ( -1.0, -1.0)=   -4 ( -1.0, -1.0)=   -4 ( -1.0, -1.0)=   -4 ( -1.0, -1.0)=   -4 ( -1.0, -1.0)=   -4 ( -1.0, -1.0)=   -4 ( -1.0, -1.0)=   -4 
    102 | (278.0,578.0)= 5384 (282.6,571.6)=    0 (282.9,565.9)=    0 (285.7,558.4)=    0 ( -1.0, -1.0)=   -5 ( -1.0, -1.0)=   -5 ( -1.0, -1.0)=   -5 ( -1.0, -1.0)=   -5 ( -1.0, -1.0)=   -5 ( -1.0, -1.0)=   -5 ( -1.0, -1.0)=   -5 ( -1.0, -1.0)=   -5 ( -1.0, -1.0)=   -5 ( -1.0, -1.0)=   -5 ( -1.0, -1.0)=   -5 ( -1.0, -1.0)=   -5 ( -1.0, -1.0)=   -5 ( -1.0, -1.0)=   -5 ( -1.0, -1.0)=   -5 ( -1.0, -1.0)=   -5 ( -1.0, -1.0)=   -5 ( -1.0, -1.0)=   -5 ( -1.0, -1.0)=   -5 ( -1.0, -1.0)=   -5 ( -1.0, -1.0)=   -5 ( -1.0, -1.0)=   -5 ( -1.0, -1.0)=   -5 ( -1.0, -1.0)=   -5 ( -1.0, -1.0)=   -5 ( -1.0, -1.0)=   -5 ( -1.0, -1.0)=   -5 ( -1.0, -1.0)=   -5 ( -1.0, -1.0)=   -5 ( -1.0, -1.0)=   -5 ( -1.0, -1.0)=   -5 ( -1.0, -1.0)=   -5 ( -1.0, -1.0)=   -5 ( -1.0, -1.0)=   -5 ( -1.0, -1.0)=   -5 ( -1.0, -1.0)=   -5 ( -1.0, -1.0)=   -5 ( -1.0, -1.0)=   -5 ( -1.0, -1.0)=   -5 ( -1.0, -1.0)=   -5 
    103 | (196.0,268.0)= 5378 (201.2,259.5)=    0 (201.7,251.4)=    0 (204.9,242.2)=    0 (206.8,235.3)=    0 (201.4,232.9)=    0 ( -1.0, -1.0)=   -5 ( -1.0, -1.0)=   -5 ( -1.0, -1.0)=   -5 ( -1.0, -1.0)=   -5 ( -1.0, -1.0)=   -5 ( -1.0, -1.0)=   -5 ( -1.0, -1.0)=   -5 ( -1.0, -1.0)=   -5 ( -1.0, -1.0)=   -5 ( -1.0, -1.0)=   -5 ( -1.0, -1.0)=   -5 ( -1.0, -1.0)=   -5 ( -1.0, -1.0)=   -5 ( -1.0, -1.0)=   -5 ( -1.0, -1.0)=   -5 ( -1.0, -1.0)=   -5 ( -1.0, -1.0)=   -5 ( -1.0, -1.0)=   -5 ( -1.0, -1.0)=   -5 ( -1.0, -1.0)=   -5 ( -1.0, -1.0)=   -5 ( -1.0, -1.0)=   -5 ( -1.0, -1.0)=   -5 ( -1.0, -1.0)=   -5 ( -1.0, -1.0)=   -5 ( -1.0, -1.0)=   -5 ( -1.0, -1.0)=   -5 ( -1.0, -1.0)=   -5 ( -1.0, -1.0)=   -5 ( -1.0, -1.0)=   -5 ( -1.0, -1.0)=   -5 ( -1.0, -1.0)=   -5 ( -1.0, -1.0)=   -5 ( -1.0, -1.0)=   -5 ( -1.0, -1.0)=   -5 ( -1.0, -1.0)=   -5 ( -1.0, -1.0)=   -5 ( -1.0, -1.0)=   -5 
    104 | (169.0,530.0)= 5348 (173.3,523.1)=    0 (173.6,516.8)=    0 (176.6,509.1)=    0 (178.9,503.7)=    0 (174.4,503.9)=    0 (163.8,507.1)=    0 (149.5,509.5)=    0 (136.9,514.6)=    0 (119.8,520.9)=    0 (101.2,528.5)=    0 ( 83.1,535.2)=    0 ( 65.4,537.0)=    0 ( 42.1,537.5)=    0 ( 26.5,538.1)=    0 ( -1.0, -1.0)=   -4 ( -1.0, -1.0)=   -4 ( -1.0, -1.0)=   -4 ( -1.0, -1.0)=   -4 ( -1.0, -1.0)=   -4 ( -1.0, -1.0)=   -4 ( -1.0, -1.0)=   -4 ( -1.0, -1.0)=   -4 ( -1.0, -1.0)=   -4 ( -1.0, -1.0)=   -4 ( -1.0, -1.0)=   -4 ( -1.0, -1.0)=   -4 ( -1.0, -1.0)=   -4 ( -1.0, -1.0)=   -4 ( -1.0, -1.0)=   -4 ( -1.0, -1.0)=   -4 ( -1.0, -1.0)=   -4 ( -1.0, -1.0)=   -4 ( -1.0, -1.0)=   -4 ( -1.0, -1.0)=   -4 ( -1.0, -1.0)=   -4 ( -1.0, -1.0)=   -4 ( -1.0, -1.0)=   -4 ( -1.0, -1.0)=   -4 ( -1.0, -1.0)=   -4 ( -1.0, -1.0)=   -4 ( -1.0, -1.0)=   -4 ( -1.0, -1.0)=   -4 ( -1.0, -1.0)=   -4 
    105 | (101.0,436.0)= 5321 (105.1,428.1)=    0 (104.9,421.0)=    0 (107.4,412.7)=    0 (109.0,406.9)=    0 (103.1,406.6)=    0 ( 90.8,410.2)=    0 ( 73.8,412.0)=    0 ( 59.5,417.2)=    0 ( -1.0, -1.0)=   -5 ( -1.0, -1.0)=   -5 ( -1.0, -1.0)=   -5 ( -1.0, -1.0)=   -5 ( -1.0, -1.0)=   -5 ( -1.0, -1.0)=   -5 ( -1.0, -1.0)=   -5 ( -1.0, -1.0)=   -5 ( -1.0, -1.0)=   -5 ( -1.0, -1.0)=   -5 ( -1.0, -1.0)=   -5 ( -1.0, -1.0)=   -5 ( -1.0, -1.0)=   -5 ( -1.0, -1.0)=   -5 ( -1.0, -1.0)=   -5 ( -1.0, -1.0)=   -5 ( -1.0, -1.0)=   -5 ( -1.0, -1.0)=   -5 ( -1.0, -1.0)=   -5 ( -1.0, -1.0)=   -5 ( -1.0, -1.0)=   -5 ( -1.0, -1.0)=   -5 ( -1.0, -1.0)=   -5 ( -1.0, -1.0)=   -5 ( -1.0, -1.0)=   -5 ( -1.0, -1.0)=   -5 ( -1.0, -1.0)=   -5 ( -1.0, -1.0)=   -5 ( -1.0, -1.0)=   -5 ( -1.0, -1.0)=   -5 ( -1.0, -1.0)=   -5 ( -1.0, -1.0)=   -5 ( -1.0, -1.0)=   -5 ( -1.0, -1.0)=   -5 ( -1.0, -1.0)=   -5 
    106 | (142.0,207.0)= 5248 (146.7,197.4)=    0 (146.8,188.8)=    0 (149.8,179.0)=    0 (150.9,171.6)=    0 (144.4,169.0)=    0 (130.1,171.4)=    0 (111.7,170.7)=    0 ( 95.4,174.5)=    0 ( 73.5,178.7)=    0 ( 49.7,183.7)=    0 ( 26.5,189.7)=    0 ( -1.0, -1.0)=   -4 ( -1.0, -1.0)=   -4 ( -1.0, -1.0)=   -4 ( -1.0, -1.0)=   -4 ( -1.0, -1.0)=   -4 ( -1.0, -1.0)=   -4 ( -1.0, -1.0)=   -4 ( -1.0, -1.0)=   -4 ( -1.0, -1.0)=   -4 ( -1.0, -1.0)=   -4 ( -1.0, -1.0)=   -4 ( -1.0, -1.0)=   -4 ( -1.0, -1.0)=   -4 ( -1.0, -1.0)=   -4 ( -1.0, -1.0)=   -4 ( -1.0, -1.0)=   -4 ( -1.0, -1.0)=   -4 ( -1.0, -1.0)=   -4 ( -1.0, -1.0)=   -4 ( -1.0, -1.0)=   -4 ( -1.0, -1.0)=   -4 ( -1.0, -1.0)=   -4 ( -1.0, -1.0)=   -4 ( -1.0, -1.0)=   -4 ( -1.0, -1.0)=   -4 ( -1.0, -1.0)=   -4 ( -1.0, -1.0)=   -4 ( -1.0, -1.0)=   -4 ( -1.0, -1.0)=   -4 ( -1.0, -1.0)=   -4 ( -1.0, -1.0)=   -4 ( -1.0, -1.0)=   -4 
    107 | (196.0,312.0)= 5193 (201.0,303.6)=    0 (201.4,296.1)=    0 (204.7,287.2)=    0 (206.6,280.7)=    0 (201.7,278.8)=    0 (207.3,285.8)=    0 ( -1.0, -1.0)=   -5 ( -1.0, -1.0)=   -5 ( -1.0, -1.0)=   -5 ( -1.0, -1.0)=   -5 ( -1.0, -1.0)=   -5 ( -1.0, -1.0)=   -5 ( -1.0, -1.0)=   -5 ( -1.0, -1.0)=   -5 ( -1.0, -1.0)=   -5 ( -1.0, -1.0)=   -5 ( -1.0, -1.0)=   -5 ( -1.0, -1.0)=   -5 ( -1.0, -1.0)=   -5 ( -1.0, -1.0)=   -5 ( -1.0, -1.0)=   -5 ( -1.0, -1.0)=   -5 ( -1.0, -1.0)=   -5 ( -1.0, -1.0)=   -5 ( -1.0, -1.0)=   -5 ( -1.0, -1.0)=   -5 ( -1.0, -1.0)=   -5 ( -1.0, -1.0)=   -5 ( -1.0, -1.0)=   -5 ( -1.0, -1.0)=   -5 ( -1.0, -1.0)=   -5 ( -1.0, -1.0)=   -5 ( -1.0, -1.0)=   -5 ( -1.0, -1.0)=   -5 ( -1.0, -1.0)=   -5 ( -1.0, -1.0)=   -5 ( -1.0, -1.0)=   -5 ( -1.0, -1.0)=   -5 ( -1.0, -1.0)=   -5 ( -1.0, -1.0)=   -5 ( -1.0, -1.0)=   -5 ( -1.0, -1.0)=   -5 ( -1.0, -1.0)=   -5 
    108 | (125.0,193.0)= 5170 (131.0,196.4)=    0 ( -1.0, -1.0)=   -5 ( -1.0, -1.0)=   -5 ( -1.0, -1.0)=   -5 ( -1.0, -1.0)=   -5 ( -1.0, -1.0)=   -5 ( -1.0, -1.0)=   -5 ( -1.0, -1.0)=   -5 ( -1.0, -1.0)=   -5 ( -1.0, -1.0)=   -5 ( -1.0, -1.0)=   -5 ( -1.0, -1.0)=   -5 ( -1.0, -1.0)=   -5 ( -1.0, -1.0)=   -5 ( -1.0, -1.0)=   -5 ( -1.0, -1.0)=   -5 ( -1.0, -1.0)=   -5 ( -1.0, -1.0)=   -5 ( -1.0, -1.0)=   -5 ( -1.0, -1.0)=   -5 ( -1.0, -1.0)=   -5 ( -1.0, -1.0)=   -5 ( -1.0, -1.0)=   -5 ( -1.0, -1.0)=   -5 ( -1.0, -1.0)=   -5 ( -1.0, -1.0)=   -5 ( -1.0, -1.0)=   -5 ( -1.0, -1.0)=   -5 ( -1.0, -1.0)=   -5 ( -1.0, -1.0)=   -5 ( -1.0, -1.0)=   -5 ( -1.0, -1.0)=   -5 ( -1.0, -1.0)=   -5 ( -1.0, -1.0)=   -5 ( -1.0, -1.0)=   -5 ( -1.0, -1.0)=   -5 ( -1.0, -1.0)=   -5 ( -1.0, -1.0)=   -5 ( -1.0, -1.0)=   -5 ( -1.0, -1.0)=   -5 ( -1.0, -1.0)=   -5 ( -1.0, -1.0)=   -5 ( -1.0, -1.0)=   -5 
    109 | (309.0,522.0)= 5155 (313.9,515.6)=    0 (315.1,509.7)=    0 (318.4,502.3)=    0 (321.1,497.0)=    0 (318.1,496.7)=    0 (308.7,499.2)=    0 (296.3,500.8)=    0 (285.3,505.3)=    0 (270.7,510.9)=    0 (283.9,506.5)=    0 (267.7,512.0)=    0 (252.1,513.2)=    0 (232.6,512.7)=    0 (219.1,512.9)=    0 (205.5,514.1)=    0 (192.7,515.4)=    0 (183.0,519.3)=    0 (169.7,521.9)=    0 (154.4,526.0)=    0 (144.9,529.6)=    0 (137.5,534.1)=    0 (129.4,539.9)=    0 (119.7,545.3)=    0 (108.2,553.3)=    0 ( 92.9,555.4)=    0 ( 83.5,549.1)=    0 ( 75.0,550.2)=    0 ( 70.9,550.7)=    0 ( 58.7,546.2)=    0 ( 46.2,542.6)=    0 ( 40.6,537.2)=    0 ( 39.4,537.5)=    0 ( 41.8,540.5)=    0 ( 41.9,544.0)=    0 ( 38.3,544.9)=    0 ( 32.6,543.5)=    0 ( -1.0, -1.0)=   -4 ( -1.0, -1.0)=   -4 ( -1.0, -1.0)=   -4 ( -1.0, -1.0)=   -4 ( -1.0, -1.0)=   -4 ( -1.0, -1.0)=   -4 ( -1.0, -1.0)=   -4 
    110 | (126.0,205.0)= 5144 ( -1.0, -1.0)=   -5 ( -1.0, -1.0)=   -5 ( -1.0, -1.0)=   -5 ( -1.0, -1.0)=   -5 ( -1.0, -1.0)=   -5 ( -1.0, -1.0)=   -5 ( -1.0, -1.0)=   -5 ( -1.0, -1.0)=   -5 ( -1.0, -1.0)=   -5 ( -1.0, -1.0)=   -5 ( -1.0, -1.0)=   -5 ( -1.0, -1.0)=   -5 ( -1.0, -1.0)=   -5 ( -1.0, -1.0)=   -5 ( -1.0, -1.0)=   -5 ( -1.0, -1.0)=   -5 ( -1.0, -1.0)=   -5 ( -1.0, -1.0)=   -5 ( -1.0, -1.0)=   -5 ( -1.0, -1.0)=   -5 ( -1.0, -1.0)=   -5 ( -1.0, -1.0)=   -5 ( -1.0, -1.0)=   -5 ( -1.0, -1.0)=   -5 ( -1.0, -1.0)=   -5 ( -1.0, -1.0)=   -5 ( -1.0, -1.0)=   -5 ( -1.0, -1.0)=   -5 ( -1.0, -1.0)=   -5 ( -1.0, -1.0)=   -5 ( -1.0, -1.0)=   -5 ( -1.0, -1.0)=   -5 ( -1.0, -1.0)=   -5 ( -1.0, -1.0)=   -5 ( -1.0, -1.0)=   -5 ( -1.0, -1.0)=   -5 ( -1.0, -1.0)=   -5 ( -1.0, -1.0)=   -5 ( -1.0, -1.0)=   -5 ( -1.0, -1.0)=   -5 ( -1.0, -1.0)=   -5 ( -1.0, -1.0)=   -5 ( -1.0, -1.0)=   -5 
    111 | (138.0,181.0)= 5141 (142.8,171.2)=    0 (142.8,162.2)=    0 (145.6,152.0)=    0 (146.6,144.4)=    0 (139.6,141.5)=    0 (125.4,143.9)=    0 (106.4,142.9)=    0 ( 89.6,146.4)=    0 ( 67.5,150.1)=    0 ( 43.2,155.0)=    0 ( -1.0, -1.0)=   -4 ( -1.0, -1.0)=   -4 ( -1.0, -1.0)=   -4 ( -1.0, -1.0)=   -4 ( -1.0, -1.0)=   -4 ( -1.0, -1.0)=   -4 ( -1.0, -1.0)=   -4 ( -1.0, -1.0)=   -4 ( -1.0, -1.0)=   -4 ( -1.0, -1.0)=   -4 ( -1.0, -1.0)=   -4 ( -1.0, -1.0)=   -4 ( -1.0, -1.0)=   -4 ( -1.0, -1.0)=   -4 ( -1.0, -1.0)=   -4 ( -1.0, -1.0)=   -4 ( -1.0, -1.0)=   -4 ( -1.0, -1.0)=   -4 ( -1.0, -1.0)=   -4 ( -1.0, -1.0)=   -4 ( -1.0, -1.0)=   -4 ( -1.0, -1.0)=   -4 ( -1.0, -1.0)=   -4 ( -1.0, -1.0)=   -4 ( -1.0, -1.0)=   -4 ( -1.0, -1.0)=   -4 ( -1.0, -1.0)=   -4 ( -1.0, -1.0)=   -4 ( -1.0, -1.0)=   -4 ( -1.0, -1.0)=   -4 ( -1.0, -1.0)=   -4 ( -1.0, -1.0)=   -4 ( -1.0, -1.0)=   -4 
    112 | ( 86.0,292.0)= 5086 ( 90.3,283.1)=    0 ( 89.9,274.8)=    0 ( 92.4,265.5)=    0 ( 93.3,259.0)=    0 ( 86.2,257.4)=    0 ( 72.2,260.4)=    0 ( 53.2,261.0)=    0 ( 36.8,265.9)=    0 ( -1.0, -1.0)=   -5 ( -1.0, -1.0)=   -5 ( -1.0, -1.0)=   -5 ( -1.0, -1.0)=   -5 ( -1.0, -1.0)=   -5 ( -1.0, -1.0)=   -5 ( -1.0, -1.0)=   -5 ( -1.0, -1.0)=   -5 ( -1.0, -1.0)=   -5 ( -1.0, -1.0)=   -5 ( -1.0, -1.0)=   -5 ( -1.0, -1.0)=   -5 ( -1.0, -1.0)=   -5 ( -1.0, -1.0)=   -5 ( -1.0, -1.0)=   -5 ( -1.0, -1.0)=   -5 ( -1.0, -1.0)=   -5 ( -1.0, -1.0)=   -5 ( -1.0, -1.0)=   -5 ( -1.0, -1.0)=   -5 ( -1.0, -1.0)=   -5 ( -1.0, -1.0)=   -5 ( -1.0, -1.0)=   -5 ( -1.0, -1.0)=   -5 ( -1.0, -1.0)=   -5 ( -1.0, -1.0)=   -5 ( -1.0, -1.0)=   -5 ( -1.0, -1.0)=   -5 ( -1.0, -1.0)=   -5 ( -1.0, -1.0)=   -5 ( -1.0, -1.0)=   -5 ( -1.0, -1.0)=   -5 ( -1.0, -1.0)=   -5 ( -1.0, -1.0)=   -5 ( -1.0, -1.0)=   -5 
    113 | (335.0,555.0)= 5038 (340.0,548.8)=    0 (340.8,543.1)=    0 (344.0,535.7)=    0 (346.5,530.6)=    0 (343.5,530.6)=    0 (333.8,533.6)=    0 (320.9,535.5)=    0 (309.5,540.4)=    0 (294.1,546.3)=    0 (277.3,553.6)=    0 (259.8,560.0)=    0 ( -1.0, -1.0)=   -5 ( -1.0, -1.0)=   -5 ( -1.0, -1.0)=   -5 ( -1.0, -1.0)=   -5 ( -1.0, -1.0)=   -5 ( -1.0, -1.0)=   -5 ( -1.0, -1.0)=   -5 ( -1.0, -1.0)=   -5 ( -1.0, -1.0)=   -5 ( -1.0, -1.0)=   -5 ( -1.0, -1.0)=   -5 ( -1.0, -1.0)=   -5 ( -1.0, -1.0)=   -5 ( -1.0, -1.0)=   -5 ( -1.0, -1.0)=   -5 ( -1.0, -1.0)=   -5 ( -1.0, -1.0)=   -5 ( -1.0, -1.0)=   -5 ( -1.0, -1.0)=   -5 ( -1.0, -1.0)=   -5 ( -1.0, -1.0)=   -5 ( -1.0, -1.0)=   -5 ( -1.0, -1.0)=   -5 ( -1.0, -1.0)=   -5 ( -1.0, -1.0)=   -5 ( -1.0, -1.0)=   -5 ( -1.0, -1.0)=   -5 ( -1.0, -1.0)=   -5 ( -1.0, -1.0)=   -5 ( -1.0, -1.0)=   -5 ( -1.0, -1.0)=   -5 ( -1.0, -1.0)=   -5 
    114 | (395.0,513.0)= 5033 (400.2,506.8)=    0 (401.8,501.0)=    0 (405.5,493.7)=    0 (408.8,488.3)=    0 (406.8,487.6)=    0 (398.3,489.9)=    0 (387.3,491.0)=    0 (377.0,495.0)=    0 (390.3,489.5)=    0 (375.8,495.3)=    0 (360.5,500.3)=    0 (346.3,501.3)=    0 (328.5,500.1)=    0 (316.2,500.2)=    0 (304.2,501.2)=    0 (292.7,502.7)=    0 (283.7,506.7)=    0 ( -1.0, -1.0)=   -5 ( -1.0, -1.0)=   -5 ( -1.0, -1.0)=   -5 ( -1.0, -1.0)=   -5 ( -1.0, -1.0)=   -5 ( -1.0, -1.0)=   -5 ( -1.0, -1.0)=   -5 ( -1.0, -1.0)=   -5 ( -1.0, -1.0)=   -5 ( -1.0, -1.0)=   -5 ( -1.0, -1.0)=   -5 ( -1.0, -1.0)=   -5 ( -1.0, -1.0)=   -5 ( -1.0, -1.0)=   -5 ( -1.0, -1.0)=   -5 ( -1.0, -1.0)=   -5 ( -1.0, -1.0)=   -5 ( -1.0, -1.0)=   -5 ( -1.0, -1.0)=   -5 ( -1.0, -1.0)=   -5 ( -1.0, -1.0)=   -5 ( -1.0, -1.0)=   -5 ( -1.0, -1.0)=   -5 ( -1.0, -1.0)=   -5 ( -1.0, -1.0)=   -5 ( -1.0, -1.0)=   -5 
    115 | (257.0,218.0)= 4983 (262.6,209.1)=    0 (264.0,200.8)=    0 (267.4,191.4)=    0 (269.7,183.9)=    0 (265.1,180.8)=    0 (253.5,182.3)=    0 (248.4,189.7)=    0 (234.8,192.7)=    0 ( -1.0, -1.0)=   -5 ( -1.0, -1.0)=   -5 ( -1.0, -1.0)=   -5 ( -1.0, -1.0)=   -5 ( -1.0, -1.0)=   -5 ( -1.0, -1.0)=   -5 ( -1.0, -1.0)=   -5 ( -1.0, -1.0)=   -5 ( -1.0, -1.0)=   -5 ( -1.0, -1.0)=   -5 ( -1.0, -1.0)=   -5 ( -1.0, -1.0)=   -5 ( -1.0, -1.0)=   -5 ( -1.0, -1.0)=   -5 ( -1.0, -1.0)=   -5 ( -1.0, -1.0)=   -5 ( -1.0, -1.0)=   -5 ( -1.0, -1.0)=   -5 ( -1.0, -1.0)=   -5 ( -1.0, -1.0)=   -5 ( -1.0, -1.0)=   -5 ( -1.0, -1.0)=   -5 ( -1.0, -1.0)=   -5 ( -1.0, -1.0)=   -5 ( -1.0, -1.0)=   -5 ( -1.0, -1.0)=   -5 ( -1.0, -1.0)=   -5 ( -1.0, -1.0)=   -5 ( -1.0, -1.0)=   -5 ( -1.0, -1.0)=   -5 ( -1.0, -1.0)=   -5 ( -1.0, -1.0)=   -5 ( -1.0, -1.0)=   -5 ( -1.0, -1.0)=   -5 ( -1.0, -1.0)=   -5 
    116 | (336.0,448.0)= 4973 (341.2,441.4)=    0 (343.0,435.3)=    0 (346.8,427.6)=    0 (349.9,422.1)=    0 (347.9,420.6)=    0 (339.8,422.4)=    0 (328.7,423.0)=    0 (319.0,426.4)=    0 (305.7,430.5)=    0 (290.8,435.8)=    0 (275.5,440.8)=    0 (261.2,441.3)=    0 (243.2,439.5)=    0 (230.8,439.1)=    0 (218.6,439.5)=    0 (207.4,439.9)=    0 (199.2,443.1)=    0 (187.6,444.9)=    0 (174.3,447.8)=    0 (166.4,450.6)=    0 (160.4,454.0)=    0 (153.7,459.3)=    0 (145.7,463.8)=    0 (135.5,471.4)=    0 (122.2,473.4)=    0 (114.3,467.2)=    0 (107.0,468.2)=    0 (103.6,468.7)=    0 ( 93.4,464.0)=    0 ( 83.0,460.1)=    0 ( 79.3,454.2)=    0 ( 79.4,454.9)=    0 ( 82.8,458.3)=    0 ( 83.7,462.2)=    0 ( 81.5,463.4)=    0 ( 76.9,462.3)=    0 ( 66.7,461.7)=    0 ( 56.3,461.0)=    0 ( 46.7,456.8)=    0 ( 38.2,451.9)=    0 ( 25.5,447.3)=    0 ( -1.0, -1.0)=   -4 ( -1.0, -1.0)=   -4 
    117 | ( 90.0,398.0)= 4962 ( 94.2,389.8)=    0 ( 94.0,382.5)=    0 ( 96.7,374.0)=    0 ( 98.0,367.8)=    0 ( 91.7,367.3)=    0 ( 78.7,370.9)=    0 ( -1.0, -1.0)=   -5 ( -1.0, -1.0)=   -5 ( -1.0, -1.0)=   -5 ( -1.0, -1.0)=   -5 ( -1.0, -1.0)=   -5 ( -1.0, -1.0)=   -5 ( -1.0, -1.0)=   -5 ( -1.0, -1.0)=   -5 ( -1.0, -1.0)=   -5 ( -1.0, -1.0)=   -5 ( -1.0, -1.0)=   -5 ( -1.0, -1.0)=   -5 ( -1.0, -1.0)=   -5 ( -1.0, -1.0)=   -5 ( -1.0, -1.0)=   -5 ( -1.0, -1.0)=   -5 ( -1.0, -1.0)=   -5 ( -1.0, -1.0)=   -5 ( -1.0, -1.0)=   -5 ( -1.0, -1.0)=   -5 ( -1.0, -1.0)=   -5 ( -1.0, -1.0)=   -5 ( -1.0, -1.0)=   -5 ( -1.0, -1.0)=   -5 ( -1.0, -1.0)=   -5 ( -1.0, -1.0)=   -5 ( -1.0, -1.0)=   -5 ( -1.0, -1.0)=   -5 ( -1.0, -1.0)=   -5 ( -1.0, -1.0)=   -5 ( -1.0, -1.0)=   -5 ( -1.0, -1.0)=   -5 ( -1.0, -1.0)=   -5 ( -1.0, -1.0)=   -5 ( -1.0, -1.0)=   -5 ( -1.0, -1.0)=   -5 ( -1.0, -1.0)=   -5 
    118 | (104.0,458.0)= 4834 (108.1,450.4)=    0 (107.9,443.5)=    0 (110.5,435.3)=    0 (112.1,429.8)=    0 (106.4,429.6)=    0 ( 94.3,433.2)=    0 ( 77.8,435.2)=    0 ( 63.7,440.4)=    0 ( -1.0, -1.0)=   -5 ( -1.0, -1.0)=   -5 ( -1.0, -1.0)=   -5 ( -1.0, -1.0)=   -5 ( -1.0, -1.0)=   -5 ( -1.0, -1.0)=   -5 ( -1.0, -1.0)=   -5 ( -1.0, -1.0)=   -5 ( -1.0, -1.0)=   -5 ( -1.0, -1.0)=   -5 ( -1.0, -1.0)=   -5 ( -1.0, -1.0)=   -5 ( -1.0, -1.0)=   -5 ( -1.0, -1.0)=   -5 ( -1.0, -1.0)=   -5 ( -1.0, -1.0)=   -5 ( -1.0, -1.0)=   -5 ( -1.0, -1.0)=   -5 ( -1.0, -1.0)=   -5 ( -1.0, -1.0)=   -5 ( -1.0, -1.0)=   -5 ( -1.0, -1.0)=   -5 ( -1.0, -1.0)=   -5 ( -1.0, -1.0)=   -5 ( -1.0, -1.0)=   -5 ( -1.0, -1.0)=   -5 ( -1.0, -1.0)=   -5 ( -1.0, -1.0)=   -5 ( -1.0, -1.0)=   -5 ( -1.0, -1.0)=   -5 ( -1.0, -1.0)=   -5 ( -1.0, -1.0)=   -5 ( -1.0, -1.0)=   -5 ( -1.0, -1.0)=   -5 ( -1.0, -1.0)=   -5 
    119 | (282.0,604.0)= 4834 (286.6,597.7)=    0 (286.8,592.0)=    0 (289.2,584.5)=    0 (291.4,579.6)=    0 (287.2,580.7)=    0 (276.0,584.5)=    0 (261.1,587.4)=    0 (248.3,593.3)=    0 (230.7,600.7)=    0 (246.0,594.6)=    0 (227.5,601.8)=    0 (209.2,604.6)=    0 (185.6,605.8)=    0 (169.2,607.4)=    0 (152.7,610.0)=    0 (136.6,612.6)=    0 (123.6,617.6)=    0 (106.7,621.7)=    0 ( -1.0, -1.0)=   -5 ( -1.0, -1.0)=   -5 ( -1.0, -1.0)=   -5 ( -1.0, -1.0)=   -5 ( -1.0, -1.0)=   -5 ( -1.0, -1.0)=   -5 ( -1.0, -1.0)=   -5 ( -1.0, -1.0)=   -5 ( -1.0, -1.0)=   -5 ( -1.0, -1.0)=   -5 ( -1.0, -1.0)=   -5 ( -1.0, -1.0)=   -5 ( -1.0, -1.0)=   -5 ( -1.0, -1.0)=   -5 ( -1.0, -1.0)=   -5 ( -1.0, -1.0)=   -5 ( -1.0, -1.0)=   -5 ( -1.0, -1.0)=   -5 ( -1.0, -1.0)=   -5 ( -1.0, -1.0)=   -5 ( -1.0, -1.0)=   -5 ( -1.0, -1.0)=   -5 ( -1.0, -1.0)=   -5 ( -1.0, -1.0)=   -5 ( -1.0, -1.0)=   -5 
    120 | (237.0,250.0)= 4814 (242.2,241.4)=    0 (243.1,233.3)=    0 (246.6,224.0)=    0 (248.8,216.8)=    0 (244.1,214.2)=    0 (232.3,216.0)=    0 (216.6,215.2)=    0 (202.5,218.6)=    0 (184.1,222.2)=    0 (163.8,226.9)=    0 (143.6,232.1)=    0 (123.8,231.4)=    0 ( 98.4,227.2)=    0 ( 81.0,225.5)=    0 ( 63.9,224.4)=    0 ( 61.0,221.7)=    0 ( 49.2,225.0)=    0 ( 48.1,233.4)=    0 ( -1.0, -1.0)=   -5 ( -1.0, -1.0)=   -5 ( -1.0, -1.0)=   -5 ( -1.0, -1.0)=   -5 ( -1.0, -1.0)=   -5 ( -1.0, -1.0)=   -5 ( -1.0, -1.0)=   -5 ( -1.0, -1.0)=   -5 ( -1.0, -1.0)=   -5 ( -1.0, -1.0)=   -5 ( -1.0, -1.0)=   -5 ( -1.0, -1.0)=   -5 ( -1.0, -1.0)=   -5 ( -1.0, -1.0)=   -5 ( -1.0, -1.0)=   -5 ( -1.0, -1.0)=   -5 ( -1.0, -1.0)=   -5 ( -1.0, -1.0)=   -5 ( -1.0, -1.0)=   -5 ( -1.0, -1.0)=   -5 ( -1.0, -1.0)=   -5 ( -1.0, -1.0)=   -5 ( -1.0, -1.0)=   -5 ( -1.0, -1.0)=   -5 ( -1.0, -1.0)=   -5 
    121 | (388.0,534.0)= 4795 (393.3,528.0)=    0 (394.7,522.2)=    0 (398.4,514.9)=    0 (401.2,509.7)=    0 (399.0,509.3)=    0 (390.2,511.8)=    0 (378.6,513.2)=    0 (367.9,517.5)=    0 (354.1,522.8)=    0 (338.4,529.3)=    0 (322.1,535.0)=    0 (306.8,536.6)=    0 (287.3,536.2)=    0 (273.8,536.7)=    0 (260.2,538.3)=    0 (247.3,540.0)=    0 (237.2,544.3)=    0 (223.6,547.3)=    0 (208.4,551.7)=    0 (198.7,555.7)=    0 (191.1,560.4)=    0 (182.6,566.4)=    0 (172.5,572.0)=    0 (160.0,580.0)=    0 (143.7,582.3)=    0 (133.8,576.1)=    0 (124.6,577.2)=    0 (119.5,577.9)=    0 (106.5,573.7)=    0 ( 93.3,570.3)=    0 ( 86.9,565.0)=    0 ( 85.1,566.1)=    0 ( 86.7,569.4)=    0 ( 86.0,573.2)=    0 ( 81.7,574.3)=    0 ( 75.1,573.1)=    0 ( 61.9,573.1)=    0 ( 48.5,572.7)=    0 ( 36.1,568.9)=    0 ( 25.0,564.0)=    0 ( -1.0, -1.0)=   -5 ( -1.0, -1.0)=   -5 ( -1.0, -1.0)=   -5 
    122 | (335.0,513.0)= 4787 (340.2,506.8)=    0 (341.4,500.8)=    0 (344.9,493.4)=    0 (347.6,488.1)=    0 (345.1,487.5)=    0 (336.2,489.9)=    0 (324.3,491.3)=    0 (313.8,495.5)=    0 (299.6,500.8)=    0 (312.1,496.4)=    0 (296.4,501.6)=    0 (281.4,502.5)=    0 (262.6,501.6)=    0 (249.6,501.7)=    0 (236.8,502.6)=    0 (224.6,504.0)=    0 (215.3,507.8)=    0 (202.7,510.3)=    0 (188.3,514.1)=    0 (179.6,517.4)=    0 (172.8,521.7)=    0 (165.2,527.4)=    0 (155.9,532.7)=    0 (144.5,540.5)=    0 (129.8,542.7)=    0 (120.7,536.5)=    0 (112.5,537.5)=    0 (108.3,538.1)=    0 ( 96.5,533.6)=    0 ( 84.7,530.5)=    0 ( 79.6,524.7)=    0 ( 78.6,525.4)=    0 ( 81.0,528.8)=    0 ( 81.0,532.4)=    0 ( 77.6,533.6)=    0 ( 72.0,532.4)=    0 ( 60.1,532.1)=    0 ( 48.0,531.7)=    0 ( 36.8,527.7)=    0 ( 26.9,522.9)=    0 ( -1.0, -1.0)=   -4 ( -1.0, -1.0)=   -4 ( -1.0, -1.0)=   -4 
    123 | (269.0,280.0)= 4780 (274.4,272.0)=    0 (275.6,264.1)=    0 (279.1,255.1)=    0 (281.8,248.3)=    0 (277.8,245.8)=    0 (266.8,247.3)=    0 (252.3,246.7)=    0 (239.5,250.0)=    0 (222.0,253.5)=    0 (203.4,258.2)=    0 (184.3,263.3)=    0 (169.2,291.0)=    0 ( -1.0, -1.0)=   -5 ( -1.0, -1.0)=   -5 ( -1.0, -1.0)=   -5 ( -1.0, -1.0)=   -5 ( -1.0, -1.0)=   -5 ( -1.0, -1.0)=   -5 ( -1.0, -1.0)=   -5 ( -1.0, -1.0)=   -5 ( -1.0, -1.0)=   -5 ( -1.0, -1.0)=   -5 ( -1.0, -1.0)=   -5 ( -1.0, -1.0)=   -5 ( -1.0, -1.0)=   -5 ( -1.0, -1.0)=   -5 ( -1.0, -1.0)=   -5 ( -1.0, -1.0)=   -5 ( -1.0, -1.0)=   -5 ( -1.0, -1.0)=   -5 ( -1.0, -1.0)=   -5 ( -1.0, -1.0)=   -5 ( -1.0, -1.0)=   -5 ( -1.0, -1.0)=   -5 ( -1.0, -1.0)=   -5 ( -1.0, -1.0)=   -5 ( -1.0, -1.0)=   -5 ( -1.0, -1.0)=   -5 ( -1.0, -1.0)=   -5 ( -1.0, -1.0)=   -5 ( -1.0, -1.0)=   -5 ( -1.0, -1.0)=   -5 ( -1.0, -1.0)=   -5 
    124 | (480.0,546.0)= 4774 (485.8,540.1)=    0 (487.6,534.7)=    0 (491.4,527.7)=    0 (495.1,522.5)=    0 (493.7,522.1)=    0 (485.2,524.5)=    0 (474.4,525.7)=    0 (464.7,529.7)=    0 ( -1.0, -1.0)=   -5 ( -1.0, -1.0)=   -5 ( -1.0, -1.0)=   -5 ( -1.0, -1.0)=   -5 ( -1.0, -1.0)=   -5 ( -1.0, -1.0)=   -5 ( -1.0, -1.0)=   -5 ( -1.0, -1.0)=   -5 ( -1.0, -1.0)=   -5 ( -1.0, -1.0)=   -5 ( -1.0, -1.0)=   -5 ( -1.0, -1.0)=   -5 ( -1.0, -1.0)=   -5 ( -1.0, -1.0)=   -5 ( -1.0, -1.0)=   -5 ( -1.0, -1.0)=   -5 ( -1.0, -1.0)=   -5 ( -1.0, -1.0)=   -5 ( -1.0, -1.0)=   -5 ( -1.0, -1.0)=   -5 ( -1.0, -1.0)=   -5 ( -1.0, -1.0)=   -5 ( -1.0, -1.0)=   -5 ( -1.0, -1.0)=   -5 ( -1.0, -1.0)=   -5 ( -1.0, -1.0)=   -5 ( -1.0, -1.0)=   -5 ( -1.0, -1.0)=   -5 ( -1.0, -1.0)=   -5 ( -1.0, -1.0)=   -5 ( -1.0, -1.0)=   -5 ( -1.0, -1.0)=   -5 ( -1.0, -1.0)=   -5 ( -1.0, -1.0)=   -5 ( -1.0, -1.0)=   -5 
    125 | (123.0,183.0)= 4752 (127.8,173.2)=    0 (127.7,164.1)=    0 ( -1.0, -1.0)=   -5 ( -1.0, -1.0)=   -5 ( -1.0, -1.0)=   -5 ( -1.0, -1.0)=   -5 ( -1.0, -1.0)=   -5 ( -1.0, -1.0)=   -5 ( -1.0, -1.0)=   -5 ( -1.0, -1.0)=   -5 ( -1.0, -1.0)=   -5 ( -1.0, -1.0)=   -5 ( -1.0, -1.0)=   -5 ( -1.0, -1.0)=   -5 ( -1.0, -1.0)=   -5 ( -1.0, -1.0)=   -5 ( -1.0, -1.0)=   -5 ( -1.0, -1.0)=   -5 ( -1.0, -1.0)=   -5 ( -1.0, -1.0)=   -5 ( -1.0, -1.0)=   -5 ( -1.0, -1.0)=   -5 ( -1.0, -1.0)=   -5 ( -1.0, -1.0)=   -5 ( -1.0, -1.0)=   -5 ( -1.0, -1.0)=   -5 ( -1.0, -1.0)=   -5 ( -1.0, -1.0)=   -5 ( -1.0, -1.0)=   -5 ( -1.0, -1.0)=   -5 ( -1.0, -1.0)=   -5 ( -1.0, -1.0)=   -5 ( -1.0, -1.0)=   -5 ( -1.0, -1.0)=   -5 ( -1.0, -1.0)=   -5 ( -1.0, -1.0)=   -5 ( -1.0, -1.0)=   -5 ( -1.0, -1.0)=   -5 ( -1.0, -1.0)=   -5 ( -1.0, -1.0)=   -5 ( -1.0, -1.0)=   -5 ( -1.0, -1.0)=   -5 ( -1.0, -1.0)=   -5 
    126 | (412.0,524.0)= 4747 (417.4,518.0)=    0 (419.0,512.3)=    0 (422.6,505.0)=    0 (426.1,499.7)=    0 (424.1,499.0)=    0 (415.4,501.3)=    0 (404.3,502.4)=    0 (394.3,506.5)=    0 (380.7,511.5)=    0 (365.7,517.7)=    0 (349.9,523.1)=    0 (335.2,524.3)=    0 ( -1.0, -1.0)=   -5 ( -1.0, -1.0)=   -5 ( -1.0, -1.0)=   -5 ( -1.0, -1.0)=   -5 ( -1.0, -1.0)=   -5 ( -1.0, -1.0)=   -5 ( -1.0, -1.0)=   -5 ( -1.0, -1.0)=   -5 ( -1.0, -1.0)=   -5 ( -1.0, -1.0)=   -5 ( -1.0, -1.0)=   -5 ( -1.0, -1.0)=   -5 ( -1.0, -1.0)=   -5 ( -1.0, -1.0)=   -5 ( -1.0, -1.0)=   -5 ( -1.0, -1.0)=   -5 ( -1.0, -1.0)=   -5 ( -1.0, -1.0)=   -5 ( -1.0, -1.0)=   -5 ( -1.0, -1.0)=   -5 ( -1.0, -1.0)=   -5 ( -1.0, -1.0)=   -5 ( -1.0, -1.0)=   -5 ( -1.0, -1.0)=   -5 ( -1.0, -1.0)=   -5 ( -1.0, -1.0)=   -5 ( -1.0, -1.0)=   -5 ( -1.0, -1.0)=   -5 ( -1.0, -1.0)=   -5 ( -1.0, -1.0)=   -5 ( -1.0, -1.0)=   -5 
    127 | (198.0,339.0)= 4709 (202.9,331.0)=    0 (203.4,323.6)=    0 (206.7,314.9)=    0 (208.6,308.5)=    0 (203.6,306.9)=    0 (209.4,313.6)=    0 (194.5,313.9)=    0 (181.3,317.7)=    0 (163.6,322.4)=    0 (144.3,327.8)=    0 (124.7,333.6)=    0 (105.8,333.7)=    0 ( -1.0, -1.0)=   -5 ( -1.0, -1.0)=   -5 ( -1.0, -1.0)=   -5 ( -1.0, -1.0)=   -5 ( -1.0, -1.0)=   -5 ( -1.0, -1.0)=   -5 ( -1.0, -1.0)=   -5 ( -1.0, -1.0)=   -5 ( -1.0, -1.0)=   -5 ( -1.0, -1.0)=   -5 ( -1.0, -1.0)=   -5 ( -1.0, -1.0)=   -5 ( -1.0, -1.0)=   -5 ( -1.0, -1.0)=   -5 ( -1.0, -1.0)=   -5 ( -1.0, -1.0)=   -5 ( -1.0, -1.0)=   -5 ( -1.0, -1.0)=   -5 ( -1.0, -1.0)=   -5 ( -1.0, -1.0)=   -5 ( -1.0, -1.0)=   -5 ( -1.0, -1.0)=   -5 ( -1.0, -1.0)=   -5 ( -1.0, -1.0)=   -5 ( -1.0, -1.0)=   -5 ( -1.0, -1.0)=   -5 ( -1.0, -1.0)=   -5 ( -1.0, -1.0)=   -5 ( -1.0, -1.0)=   -5 ( -1.0, -1.0)=   -5 ( -1.0, -1.0)=   -5 
    128 | ( 69.0,249.0)= 4685 ( 73.6,239.7)=    0 ( 73.0,231.1)=    0 ( 75.3,221.6)=    0 ( 76.2,214.5)=    0 ( 68.4,212.7)=    0 ( 53.5,215.7)=    0 ( -1.0, -1.0)=   -5 ( -1.0, -1.0)=   -5 ( -1.0, -1.0)=   -5 ( -1.0, -1.0)=   -5 ( -1.0, -1.0)=   -5 ( -1.0, -1.0)=   -5 ( -1.0, -1.0)=   -5 ( -1.0, -1.0)=   -5 ( -1.0, -1.0)=   -5 ( -1.0, -1.0)=   -5 ( -1.0, -1.0)=   -5 ( -1.0, -1.0)=   -5 ( -1.0, -1.0)=   -5 ( -1.0, -1.0)=   -5 ( -1.0, -1.0)=   -5 ( -1.0, -1.0)=   -5 ( -1.0, -1.0)=   -5 ( -1.0, -1.0)=   -5 ( -1.0, -1.0)=   -5 ( -1.0, -1.0)=   -5 ( -1.0, -1.0)=   -5 ( -1.0, -1.0)=   -5 ( -1.0, -1.0)=   -5 ( -1.0, -1.0)=   -5 ( -1.0, -1.0)=   -5 ( -1.0, -1.0)=   -5 ( -1.0, -1.0)=   -5 ( -1.0, -1.0)=   -5 ( -1.0, -1.0)=   -5 ( -1.0, -1.0)=   -5 ( -1.0, -1.0)=   -5 ( -1.0, -1.0)=   -5 ( -1.0, -1.0)=   -5 ( -1.0, -1.0)=   -5 ( -1.0, -1.0)=   -5 ( -1.0, -1.0)=   -5 ( -1.0, -1.0)=   -5 
    129 | (220.0,243.0)= 4680 (225.4,234.1)=    0 (226.1,226.0)=    0 (229.4,216.8)=    0 (231.5,209.4)=    0 (226.3,206.7)=    0 (213.9,208.6)=    0 (197.7,208.0)=    0 (183.5,211.2)=    0 (164.4,215.0)=    0 (143.5,219.8)=    0 (122.6,225.2)=    0 (102.4,224.3)=    0 (107.7,235.6)=    0 ( 90.4,233.6)=    0 ( 74.1,233.1)=    0 ( 84.4,237.6)=    0 ( 73.0,240.8)=    0 ( 57.5,240.9)=    0 ( 39.1,242.4)=    0 ( 26.7,243.7)=    0 ( -1.0, -1.0)=   -4 ( -1.0, -1.0)=   -4 ( -1.0, -1.0)=   -4 ( -1.0, -1.0)=   -4 ( -1.0, -1.0)=   -4 ( -1.0, -1.0)=   -4 ( -1.0, -1.0)=   -4 ( -1.0, -1.0)=   -4 ( -1.0, -1.0)=   -4 ( -1.0, -1.0)=   -4 ( -1.0, -1.0)=   -4 ( -1.0, -1.0)=   -4 ( -1.0, -1.0)=   -4 ( -1.0, -1.0)=   -4 ( -1.0, -1.0)=   -4 ( -1.0, -1.0)=   -4 ( -1.0, -1.0)=   -4 ( -1.0, -1.0)=   -4 ( -1.0, -1.0)=   -4 ( -1.0, -1.0)=   -4 ( -1.0, -1.0)=   -4 ( -1.0, -1.0)=   -4 ( -1.0, -1.0)=   -4 
    130 | (258.0,282.0)= 4666 (263.4,274.0)=    0 (264.5,266.2)=    0 (268.1,257.4)=    0 (270.5,250.5)=    0 (266.3,248.0)=    0 (255.2,249.6)=    0 ( -1.0, -1.0)=   -5 ( -1.0, -1.0)=   -5 ( -1.0, -1.0)=   -5 ( -1.0, -1.0)=   -5 ( -1.0, -1.0)=   -5 ( -1.0, -1.0)=   -5 ( -1.0, -1.0)=   -5 ( -1.0, -1.0)=   -5 ( -1.0, -1.0)=   -5 ( -1.0, -1.0)=   -5 ( -1.0, -1.0)=   -5 ( -1.0, -1.0)=   -5 ( -1.0, -1.0)=   -5 ( -1.0, -1.0)=   -5 ( -1.0, -1.0)=   -5 ( -1.0, -1.0)=   -5 ( -1.0, -1.0)=   -5 ( -1.0, -1.0)=   -5 ( -1.0, -1.0)=   -5 ( -1.0, -1.0)=   -5 ( -1.0, -1.0)=   -5 ( -1.0, -1.0)=   -5 ( -1.0, -1.0)=   -5 ( -1.0, -1.0)=   -5 ( -1.0, -1.0)=   -5 ( -1.0, -1.0)=   -5 ( -1.0, -1.0)=   -5 ( -1.0, -1.0)=   -5 ( -1.0, -1.0)=   -5 ( -1.0, -1.0)=   -5 ( -1.0, -1.0)=   -5 ( -1.0, -1.0)=   -5 ( -1.0, -1.0)=   -5 ( -1.0, -1.0)=   -5 ( -1.0, -1.0)=   -5 ( -1.0, -1.0)=   -5 ( -1.0, -1.0)=   -5 
    131 | (266.0,199.0)= 4657 (271.6,189.8)=    0 (272.9,181.3)=    0 (276.5,171.7)=    0 (279.1,164.2)=    0 (274.5,161.0)=    0 (262.7,162.3)=    0 (247.1,160.8)=    0 (233.2,163.3)=    0 ( -1.0, -1.0)=   -5 ( -1.0, -1.0)=   -5 ( -1.0, -1.0)=   -5 ( -1.0, -1.0)=   -5 ( -1.0, -1.0)=   -5 ( -1.0, -1.0)=   -5 ( -1.0, -1.0)=   -5 ( -1.0, -1.0)=   -5 ( -1.0, -1.0)=   -5 ( -1.0, -1.0)=   -5 ( -1.0, -1.0)=   -5 ( -1.0, -1.0)=   -5 ( -1.0, -1.0)=   -5 ( -1.0, -1.0)=   -5 ( -1.0, -1.0)=   -5 ( -1.0, -1.0)=   -5 ( -1.0, -1.0)=   -5 ( -1.0, -1.0)=   -5 ( -1.0, -1.0)=   -5 ( -1.0, -1.0)=   -5 ( -1.0, -1.0)=   -5 ( -1.0, -1.0)=   -5 ( -1.0, -1.0)=   -5 ( -1.0, -1.0)=   -5 ( -1.0, -1.0)=   -5 ( -1.0, -1.0)=   -5 ( -1.0, -1.0)=   -5 ( -1.0, -1.0)=   -5 ( -1.0, -1.0)=   -5 ( -1.0, -1.0)=   -5 ( -1.0, -1.0)=   -5 ( -1.0, -1.0)=   -5 ( -1.0, -1.0)=   -5 ( -1.0, -1.0)=   -5 ( -1.0, -1.0)=   -5 
    132 | (311.0,591.0)= 4651 (315.7,584.7)=    0 (316.1,579.1)=    0 (318.8,571.7)=    0 (321.3,566.8)=    0 (317.2,567.6)=    0 (306.5,571.1)=    0 (292.5,573.8)=    0 (280.0,579.2)=    0 (263.4,586.2)=    0 (244.8,594.5)=    0 (226.3,601.6)=    0 (208.1,604.5)=    0 (184.5,605.6)=    0 (168.1,607.3)=    0 (151.7,609.9)=    0 (135.5,612.4)=    0 (122.5,617.5)=    0 (105.6,621.5)=    0 ( -1.0, -1.0)=   -5 ( -1.0, -1.0)=   -5 ( -1.0, -1.0)=   -5 ( -1.0, -1.0)=   -5 ( -1.0, -1.0)=   -5 ( -1.0, -1.0)=   -5 ( -1.0, -1.0)=   -5 ( -1.0, -1.0)=   -5 ( -1.0, -1.0)=   -5 ( -1.0, -1.0)=   -5 ( -1.0, -1.0)=   -5 ( -1.0, -1.0)=   -5 ( -1.0, -1.0)=   -5 ( -1.0, -1.0)=   -5 ( -1.0, -1.0)=   -5 ( -1.0, -1.0)=   -5 ( -1.0, -1.0)=   -5 ( -1.0, -1.0)=   -5 ( -1.0, -1.0)=   -5 ( -1.0, -1.0)=   -5 ( -1.0, -1.0)=   -5 ( -1.0, -1.0)=   -5 ( -1.0, -1.0)=   -5 ( -1.0, -1.0)=   -5 ( -1.0, -1.0)=   -5 
    133 | (288.0,224.0)= 4644 (293.6,215.2)=    0 (295.2,207.2)=    0 (298.9,197.8)=    0 (301.6,190.6)=    0 (297.6,187.2)=    0 (286.6,188.6)=    0 ( -1.0, -1.0)=   -5 ( -1.0, -1.0)=   -5 ( -1.0, -1.0)=   -5 ( -1.0, -1.0)=   -5 ( -1.0, -1.0)=   -5 ( -1.0, -1.0)=   -5 ( -1.0, -1.0)=   -5 ( -1.0, -1.0)=   -5 ( -1.0, -1.0)=   -5 ( -1.0, -1.0)=   -5 ( -1.0, -1.0)=   -5 ( -1.0, -1.0)=   -5 ( -1.0, -1.0)=   -5 ( -1.0, -1.0)=   -5 ( -1.0, -1.0)=   -5 ( -1.0, -1.0)=   -5 ( -1.0, -1.0)=   -5 ( -1.0, -1.0)=   -5 ( -1.0, -1.0)=   -5 ( -1.0, -1.0)=   -5 ( -1.0, -1.0)=   -5 ( -1.0, -1.0)=   -5 ( -1.0, -1.0)=   -5 ( -1.0, -1.0)=   -5 ( -1.0, -1.0)=   -5 ( -1.0, -1.0)=   -5 ( -1.0, -1.0)=   -5 ( -1.0, -1.0)=   -5 ( -1.0, -1.0)=   -5 ( -1.0, -1.0)=   -5 ( -1.0, -1.0)=   -5 ( -1.0, -1.0)=   -5 ( -1.0, -1.0)=   -5 ( -1.0, -1.0)=   -5 ( -1.0, -1.0)=   -5 ( -1.0, -1.0)=   -5 ( -1.0, -1.0)=   -5 
    134 | (369.0,489.0)= 4630 (374.5,482.6)=    0 (376.1,476.8)=    0 (380.1,469.3)=    0 (383.4,463.9)=    0 (381.5,462.8)=    0 (373.2,464.8)=    0 (362.3,465.6)=    0 (352.5,469.2)=    0 (339.5,473.8)=    0 (324.7,479.3)=    0 (309.4,484.3)=    0 (295.0,484.9)=    0 (277.2,483.4)=    0 (264.7,483.4)=    0 (252.5,483.9)=    0 (241.1,485.0)=    0 (232.4,488.5)=    0 (220.7,490.7)=    0 (207.2,494.2)=    0 (199.0,497.4)=    0 (192.9,501.2)=    0 (185.9,506.6)=    0 (177.2,511.5)=    0 (166.3,519.0)=    0 (152.3,521.2)=    0 (143.9,515.3)=    0 (136.0,516.2)=    0 (132.2,516.7)=    0 (121.3,512.5)=    0 (110.0,508.9)=    0 (105.8,503.6)=    0 (105.3,504.5)=    0 (107.8,507.9)=    0 (108.1,511.7)=    0 (105.0,513.1)=    0 ( 99.7,512.0)=    0 ( 88.7,511.8)=    0 ( 77.3,511.6)=    0 ( 66.6,507.9)=    0 ( 57.4,503.3)=    0 ( 43.9,499.2)=    0 ( 34.5,496.7)=    0 ( 37.0,495.7)=    0 
    135 | (198.0,296.0)= 4588 (203.0,287.6)=    0 (203.6,279.9)=    0 (206.9,270.9)=    0 (208.9,264.2)=    0 (203.7,262.3)=    0 ( -1.0, -1.0)=   -5 ( -1.0, -1.0)=   -5 ( -1.0, -1.0)=   -5 ( -1.0, -1.0)=   -5 ( -1.0, -1.0)=   -5 ( -1.0, -1.0)=   -5 ( -1.0, -1.0)=   -5 ( -1.0, -1.0)=   -5 ( -1.0, -1.0)=   -5 ( -1.0, -1.0)=   -5 ( -1.0, -1.0)=   -5 ( -1.0, -1.0)=   -5 ( -1.0, -1.0)=   -5 ( -1.0, -1.0)=   -5 ( -1.0, -1.0)=   -5 ( -1.0, -1.0)=   -5 ( -1.0, -1.0)=   -5 ( -1.0, -1.0)=   -5 ( -1.0, -1.0)=   -5 ( -1.0, -1.0)=   -5 ( -1.0, -1.0)=   -5 ( -1.0, -1.0)=   -5 ( -1.0, -1.0)=   -5 ( -1.0, -1.0)=   -5 ( -1.0, -1.0)=   -5 ( -1.0, -1.0)=   -5 ( -1.0, -1.0)=   -5 ( -1.0, -1.0)=   -5 ( -1.0, -1.0)=   -5 ( -1.0, -1.0)=   -5 ( -1.0, -1.0)=   -5 ( -1.0, -1.0)=   -5 ( -1.0, -1.0)=   -5 ( -1.0, -1.0)=   -5 ( -1.0, -1.0)=   -5 ( -1.0, -1.0)=   -5 ( -1.0, -1.0)=   -5 ( -1.0, -1.0)=   -5 
    136 | (425.0,525.0)= 4580 (430.6,518.8)=    0 (432.5,513.3)=    0 (436.1,506.0)=    0 (439.5,500.7)=    0 (437.8,500.0)=    0 (429.2,502.4)=    0 (418.2,503.6)=    0 (408.1,507.7)=    0 (394.7,512.8)=    0 ( -1.0, -1.0)=   -5 ( -1.0, -1.0)=   -5 ( -1.0, -1.0)=   -5 ( -1.0, -1.0)=   -5 ( -1.0, -1.0)=   -5 ( -1.0, -1.0)=   -5 ( -1.0, -1.0)=   -5 ( -1.0, -1.0)=   -5 ( -1.0, -1.0)=   -5 ( -1.0, -1.0)=   -5 ( -1.0, -1.0)=   -5 ( -1.0, -1.0)=   -5 ( -1.0, -1.0)=   -5 ( -1.0, -1.0)=   -5 ( -1.0, -1.0)=   -5 ( -1.0, -1.0)=   -5 ( -1.0, -1.0)=   -5 ( -1.0, -1.0)=   -5 ( -1.0, -1.0)=   -5 ( -1.0, -1.0)=   -5 ( -1.0, -1.0)=   -5 ( -1.0, -1.0)=   -5 ( -1.0, -1.0)=   -5 ( -1.0, -1.0)=   -5 ( -1.0, -1.0)=   -5 ( -1.0, -1.0)=   -5 ( -1.0, -1.0)=   -5 ( -1.0, -1.0)=   -5 ( -1.0, -1.0)=   -5 ( -1.0, -1.0)=   -5 ( -1.0, -1.0)=   -5 ( -1.0, -1.0)=   -5 ( -1.0, -1.0)=   -5 ( -1.0, -1.0)=   -5 
    137 | (218.0,214.0)= 4545 (223.5,204.7)=    0 (224.1,196.5)=    0 (227.4,186.7)=    0 (229.7,179.4)=    0 (224.3,176.4)=    0 (211.7,178.2)=    0 (195.0,177.2)=    0 (180.5,180.4)=    0 (196.5,168.6)=    0 ( -1.0, -1.0)=   -5 ( -1.0, -1.0)=   -5 ( -1.0, -1.0)=   -5 ( -1.0, -1.0)=   -5 ( -1.0, -1.0)=   -5 ( -1.0, -1.0)=   -5 ( -1.0, -1.0)=   -5 ( -1.0, -1.0)=   -5 ( -1.0, -1.0)=   -5 ( -1.0, -1.0)=   -5 ( -1.0, -1.0)=   -5 ( -1.0, -1.0)=   -5 ( -1.0, -1.0)=   -5 ( -1.0, -1.0)=   -5 ( -1.0, -1.0)=   -5 ( -1.0, -1.0)=   -5 ( -1.0, -1.0)=   -5 ( -1.0, -1.0)=   -5 ( -1.0, -1.0)=   -5 ( -1.0, -1.0)=   -5 ( -1.0, -1.0)=   -5 ( -1.0, -1.0)=   -5 ( -1.0, -1.0)=   -5 ( -1.0, -1.0)=   -5 ( -1.0, -1.0)=   -5 ( -1.0, -1.0)=   -5 ( -1.0, -1.0)=   -5 ( -1.0, -1.0)=   -5 ( -1.0, -1.0)=   -5 ( -1.0, -1.0)=   -5 ( -1.0, -1.0)=   -5 ( -1.0, -1.0)=   -5 ( -1.0, -1.0)=   -5 ( -1.0, -1.0)=   -5 
    138 | (289.0,251.0)= 4540 (294.5,242.5)=    0 (295.9,234.6)=    0 (299.7,225.6)=    0 (302.4,218.4)=    0 (298.7,215.5)=    0 (287.9,217.0)=    0 (273.8,215.8)=    0 (260.7,218.7)=    0 (243.6,221.7)=    0 (225.0,225.8)=    0 ( -1.0, -1.0)=   -5 ( -1.0, -1.0)=   -5 ( -1.0, -1.0)=   -5 ( -1.0, -1.0)=   -5 ( -1.0, -1.0)=   -5 ( -1.0, -1.0)=   -5 ( -1.0, -1.0)=   -5 ( -1.0, -1.0)=   -5 ( -1.0, -1.0)=   -5 ( -1.0, -1.0)=   -5 ( -1.0, -1.0)=   -5 ( -1.0, -1.0)=   -5 ( -1.0, -1.0)=   -5 ( -1.0, -1.0)=   -5 ( -1.0, -1.0)=   -5 ( -1.0, -1.0)=   -5 ( -1.0, -1.0)=   -5 ( -1.0, -1.0)=   -5 ( -1.0, -1.0)=   -5 ( -1.0, -1.0)=   -5 ( -1.0, -1.0)=   -5 ( -1.0, -1.0)=   -5 ( -1.0, -1.0)=   -5 ( -1.0, -1.0)=   -5 ( -1.0, -1.0)=   -5 ( -1.0, -1.0)=   -5 ( -1.0, -1.0)=   -5 ( -1.0, -1.0)=   -5 ( -1.0, -1.0)=   -5 ( -1.0, -1.0)=   -5 ( -1.0, -1.0)=   -5 ( -1.0, -1.0)=   -5 ( -1.0, -1.0)=   -5 
    139 | (207.0,221.0)= 4538 (212.1,211.9)=    0 (212.9,203.5)=    0 (216.1,194.0)=    0 (218.2,186.6)=    0 (212.9,183.5)=    0 (200.3,185.3)=    0 ( -1.0, -1.0)=   -5 ( -1.0, -1.0)=   -5 ( -1.0, -1.0)=   -5 ( -1.0, -1.0)=   -5 ( -1.0, -1.0)=   -5 ( -1.0, -1.0)=   -5 ( -1.0, -1.0)=   -5 ( -1.0, -1.0)=   -5 ( -1.0, -1.0)=   -5 ( -1.0, -1.0)=   -5 ( -1.0, -1.0)=   -5 ( -1.0, -1.0)=   -5 ( -1.0, -1.0)=   -5 ( -1.0, -1.0)=   -5 ( -1.0, -1.0)=   -5 ( -1.0, -1.0)=   -5 ( -1.0, -1.0)=   -5 ( -1.0, -1.0)=   -5 ( -1.0, -1.0)=   -5 ( -1.0, -1.0)=   -5 ( -1.0, -1.0)=   -5 ( -1.0, -1.0)=   -5 ( -1.0, -1.0)=   -5 ( -1.0, -1.0)=   -5 ( -1.0, -1.0)=   -5 ( -1.0, -1.0)=   -5 ( -1.0, -1.0)=   -5 ( -1.0, -1.0)=   -5 ( -1.0, -1.0)=   -5 ( -1.0, -1.0)=   -5 ( -1.0, -1.0)=   -5 ( -1.0, -1.0)=   -5 ( -1.0, -1.0)=   -5 ( -1.0, -1.0)=   -5 ( -1.0, -1.0)=   -5 ( -1.0, -1.0)=   -5 ( -1.0, -1.0)=   -5 
    140 | (274.0,256.0)= 4536 (279.6,247.7)=    0 (281.0,239.9)=    0 (284.6,230.6)=    0 (287.1,223.8)=    0 (282.9,221.1)=    0 (271.9,222.5)=    0 (257.3,221.6)=    0 (244.4,224.6)=    0 (226.8,227.9)=    0 (207.9,232.2)=    0 (188.5,237.1)=    0 (169.7,236.2)=    0 ( -1.0, -1.0)=   -5 ( -1.0, -1.0)=   -5 ( -1.0, -1.0)=   -5 ( -1.0, -1.0)=   -5 ( -1.0, -1.0)=   -5 ( -1.0, -1.0)=   -5 ( -1.0, -1.0)=   -5 ( -1.0, -1.0)=   -5 ( -1.0, -1.0)=   -5 ( -1.0, -1.0)=   -5 ( -1.0, -1.0)=   -5 ( -1.0, -1.0)=   -5 ( -1.0, -1.0)=   -5 ( -1.0, -1.0)=   -5 ( -1.0, -1.0)=   -5 ( -1.0, -1.0)=   -5 ( -1.0, -1.0)=   -5 ( -1.0, -1.0)=   -5 ( -1.0, -1.0)=   -5 ( -1.0, -1.0)=   -5 ( -1.0, -1.0)=   -5 ( -1.0, -1.0)=   -5 ( -1.0, -1.0)=   -5 ( -1.0, -1.0)=   -5 ( -1.0, -1.0)=   -5 ( -1.0, -1.0)=   -5 ( -1.0, -1.0)=   -5 ( -1.0, -1.0)=   -5 ( -1.0, -1.0)=   -5 ( -1.0, -1.0)=   -5 ( -1.0, -1.0)=   -5 
    141 | (244.0,276.0)= 4535 (249.2,267.8)=    0 (250.2,259.8)=    0 (253.6,250.8)=    0 (256.0,244.1)=    0 (251.5,241.4)=    0 (240.1,243.4)=    0 (224.9,242.6)=    0 (211.3,246.0)=    0 ( -1.0, -1.0)=   -5 ( -1.0, -1.0)=   -5 ( -1.0, -1.0)=   -5 ( -1.0, -1.0)=   -5 ( -1.0, -1.0)=   -5 ( -1.0, -1.0)=   -5 ( -1.0, -1.0)=   -5 ( -1.0, -1.0)=   -5 ( -1.0, -1.0)=   -5 ( -1.0, -1.0)=   -5 ( -1.0, -1.0)=   -5 ( -1.0, -1.0)=   -5 ( -1.0, -1.0)=   -5 ( -1.0, -1.0)=   -5 ( -1.0, -1.0)=   -5 ( -1.0, -1.0)=   -5 ( -1.0, -1.0)=   -5 ( -1.0, -1.0)=   -5 ( -1.0, -1.0)=   -5 ( -1.0, -1.0)=   -5 ( -1.0, -1.0)=   -5 ( -1.0, -1.0)=   -5 ( -1.0, -1.0)=   -5 ( -1.0, -1.0)=   -5 ( -1.0, -1.0)=   -5 ( -1.0, -1.0)=   -5 ( -1.0, -1.0)=   -5 ( -1.0, -1.0)=   -5 ( -1.0, -1.0)=   -5 ( -1.0, -1.0)=   -5 ( -1.0, -1.0)=   -5 ( -1.0, -1.0)=   -5 ( -1.0, -1.0)=   -5 ( -1.0, -1.0)=   -5 ( -1.0, -1.0)=   -5 
    142 | (465.0,535.0)= 4533 (470.5,529.0)=    0 (472.5,523.5)=    0 (476.3,516.4)=    0 (479.9,511.2)=    0 (478.4,510.6)=    0 (470.0,512.8)=    0 (459.3,514.0)=    0 (449.5,517.9)=    0 (436.4,523.0)=    0 ( -1.0, -1.0)=   -5 ( -1.0, -1.0)=   -5 ( -1.0, -1.0)=   -5 ( -1.0, -1.0)=   -5 ( -1.0, -1.0)=   -5 ( -1.0, -1.0)=   -5 ( -1.0, -1.0)=   -5 ( -1.0, -1.0)=   -5 ( -1.0, -1.0)=   -5 ( -1.0, -1.0)=   -5 ( -1.0, -1.0)=   -5 ( -1.0, -1.0)=   -5 ( -1.0, -1.0)=   -5 ( -1.0, -1.0)=   -5 ( -1.0, -1.0)=   -5 ( -1.0, -1.0)=   -5 ( -1.0, -1.0)=   -5 ( -1.0, -1.0)=   -5 ( -1.0, -1.0)=   -5 ( -1.0, -1.0)=   -5 ( -1.0, -1.0)=   -5 ( -1.0, -1.0)=   -5 ( -1.0, -1.0)=   -5 ( -1.0, -1.0)=   -5 ( -1.0, -1.0)=   -5 ( -1.0, -1.0)=   -5 ( -1.0, -1.0)=   -5 ( -1.0, -1.0)=   -5 ( -1.0, -1.0)=   -5 ( -1.0, -1.0)=   -5 ( -1.0, -1.0)=   -5 ( -1.0, -1.0)=   -5 ( -1.0, -1.0)=   -5 ( -1.0, -1.0)=   -5 
    143 | (241.0,220.0)= 4509 (246.5,211.1)=    0 (247.6,202.7)=    0 (250.8,193.3)=    0 (253.3,185.8)=    0 (248.3,182.8)=    0 (236.1,184.5)=    0 ( -1.0, -1.0)=   -5 ( -1.0, -1.0)=   -5 ( -1.0, -1.0)=   -5 ( -1.0, -1.0)=   -5 ( -1.0, -1.0)=   -5 ( -1.0, -1.0)=   -5 ( -1.0, -1.0)=   -5 ( -1.0, -1.0)=   -5 ( -1.0, -1.0)=   -5 ( -1.0, -1.0)=   -5 ( -1.0, -1.0)=   -5 ( -1.0, -1.0)=   -5 ( -1.0, -1.0)=   -5 ( -1.0, -1.0)=   -5 ( -1.0, -1.0)=   -5 ( -1.0, -1.0)=   -5 ( -1.0, -1.0)=   -5 ( -1.0, -1.0)=   -5 ( -1.0, -1.0)=   -5 ( -1.0, -1.0)=   -5 ( -1.0, -1.0)=   -5 ( -1.0, -1.0)=   -5 ( -1.0, -1.0)=   -5 ( -1.0, -1.0)=   -5 ( -1.0, -1.0)=   -5 ( -1.0, -1.0)=   -5 ( -1.0, -1.0)=   -5 ( -1.0, -1.0)=   -5 ( -1.0, -1.0)=   -5 ( -1.0, -1.0)=   -5 ( -1.0, -1.0)=   -5 ( -1.0, -1.0)=   -5 ( -1.0, -1.0)=   -5 ( -1.0, -1.0)=   -5 ( -1.0, -1.0)=   -5 ( -1.0, -1.0)=   -5 ( -1.0, -1.0)=   -5 
    144 | (129.0,304.0)= 4507 (133.5,295.4)=    0 (133.5,287.6)=    0 (136.3,278.4)=    0 (137.6,272.0)=    0 (131.5,270.2)=    0 (118.4,272.4)=    0 (100.8,272.5)=    0 ( 85.3,276.7)=    0 ( -1.0, -1.0)=   -5 ( -1.0, -1.0)=   -5 ( -1.0, -1.0)=   -5 ( -1.0, -1.0)=   -5 ( -1.0, -1.0)=   -5 ( -1.0, -1.0)=   -5 ( -1.0, -1.0)=   -5 ( -1.0, -1.0)=   -5 ( -1.0, -1.0)=   -5 ( -1.0, -1.0)=   -5 ( -1.0, -1.0)=   -5 ( -1.0, -1.0)=   -5 ( -1.0, -1.0)=   -5 ( -1.0, -1.0)=   -5 ( -1.0, -1.0)=   -5 ( -1.0, -1.0)=   -5 ( -1.0, -1.0)=   -5 ( -1.0, -1.0)=   -5 ( -1.0, -1.0)=   -5 ( -1.0, -1.0)=   -5 ( -1.0, -1.0)=   -5 ( -1.0, -1.0)=   -5 ( -1.0, -1.0)=   -5 ( -1.0, -1.0)=   -5 ( -1.0, -1.0)=   -5 ( -1.0, -1.0)=   -5 ( -1.0, -1.0)=   -5 ( -1.0, -1.0)=   -5 ( -1.0, -1.0)=   -5 ( -1.0, -1.0)=   -5 ( -1.0, -1.0)=   -5 ( -1.0, -1.0)=   -5 ( -1.0, -1.0)=   -5 ( -1.0, -1.0)=   -5 ( -1.0, -1.0)=   -5 
    145 | (249.0,247.0)= 4492 (254.3,238.6)=    0 (255.5,230.5)=    0 (258.9,221.2)=    0 (261.3,214.0)=    0 (256.6,211.4)=    0 (245.1,212.9)=    0 (229.3,212.4)=    0 (215.7,215.2)=    0 (197.2,218.6)=    0 ( -1.0, -1.0)=   -5 ( -1.0, -1.0)=   -5 ( -1.0, -1.0)=   -5 ( -1.0, -1.0)=   -5 ( -1.0, -1.0)=   -5 ( -1.0, -1.0)=   -5 ( -1.0, -1.0)=   -5 ( -1.0, -1.0)=   -5 ( -1.0, -1.0)=   -5 ( -1.0, -1.0)=   -5 ( -1.0, -1.0)=   -5 ( -1.0, -1.0)=   -5 ( -1.0, -1.0)=   -5 ( -1.0, -1.0)=   -5 ( -1.0, -1.0)=   -5 ( -1.0, -1.0)=   -5 ( -1.0, -1.0)=   -5 ( -1.0, -1.0)=   -5 ( -1.0, -1.0)=   -5 ( -1.0, -1.0)=   -5 ( -1.0, -1.0)=   -5 ( -1.0, -1.0)=   -5 ( -1.0, -1.0)=   -5 ( -1.0, -1.0)=   -5 ( -1.0, -1.0)=   -5 ( -1.0, -1.0)=   -5 ( -1.0, -1.0)=   -5 ( -1.0, -1.0)=   -5 ( -1.0, -1.0)=   -5 ( -1.0, -1.0)=   -5 ( -1.0, -1.0)=   -5 ( -1.0, -1.0)=   -5 ( -1.0, -1.0)=   -5 ( -1.0, -1.0)=   -5 
    146 | (535.0,530.0)= 4485 (541.3,524.2)=    0 (543.9,519.0)=    0 (548.1,511.9)=    0 (552.2,506.7)=    0 (551.8,505.9)=    0 (543.9,507.9)=    0 (534.2,508.5)=    0 (525.0,512.0)=    0 (513.1,516.5)=    0 (523.9,511.5)=    0 ( -1.0, -1.0)=   -5 ( -1.0, -1.0)=   -5 ( -1.0, -1.0)=   -5 ( -1.0, -1.0)=   -5 ( -1.0, -1.0)=   -5 ( -1.0, -1.0)=   -5 ( -1.0, -1.0)=   -5 ( -1.0, -1.0)=   -5 ( -1.0, -1.0)=   -5 ( -1.0, -1.0)=   -5 ( -1.0, -1.0)=   -5 ( -1.0, -1.0)=   -5 ( -1.0, -1.0)=   -5 ( -1.0, -1.0)=   -5 ( -1.0, -1.0)=   -5 ( -1.0, -1.0)=   -5 ( -1.0, -1.0)=   -5 ( -1.0, -1.0)=   -5 ( -1.0, -1.0)=   -5 ( -1.0, -1.0)=   -5 ( -1.0, -1.0)=   -5 ( -1.0, -1.0)=   -5 ( -1.0, -1.0)=   -5 ( -1.0, -1.0)=   -5 ( -1.0, -1.0)=   -5 ( -1.0, -1.0)=   -5 ( -1.0, -1.0)=   -5 ( -1.0, -1.0)=   -5 ( -1.0, -1.0)=   -5 ( -1.0, -1.0)=   -5 ( -1.0, -1.0)=   -5 ( -1.0, -1.0)=   -5 ( -1.0, -1.0)=   -5 
    147 | (531.0,507.0)= 4484 (537.2,501.2)=    0 (539.8,495.8)=    0 (544.4,488.6)=    0 (548.5,483.2)=    0 (548.3,481.9)=    0 (540.9,483.6)=    0 (531.5,483.9)=    0 (522.8,487.1)=    0 (511.3,491.2)=    0 (521.8,486.5)=    0 ( -1.0, -1.0)=   -5 ( -1.0, -1.0)=   -5 ( -1.0, -1.0)=   -5 ( -1.0, -1.0)=   -5 ( -1.0, -1.0)=   -5 ( -1.0, -1.0)=   -5 ( -1.0, -1.0)=   -5 ( -1.0, -1.0)=   -5 ( -1.0, -1.0)=   -5 ( -1.0, -1.0)=   -5 ( -1.0, -1.0)=   -5 ( -1.0, -1.0)=   -5 ( -1.0, -1.0)=   -5 ( -1.0, -1.0)=   -5 ( -1.0, -1.0)=   -5 ( -1.0, -1.0)=   -5 ( -1.0, -1.0)=   -5 ( -1.0, -1.0)=   -5 ( -1.0, -1.0)=   -5 ( -1.0, -1.0)=   -5 ( -1.0, -1.0)=   -5 ( -1.0, -1.0)=   -5 ( -1.0, -1.0)=   -5 ( -1.0, -1.0)=   -5 ( -1.0, -1.0)=   -5 ( -1.0, -1.0)=   -5 ( -1.0, -1.0)=   -5 ( -1.0, -1.0)=   -5 ( -1.0, -1.0)=   -5 ( -1.0, -1.0)=   -5 ( -1.0, -1.0)=   -5 ( -1.0, -1.0)=   -5 ( -1.0, -1.0)=   -5 
    148 | (239.0,231.0)= 4481 (244.5,222.2)=    0 (245.3,213.9)=    0 (248.9,204.5)=    0 (250.8,197.2)=    0 (246.1,194.3)=    0 (234.4,196.0)=    0 ( -1.0, -1.0)=   -5 ( -1.0, -1.0)=   -5 ( -1.0, -1.0)=   -5 ( -1.0, -1.0)=   -5 ( -1.0, -1.0)=   -5 ( -1.0, -1.0)=   -5 ( -1.0, -1.0)=   -5 ( -1.0, -1.0)=   -5 ( -1.0, -1.0)=   -5 ( -1.0, -1.0)=   -5 ( -1.0, -1.0)=   -5 ( -1.0, -1.0)=   -5 ( -1.0, -1.0)=   -5 ( -1.0, -1.0)=   -5 ( -1.0, -1.0)=   -5 ( -1.0, -1.0)=   -5 ( -1.0, -1.0)=   -5 ( -1.0, -1.0)=   -5 ( -1.0, -1.0)=   -5 ( -1.0, -1.0)=   -5 ( -1.0, -1.0)=   -5 ( -1.0, -1.0)=   -5 ( -1.0, -1.0)=   -5 ( -1.0, -1.0)=   -5 ( -1.0, -1.0)=   -5 ( -1.0, -1.0)=   -5 ( -1.0, -1.0)=   -5 ( -1.0, -1.0)=   -5 ( -1.0, -1.0)=   -5 ( -1.0, -1.0)=   -5 ( -1.0, -1.0)=   -5 ( -1.0, -1.0)=   -5 ( -1.0, -1.0)=   -5 ( -1.0, -1.0)=   -5 ( -1.0, -1.0)=   -5 ( -1.0, -1.0)=   -5 ( -1.0, -1.0)=   -5 
    149 | (260.0,299.0)= 4463 (265.5,291.1)=    0 (266.6,283.5)=    0 (270.2,274.6)=    0 (272.6,267.9)=    0 (268.6,265.5)=    0 (257.8,267.4)=    0 ( -1.0, -1.0)=   -5 ( -1.0, -1.0)=   -5 ( -1.0, -1.0)=   -5 ( -1.0, -1.0)=   -5 ( -1.0, -1.0)=   -5 ( -1.0, -1.0)=   -5 ( -1.0, -1.0)=   -5 ( -1.0, -1.0)=   -5 ( -1.0, -1.0)=   -5 ( -1.0, -1.0)=   -5 ( -1.0, -1.0)=   -5 ( -1.0, -1.0)=   -5 ( -1.0, -1.0)=   -5 ( -1.0, -1.0)=   -5 ( -1.0, -1.0)=   -5 ( -1.0, -1.0)=   -5 ( -1.0, -1.0)=   -5 ( -1.0, -1.0)=   -5 ( -1.0, -1.0)=   -5 ( -1.0, -1.0)=   -5 ( -1.0, -1.0)=   -5 ( -1.0, -1.0)=   -5 ( -1.0, -1.0)=   -5 ( -1.0, -1.0)=   -5 ( -1.0, -1.0)=   -5 ( -1.0, -1.0)=   -5 ( -1.0, -1.0)=   -5 ( -1.0, -1.0)=   -5 ( -1.0, -1.0)=   -5 ( -1.0, -1.0)=   -5 ( -1.0, -1.0)=   -5 ( -1.0, -1.0)=   -5 ( -1.0, -1.0)=   -5 ( -1.0, -1.0)=   -5 ( -1.0, -1.0)=   -5 ( -1.0, -1.0)=   -5 ( -1.0, -1.0)=   -5 
    150 | (115.0,158.0)= 4458 (119.7,147.9)=    0 (119.6,138.5)=    0 (122.2,128.6)=    0 (123.2,120.7)=    0 (115.6,117.6)=    0 (100.7,120.0)=    0 ( 80.8,119.2)=    0 ( 63.2,123.1)=    0 ( 39.8,126.9)=    0 ( -1.0, -1.0)=   -5 ( -1.0, -1.0)=   -5 ( -1.0, -1.0)=   -5 ( -1.0, -1.0)=   -5 ( -1.0, -1.0)=   -5 ( -1.0, -1.0)=   -5 ( -1.0, -1.0)=   -5 ( -1.0, -1.0)=   -5 ( -1.0, -1.0)=   -5 ( -1.0, -1.0)=   -5 ( -1.0, -1.0)=   -5 ( -1.0, -1.0)=   -5 ( -1.0, -1.0)=   -5 ( -1.0, -1.0)=   -5 ( -1.0, -1.0)=   -5 ( -1.0, -1.0)=   -5 ( -1.0, -1.0)=   -5 ( -1.0, -1.0)=   -5 ( -1.0, -1.0)=   -5 ( -1.0, -1.0)=   -5 ( -1.0, -1.0)=   -5 ( -1.0, -1.0)=   -5 ( -1.0, -1.0)=   -5 ( -1.0, -1.0)=   -5 ( -1.0, -1.0)=   -5 ( -1.0, -1.0)=   -5 ( -1.0, -1.0)=   -5 ( -1.0, -1.0)=   -5 ( -1.0, -1.0)=   -5 ( -1.0, -1.0)=   -5 ( -1.0, -1.0)=   -5 ( -1.0, -1.0)=   -5 ( -1.0, -1.0)=   -5 ( -1.0, -1.0)=   -5 
    151 | (289.0,277.0)= 4449 (294.7,268.9)=    0 (296.0,261.3)=    0 (299.7,252.4)=    0 (302.3,245.6)=    0 (298.9,242.8)=    0 (288.3,244.2)=    0 (274.4,243.5)=    0 (261.7,246.5)=    0 (244.9,249.7)=    0 (226.7,254.2)=    0 (208.0,258.9)=    0 (190.1,258.2)=    0 ( -1.0, -1.0)=   -5 ( -1.0, -1.0)=   -5 ( -1.0, -1.0)=   -5 ( -1.0, -1.0)=   -5 ( -1.0, -1.0)=   -5 ( -1.0, -1.0)=   -5 ( -1.0, -1.0)=   -5 ( -1.0, -1.0)=   -5 ( -1.0, -1.0)=   -5 ( -1.0, -1.0)=   -5 ( -1.0, -1.0)=   -5 ( -1.0, -1.0)=   -5 ( -1.0, -1.0)=   -5 ( -1.0, -1.0)=   -5 ( -1.0, -1.0)=   -5 ( -1.0, -1.0)=   -5 ( -1.0, -1.0)=   -5 ( -1.0, -1.0)=   -5 ( -1.0, -1.0)=   -5 ( -1.0, -1.0)=   -5 ( -1.0, -1.0)=   -5 ( -1.0, -1.0)=   -5 ( -1.0, -1.0)=   -5 ( -1.0, -1.0)=   -5 ( -1.0, -1.0)=   -5 ( -1.0, -1.0)=   -5 ( -1.0, -1.0)=   -5 ( -1.0, -1.0)=   -5 ( -1.0, -1.0)=   -5 ( -1.0, -1.0)=   -5 ( -1.0, -1.0)=   -5 
    152 | (530.0,552.0)= 4427 (536.1,546.2)=    0 (538.3,541.1)=    0 (542.3,534.1)=    0 (546.3,528.9)=    0 (545.5,528.5)=    0 (537.5,530.9)=    0 (527.2,532.0)=    0 (517.7,535.9)=    0 (505.0,540.9)=    0 (490.8,547.3)=    0 (501.3,540.8)=    0 (487.9,541.8)=    0 (497.5,529.0)=    0 (486.3,529.4)=    0 (475.3,530.8)=    0 (464.4,532.9)=    0 (455.8,537.5)=    0 (445.2,541.0)=    0 (433.1,545.4)=    0 (426.3,549.2)=    0 (421.4,553.5)=    0 (414.3,559.1)=    0 (406.1,564.7)=    0 (393.4,572.7)=    0 (377.4,575.6)=    0 (368.9,570.1)=    0 (359.4,571.6)=    0 (354.2,573.1)=    0 (342.6,570.2)=    0 (330.7,568.2)=    0 (327.0,564.8)=    0 (325.3,567.3)=    0 (325.8,572.3)=    0 (323.6,577.5)=    0 (318.5,580.5)=    0 (311.7,581.0)=    0 (299.4,583.3)=    0 (286.6,585.3)=    0 (274.7,583.6)=    0 (264.5,580.8)=    0 (249.6,578.6)=    0 (239.4,577.5)=    0 (242.0,577.8)=    0 
    153 | (182.0,218.0)= 4415 (187.1,209.0)=    0 (187.6,200.3)=    0 (190.4,190.7)=    0 (192.2,183.4)=    0 ( -1.0, -1.0)=   -5 ( -1.0, -1.0)=   -5 ( -1.0, -1.0)=   -5 ( -1.0, -1.0)=   -5 ( -1.0, -1.0)=   -5 ( -1.0, -1.0)=   -5 ( -1.0, -1.0)=   -5 ( -1.0, -1.0)=   -5 ( -1.0, -1.0)=   -5 ( -1.0, -1.0)=   -5 ( -1.0, -1.0)=   -5 ( -1.0, -1.0)=   -5 ( -1.0, -1.0)=   -5 ( -1.0, -1.0)=   -5 ( -1.0, -1.0)=   -5 ( -1.0, -1.0)=   -5 ( -1.0, -1.0)=   -5 ( -1.0, -1.0)=   -5 ( -1.0, -1.0)=   -5 ( -1.0, -1.0)=   -5 ( -1.0, -1.0)=   -5 ( -1.0, -1.0)=   -5 ( -1.0, -1.0)=   -5 ( -1.0, -1.0)=   -5 ( -1.0, -1.0)=   -5 ( -1.0, -1.0)=   -5 ( -1.0, -1.0)=   -5 ( -1.0, -1.0)=   -5 ( -1.0, -1.0)=   -5 ( -1.0, -1.0)=   -5 ( -1.0, -1.0)=   -5 ( -1.0, -1.0)=   -5 ( -1.0, -1.0)=   -5 ( -1.0, -1.0)=   -5 ( -1.0, -1.0)=   -5 ( -1.0, -1.0)=   -5 ( -1.0, -1.0)=   -5 ( -1.0, -1.0)=   -5 ( -1.0, -1.0)=   -5 
    154 | (348.0,524.0)= 4411 (353.1,517.8)=    0 (354.4,512.0)=    0 (358.0,504.6)=    0 (360.8,499.4)=    0 (358.0,498.8)=    0 (349.1,501.3)=    0 (337.1,502.6)=    0 (326.5,507.0)=    0 (312.4,512.4)=    0 (296.4,518.8)=    0 (280.3,524.6)=    0 (264.9,526.1)=    0 (245.3,525.8)=    0 (231.7,526.2)=    0 (218.2,527.6)=    0 (205.3,529.2)=    0 (195.2,533.1)=    0 (181.7,535.9)=    0 (166.2,540.3)=    0 (156.6,543.9)=    0 (148.9,548.6)=    0 (141.0,554.6)=    0 (131.1,560.3)=    0 (119.2,568.2)=    0 (103.4,570.4)=    0 ( 93.8,564.1)=    0 ( 85.0,565.2)=    0 ( 80.4,565.7)=    0 ( 67.8,561.1)=    0 ( 55.0,557.6)=    0 ( 49.1,552.0)=    0 ( 47.8,552.8)=    0 ( 49.9,556.0)=    0 ( 49.7,559.5)=    0 ( 45.6,560.3)=    0 ( 39.6,558.9)=    0 ( 26.8,558.3)=    0 ( -1.0, -1.0)=   -4 ( -1.0, -1.0)=   -4 ( -1.0, -1.0)=   -4 ( -1.0, -1.0)=   -4 ( -1.0, -1.0)=   -4 ( -1.0, -1.0)=   -4 
    155 | (176.0,342.0)= 4410 (180.8,334.0)=    0 (181.2,326.4)=    0 (184.2,317.8)=    0 (186.2,311.5)=    0 (180.8,310.0)=    0 (168.7,312.5)=    0 (152.4,313.0)=    0 (138.3,317.0)=    0 (119.3,321.9)=    0 ( -1.0, -1.0)=   -5 ( -1.0, -1.0)=   -5 ( -1.0, -1.0)=   -5 ( -1.0, -1.0)=   -5 ( -1.0, -1.0)=   -5 ( -1.0, -1.0)=   -5 ( -1.0, -1.0)=   -5 ( -1.0, -1.0)=   -5 ( -1.0, -1.0)=   -5 ( -1.0, -1.0)=   -5 ( -1.0, -1.0)=   -5 ( -1.0, -1.0)=   -5 ( -1.0, -1.0)=   -5 ( -1.0, -1.0)=   -5 ( -1.0, -1.0)=   -5 ( -1.0, -1.0)=   -5 ( -1.0, -1.0)=   -5 ( -1.0, -1.0)=   -5 ( -1.0, -1.0)=   -5 ( -1.0, -1.0)=   -5 ( -1.0, -1.0)=   -5 ( -1.0, -1.0)=   -5 ( -1.0, -1.0)=   -5 ( -1.0, -1.0)=   -5 ( -1.0, -1.0)=   -5 ( -1.0, -1.0)=   -5 ( -1.0, -1.0)=   -5 ( -1.0, -1.0)=   -5 ( -1.0, -1.0)=   -5 ( -1.0, -1.0)=   -5 ( -1.0, -1.0)=   -5 ( -1.0, -1.0)=   -5 ( -1.0, -1.0)=   -5 ( -1.0, -1.0)=   -5 
    156 | (200.0,365.0)= 4383 (204.8,357.2)=    0 (205.3,349.9)=    0 (208.4,341.1)=    0 (210.5,335.0)=    0 (205.8,333.8)=    0 (194.8,336.1)=    0 (179.5,336.8)=    0 (166.6,341.0)=    0 (148.7,345.9)=    0 (134.1,359.9)=    0 ( -1.0, -1.0)=   -5 ( -1.0, -1.0)=   -5 ( -1.0, -1.0)=   -5 ( -1.0, -1.0)=   -5 ( -1.0, -1.0)=   -5 ( -1.0, -1.0)=   -5 ( -1.0, -1.0)=   -5 ( -1.0, -1.0)=   -5 ( -1.0, -1.0)=   -5 ( -1.0, -1.0)=   -5 ( -1.0, -1.0)=   -5 ( -1.0, -1.0)=   -5 ( -1.0, -1.0)=   -5 ( -1.0, -1.0)=   -5 ( -1.0, -1.0)=   -5 ( -1.0, -1.0)=   -5 ( -1.0, -1.0)=   -5 ( -1.0, -1.0)=   -5 ( -1.0, -1.0)=   -5 ( -1.0, -1.0)=   -5 ( -1.0, -1.0)=   -5 ( -1.0, -1.0)=   -5 ( -1.0, -1.0)=   -5 ( -1.0, -1.0)=   -5 ( -1.0, -1.0)=   -5 ( -1.0, -1.0)=   -5 ( -1.0, -1.0)=   -5 ( -1.0, -1.0)=   -5 ( -1.0, -1.0)=   -5 ( -1.0, -1.0)=   -5 ( -1.0, -1.0)=   -5 ( -1.0, -1.0)=   -5 ( -1.0, -1.0)=   -5 
    157 | (647.0,661.0)= 4375 (653.5,656.1)=    0 (655.9,651.8)=    0 (659.8,645.3)=    0 (664.1,640.9)=    0 (663.9,641.7)=    0 (655.1,645.2)=    0 (644.7,647.6)=    0 (634.8,652.6)=    0 (621.9,659.3)=    0 (607.1,667.4)=    0 (590.2,673.8)=    0 (575.5,676.3)=    0 (556.9,677.9)=    0 (543.5,679.9)=    0 (529.9,683.6)=    0 (516.2,687.7)=    0 (504.5,694.2)=    0 (490.9,700.1)=    0 (475.3,707.8)=    0 (466.4,714.6)=    0 (459.6,721.9)=    0 (449.3,729.5)=    0 (438.0,737.6)=    0 (421.2,746.9)=    0 (400.0,750.3)=    0 (388.0,745.1)=    0 (375.0,747.4)=    0 (366.8,749.4)=    0 (350.5,747.3)=    0 (334.1,746.6)=    0 (325.7,745.1)=    0 (319.9,748.6)=    0 (316.8,754.1)=    0 (310.8,759.3)=    0 (300.6,762.8)=    0 (288.8,763.6)=    0 ( -1.0, -1.0)=   -5 ( -1.0, -1.0)=   -5 ( -1.0, -1.0)=   -5 ( -1.0, -1.0)=   -5 ( -1.0, -1.0)=   -5 ( -1.0, -1.0)=   -5 ( -1.0, -1.0)=   -5 
    158 | (394.0,482.0)= 4364 (399.7,476.0)=    0 (401.6,470.1)=    0 (405.6,462.7)=    0 (409.3,457.3)=    0 (407.7,455.9)=    0 (399.7,457.7)=    0 (389.3,458.3)=    0 (380.1,461.7)=    0 (367.3,466.0)=    0 (378.0,461.9)=    0 (388.1,457.7)=    0 (375.4,457.8)=    0 (359.5,455.8)=    0 (348.5,455.3)=    0 (338.0,455.6)=    0 (328.0,456.5)=    0 (320.8,459.7)=    0 (310.3,461.7)=    0 (299.0,464.9)=    0 (292.5,467.5)=    0 (288.0,470.8)=    0 (281.9,475.6)=    0 (274.7,480.0)=    0 (264.8,487.7)=    0 (251.8,489.9)=    0 (244.4,483.9)=    0 (237.1,484.9)=    0 (233.9,486.0)=    0 (224.3,481.9)=    0 (214.4,478.8)=    0 (211.9,474.1)=    0 (211.9,475.4)=    0 (214.6,479.4)=    0 (214.5,483.7)=    0 (211.7,485.7)=    0 (207.0,485.4)=    0 (197.3,485.9)=    0 (187.0,486.4)=    0 (177.4,483.4)=    0 (169.5,479.9)=    0 (157.2,476.5)=    0 (148.5,474.5)=    0 (151.2,473.7)=    0 
    159 | (441.0,495.0)= 4361 (446.8,488.9)=    0 (448.9,483.2)=    0 (453.2,475.9)=    0 (456.6,470.5)=    0 (455.5,469.3)=    0 (447.6,471.3)=    0 (437.5,471.9)=    0 (428.1,475.3)=    0 ( -1.0, -1.0)=   -5 ( -1.0, -1.0)=   -5 ( -1.0, -1.0)=   -5 ( -1.0, -1.0)=   -5 ( -1.0, -1.0)=   -5 ( -1.0, -1.0)=   -5 ( -1.0, -1.0)=   -5 ( -1.0, -1.0)=   -5 ( -1.0, -1.0)=   -5 ( -1.0, -1.0)=   -5 ( -1.0, -1.0)=   -5 ( -1.0, -1.0)=   -5 ( -1.0, -1.0)=   -5 ( -1.0, -1.0)=   -5 ( -1.0, -1.0)=   -5 ( -1.0, -1.0)=   -5 ( -1.0, -1.0)=   -5 ( -1.0, -1.0)=   -5 ( -1.0, -1.0)=   -5 ( -1.0, -1.0)=   -5 ( -1.0, -1.0)=   -5 ( -1.0, -1.0)=   -5 ( -1.0, -1.0)=   -5 ( -1.0, -1.0)=   -5 ( -1.0, -1.0)=   -5 ( -1.0, -1.0)=   -5 ( -1.0, -1.0)=   -5 ( -1.0, -1.0)=   -5 ( -1.0, -1.0)=   -5 ( -1.0, -1.0)=   -5 ( -1.0, -1.0)=   -5 ( -1.0, -1.0)=   -5 ( -1.0, -1.0)=   -5 ( -1.0, -1.0)=   -5 ( -1.0, -1.0)=   -5 
    160 | (448.0,515.0)= 4353 (453.5,509.1)=    0 (455.7,503.3)=    0 (459.6,496.2)=    0 (463.2,490.8)=    0 (461.7,490.0)=    0 (453.5,492.0)=    0 (443.1,493.0)=    0 (433.6,496.7)=    0 (420.6,501.5)=    0 (432.0,497.0)=    0 (442.7,491.4)=    0 (429.7,491.7)=    0 (413.5,490.3)=    0 (402.3,490.1)=    0 (391.2,491.0)=    0 (380.6,492.4)=    0 (372.6,496.2)=    0 (361.8,498.9)=    0 (349.8,502.6)=    0 (343.1,505.9)=    0 (338.2,509.8)=    0 (331.4,515.1)=    0 (323.8,520.1)=    0 (343.8,515.8)=    0 (329.7,518.4)=    0 (322.2,512.8)=    0 (314.2,514.1)=    0 (310.2,515.3)=    0 (300.1,511.8)=    0 (289.8,509.6)=    0 (287.1,505.4)=    0 (286.7,507.5)=    0 (288.5,512.2)=    0 (287.5,517.1)=    0 (283.9,519.7)=    0 (278.5,520.1)=    0 (268.0,521.7)=    0 (256.8,522.9)=    0 (246.7,520.8)=    0 (238.0,517.9)=    0 (224.8,515.2)=    0 (216.0,513.8)=    0 (218.8,513.7)=    0 
    161 | (510.0,402.0)= 4336 (516.2,395.9)=    0 (519.6,390.0)=    0 (524.9,382.5)=    0 (529.6,376.6)=    0 (530.4,373.9)=    0 (524.9,374.2)=    0 (517.4,373.2)=    0 (510.3,374.9)=    0 (500.7,377.4)=    0 (490.0,380.7)=    0 (478.4,383.8)=    0 (468.3,382.7)=    0 (455.6,379.3)=    0 (447.3,377.9)=    0 (439.7,377.1)=    0 (432.3,377.2)=    0 (427.5,379.6)=    0 (420.6,380.8)=    0 (412.7,382.6)=    0 (409.2,384.0)=    0 (407.4,385.8)=    0 (403.7,389.9)=    0 (399.4,393.1)=    0 (391.2,399.9)=    0 (380.6,402.1)=    0 (375.8,396.3)=    0 (370.4,397.0)=    0 (368.5,397.8)=    0 (361.9,394.2)=    0 (355.2,391.6)=    0 (356.1,386.9)=    0 (357.9,388.6)=    0 (361.5,393.2)=    0 (362.3,398.4)=    0 (361.2,401.3)=    0 (358.1,402.1)=    0 (351.3,403.6)=    0 (343.8,404.9)=    0 (337.2,403.2)=    0 (331.5,400.5)=    0 (321.7,398.5)=    0 (315.6,396.9)=    0 (319.4,396.2)=    0 
    162 | (273.0,226.0)= 4328 (278.5,217.2)=    0 (279.7,209.2)=    0 (283.4,199.8)=    0 (286.0,192.5)=    0 (281.7,189.3)=    0 (270.4,190.8)=    0 (255.4,189.4)=    0 (241.9,192.3)=    0 (223.9,195.3)=    0 (204.4,199.3)=    0 (184.4,204.2)=    0 (165.4,203.1)=    0 ( -1.0, -1.0)=   -5 ( -1.0, -1.0)=   -5 ( -1.0, -1.0)=   -5 ( -1.0, -1.0)=   -5 ( -1.0, -1.0)=   -5 ( -1.0, -1.0)=   -5 ( -1.0, -1.0)=   -5 ( -1.0, -1.0)=   -5 ( -1.0, -1.0)=   -5 ( -1.0, -1.0)=   -5 ( -1.0, -1.0)=   -5 ( -1.0, -1.0)=   -5 ( -1.0, -1.0)=   -5 ( -1.0, -1.0)=   -5 ( -1.0, -1.0)=   -5 ( -1.0, -1.0)=   -5 ( -1.0, -1.0)=   -5 ( -1.0, -1.0)=   -5 ( -1.0, -1.0)=   -5 ( -1.0, -1.0)=   -5 ( -1.0, -1.0)=   -5 ( -1.0, -1.0)=   -5 ( -1.0, -1.0)=   -5 ( -1.0, -1.0)=   -5 ( -1.0, -1.0)=   -5 ( -1.0, -1.0)=   -5 ( -1.0, -1.0)=   -5 ( -1.0, -1.0)=   -5 ( -1.0, -1.0)=   -5 ( -1.0, -1.0)=   -5 ( -1.0, -1.0)=   -5 
    163 | (296.0,185.0)= 4326 (302.0,176.0)=    0 (303.5,167.6)=    0 (307.3,157.9)=    0 (310.0,150.1)=    0 (306.0,146.6)=    0 (294.5,147.4)=    0 (279.5,145.3)=    0 (266.1,147.9)=    0 (248.0,150.5)=    0 (228.6,154.1)=    0 (208.8,158.6)=    0 (189.8,156.9)=    0 (165.4,151.3)=    0 (149.1,148.8)=    0 (133.0,147.0)=    0 (118.0,145.6)=    0 (106.8,148.3)=    0 ( 91.3,147.9)=    0 ( 72.8,148.1)=    0 ( 60.7,148.7)=    0 ( 50.4,150.0)=    0 ( 40.3,156.0)=    0 ( 28.2,160.1)=    0 ( -1.0, -1.0)=   -4 ( -1.0, -1.0)=   -4 ( -1.0, -1.0)=   -4 ( -1.0, -1.0)=   -4 ( -1.0, -1.0)=   -4 ( -1.0, -1.0)=   -4 ( -1.0, -1.0)=   -4 ( -1.0, -1.0)=   -4 ( -1.0, -1.0)=   -4 ( -1.0, -1.0)=   -4 ( -1.0, -1.0)=   -4 ( -1.0, -1.0)=   -4 ( -1.0, -1.0)=   -4 ( -1.0, -1.0)=   -4 ( -1.0, -1.0)=   -4 ( -1.0, -1.0)=   -4 ( -1.0, -1.0)=   -4 ( -1.0, -1.0)=   -4 ( -1.0, -1.0)=   -4 ( -1.0, -1.0)=   -4 
    164 | (259.0,246.0)= 4323 (264.5,237.5)=    0 (265.7,229.5)=    0 (269.1,220.2)=    0 (271.6,212.9)=    0 (267.1,210.3)=    0 (255.9,211.9)=    0 (240.7,210.9)=    0 (227.2,214.0)=    0 (208.9,217.4)=    0 (189.4,221.8)=    0 (169.6,226.9)=    0 (162.5,234.2)=    0 ( -1.0, -1.0)=   -5 ( -1.0, -1.0)=   -5 ( -1.0, -1.0)=   -5 ( -1.0, -1.0)=   -5 ( -1.0, -1.0)=   -5 ( -1.0, -1.0)=   -5 ( -1.0, -1.0)=   -5 ( -1.0, -1.0)=   -5 ( -1.0, -1.0)=   -5 ( -1.0, -1.0)=   -5 ( -1.0, -1.0)=   -5 ( -1.0, -1.0)=   -5 ( -1.0, -1.0)=   -5 ( -1.0, -1.0)=   -5 ( -1.0, -1.0)=   -5 ( -1.0, -1.0)=   -5 ( -1.0, -1.0)=   -5 ( -1.0, -1.0)=   -5 ( -1.0, -1.0)=   -5 ( -1.0, -1.0)=   -5 ( -1.0, -1.0)=   -5 ( -1.0, -1.0)=   -5 ( -1.0, -1.0)=   -5 ( -1.0, -1.0)=   -5 ( -1.0, -1.0)=   -5 ( -1.0, -1.0)=   -5 ( -1.0, -1.0)=   -5 ( -1.0, -1.0)=   -5 ( -1.0, -1.0)=   -5 ( -1.0, -1.0)=   -5 ( -1.0, -1.0)=   -5 
    165 | (470.0,506.0)= 4322 (475.9,499.9)=    0 (478.1,494.3)=    0 (482.3,487.1)=    0 (486.0,481.7)=    0 (485.1,480.5)=    0 (477.2,482.4)=    0 (467.4,483.1)=    0 (458.2,486.5)=    0 (445.8,490.9)=    0 ( -1.0, -1.0)=   -5 ( -1.0, -1.0)=   -5 ( -1.0, -1.0)=   -5 ( -1.0, -1.0)=   -5 ( -1.0, -1.0)=   -5 ( -1.0, -1.0)=   -5 ( -1.0, -1.0)=   -5 ( -1.0, -1.0)=   -5 ( -1.0, -1.0)=   -5 ( -1.0, -1.0)=   -5 ( -1.0, -1.0)=   -5 ( -1.0, -1.0)=   -5 ( -1.0, -1.0)=   -5 ( -1.0, -1.0)=   -5 ( -1.0, -1.0)=   -5 ( -1.0, -1.0)=   -5 ( -1.0, -1.0)=   -5 ( -1.0, -1.0)=   -5 ( -1.0, -1.0)=   -5 ( -1.0, -1.0)=   -5 ( -1.0, -1.0)=   -5 ( -1.0, -1.0)=   -5 ( -1.0, -1.0)=   -5 ( -1.0, -1.0)=   -5 ( -1.0, -1.0)=   -5 ( -1.0, -1.0)=   -5 ( -1.0, -1.0)=   -5 ( -1.0, -1.0)=   -5 ( -1.0, -1.0)=   -5 ( -1.0, -1.0)=   -5 ( -1.0, -1.0)=   -5 ( -1.0, -1.0)=   -5 ( -1.0, -1.0)=   -5 ( -1.0, -1.0)=   -5 
    166 | (551.0,542.0)= 4314 (557.1,536.4)=    0 (559.7,531.2)=    0 (564.0,524.2)=    0 (568.3,519.0)=    0 (568.0,518.4)=    0 (560.2,520.5)=    0 (550.5,521.5)=    0 (541.5,525.1)=    0 (529.4,529.8)=    0 (515.7,535.8)=    0 (525.9,529.5)=    0 (512.9,530.3)=    0 (496.9,529.4)=    0 (485.7,529.8)=    0 (474.6,531.2)=    0 (463.8,533.3)=    0 (455.3,537.9)=    0 (444.5,541.4)=    0 (432.5,545.8)=    0 (425.7,549.6)=    0 (420.8,553.9)=    0 (413.7,559.5)=    0 (405.5,565.1)=    0 (392.9,573.1)=    0 (376.9,576.1)=    0 (368.3,570.5)=    0 (358.8,572.0)=    0 (353.6,573.5)=    0 (342.1,570.6)=    0 (330.1,568.6)=    0 (326.4,565.2)=    0 (324.7,567.6)=    0 (325.2,572.7)=    0 (323.0,577.9)=    0 (317.9,580.8)=    0 (311.1,581.3)=    0 (298.8,583.6)=    0 (286.1,585.6)=    0 (274.2,583.9)=    0 (263.9,581.1)=    0 (249.0,578.8)=    0 (238.8,577.8)=    0 (241.4,578.1)=    0 
    167 | (214.0,203.0)= 4308 (219.5,193.5)=    0 (220.1,185.1)=    0 (223.2,175.5)=    0 (225.5,167.9)=    0 (220.0,164.8)=    0 (207.2,166.5)=    0 (190.2,165.4)=    0 (175.3,168.5)=    0 (184.2,158.2)=    0 (163.1,162.2)=    0 (168.7,162.4)=    0 ( -1.0, -1.0)=   -5 ( -1.0, -1.0)=   -5 ( -1.0, -1.0)=   -5 ( -1.0, -1.0)=   -5 ( -1.0, -1.0)=   -5 ( -1.0, -1.0)=   -5 ( -1.0, -1.0)=   -5 ( -1.0, -1.0)=   -5 ( -1.0, -1.0)=   -5 ( -1.0, -1.0)=   -5 ( -1.0, -1.0)=   -5 ( -1.0, -1.0)=   -5 ( -1.0, -1.0)=   -5 ( -1.0, -1.0)=   -5 ( -1.0, -1.0)=   -5 ( -1.0, -1.0)=   -5 ( -1.0, -1.0)=   -5 ( -1.0, -1.0)=   -5 ( -1.0, -1.0)=   -5 ( -1.0, -1.0)=   -5 ( -1.0, -1.0)=   -5 ( -1.0, -1.0)=   -5 ( -1.0, -1.0)=   -5 ( -1.0, -1.0)=   -5 ( -1.0, -1.0)=   -5 ( -1.0, -1.0)=   -5 ( -1.0, -1.0)=   -5 ( -1.0, -1.0)=   -5 ( -1.0, -1.0)=   -5 ( -1.0, -1.0)=   -5 ( -1.0, -1.0)=   -5 ( -1.0, -1.0)=   -5 
    168 | (220.0,298.0)= 4300 (225.2,289.9)=    0 (226.0,282.1)=    0 (229.2,273.2)=    0 (231.2,266.6)=    0 (226.6,264.4)=    0 (214.7,266.5)=    0 (199.5,266.5)=    0 (185.8,270.1)=    0 (167.3,274.3)=    0 (147.5,279.5)=    0 (127.6,285.1)=    0 (108.2,284.9)=    0 ( 82.9,281.7)=    0 ( 65.6,280.5)=    0 ( 48.9,280.3)=    0 ( 33.3,279.9)=    0 ( -1.0, -1.0)=   -4 ( -1.0, -1.0)=   -4 ( -1.0, -1.0)=   -4 ( -1.0, -1.0)=   -4 ( -1.0, -1.0)=   -4 ( -1.0, -1.0)=   -4 ( -1.0, -1.0)=   -4 ( -1.0, -1.0)=   -4 ( -1.0, -1.0)=   -4 ( -1.0, -1.0)=   -4 ( -1.0, -1.0)=   -4 ( -1.0, -1.0)=   -4 ( -1.0, -1.0)=   -4 ( -1.0, -1.0)=   -4 ( -1.0, -1.0)=   -4 ( -1.0, -1.0)=   -4 ( -1.0, -1.0)=   -4 ( -1.0, -1.0)=   -4 ( -1.0, -1.0)=   -4 ( -1.0, -1.0)=   -4 ( -1.0, -1.0)=   -4 ( -1.0, -1.0)=   -4 ( -1.0, -1.0)=   -4 ( -1.0, -1.0)=   -4 ( -1.0, -1.0)=   -4 ( -1.0, -1.0)=   -4 ( -1.0, -1.0)=   -4 
    169 | (276.0,331.0)= 4286 (281.5,323.4)=    0 (282.6,316.0)=    0 (286.2,307.2)=    0 (289.0,300.9)=    0 (285.4,298.7)=    0 (274.9,300.6)=    0 (261.2,300.4)=    0 (249.0,303.8)=    0 (232.5,307.7)=    0 (214.5,312.6)=    0 (196.7,317.7)=    0 (179.2,317.6)=    0 (160.5,341.4)=    0 (145.5,340.5)=    0 (131.0,340.3)=    0 (117.3,340.4)=    0 ( -1.0, -1.0)=   -5 ( -1.0, -1.0)=   -5 ( -1.0, -1.0)=   -5 ( -1.0, -1.0)=   -5 ( -1.0, -1.0)=   -5 ( -1.0, -1.0)=   -5 ( -1.0, -1.0)=   -5 ( -1.0, -1.0)=   -5 ( -1.0, -1.0)=   -5 ( -1.0, -1.0)=   -5 ( -1.0, -1.0)=   -5 ( -1.0, -1.0)=   -5 ( -1.0, -1.0)=   -5 ( -1.0, -1.0)=   -5 ( -1.0, -1.0)=   -5 ( -1.0, -1.0)=   -5 ( -1.0, -1.0)=   -5 ( -1.0, -1.0)=   -5 ( -1.0, -1.0)=   -5 ( -1.0, -1.0)=   -5 ( -1.0, -1.0)=   -5 ( -1.0, -1.0)=   -5 ( -1.0, -1.0)=   -5 ( -1.0, -1.0)=   -5 ( -1.0, -1.0)=   -5 ( -1.0, -1.0)=   -5 ( -1.0, -1.0)=   -5 
    170 | (244.0,192.0)= 4279 (249.6,182.6)=    0 (250.6,174.1)=    0 (254.0,164.4)=    0 (256.4,156.7)=    0 (251.5,153.3)=    0 (239.2,154.7)=    0 (223.1,153.5)=    0 (208.6,156.4)=    0 (189.3,159.2)=    0 (168.4,163.5)=    0 ( -1.0, -1.0)=   -5 ( -1.0, -1.0)=   -5 ( -1.0, -1.0)=   -5 ( -1.0, -1.0)=   -5 ( -1.0, -1.0)=   -5 ( -1.0, -1.0)=   -5 ( -1.0, -1.0)=   -5 ( -1.0, -1.0)=   -5 ( -1.0, -1.0)=   -5 ( -1.0, -1.0)=   -5 ( -1.0, -1.0)=   -5 ( -1.0, -1.0)=   -5 ( -1.0, -1.0)=   -5 ( -1.0, -1.0)=   -5 ( -1.0, -1.0)=   -5 ( -1.0, -1.0)=   -5 ( -1.0, -1.0)=   -5 ( -1.0, -1.0)=   -5 ( -1.0, -1.0)=   -5 ( -1.0, -1.0)=   -5 ( -1.0, -1.0)=   -5 ( -1.0, -1.0)=   -5 ( -1.0, -1.0)=   -5 ( -1.0, -1.0)=   -5 ( -1.0, -1.0)=   -5 ( -1.0, -1.0)=   -5 ( -1.0, -1.0)=   -5 ( -1.0, -1.0)=   -5 ( -1.0, -1.0)=   -5 ( -1.0, -1.0)=   -5 ( -1.0, -1.0)=   -5 ( -1.0, -1.0)=   -5 ( -1.0, -1.0)=   -5 
    171 | (202.0,349.0)= 4260 (206.9,341.0)=    0 (207.7,333.5)=    0 (210.6,324.9)=    0 (212.6,318.6)=    0 (208.0,317.2)=    0 ( -1.0, -1.0)=   -5 ( -1.0, -1.0)=   -5 ( -1.0, -1.0)=   -5 ( -1.0, -1.0)=   -5 ( -1.0, -1.0)=   -5 ( -1.0, -1.0)=   -5 ( -1.0, -1.0)=   -5 ( -1.0, -1.0)=   -5 ( -1.0, -1.0)=   -5 ( -1.0, -1.0)=   -5 ( -1.0, -1.0)=   -5 ( -1.0, -1.0)=   -5 ( -1.0, -1.0)=   -5 ( -1.0, -1.0)=   -5 ( -1.0, -1.0)=   -5 ( -1.0, -1.0)=   -5 ( -1.0, -1.0)=   -5 ( -1.0, -1.0)=   -5 ( -1.0, -1.0)=   -5 ( -1.0, -1.0)=   -5 ( -1.0, -1.0)=   -5 ( -1.0, -1.0)=   -5 ( -1.0, -1.0)=   -5 ( -1.0, -1.0)=   -5 ( -1.0, -1.0)=   -5 ( -1.0, -1.0)=   -5 ( -1.0, -1.0)=   -5 ( -1.0, -1.0)=   -5 ( -1.0, -1.0)=   -5 ( -1.0, -1.0)=   -5 ( -1.0, -1.0)=   -5 ( -1.0, -1.0)=   -5 ( -1.0, -1.0)=   -5 ( -1.0, -1.0)=   -5 ( -1.0, -1.0)=   -5 ( -1.0, -1.0)=   -5 ( -1.0, -1.0)=   -5 ( -1.0, -1.0)=   -5 
    172 | (298.0,266.0)= 4253 (303.8,257.9)=    0 (305.3,250.2)=    0 (308.9,241.2)=    0 (311.8,234.1)=    0 (308.3,231.4)=    0 (297.5,232.6)=    0 (283.5,231.6)=    0 (270.9,234.6)=    0 (254.2,237.8)=    0 (236.0,242.1)=    0 (217.4,246.7)=    0 (199.8,245.8)=    0 (177.1,241.7)=    0 (161.6,239.7)=    0 (146.6,238.9)=    0 (132.4,238.2)=    0 (122.1,241.3)=    0 (107.5,241.5)=    0 ( 90.3,242.6)=    0 ( 79.0,244.3)=    0 ( 69.9,246.5)=    0 ( 60.8,252.2)=    0 ( 49.6,256.5)=    0 ( 37.4,266.0)=    0 ( -1.0, -1.0)=   -4 ( -1.0, -1.0)=   -4 ( -1.0, -1.0)=   -4 ( -1.0, -1.0)=   -4 ( -1.0, -1.0)=   -4 ( -1.0, -1.0)=   -4 ( -1.0, -1.0)=   -4 ( -1.0, -1.0)=   -4 ( -1.0, -1.0)=   -4 ( -1.0, -1.0)=   -4 ( -1.0, -1.0)=   -4 ( -1.0, -1.0)=   -4 ( -1.0, -1.0)=   -4 ( -1.0, -1.0)=   -4 ( -1.0, -1.0)=   -4 ( -1.0, -1.0)=   -4 ( -1.0, -1.0)=   -4 ( -1.0, -1.0)=   -4 ( -1.0, -1.0)=   -4 
    173 | (218.0,271.0)= 4253 (223.2,262.4)=    0 (223.9,254.4)=    0 (227.2,245.3)=    0 (229.3,238.5)=    0 (224.3,236.0)=    0 (212.5,237.9)=    0 (196.5,237.6)=    0 (182.6,241.4)=    0 (198.7,228.8)=    0 (207.5,218.8)=    0 (188.1,223.8)=    0 (168.7,222.8)=    0 ( -1.0, -1.0)=   -5 ( -1.0, -1.0)=   -5 ( -1.0, -1.0)=   -5 ( -1.0, -1.0)=   -5 ( -1.0, -1.0)=   -5 ( -1.0, -1.0)=   -5 ( -1.0, -1.0)=   -5 ( -1.0, -1.0)=   -5 ( -1.0, -1.0)=   -5 ( -1.0, -1.0)=   -5 ( -1.0, -1.0)=   -5 ( -1.0, -1.0)=   -5 ( -1.0, -1.0)=   -5 ( -1.0, -1.0)=   -5 ( -1.0, -1.0)=   -5 ( -1.0, -1.0)=   -5 ( -1.0, -1.0)=   -5 ( -1.0, -1.0)=   -5 ( -1.0, -1.0)=   -5 ( -1.0, -1.0)=   -5 ( -1.0, -1.0)=   -5 ( -1.0, -1.0)=   -5 ( -1.0, -1.0)=   -5 ( -1.0, -1.0)=   -5 ( -1.0, -1.0)=   -5 ( -1.0, -1.0)=   -5 ( -1.0, -1.0)=   -5 ( -1.0, -1.0)=   -5 ( -1.0, -1.0)=   -5 ( -1.0, -1.0)=   -5 ( -1.0, -1.0)=   -5 
    174 | (217.0,185.0)= 4251 (222.5,175.6)=    0 (223.3,166.8)=    0 (226.4,157.1)=    0 (228.7,149.4)=    0 (223.2,146.1)=    0 (210.1,147.7)=    0 (193.2,146.3)=    0 (178.3,149.3)=    0 (157.8,152.4)=    0 (136.1,156.7)=    0 (114.5,162.0)=    0 ( 93.5,160.6)=    0 ( 65.9,155.4)=    0 ( 46.9,153.1)=    0 ( 29.0,151.7)=    0 ( -1.0, -1.0)=   -4 ( -1.0, -1.0)=   -4 ( -1.0, -1.0)=   -4 ( -1.0, -1.0)=   -4 ( -1.0, -1.0)=   -4 ( -1.0, -1.0)=   -4 ( -1.0, -1.0)=   -4 ( -1.0, -1.0)=   -4 ( -1.0, -1.0)=   -4 ( -1.0, -1.0)=   -4 ( -1.0, -1.0)=   -4 ( -1.0, -1.0)=   -4 ( -1.0, -1.0)=   -4 ( -1.0, -1.0)=   -4 ( -1.0, -1.0)=   -4 ( -1.0, -1.0)=   -4 ( -1.0, -1.0)=   -4 ( -1.0, -1.0)=   -4 ( -1.0, -1.0)=   -4 ( -1.0, -1.0)=   -4 ( -1.0, -1.0)=   -4 ( -1.0, -1.0)=   -4 ( -1.0, -1.0)=   -4 ( -1.0, -1.0)=   -4 ( -1.0, -1.0)=   -4 ( -1.0, -1.0)=   -4 ( -1.0, -1.0)=   -4 ( -1.0, -1.0)=   -4 
    175 | (234.0,193.0)= 4246 (239.4,183.7)=    0 (240.4,175.1)=    0 (243.8,165.6)=    0 (245.7,157.8)=    0 (240.6,154.5)=    0 (228.1,156.0)=    0 (211.6,154.7)=    0 (197.0,157.7)=    0 (177.6,160.8)=    0 (156.5,165.1)=    0 (135.2,170.2)=    0 (114.4,168.8)=    0 (100.2,161.9)=    0 ( 99.0,156.1)=    0 ( -1.0, -1.0)=   -5 ( -1.0, -1.0)=   -5 ( -1.0, -1.0)=   -5 ( -1.0, -1.0)=   -5 ( -1.0, -1.0)=   -5 ( -1.0, -1.0)=   -5 ( -1.0, -1.0)=   -5 ( -1.0, -1.0)=   -5 ( -1.0, -1.0)=   -5 ( -1.0, -1.0)=   -5 ( -1.0, -1.0)=   -5 ( -1.0, -1.0)=   -5 ( -1.0, -1.0)=   -5 ( -1.0, -1.0)=   -5 ( -1.0, -1.0)=   -5 ( -1.0, -1.0)=   -5 ( -1.0, -1.0)=   -5 ( -1.0, -1.0)=   -5 ( -1.0, -1.0)=   -5 ( -1.0, -1.0)=   -5 ( -1.0, -1.0)=   -5 ( -1.0, -1.0)=   -5 ( -1.0, -1.0)=   -5 ( -1.0, -1.0)=   -5 ( -1.0, -1.0)=   -5 ( -1.0, -1.0)=   -5 ( -1.0, -1.0)=   -5 ( -1.0, -1.0)=   -5 ( -1.0, -1.0)=   -5 
    176 | (208.0,250.0)= 4241 (213.2,241.1)=    0 (213.9,233.2)=    0 (217.1,223.7)=    0 (219.6,216.3)=    0 (214.2,213.8)=    0 (201.9,215.8)=    0 ( -1.0, -1.0)=   -5 ( -1.0, -1.0)=   -5 ( -1.0, -1.0)=   -5 ( -1.0, -1.0)=   -5 ( -1.0, -1.0)=   -5 ( -1.0, -1.0)=   -5 ( -1.0, -1.0)=   -5 ( -1.0, -1.0)=   -5 ( -1.0, -1.0)=   -5 ( -1.0, -1.0)=   -5 ( -1.0, -1.0)=   -5 ( -1.0, -1.0)=   -5 ( -1.0, -1.0)=   -5 ( -1.0, -1.0)=   -5 ( -1.0, -1.0)=   -5 ( -1.0, -1.0)=   -5 ( -1.0, -1.0)=   -5 ( -1.0, -1.0)=   -5 ( -1.0, -1.0)=   -5 ( -1.0, -1.0)=   -5 ( -1.0, -1.0)=   -5 ( -1.0, -1.0)=   -5 ( -1.0, -1.0)=   -5 ( -1.0, -1.0)=   -5 ( -1.0, -1.0)=   -5 ( -1.0, -1.0)=   -5 ( -1.0, -1.0)=   -5 ( -1.0, -1.0)=   -5 ( -1.0, -1.0)=   -5 ( -1.0, -1.0)=   -5 ( -1.0, -1.0)=   -5 ( -1.0, -1.0)=   -5 ( -1.0, -1.0)=   -5 ( -1.0, -1.0)=   -5 ( -1.0, -1.0)=   -5 ( -1.0, -1.0)=   -5 ( -1.0, -1.0)=   -5 
    177 | (184.0,247.0)= 4223 (189.2,238.2)=    0 (189.7,229.7)=    0 (192.7,220.4)=    0 (194.9,213.0)=    0 (189.3,210.2)=    0 (176.5,212.4)=    0 (159.3,212.2)=    0 (144.5,215.6)=    0 (124.3,219.6)=    0 (102.5,224.6)=    0 (106.5,236.8)=    0 ( -1.0, -1.0)=   -5 ( -1.0, -1.0)=   -5 ( -1.0, -1.0)=   -5 ( -1.0, -1.0)=   -5 ( -1.0, -1.0)=   -5 ( -1.0, -1.0)=   -5 ( -1.0, -1.0)=   -5 ( -1.0, -1.0)=   -5 ( -1.0, -1.0)=   -5 ( -1.0, -1.0)=   -5 ( -1.0, -1.0)=   -5 ( -1.0, -1.0)=   -5 ( -1.0, -1.0)=   -5 ( -1.0, -1.0)=   -5 ( -1.0, -1.0)=   -5 ( -1.0, -1.0)=   -5 ( -1.0, -1.0)=   -5 ( -1.0, -1.0)=   -5 ( -1.0, -1.0)=   -5 ( -1.0, -1.0)=   -5 ( -1.0, -1.0)=   -5 ( -1.0, -1.0)=   -5 ( -1.0, -1.0)=   -5 ( -1.0, -1.0)=   -5 ( -1.0, -1.0)=   -5 ( -1.0, -1.0)=   -5 ( -1.0, -1.0)=   -5 ( -1.0, -1.0)=   -5 ( -1.0, -1.0)=   -5 ( -1.0, -1.0)=   -5 ( -1.0, -1.0)=   -5 ( -1.0, -1.0)=   -5 
    178 | (631.0,482.0)= 4210 (637.7,476.5)=    0 (641.5,471.2)=    0 (646.8,464.1)=    0 (652.0,458.6)=    0 (653.3,456.7)=    0 (647.7,457.6)=    0 (640.4,456.9)=    0 (633.2,459.3)=    0 (623.7,462.2)=    0 (612.7,466.3)=    0 (600.1,470.0)=    0 (589.4,469.4)=    0 (576.6,467.2)=    0 (567.7,466.3)=    0 (559.2,466.7)=    0 (550.8,468.0)=    0 (544.7,471.7)=    0 (536.8,474.2)=    0 (528.1,477.4)=    0 (524.0,480.1)=    0 (522.0,483.0)=    0 (516.9,487.6)=    0 (511.6,492.2)=    0 (500.9,499.7)=    0 (487.4,502.3)=    0 (481.2,496.8)=    0 (473.5,498.3)=    0 (470.0,499.8)=    0 (460.8,497.2)=    0 (452.2,495.4)=    0 (451.6,492.4)=    0 (451.7,495.3)=    0 (453.3,500.9)=    0 (451.9,506.8)=    0 (448.3,510.6)=    0 (443.2,511.8)=    0 (433.5,514.9)=    0 (423.1,517.5)=    0 (413.9,517.1)=    0 (405.7,515.4)=    0 (393.5,514.1)=    0 (385.3,513.5)=    0 (388.9,514.1)=    0 
    179 | (298.0,292.0)= 4195 (303.7,284.1)=    0 (305.2,276.6)=    0 (309.0,267.6)=    0 (311.6,261.0)=    0 (308.3,258.3)=    0 (298.1,259.8)=    0 (284.4,259.0)=    0 (271.9,262.1)=    0 (255.7,265.5)=    0 (237.8,270.0)=    0 (219.6,274.7)=    0 (202.4,274.1)=    0 (180.2,270.5)=    0 (165.0,268.8)=    0 (150.4,268.0)=    0 (136.4,267.5)=    0 (126.2,270.6)=    0 (112.0,271.1)=    0 ( 95.1,272.6)=    0 ( 84.5,274.2)=    0 ( 75.6,276.8)=    0 ( 66.7,282.5)=    0 ( 56.1,286.9)=    0 ( 44.0,296.2)=    0 ( 28.5,299.1)=    0 ( -1.0, -1.0)=   -4 ( -1.0, -1.0)=   -4 ( -1.0, -1.0)=   -4 ( -1.0, -1.0)=   -4 ( -1.0, -1.0)=   -4 ( -1.0, -1.0)=   -4 ( -1.0, -1.0)=   -4 ( -1.0, -1.0)=   -4 ( -1.0, -1.0)=   -4 ( -1.0, -1.0)=   -4 ( -1.0, -1.0)=   -4 ( -1.0, -1.0)=   -4 ( -1.0, -1.0)=   -4 ( -1.0, -1.0)=   -4 ( -1.0, -1.0)=   -4 ( -1.0, -1.0)=   -4 ( -1.0, -1.0)=   -4 ( -1.0, -1.0)=   -4 
    180 | (131.0,256.0)= 4176 (135.7,247.0)=    0 (135.6,238.8)=    0 (138.5,229.4)=    0 (139.8,222.5)=    0 (133.2,220.4)=    0 (119.3,223.0)=    0 (100.9,222.8)=    0 ( 84.9,226.9)=    0 ( 63.3,231.5)=    0 ( 40.0,237.0)=    0 ( -1.0, -1.0)=   -4 ( -1.0, -1.0)=   -4 ( -1.0, -1.0)=   -4 ( -1.0, -1.0)=   -4 ( -1.0, -1.0)=   -4 ( -1.0, -1.0)=   -4 ( -1.0, -1.0)=   -4 ( -1.0, -1.0)=   -4 ( -1.0, -1.0)=   -4 ( -1.0, -1.0)=   -4 ( -1.0, -1.0)=   -4 ( -1.0, -1.0)=   -4 ( -1.0, -1.0)=   -4 ( -1.0, -1.0)=   -4 ( -1.0, -1.0)=   -4 ( -1.0, -1.0)=   -4 ( -1.0, -1.0)=   -4 ( -1.0, -1.0)=   -4 ( -1.0, -1.0)=   -4 ( -1.0, -1.0)=   -4 ( -1.0, -1.0)=   -4 ( -1.0, -1.0)=   -4 ( -1.0, -1.0)=   -4 ( -1.0, -1.0)=   -4 ( -1.0, -1.0)=   -4 ( -1.0, -1.0)=   -4 ( -1.0, -1.0)=   -4 ( -1.0, -1.0)=   -4 ( -1.0, -1.0)=   -4 ( -1.0, -1.0)=   -4 ( -1.0, -1.0)=   -4 ( -1.0, -1.0)=   -4 ( -1.0, -1.0)=   -4 
    181 | (415.0,625.0)= 4162 (420.2,619.1)=    0 (420.9,614.0)=    0 (423.8,606.9)=    0 (426.5,602.2)=    0 (423.0,603.3)=    0 (412.6,607.2)=    0 (398.9,610.1)=    0 (386.8,615.9)=    0 (370.6,623.2)=    0 ( -1.0, -1.0)=   -5 ( -1.0, -1.0)=   -5 ( -1.0, -1.0)=   -5 ( -1.0, -1.0)=   -5 ( -1.0, -1.0)=   -5 ( -1.0, -1.0)=   -5 ( -1.0, -1.0)=   -5 ( -1.0, -1.0)=   -5 ( -1.0, -1.0)=   -5 ( -1.0, -1.0)=   -5 ( -1.0, -1.0)=   -5 ( -1.0, -1.0)=   -5 ( -1.0, -1.0)=   -5 ( -1.0, -1.0)=   -5 ( -1.0, -1.0)=   -5 ( -1.0, -1.0)=   -5 ( -1.0, -1.0)=   -5 ( -1.0, -1.0)=   -5 ( -1.0, -1.0)=   -5 ( -1.0, -1.0)=   -5 ( -1.0, -1.0)=   -5 ( -1.0, -1.0)=   -5 ( -1.0, -1.0)=   -5 ( -1.0, -1.0)=   -5 ( -1.0, -1.0)=   -5 ( -1.0, -1.0)=   -5 ( -1.0, -1.0)=   -5 ( -1.0, -1.0)=   -5 ( -1.0, -1.0)=   -5 ( -1.0, -1.0)=   -5 ( -1.0, -1.0)=   -5 ( -1.0, -1.0)=   -5 ( -1.0, -1.0)=   -5 ( -1.0, -1.0)=   -5 
    182 | (297.0,240.0)= 4153 (302.8,231.6)=    0 (304.3,223.5)=    0 (307.9,214.4)=    0 (310.8,207.3)=    0 (307.0,204.2)=    0 (296.1,205.3)=    0 ( -1.0, -1.0)=   -5 ( -1.0, -1.0)=   -5 ( -1.0, -1.0)=   -5 ( -1.0, -1.0)=   -5 ( -1.0, -1.0)=   -5 ( -1.0, -1.0)=   -5 ( -1.0, -1.0)=   -5 ( -1.0, -1.0)=   -5 ( -1.0, -1.0)=   -5 ( -1.0, -1.0)=   -5 ( -1.0, -1.0)=   -5 ( -1.0, -1.0)=   -5 ( -1.0, -1.0)=   -5 ( -1.0, -1.0)=   -5 ( -1.0, -1.0)=   -5 ( -1.0, -1.0)=   -5 ( -1.0, -1.0)=   -5 ( -1.0, -1.0)=   -5 ( -1.0, -1.0)=   -5 ( -1.0, -1.0)=   -5 ( -1.0, -1.0)=   -5 ( -1.0, -1.0)=   -5 ( -1.0, -1.0)=   -5 ( -1.0, -1.0)=   -5 ( -1.0, -1.0)=   -5 ( -1.0, -1.0)=   -5 ( -1.0, -1.0)=   -5 ( -1.0, -1.0)=   -5 ( -1.0, -1.0)=   -5 ( -1.0, -1.0)=   -5 ( -1.0, -1.0)=   -5 ( -1.0, -1.0)=   -5 ( -1.0, -1.0)=   -5 ( -1.0, -1.0)=   -5 ( -1.0, -1.0)=   -5 ( -1.0, -1.0)=   -5 ( -1.0, -1.0)=   -5 
    183 | (297.0,213.0)= 4153 (302.8,204.5)=    0 (304.4,196.2)=    0 (308.2,186.8)=    0 (311.0,179.4)=    0 (307.0,176.0)=    0 (296.0,176.9)=    0 ( -1.0, -1.0)=   -5 ( -1.0, -1.0)=   -5 ( -1.0, -1.0)=   -5 ( -1.0, -1.0)=   -5 ( -1.0, -1.0)=   -5 ( -1.0, -1.0)=   -5 ( -1.0, -1.0)=   -5 ( -1.0, -1.0)=   -5 ( -1.0, -1.0)=   -5 ( -1.0, -1.0)=   -5 ( -1.0, -1.0)=   -5 ( -1.0, -1.0)=   -5 ( -1.0, -1.0)=   -5 ( -1.0, -1.0)=   -5 ( -1.0, -1.0)=   -5 ( -1.0, -1.0)=   -5 ( -1.0, -1.0)=   -5 ( -1.0, -1.0)=   -5 ( -1.0, -1.0)=   -5 ( -1.0, -1.0)=   -5 ( -1.0, -1.0)=   -5 ( -1.0, -1.0)=   -5 ( -1.0, -1.0)=   -5 ( -1.0, -1.0)=   -5 ( -1.0, -1.0)=   -5 ( -1.0, -1.0)=   -5 ( -1.0, -1.0)=   -5 ( -1.0, -1.0)=   -5 ( -1.0, -1.0)=   -5 ( -1.0, -1.0)=   -5 ( -1.0, -1.0)=   -5 ( -1.0, -1.0)=   -5 ( -1.0, -1.0)=   -5 ( -1.0, -1.0)=   -5 ( -1.0, -1.0)=   -5 ( -1.0, -1.0)=   -5 ( -1.0, -1.0)=   -5 
    184 | (360.0,504.0)= 4152 (365.4,497.8)=    0 (366.6,491.9)=    0 (370.6,484.6)=    0 (373.5,479.2)=    0 (371.3,478.5)=    0 (363.0,480.7)=    0 (351.5,481.8)=    0 (341.4,485.8)=    0 (327.6,490.6)=    0 (312.3,496.6)=    0 (296.5,501.8)=    0 (281.5,502.7)=    0 (262.8,501.8)=    0 (249.7,501.9)=    0 (237.0,502.9)=    0 (224.8,504.3)=    0 (215.5,508.1)=    0 (202.9,510.6)=    0 (188.6,514.4)=    0 (179.7,517.7)=    0 (173.0,522.0)=    0 (165.4,527.8)=    0 (156.1,533.0)=    0 (144.7,540.8)=    0 (130.0,543.0)=    0 (120.9,536.9)=    0 (112.6,537.9)=    0 (108.5,538.5)=    0 ( 96.7,534.0)=    0 ( 84.9,530.9)=    0 ( 79.9,525.2)=    0 ( 78.8,525.8)=    0 ( 81.2,529.3)=    0 ( 81.2,532.9)=    0 ( 77.8,534.0)=    0 ( 72.2,532.8)=    0 ( 60.3,532.6)=    0 ( 48.2,532.2)=    0 ( 37.0,528.2)=    0 ( 27.1,523.4)=    0 ( -1.0, -1.0)=   -4 ( -1.0, -1.0)=   -4 ( -1.0, -1.0)=   -4 
    185 | (255.0,200.0)= 4150 (260.6,190.9)=    0 (261.8,182.3)=    0 (265.2,172.7)=    0 (267.6,165.4)=    0 (262.9,162.0)=    0 (250.9,163.4)=    0 ( -1.0, -1.0)=   -5 ( -1.0, -1.0)=   -5 ( -1.0, -1.0)=   -5 ( -1.0, -1.0)=   -5 ( -1.0, -1.0)=   -5 ( -1.0, -1.0)=   -5 ( -1.0, -1.0)=   -5 ( -1.0, -1.0)=   -5 ( -1.0, -1.0)=   -5 ( -1.0, -1.0)=   -5 ( -1.0, -1.0)=   -5 ( -1.0, -1.0)=   -5 ( -1.0, -1.0)=   -5 ( -1.0, -1.0)=   -5 ( -1.0, -1.0)=   -5 ( -1.0, -1.0)=   -5 ( -1.0, -1.0)=   -5 ( -1.0, -1.0)=   -5 ( -1.0, -1.0)=   -5 ( -1.0, -1.0)=   -5 ( -1.0, -1.0)=   -5 ( -1.0, -1.0)=   -5 ( -1.0, -1.0)=   -5 ( -1.0, -1.0)=   -5 ( -1.0, -1.0)=   -5 ( -1.0, -1.0)=   -5 ( -1.0, -1.0)=   -5 ( -1.0, -1.0)=   -5 ( -1.0, -1.0)=   -5 ( -1.0, -1.0)=   -5 ( -1.0, -1.0)=   -5 ( -1.0, -1.0)=   -5 ( -1.0, -1.0)=   -5 ( -1.0, -1.0)=   -5 ( -1.0, -1.0)=   -5 ( -1.0, -1.0)=   -5 ( -1.0, -1.0)=   -5 
    186 | (621.0,676.0)= 4133 (627.7,670.9)=    0 (629.6,666.6)=    0 (633.4,660.0)=    0 (637.4,655.7)=    0 (636.6,656.8)=    0 (627.6,660.4)=    0 (616.5,663.0)=    0 (606.4,668.3)=    0 (593.1,675.1)=    0 (578.0,683.5)=    0 (561.1,690.0)=    0 (546.0,692.6)=    0 (526.6,694.4)=    0 (512.8,696.6)=    0 (498.7,700.2)=    0 (484.7,704.4)=    0 (472.6,711.0)=    0 (458.2,716.9)=    0 (442.3,724.7)=    0 (432.6,731.7)=    0 (425.0,739.3)=    0 (414.4,746.9)=    0 (402.6,755.2)=    0 (385.3,764.6)=    0 (364.0,767.8)=    0 (351.5,762.5)=    0 (337.9,764.7)=    0 (329.7,766.5)=    0 (312.8,764.2)=    0 (295.3,763.5)=    0 (286.8,761.6)=    0 (281.6,765.0)=    0 (278.7,770.3)=    0 (273.5,774.9)=    0 (264.6,777.5)=    0 (253.9,777.6)=    0 (235.8,780.9)=    0 (217.9,783.3)=    0 (200.2,782.0)=    0 (185.5,779.2)=    0 (165.0,776.9)=    0 (150.3,776.7)=    0 (151.7,778.1)=    0 
    187 | (419.0,504.0)= 4114 (424.4,497.8)=    0 (426.3,492.0)=    0 (430.3,484.8)=    0 (433.7,479.4)=    0 (432.3,478.4)=    0 (424.0,480.5)=    0 (413.3,481.5)=    0 (403.8,485.1)=    0 (390.9,489.8)=    0 (376.4,495.5)=    0 (361.1,500.6)=    0 (346.9,501.5)=    0 (329.1,500.4)=    0 (316.8,500.5)=    0 (304.7,501.5)=    0 (293.3,503.0)=    0 (284.3,507.0)=    0 ( -1.0, -1.0)=   -5 ( -1.0, -1.0)=   -5 ( -1.0, -1.0)=   -5 ( -1.0, -1.0)=   -5 ( -1.0, -1.0)=   -5 ( -1.0, -1.0)=   -5 ( -1.0, -1.0)=   -5 ( -1.0, -1.0)=   -5 ( -1.0, -1.0)=   -5 ( -1.0, -1.0)=   -5 ( -1.0, -1.0)=   -5 ( -1.0, -1.0)=   -5 ( -1.0, -1.0)=   -5 ( -1.0, -1.0)=   -5 ( -1.0, -1.0)=   -5 ( -1.0, -1.0)=   -5 ( -1.0, -1.0)=   -5 ( -1.0, -1.0)=   -5 ( -1.0, -1.0)=   -5 ( -1.0, -1.0)=   -5 ( -1.0, -1.0)=   -5 ( -1.0, -1.0)=   -5 ( -1.0, -1.0)=   -5 ( -1.0, -1.0)=   -5 ( -1.0, -1.0)=   -5 ( -1.0, -1.0)=   -5 
    188 | (605.0,470.0)= 4071 (611.5,464.3)=    0 (615.2,458.9)=    0 (620.5,451.9)=    0 (625.6,446.2)=    0 (626.8,444.1)=    0 (621.0,444.9)=    0 (613.6,444.3)=    0 (606.3,446.4)=    0 (596.7,449.3)=    0 (585.8,453.3)=    0 (573.5,456.9)=    0 (562.7,456.4)=    0 (549.7,453.8)=    0 (541.0,452.7)=    0 (532.7,452.9)=    0 (524.3,454.0)=    0 (518.5,457.4)=    0 (510.6,459.5)=    0 (502.0,462.6)=    0 (497.8,465.0)=    0 (495.6,467.8)=    0 (490.9,472.2)=    0 (485.5,476.6)=    0 (475.3,483.9)=    0 (462.5,486.4)=    0 (456.4,480.8)=    0 (449.1,482.3)=    0 (445.8,483.6)=    0 (437.1,480.7)=    0 (428.8,478.8)=    0 (428.3,475.4)=    0 (428.7,477.9)=    0 (430.7,483.4)=    0 (429.8,489.2)=    0 (426.6,492.7)=    0 (421.9,493.8)=    0 (412.6,496.5)=    0 (402.7,498.9)=    0 (394.2,498.3)=    0 (386.3,496.2)=    0 (374.5,494.7)=    0 (366.7,494.0)=    0 (370.1,494.1)=    0 
    189 | (256.0,190.0)= 4066 (261.7,180.8)=    0 (262.8,172.3)=    0 (266.3,162.7)=    0 (268.8,154.9)=    0 (264.2,151.6)=    0 (252.0,152.8)=    0 (256.6,160.7)=    0 (242.6,163.3)=    0 (224.4,166.0)=    0 (204.4,169.8)=    0 (184.1,174.7)=    0 (164.5,173.1)=    0 ( -1.0, -1.0)=   -5 ( -1.0, -1.0)=   -5 ( -1.0, -1.0)=   -5 ( -1.0, -1.0)=   -5 ( -1.0, -1.0)=   -5 ( -1.0, -1.0)=   -5 ( -1.0, -1.0)=   -5 ( -1.0, -1.0)=   -5 ( -1.0, -1.0)=   -5 ( -1.0, -1.0)=   -5 ( -1.0, -1.0)=   -5 ( -1.0, -1.0)=   -5 ( -1.0, -1.0)=   -5 ( -1.0, -1.0)=   -5 ( -1.0, -1.0)=   -5 ( -1.0, -1.0)=   -5 ( -1.0, -1.0)=   -5 ( -1.0, -1.0)=   -5 ( -1.0, -1.0)=   -5 ( -1.0, -1.0)=   -5 ( -1.0, -1.0)=   -5 ( -1.0, -1.0)=   -5 ( -1.0, -1.0)=   -5 ( -1.0, -1.0)=   -5 ( -1.0, -1.0)=   -5 ( -1.0, -1.0)=   -5 ( -1.0, -1.0)=   -5 ( -1.0, -1.0)=   -5 ( -1.0, -1.0)=   -5 ( -1.0, -1.0)=   -5 ( -1.0, -1.0)=   -5 
    190 | (144.0,302.0)= 4065 (148.7,293.4)=    0 (148.8,285.5)=    0 (151.5,276.4)=    0 (153.2,270.0)=    0 (147.2,268.3)=    0 (133.9,270.6)=    0 ( -1.0, -1.0)=   -5 ( -1.0, -1.0)=   -5 ( -1.0, -1.0)=   -5 ( -1.0, -1.0)=   -5 ( -1.0, -1.0)=   -5 ( -1.0, -1.0)=   -5 ( -1.0, -1.0)=   -5 ( -1.0, -1.0)=   -5 ( -1.0, -1.0)=   -5 ( -1.0, -1.0)=   -5 ( -1.0, -1.0)=   -5 ( -1.0, -1.0)=   -5 ( -1.0, -1.0)=   -5 ( -1.0, -1.0)=   -5 ( -1.0, -1.0)=   -5 ( -1.0, -1.0)=   -5 ( -1.0, -1.0)=   -5 ( -1.0, -1.0)=   -5 ( -1.0, -1.0)=   -5 ( -1.0, -1.0)=   -5 ( -1.0, -1.0)=   -5 ( -1.0, -1.0)=   -5 ( -1.0, -1.0)=   -5 ( -1.0, -1.0)=   -5 ( -1.0, -1.0)=   -5 ( -1.0, -1.0)=   -5 ( -1.0, -1.0)=   -5 ( -1.0, -1.0)=   -5 ( -1.0, -1.0)=   -5 ( -1.0, -1.0)=   -5 ( -1.0, -1.0)=   -5 ( -1.0, -1.0)=   -5 ( -1.0, -1.0)=   -5 ( -1.0, -1.0)=   -5 ( -1.0, -1.0)=   -5 ( -1.0, -1.0)=   -5 ( -1.0, -1.0)=   -5 
    191 | (127.0,162.0)= 4055 (132.0,152.0)=    0 (131.7,142.8)=    0 (134.5,132.8)=    0 (135.6,125.1)=    0 (128.3,122.0)=    0 (113.5,124.1)=    0 ( 93.9,123.1)=    0 ( 76.6,126.9)=    0 ( 53.7,130.3)=    0 ( 28.8,134.9)=    0 ( -1.0, -1.0)=   -4 ( -1.0, -1.0)=   -4 ( -1.0, -1.0)=   -4 ( -1.0, -1.0)=   -4 ( -1.0, -1.0)=   -4 ( -1.0, -1.0)=   -4 ( -1.0, -1.0)=   -4 ( -1.0, -1.0)=   -4 ( -1.0, -1.0)=   -4 ( -1.0, -1.0)=   -4 ( -1.0, -1.0)=   -4 ( -1.0, -1.0)=   -4 ( -1.0, -1.0)=   -4 ( -1.0, -1.0)=   -4 ( -1.0, -1.0)=   -4 ( -1.0, -1.0)=   -4 ( -1.0, -1.0)=   -4 ( -1.0, -1.0)=   -4 ( -1.0, -1.0)=   -4 ( -1.0, -1.0)=   -4 ( -1.0, -1.0)=   -4 ( -1.0, -1.0)=   -4 ( -1.0, -1.0)=   -4 ( -1.0, -1.0)=   -4 ( -1.0, -1.0)=   -4 ( -1.0, -1.0)=   -4 ( -1.0, -1.0)=   -4 ( -1.0, -1.0)=   -4 ( -1.0, -1.0)=   -4 ( -1.0, -1.0)=   -4 ( -1.0, -1.0)=   -4 ( -1.0, -1.0)=   -4 ( -1.0, -1.0)=   -4 
    192 | (488.0,525.0)= 4047 (493.9,519.0)=    0 (496.1,513.6)=    0 (500.2,506.4)=    0 (504.0,501.1)=    0 (502.9,500.2)=    0 (494.9,502.3)=    0 (484.6,503.2)=    0 (475.3,506.9)=    0 ( -1.0, -1.0)=   -5 ( -1.0, -1.0)=   -5 ( -1.0, -1.0)=   -5 ( -1.0, -1.0)=   -5 ( -1.0, -1.0)=   -5 ( -1.0, -1.0)=   -5 ( -1.0, -1.0)=   -5 ( -1.0, -1.0)=   -5 ( -1.0, -1.0)=   -5 ( -1.0, -1.0)=   -5 ( -1.0, -1.0)=   -5 ( -1.0, -1.0)=   -5 ( -1.0, -1.0)=   -5 ( -1.0, -1.0)=   -5 ( -1.0, -1.0)=   -5 ( -1.0, -1.0)=   -5 ( -1.0, -1.0)=   -5 ( -1.0, -1.0)=   -5 ( -1.0, -1.0)=   -5 ( -1.0, -1.0)=   -5 ( -1.0, -1.0)=   -5 ( -1.0, -1.0)=   -5 ( -1.0, -1.0)=   -5 ( -1.0, -1.0)=   -5 ( -1.0, -1.0)=   -5 ( -1.0, -1.0)=   -5 ( -1.0, -1.0)=   -5 ( -1.0, -1.0)=   -5 ( -1.0, -1.0)=   -5 ( -1.0, -1.0)=   -5 ( -1.0, -1.0)=   -5 ( -1.0, -1.0)=   -5 ( -1.0, -1.0)=   -5 ( -1.0, -1.0)=   -5 ( -1.0, -1.0)=   -5 
    193 | (286.0,196.0)= 4044 (291.9,187.0)=    0 (293.3,178.6)=    0 (297.1,169.1)=    0 (299.7,161.4)=    0 (295.5,157.9)=    0 (284.3,158.9)=    0 (269.5,157.3)=    0 (255.7,159.9)=    0 (267.5,148.5)=    0 (248.6,152.1)=    0 ( -1.0, -1.0)=   -5 ( -1.0, -1.0)=   -5 ( -1.0, -1.0)=   -5 ( -1.0, -1.0)=   -5 ( -1.0, -1.0)=   -5 ( -1.0, -1.0)=   -5 ( -1.0, -1.0)=   -5 ( -1.0, -1.0)=   -5 ( -1.0, -1.0)=   -5 ( -1.0, -1.0)=   -5 ( -1.0, -1.0)=   -5 ( -1.0, -1.0)=   -5 ( -1.0, -1.0)=   -5 ( -1.0, -1.0)=   -5 ( -1.0, -1.0)=   -5 ( -1.0, -1.0)=   -5 ( -1.0, -1.0)=   -5 ( -1.0, -1.0)=   -5 ( -1.0, -1.0)=   -5 ( -1.0, -1.0)=   -5 ( -1.0, -1.0)=   -5 ( -1.0, -1.0)=   -5 ( -1.0, -1.0)=   -5 ( -1.0, -1.0)=   -5 ( -1.0, -1.0)=   -5 ( -1.0, -1.0)=   -5 ( -1.0, -1.0)=   -5 ( -1.0, -1.0)=   -5 ( -1.0, -1.0)=   -5 ( -1.0, -1.0)=   -5 ( -1.0, -1.0)=   -5 ( -1.0, -1.0)=   -5 ( -1.0, -1.0)=   -5 
    194 | (259.0,272.0)= 4015 (264.2,263.9)=    0 (265.5,255.9)=    0 (269.1,246.8)=    0 (271.6,240.0)=    0 (267.2,237.5)=    0 (256.3,239.2)=    0 (251.4,246.1)=    0 (238.6,249.5)=    0 (221.2,253.0)=    0 (202.5,257.7)=    0 (183.4,262.9)=    0 (168.2,290.6)=    0 ( -1.0, -1.0)=   -5 ( -1.0, -1.0)=   -5 ( -1.0, -1.0)=   -5 ( -1.0, -1.0)=   -5 ( -1.0, -1.0)=   -5 ( -1.0, -1.0)=   -5 ( -1.0, -1.0)=   -5 ( -1.0, -1.0)=   -5 ( -1.0, -1.0)=   -5 ( -1.0, -1.0)=   -5 ( -1.0, -1.0)=   -5 ( -1.0, -1.0)=   -5 ( -1.0, -1.0)=   -5 ( -1.0, -1.0)=   -5 ( -1.0, -1.0)=   -5 ( -1.0, -1.0)=   -5 ( -1.0, -1.0)=   -5 ( -1.0, -1.0)=   -5 ( -1.0, -1.0)=   -5 ( -1.0, -1.0)=   -5 ( -1.0, -1.0)=   -5 ( -1.0, -1.0)=   -5 ( -1.0, -1.0)=   -5 ( -1.0, -1.0)=   -5 ( -1.0, -1.0)=   -5 ( -1.0, -1.0)=   -5 ( -1.0, -1.0)=   -5 ( -1.0, -1.0)=   -5 ( -1.0, -1.0)=   -5 ( -1.0, -1.0)=   -5 ( -1.0, -1.0)=   -5 
    195 | (505.0,380.0)= 3989 (511.1,373.6)=    0 (514.6,367.5)=    0 (519.8,359.8)=    0 (524.5,353.6)=    0 (525.1,350.7)=    0 (519.4,350.9)=    0 (511.6,349.6)=    0 (504.3,351.2)=    0 (494.5,353.4)=    0 (483.1,356.6)=    0 (471.0,359.7)=    0 (460.5,358.3)=    0 (447.5,354.6)=    0 (438.6,352.9)=    0 (430.5,351.9)=    0 (423.1,351.5)=    0 (418.1,353.8)=    0 (410.7,354.7)=    0 (402.7,356.0)=    0 (398.9,357.3)=    0 (396.6,358.8)=    0 (392.7,362.7)=    0 (388.0,365.8)=    0 (379.6,372.7)=    0 (368.8,374.7)=    0 (363.9,368.6)=    0 (358.3,369.4)=    0 (356.3,370.0)=    0 (349.6,366.1)=    0 (342.8,363.0)=    0 (343.5,358.0)=    0 (345.4,359.6)=    0 (349.0,364.4)=    0 (350.0,369.7)=    0 (348.8,372.7)=    0 (345.9,373.2)=    0 (339.0,374.6)=    0 (331.3,375.6)=    0 (324.7,373.5)=    0 (318.9,370.7)=    0 (309.4,368.1)=    0 (303.0,366.3)=    0 (306.7,365.6)=    0 
    196 | (430.0,554.0)= 3982 (435.5,547.9)=    0 (437.0,542.5)=    0 (440.6,535.4)=    0 (443.7,530.3)=    0 (441.6,530.1)=    0 (432.4,532.9)=    0 (420.9,534.5)=    0 (410.3,538.9)=    0 (396.3,544.5)=    0 (380.5,551.4)=    0 (363.8,557.4)=    0 (348.4,559.0)=    0 ( -1.0, -1.0)=   -5 ( -1.0, -1.0)=   -5 ( -1.0, -1.0)=   -5 ( -1.0, -1.0)=   -5 ( -1.0, -1.0)=   -5 ( -1.0, -1.0)=   -5 ( -1.0, -1.0)=   -5 ( -1.0, -1.0)=   -5 ( -1.0, -1.0)=   -5 ( -1.0, -1.0)=   -5 ( -1.0, -1.0)=   -5 ( -1.0, -1.0)=   -5 ( -1.0, -1.0)=   -5 ( -1.0, -1.0)=   -5 ( -1.0, -1.0)=   -5 ( -1.0, -1.0)=   -5 ( -1.0, -1.0)=   -5 ( -1.0, -1.0)=   -5 ( -1.0, -1.0)=   -5 ( -1.0, -1.0)=   -5 ( -1.0, -1.0)=   -5 ( -1.0, -1.0)=   -5 ( -1.0, -1.0)=   -5 ( -1.0, -1.0)=   -5 ( -1.0, -1.0)=   -5 ( -1.0, -1.0)=   -5 ( -1.0, -1.0)=   -5 ( -1.0, -1.0)=   -5 ( -1.0, -1.0)=   -5 ( -1.0, -1.0)=   -5 ( -1.0, -1.0)=   -5 
    197 | (189.0,187.0)= 3955 (194.3,177.5)=    0 (194.8,168.8)=    0 (197.7,158.9)=    0 (199.5,151.2)=    0 (193.5,148.2)=    0 (180.1,149.9)=    0 (162.2,148.9)=    0 (146.5,152.0)=    0 (125.4,155.4)=    0 (102.6,160.0)=    0 ( -1.0, -1.0)=   -5 ( -1.0, -1.0)=   -5 ( -1.0, -1.0)=   -5 ( -1.0, -1.0)=   -5 ( -1.0, -1.0)=   -5 ( -1.0, -1.0)=   -5 ( -1.0, -1.0)=   -5 ( -1.0, -1.0)=   -5 ( -1.0, -1.0)=   -5 ( -1.0, -1.0)=   -5 ( -1.0, -1.0)=   -5 ( -1.0, -1.0)=   -5 ( -1.0, -1.0)=   -5 ( -1.0, -1.0)=   -5 ( -1.0, -1.0)=   -5 ( -1.0, -1.0)=   -5 ( -1.0, -1.0)=   -5 ( -1.0, -1.0)=   -5 ( -1.0, -1.0)=   -5 ( -1.0, -1.0)=   -5 ( -1.0, -1.0)=   -5 ( -1.0, -1.0)=   -5 ( -1.0, -1.0)=   -5 ( -1.0, -1.0)=   -5 ( -1.0, -1.0)=   -5 ( -1.0, -1.0)=   -5 ( -1.0, -1.0)=   -5 ( -1.0, -1.0)=   -5 ( -1.0, -1.0)=   -5 ( -1.0, -1.0)=   -5 ( -1.0, -1.0)=   -5 ( -1.0, -1.0)=   -5 ( -1.0, -1.0)=   -5 
    198 | (242.0,286.0)= 3942 (247.1,278.0)=    0 (248.1,270.1)=    0 (251.4,261.2)=    0 (253.9,254.3)=    0 (249.4,251.9)=    0 (238.1,253.9)=    0 (223.1,253.5)=    0 (209.4,256.9)=    0 (191.7,261.0)=    0 (172.0,265.7)=    0 (152.4,271.2)=    0 (133.2,270.6)=    0 (109.1,267.3)=    0 ( 92.2,265.7)=    0 ( 75.8,265.1)=    0 ( 60.6,264.8)=    0 ( 49.4,268.1)=    0 ( 33.4,268.7)=    0 ( 27.3,267.7)=    0 ( -1.0, -1.0)=   -4 ( -1.0, -1.0)=   -4 ( -1.0, -1.0)=   -4 ( -1.0, -1.0)=   -4 ( -1.0, -1.0)=   -4 ( -1.0, -1.0)=   -4 ( -1.0, -1.0)=   -4 ( -1.0, -1.0)=   -4 ( -1.0, -1.0)=   -4 ( -1.0, -1.0)=   -4 ( -1.0, -1.0)=   -4 ( -1.0, -1.0)=   -4 ( -1.0, -1.0)=   -4 ( -1.0, -1.0)=   -4 ( -1.0, -1.0)=   -4 ( -1.0, -1.0)=   -4 ( -1.0, -1.0)=   -4 ( -1.0, -1.0)=   -4 ( -1.0, -1.0)=   -4 ( -1.0, -1.0)=   -4 ( -1.0, -1.0)=   -4 ( -1.0, -1.0)=   -4 ( -1.0, -1.0)=   -4 ( -1.0, -1.0)=   -4 
    199 | (215.0,232.0)= 3939 (220.3,223.0)=    0 (221.0,214.6)=    0 (224.3,205.5)=    0 (226.5,198.2)=    0 (221.3,195.4)=    0 (208.6,197.3)=    0 (192.0,196.5)=    0 (177.4,199.7)=    0 (189.6,219.6)=    0 (169.3,224.4)=    0 (149.4,229.4)=    0 (129.7,228.6)=    0 (104.4,224.4)=    0 ( 87.0,222.6)=    0 ( 70.2,221.6)=    0 ( -1.0, -1.0)=   -5 ( -1.0, -1.0)=   -5 ( -1.0, -1.0)=   -5 ( -1.0, -1.0)=   -5 ( -1.0, -1.0)=   -5 ( -1.0, -1.0)=   -5 ( -1.0, -1.0)=   -5 ( -1.0, -1.0)=   -5 ( -1.0, -1.0)=   -5 ( -1.0, -1.0)=   -5 ( -1.0, -1.0)=   -5 ( -1.0, -1.0)=   -5 ( -1.0, -1.0)=   -5 ( -1.0, -1.0)=   -5 ( -1.0, -1.0)=   -5 ( -1.0, -1.0)=   -5 ( -1.0, -1.0)=   -5 ( -1.0, -1.0)=   -5 ( -1.0, -1.0)=   -5 ( -1.0, -1.0)=   -5 ( -1.0, -1.0)=   -5 ( -1.0, -1.0)=   -5 ( -1.0, -1.0)=   -5 ( -1.0, -1.0)=   -5 ( -1.0, -1.0)=   -5 ( -1.0, -1.0)=   -5 ( -1.0, -1.0)=   -5 ( -1.0, -1.0)=   -5 
    200 | (255.0,228.0)= 3930 (260.5,219.2)=    0 (261.6,211.1)=    0 (265.1,201.8)=    0 (267.4,194.4)=    0 (262.9,191.3)=    0 (251.2,193.0)=    0 ( -1.0, -1.0)=   -5 ( -1.0, -1.0)=   -5 ( -1.0, -1.0)=   -5 ( -1.0, -1.0)=   -5 ( -1.0, -1.0)=   -5 ( -1.0, -1.0)=   -5 ( -1.0, -1.0)=   -5 ( -1.0, -1.0)=   -5 ( -1.0, -1.0)=   -5 ( -1.0, -1.0)=   -5 ( -1.0, -1.0)=   -5 ( -1.0, -1.0)=   -5 ( -1.0, -1.0)=   -5 ( -1.0, -1.0)=   -5 ( -1.0, -1.0)=   -5 ( -1.0, -1.0)=   -5 ( -1.0, -1.0)=   -5 ( -1.0, -1.0)=   -5 ( -1.0, -1.0)=   -5 ( -1.0, -1.0)=   -5 ( -1.0, -1.0)=   -5 ( -1.0, -1.0)=   -5 ( -1.0, -1.0)=   -5 ( -1.0, -1.0)=   -5 ( -1.0, -1.0)=   -5 ( -1.0, -1.0)=   -5 ( -1.0, -1.0)=   -5 ( -1.0, -1.0)=   -5 ( -1.0, -1.0)=   -5 ( -1.0, -1.0)=   -5 ( -1.0, -1.0)=   -5 ( -1.0, -1.0)=   -5 ( -1.0, -1.0)=   -5 ( -1.0, -1.0)=   -5 ( -1.0, -1.0)=   -5 ( -1.0, -1.0)=   -5 ( -1.0, -1.0)=   -5 
    201 | (270.0,306.0)= 3911 (275.4,298.2)=    0 (276.7,290.6)=    0 (280.2,281.9)=    0 (282.7,275.3)=    0 (278.9,273.0)=    0 (268.2,274.8)=    0 (254.2,274.3)=    0 (241.5,277.7)=    0 (224.6,281.5)=    0 (206.3,286.2)=    0 (187.5,291.6)=    0 (169.6,291.1)=    0 (150.5,315.4)=    0 (135.2,314.4)=    0 (120.2,313.9)=    0 (106.1,314.0)=    0 ( 95.8,317.3)=    0 ( 81.3,318.0)=    0 ( 64.2,320.3)=    0 ( 53.3,322.4)=    0 ( 44.4,325.5)=    0 ( 35.4,331.5)=    0 ( 24.6,336.2)=    0 ( -1.0, -1.0)=   -5 ( -1.0, -1.0)=   -5 ( -1.0, -1.0)=   -5 ( -1.0, -1.0)=   -5 ( -1.0, -1.0)=   -5 ( -1.0, -1.0)=   -5 ( -1.0, -1.0)=   -5 ( -1.0, -1.0)=   -5 ( -1.0, -1.0)=   -5 ( -1.0, -1.0)=   -5 ( -1.0, -1.0)=   -5 ( -1.0, -1.0)=   -5 ( -1.0, -1.0)=   -5 ( -1.0, -1.0)=   -5 ( -1.0, -1.0)=   -5 ( -1.0, -1.0)=   -5 ( -1.0, -1.0)=   -5 ( -1.0, -1.0)=   -5 ( -1.0, -1.0)=   -5 ( -1.0, -1.0)=   -5 
    202 | (502.0,536.0)= 3909 (507.9,530.1)=    0 (510.1,524.8)=    0 (514.0,517.6)=    0 (518.0,512.5)=    0 (517.1,511.8)=    0 (508.9,514.0)=    0 (498.7,514.8)=    0 (489.3,518.6)=    0 (476.7,523.5)=    0 (462.4,529.5)=    0 (473.2,523.7)=    0 (459.9,524.4)=    0 (469.5,512.2)=    0 (458.4,512.2)=    0 (447.5,513.5)=    0 (436.8,515.1)=    0 (428.5,519.4)=    0 (418.0,522.5)=    0 (406.1,526.6)=    0 (399.4,530.2)=    0 (394.7,534.2)=    0 (387.6,539.6)=    0 (379.9,544.8)=    0 (367.7,552.8)=    0 (352.3,555.4)=    0 (344.0,549.6)=    0 (335.1,551.1)=    0 (330.3,552.4)=    0 (319.2,549.3)=    0 (307.7,547.1)=    0 (304.2,543.2)=    0 (302.8,545.5)=    0 (303.9,550.5)=    0 (302.3,555.6)=    0 (297.7,558.3)=    0 (291.2,558.5)=    0 (279.4,560.5)=    0 (267.3,562.0)=    0 (256.0,560.2)=    0 (246.2,557.2)=    0 (231.9,554.7)=    0 (222.3,553.4)=    0 (224.8,553.4)=    0 
    203 | (249.0,302.0)= 3898 (254.3,294.1)=    0 (255.4,286.4)=    0 (258.9,277.5)=    0 (261.3,271.0)=    0 (257.1,268.7)=    0 (246.0,270.6)=    0 (231.3,270.3)=    0 (218.1,273.7)=    0 (200.6,277.7)=    0 (181.6,282.7)=    0 (162.3,287.9)=    0 (143.7,287.7)=    0 ( -1.0, -1.0)=   -5 ( -1.0, -1.0)=   -5 ( -1.0, -1.0)=   -5 ( -1.0, -1.0)=   -5 ( -1.0, -1.0)=   -5 ( -1.0, -1.0)=   -5 ( -1.0, -1.0)=   -5 ( -1.0, -1.0)=   -5 ( -1.0, -1.0)=   -5 ( -1.0, -1.0)=   -5 ( -1.0, -1.0)=   -5 ( -1.0, -1.0)=   -5 ( -1.0, -1.0)=   -5 ( -1.0, -1.0)=   -5 ( -1.0, -1.0)=   -5 ( -1.0, -1.0)=   -5 ( -1.0, -1.0)=   -5 ( -1.0, -1.0)=   -5 ( -1.0, -1.0)=   -5 ( -1.0, -1.0)=   -5 ( -1.0, -1.0)=   -5 ( -1.0, -1.0)=   -5 ( -1.0, -1.0)=   -5 ( -1.0, -1.0)=   -5 ( -1.0, -1.0)=   -5 ( -1.0, -1.0)=   -5 ( -1.0, -1.0)=   -5 ( -1.0, -1.0)=   -5 ( -1.0, -1.0)=   -5 ( -1.0, -1.0)=   -5 ( -1.0, -1.0)=   -5 
    204 | (186.0,275.0)= 3885 (191.1,266.3)=    0 (191.6,258.3)=    0 (195.2,248.8)=    0 (197.2,241.9)=    0 (191.7,239.6)=    0 (179.1,241.9)=    0 (162.3,241.6)=    0 (147.8,245.2)=    0 (128.2,249.5)=    0 (106.9,254.7)=    0 ( 86.0,260.6)=    0 ( 65.2,260.7)=    0 ( -1.0, -1.0)=   -5 ( -1.0, -1.0)=   -5 ( -1.0, -1.0)=   -5 ( -1.0, -1.0)=   -5 ( -1.0, -1.0)=   -5 ( -1.0, -1.0)=   -5 ( -1.0, -1.0)=   -5 ( -1.0, -1.0)=   -5 ( -1.0, -1.0)=   -5 ( -1.0, -1.0)=   -5 ( -1.0, -1.0)=   -5 ( -1.0, -1.0)=   -5 ( -1.0, -1.0)=   -5 ( -1.0, -1.0)=   -5 ( -1.0, -1.0)=   -5 ( -1.0, -1.0)=   -5 ( -1.0, -1.0)=   -5 ( -1.0, -1.0)=   -5 ( -1.0, -1.0)=   -5 ( -1.0, -1.0)=   -5 ( -1.0, -1.0)=   -5 ( -1.0, -1.0)=   -5 ( -1.0, -1.0)=   -5 ( -1.0, -1.0)=   -5 ( -1.0, -1.0)=   -5 ( -1.0, -1.0)=   -5 ( -1.0, -1.0)=   -5 ( -1.0, -1.0)=   -5 ( -1.0, -1.0)=   -5 ( -1.0, -1.0)=   -5 ( -1.0, -1.0)=   -5 
    205 | (200.0,322.0)= 3885 (204.8,313.6)=    0 (205.3,306.2)=    0 (208.6,297.3)=    0 (210.5,290.9)=    0 (205.7,289.1)=    0 ( -1.0, -1.0)=   -5 ( -1.0, -1.0)=   -5 ( -1.0, -1.0)=   -5 ( -1.0, -1.0)=   -5 ( -1.0, -1.0)=   -5 ( -1.0, -1.0)=   -5 ( -1.0, -1.0)=   -5 ( -1.0, -1.0)=   -5 ( -1.0, -1.0)=   -5 ( -1.0, -1.0)=   -5 ( -1.0, -1.0)=   -5 ( -1.0, -1.0)=   -5 ( -1.0, -1.0)=   -5 ( -1.0, -1.0)=   -5 ( -1.0, -1.0)=   -5 ( -1.0, -1.0)=   -5 ( -1.0, -1.0)=   -5 ( -1.0, -1.0)=   -5 ( -1.0, -1.0)=   -5 ( -1.0, -1.0)=   -5 ( -1.0, -1.0)=   -5 ( -1.0, -1.0)=   -5 ( -1.0, -1.0)=   -5 ( -1.0, -1.0)=   -5 ( -1.0, -1.0)=   -5 ( -1.0, -1.0)=   -5 ( -1.0, -1.0)=   -5 ( -1.0, -1.0)=   -5 ( -1.0, -1.0)=   -5 ( -1.0, -1.0)=   -5 ( -1.0, -1.0)=   -5 ( -1.0, -1.0)=   -5 ( -1.0, -1.0)=   -5 ( -1.0, -1.0)=   -5 ( -1.0, -1.0)=   -5 ( -1.0, -1.0)=   -5 ( -1.0, -1.0)=   -5 ( -1.0, -1.0)=   -5 
    206 | (282.0,206.0)= 3873 (287.7,197.1)=    0 (289.1,188.7)=    0 (292.9,179.2)=    0 (295.3,171.6)=    0 (291.1,168.4)=    0 (280.2,169.3)=    0 (290.7,155.1)=    0 (277.4,157.6)=    0 (259.9,160.0)=    0 (240.4,163.8)=    0 (220.8,168.1)=    0 (201.8,166.6)=    0 (178.5,161.0)=    0 (162.0,158.4)=    0 (146.3,156.7)=    0 (131.9,155.4)=    0 (121.3,158.1)=    0 (106.2,157.7)=    0 ( 88.3,158.0)=    0 ( 76.4,158.7)=    0 ( 66.6,160.1)=    0 ( 56.6,166.0)=    0 ( 44.5,169.9)=    0 ( 31.8,180.2)=    0 ( -1.0, -1.0)=   -4 ( -1.0, -1.0)=   -4 ( -1.0, -1.0)=   -4 ( -1.0, -1.0)=   -4 ( -1.0, -1.0)=   -4 ( -1.0, -1.0)=   -4 ( -1.0, -1.0)=   -4 ( -1.0, -1.0)=   -4 ( -1.0, -1.0)=   -4 ( -1.0, -1.0)=   -4 ( -1.0, -1.0)=   -4 ( -1.0, -1.0)=   -4 ( -1.0, -1.0)=   -4 ( -1.0, -1.0)=   -4 ( -1.0, -1.0)=   -4 ( -1.0, -1.0)=   -4 ( -1.0, -1.0)=   -4 ( -1.0, -1.0)=   -4 ( -1.0, -1.0)=   -4 
    207 | (551.0,498.0)= 3859 (557.3,492.1)=    0 (560.2,486.7)=    0 (564.9,479.6)=    0 (569.2,474.2)=    0 (569.5,472.7)=    0 (562.3,474.2)=    0 (553.6,474.2)=    0 (545.2,477.1)=    0 (534.1,481.0)=    0 (521.4,486.0)=    0 ( -1.0, -1.0)=   -5 ( -1.0, -1.0)=   -5 ( -1.0, -1.0)=   -5 ( -1.0, -1.0)=   -5 ( -1.0, -1.0)=   -5 ( -1.0, -1.0)=   -5 ( -1.0, -1.0)=   -5 ( -1.0, -1.0)=   -5 ( -1.0, -1.0)=   -5 ( -1.0, -1.0)=   -5 ( -1.0, -1.0)=   -5 ( -1.0, -1.0)=   -5 ( -1.0, -1.0)=   -5 ( -1.0, -1.0)=   -5 ( -1.0, -1.0)=   -5 ( -1.0, -1.0)=   -5 ( -1.0, -1.0)=   -5 ( -1.0, -1.0)=   -5 ( -1.0, -1.0)=   -5 ( -1.0, -1.0)=   -5 ( -1.0, -1.0)=   -5 ( -1.0, -1.0)=   -5 ( -1.0, -1.0)=   -5 ( -1.0, -1.0)=   -5 ( -1.0, -1.0)=   -5 ( -1.0, -1.0)=   -5 ( -1.0, -1.0)=   -5 ( -1.0, -1.0)=   -5 ( -1.0, -1.0)=   -5 ( -1.0, -1.0)=   -5 ( -1.0, -1.0)=   -5 ( -1.0, -1.0)=   -5 ( -1.0, -1.0)=   -5 
    208 | (558.0,446.0)= 3850 (564.4,439.9)=    0 (567.8,434.4)=    0 (572.9,427.1)=    0 (577.6,421.5)=    0 (578.7,419.1)=    0 (572.8,419.7)=    0 (565.2,418.9)=    0 (558.2,421.0)=    0 (548.4,423.5)=    0 (537.3,427.3)=    0 (525.2,430.7)=    0 (514.9,429.8)=    0 (501.7,427.0)=    0 (492.9,425.9)=    0 (484.8,425.4)=    0 (476.7,426.1)=    0 (471.2,429.2)=    0 (463.5,430.9)=    0 (455.0,433.3)=    0 (451.0,435.5)=    0 (448.8,437.8)=    0 (444.5,442.1)=    0 (439.4,445.9)=    0 (430.1,453.0)=    0 (418.1,455.3)=    0 (412.4,449.6)=    0 (405.8,450.9)=    0 (403.1,451.9)=    0 (395.2,448.7)=    0 (387.3,446.3)=    0 (387.1,442.4)=    0 (388.1,444.6)=    0 (390.6,449.7)=    0 (390.6,455.1)=    0 (388.2,458.4)=    0 (384.3,459.2)=    0 (375.8,461.4)=    0 (366.8,463.3)=    0 (358.9,462.2)=    0 (351.9,459.7)=    0 (341.1,457.8)=    0 (333.7,456.5)=    0 (337.3,456.5)=    0 
    209 | (657.0,652.0)= 3850 (663.8,647.0)=    0 (666.3,642.8)=    0 (670.0,636.5)=    0 (674.6,632.1)=    0 (674.5,632.8)=    0 (665.7,636.3)=    0 (655.5,638.4)=    0 (645.9,643.3)=    0 (633.5,649.7)=    0 (618.8,657.8)=    0 (601.9,664.3)=    0 (587.3,666.7)=    0 (568.3,668.4)=    0 (555.0,670.6)=    0 (541.5,674.1)=    0 (528.0,678.2)=    0 (516.3,685.0)=    0 (502.8,690.9)=    0 (487.8,698.5)=    0 (479.0,705.1)=    0 (472.3,712.4)=    0 (462.5,719.8)=    0 ( -1.0, -1.0)=   -5 ( -1.0, -1.0)=   -5 ( -1.0, -1.0)=   -5 ( -1.0, -1.0)=   -5 ( -1.0, -1.0)=   -5 ( -1.0, -1.0)=   -5 ( -1.0, -1.0)=   -5 ( -1.0, -1.0)=   -5 ( -1.0, -1.0)=   -5 ( -1.0, -1.0)=   -5 ( -1.0, -1.0)=   -5 ( -1.0, -1.0)=   -5 ( -1.0, -1.0)=   -5 ( -1.0, -1.0)=   -5 ( -1.0, -1.0)=   -5 ( -1.0, -1.0)=   -5 ( -1.0, -1.0)=   -5 ( -1.0, -1.0)=   -5 ( -1.0, -1.0)=   -5 ( -1.0, -1.0)=   -5 ( -1.0, -1.0)=   -5 
    210 | (152.0,338.0)= 3837 (156.5,329.5)=    0 (156.8,322.0)=    0 (159.6,313.2)=    0 (161.1,307.0)=    0 (155.6,305.4)=    0 (143.3,308.1)=    0 (126.8,308.7)=    0 (112.7,313.1)=    0 ( -1.0, -1.0)=   -5 ( -1.0, -1.0)=   -5 ( -1.0, -1.0)=   -5 ( -1.0, -1.0)=   -5 ( -1.0, -1.0)=   -5 ( -1.0, -1.0)=   -5 ( -1.0, -1.0)=   -5 ( -1.0, -1.0)=   -5 ( -1.0, -1.0)=   -5 ( -1.0, -1.0)=   -5 ( -1.0, -1.0)=   -5 ( -1.0, -1.0)=   -5 ( -1.0, -1.0)=   -5 ( -1.0, -1.0)=   -5 ( -1.0, -1.0)=   -5 ( -1.0, -1.0)=   -5 ( -1.0, -1.0)=   -5 ( -1.0, -1.0)=   -5 ( -1.0, -1.0)=   -5 ( -1.0, -1.0)=   -5 ( -1.0, -1.0)=   -5 ( -1.0, -1.0)=   -5 ( -1.0, -1.0)=   -5 ( -1.0, -1.0)=   -5 ( -1.0, -1.0)=   -5 ( -1.0, -1.0)=   -5 ( -1.0, -1.0)=   -5 ( -1.0, -1.0)=   -5 ( -1.0, -1.0)=   -5 ( -1.0, -1.0)=   -5 ( -1.0, -1.0)=   -5 ( -1.0, -1.0)=   -5 ( -1.0, -1.0)=   -5 ( -1.0, -1.0)=   -5 ( -1.0, -1.0)=   -5 
    211 | (572.0,532.0)= 3818 (578.3,526.4)=    0 (581.2,521.2)=    0 (585.7,514.2)=    0 (590.1,509.1)=    0 (590.2,508.2)=    0 (582.9,510.1)=    0 (573.5,510.7)=    0 (564.9,514.3)=    0 (553.3,518.5)=    0 (540.2,524.4)=    0 (525.7,529.4)=    0 (512.7,530.1)=    0 (496.8,529.3)=    0 (485.6,529.6)=    0 (474.5,531.1)=    0 (463.7,533.2)=    0 (455.1,537.7)=    0 (444.4,541.2)=    0 (432.3,545.6)=    0 (425.5,549.5)=    0 (420.7,553.7)=    0 (413.5,559.3)=    0 (405.4,564.9)=    0 (392.8,573.0)=    0 (376.7,575.9)=    0 (368.2,570.3)=    0 (358.7,571.9)=    0 (353.5,573.3)=    0 (341.9,570.4)=    0 (330.0,568.4)=    0 (326.3,565.0)=    0 (324.5,567.4)=    0 (325.1,572.5)=    0 (322.9,577.7)=    0 (317.8,580.6)=    0 (311.0,581.1)=    0 (298.6,583.4)=    0 (285.9,585.4)=    0 (274.0,583.6)=    0 (263.8,580.9)=    0 (248.9,578.6)=    0 (238.7,577.5)=    0 (241.3,577.9)=    0 
    212 | (281.0,178.0)= 3814 (286.9,168.9)=    0 (288.3,160.2)=    0 (291.9,150.4)=    0 (294.6,142.7)=    0 (290.2,139.1)=    0 (278.9,139.9)=    0 (263.7,138.0)=    0 (249.3,140.6)=    0 (230.7,143.2)=    0 (210.9,146.7)=    0 (190.2,151.4)=    0 (170.7,149.8)=    0 (187.6,148.6)=    0 (171.5,145.8)=    0 (155.4,143.8)=    0 (141.5,142.7)=    0 ( -1.0, -1.0)=   -5 ( -1.0, -1.0)=   -5 ( -1.0, -1.0)=   -5 ( -1.0, -1.0)=   -5 ( -1.0, -1.0)=   -5 ( -1.0, -1.0)=   -5 ( -1.0, -1.0)=   -5 ( -1.0, -1.0)=   -5 ( -1.0, -1.0)=   -5 ( -1.0, -1.0)=   -5 ( -1.0, -1.0)=   -5 ( -1.0, -1.0)=   -5 ( -1.0, -1.0)=   -5 ( -1.0, -1.0)=   -5 ( -1.0, -1.0)=   -5 ( -1.0, -1.0)=   -5 ( -1.0, -1.0)=   -5 ( -1.0, -1.0)=   -5 ( -1.0, -1.0)=   -5 ( -1.0, -1.0)=   -5 ( -1.0, -1.0)=   -5 ( -1.0, -1.0)=   -5 ( -1.0, -1.0)=   -5 ( -1.0, -1.0)=   -5 ( -1.0, -1.0)=   -5 ( -1.0, -1.0)=   -5 ( -1.0, -1.0)=   -5 
    213 | (212.0,361.0)= 3813 (216.7,353.1)=    0 (217.4,345.8)=    0 (220.5,337.0)=    0 (222.9,330.9)=    0 (218.4,329.4)=    0 ( -1.0, -1.0)=   -5 ( -1.0, -1.0)=   -5 ( -1.0, -1.0)=   -5 ( -1.0, -1.0)=   -5 ( -1.0, -1.0)=   -5 ( -1.0, -1.0)=   -5 ( -1.0, -1.0)=   -5 ( -1.0, -1.0)=   -5 ( -1.0, -1.0)=   -5 ( -1.0, -1.0)=   -5 ( -1.0, -1.0)=   -5 ( -1.0, -1.0)=   -5 ( -1.0, -1.0)=   -5 ( -1.0, -1.0)=   -5 ( -1.0, -1.0)=   -5 ( -1.0, -1.0)=   -5 ( -1.0, -1.0)=   -5 ( -1.0, -1.0)=   -5 ( -1.0, -1.0)=   -5 ( -1.0, -1.0)=   -5 ( -1.0, -1.0)=   -5 ( -1.0, -1.0)=   -5 ( -1.0, -1.0)=   -5 ( -1.0, -1.0)=   -5 ( -1.0, -1.0)=   -5 ( -1.0, -1.0)=   -5 ( -1.0, -1.0)=   -5 ( -1.0, -1.0)=   -5 ( -1.0, -1.0)=   -5 ( -1.0, -1.0)=   -5 ( -1.0, -1.0)=   -5 ( -1.0, -1.0)=   -5 ( -1.0, -1.0)=   -5 ( -1.0, -1.0)=   -5 ( -1.0, -1.0)=   -5 ( -1.0, -1.0)=   -5 ( -1.0, -1.0)=   -5 ( -1.0, -1.0)=   -5 
    214 | (510.0,516.0)= 3806 (516.2,510.1)=    0 (518.6,504.7)=    0 (522.8,497.6)=    0 (526.9,492.2)=    0 (526.1,491.1)=    0 (518.5,492.9)=    0 (508.7,493.6)=    0 (499.6,497.0)=    0 (487.6,501.4)=    0 ( -1.0, -1.0)=   -5 ( -1.0, -1.0)=   -5 ( -1.0, -1.0)=   -5 ( -1.0, -1.0)=   -5 ( -1.0, -1.0)=   -5 ( -1.0, -1.0)=   -5 ( -1.0, -1.0)=   -5 ( -1.0, -1.0)=   -5 ( -1.0, -1.0)=   -5 ( -1.0, -1.0)=   -5 ( -1.0, -1.0)=   -5 ( -1.0, -1.0)=   -5 ( -1.0, -1.0)=   -5 ( -1.0, -1.0)=   -5 ( -1.0, -1.0)=   -5 ( -1.0, -1.0)=   -5 ( -1.0, -1.0)=   -5 ( -1.0, -1.0)=   -5 ( -1.0, -1.0)=   -5 ( -1.0, -1.0)=   -5 ( -1.0, -1.0)=   -5 ( -1.0, -1.0)=   -5 ( -1.0, -1.0)=   -5 ( -1.0, -1.0)=   -5 ( -1.0, -1.0)=   -5 ( -1.0, -1.0)=   -5 ( -1.0, -1.0)=   -5 ( -1.0, -1.0)=   -5 ( -1.0, -1.0)=   -5 ( -1.0, -1.0)=   -5 ( -1.0, -1.0)=   -5 ( -1.0, -1.0)=   -5 ( -1.0, -1.0)=   -5 ( -1.0, -1.0)=   -5 
    215 | (192.0,355.0)= 3794 (196.8,346.9)=    0 (197.4,339.6)=    0 (200.3,331.0)=    0 (202.3,324.8)=    0 (197.4,323.3)=    0 (186.1,325.8)=    0 (170.6,326.2)=    0 (157.3,330.3)=    0 ( -1.0, -1.0)=   -5 ( -1.0, -1.0)=   -5 ( -1.0, -1.0)=   -5 ( -1.0, -1.0)=   -5 ( -1.0, -1.0)=   -5 ( -1.0, -1.0)=   -5 ( -1.0, -1.0)=   -5 ( -1.0, -1.0)=   -5 ( -1.0, -1.0)=   -5 ( -1.0, -1.0)=   -5 ( -1.0, -1.0)=   -5 ( -1.0, -1.0)=   -5 ( -1.0, -1.0)=   -5 ( -1.0, -1.0)=   -5 ( -1.0, -1.0)=   -5 ( -1.0, -1.0)=   -5 ( -1.0, -1.0)=   -5 ( -1.0, -1.0)=   -5 ( -1.0, -1.0)=   -5 ( -1.0, -1.0)=   -5 ( -1.0, -1.0)=   -5 ( -1.0, -1.0)=   -5 ( -1.0, -1.0)=   -5 ( -1.0, -1.0)=   -5 ( -1.0, -1.0)=   -5 ( -1.0, -1.0)=   -5 ( -1.0, -1.0)=   -5 ( -1.0, -1.0)=   -5 ( -1.0, -1.0)=   -5 ( -1.0, -1.0)=   -5 ( -1.0, -1.0)=   -5 ( -1.0, -1.0)=   -5 ( -1.0, -1.0)=   -5 ( -1.0, -1.0)=   -5 ( -1.0, -1.0)=   -5 
    216 | ( 91.0,550.0)= 3773 ( 94.8,542.8)=    0 ( 94.6,536.5)=    0 ( 97.5,528.5)=    0 ( 99.2,523.2)=    0 ( 93.9,523.5)=    0 ( 82.5,527.3)=    0 ( 66.8,530.2)=    0 ( 53.2,535.8)=    0 ( 34.7,542.9)=    0 ( -1.0, -1.0)=   -4 ( -1.0, -1.0)=   -4 ( -1.0, -1.0)=   -4 ( -1.0, -1.0)=   -4 ( -1.0, -1.0)=   -4 ( -1.0, -1.0)=   -4 ( -1.0, -1.0)=   -4 ( -1.0, -1.0)=   -4 ( -1.0, -1.0)=   -4 ( -1.0, -1.0)=   -4 ( -1.0, -1.0)=   -4 ( -1.0, -1.0)=   -4 ( -1.0, -1.0)=   -4 ( -1.0, -1.0)=   -4 ( -1.0, -1.0)=   -4 ( -1.0, -1.0)=   -4 ( -1.0, -1.0)=   -4 ( -1.0, -1.0)=   -4 ( -1.0, -1.0)=   -4 ( -1.0, -1.0)=   -4 ( -1.0, -1.0)=   -4 ( -1.0, -1.0)=   -4 ( -1.0, -1.0)=   -4 ( -1.0, -1.0)=   -4 ( -1.0, -1.0)=   -4 ( -1.0, -1.0)=   -4 ( -1.0, -1.0)=   -4 ( -1.0, -1.0)=   -4 ( -1.0, -1.0)=   -4 ( -1.0, -1.0)=   -4 ( -1.0, -1.0)=   -4 ( -1.0, -1.0)=   -4 ( -1.0, -1.0)=   -4 ( -1.0, -1.0)=   -4 
    217 | (529.0,757.0)= 3773 (534.7,752.1)=    0 (535.3,747.9)=    0 (537.5,741.5)=    0 (540.5,737.5)=    0 (537.4,740.6)=    0 (525.8,745.9)=    0 (511.7,750.9)=    0 (498.8,758.3)=    0 ( -1.0, -1.0)=   -5 ( -1.0, -1.0)=   -5 ( -1.0, -1.0)=   -5 ( -1.0, -1.0)=   -5 ( -1.0, -1.0)=   -5 ( -1.0, -1.0)=   -5 ( -1.0, -1.0)=   -5 ( -1.0, -1.0)=   -5 ( -1.0, -1.0)=   -5 ( -1.0, -1.0)=   -5 ( -1.0, -1.0)=   -5 ( -1.0, -1.0)=   -5 ( -1.0, -1.0)=   -5 ( -1.0, -1.0)=   -5 ( -1.0, -1.0)=   -5 ( -1.0, -1.0)=   -5 ( -1.0, -1.0)=   -5 ( -1.0, -1.0)=   -5 ( -1.0, -1.0)=   -5 ( -1.0, -1.0)=   -5 ( -1.0, -1.0)=   -5 ( -1.0, -1.0)=   -5 ( -1.0, -1.0)=   -5 ( -1.0, -1.0)=   -5 ( -1.0, -1.0)=   -5 ( -1.0, -1.0)=   -5 ( -1.0, -1.0)=   -5 ( -1.0, -1.0)=   -5 ( -1.0, -1.0)=   -5 ( -1.0, -1.0)=   -5 ( -1.0, -1.0)=   -5 ( -1.0, -1.0)=   -5 ( -1.0, -1.0)=   -5 ( -1.0, -1.0)=   -5 ( -1.0, -1.0)=   -5 
    218 | (148.0,159.0)= 3746 (153.3,148.9)=    0 (153.2,139.8)=    0 (155.9,129.8)=    0 (157.2,121.9)=    0 (150.1,118.6)=    0 (135.8,120.8)=    0 (116.8,119.6)=    0 (100.0,123.2)=    0 ( 77.5,126.6)=    0 ( 53.1,131.1)=    0 ( 29.3,137.1)=    0 ( -1.0, -1.0)=   -4 ( -1.0, -1.0)=   -4 ( -1.0, -1.0)=   -4 ( -1.0, -1.0)=   -4 ( -1.0, -1.0)=   -4 ( -1.0, -1.0)=   -4 ( -1.0, -1.0)=   -4 ( -1.0, -1.0)=   -4 ( -1.0, -1.0)=   -4 ( -1.0, -1.0)=   -4 ( -1.0, -1.0)=   -4 ( -1.0, -1.0)=   -4 ( -1.0, -1.0)=   -4 ( -1.0, -1.0)=   -4 ( -1.0, -1.0)=   -4 ( -1.0, -1.0)=   -4 ( -1.0, -1.0)=   -4 ( -1.0, -1.0)=   -4 ( -1.0, -1.0)=   -4 ( -1.0, -1.0)=   -4 ( -1.0, -1.0)=   -4 ( -1.0, -1.0)=   -4 ( -1.0, -1.0)=   -4 ( -1.0, -1.0)=   -4 ( -1.0, -1.0)=   -4 ( -1.0, -1.0)=   -4 ( -1.0, -1.0)=   -4 ( -1.0, -1.0)=   -4 ( -1.0, -1.0)=   -4 ( -1.0, -1.0)=   -4 ( -1.0, -1.0)=   -4 ( -1.0, -1.0)=   -4 
    219 | (416.0,474.0)= 3746 (421.6,468.0)=    0 (423.7,461.9)=    0 (427.8,454.6)=    0 (431.4,449.0)=    0 (430.2,447.6)=    0 (422.7,449.1)=    0 (412.9,449.6)=    0 (403.8,452.8)=    0 (414.9,448.3)=    0 (401.9,453.1)=    0 (387.8,457.4)=    0 (375.1,457.5)=    0 (359.2,455.5)=    0 (348.3,455.0)=    0 (337.6,455.3)=    0 (327.6,456.1)=    0 (320.4,459.4)=    0 (309.9,461.4)=    0 (298.6,464.5)=    0 (292.1,467.1)=    0 (287.7,470.5)=    0 (281.5,475.2)=    0 (274.4,479.7)=    0 (264.5,487.4)=    0 (251.5,489.6)=    0 (244.2,483.7)=    0 (236.9,484.7)=    0 (233.6,485.7)=    0 (224.2,481.8)=    0 (214.4,478.7)=    0 (211.9,474.0)=    0 (211.9,475.3)=    0 (214.6,479.4)=    0 (214.5,483.6)=    0 (211.7,485.6)=    0 (207.0,485.3)=    0 (197.3,485.8)=    0 (187.0,486.3)=    0 (177.5,483.3)=    0 (169.5,479.8)=    0 (157.2,476.5)=    0 (148.6,474.5)=    0 (151.3,473.7)=    0 
    220 | (252.0,326.0)= 3724 (257.2,318.0)=    0 (258.4,310.6)=    0 (261.8,301.9)=    0 (264.3,295.5)=    0 (260.3,293.5)=    0 (249.3,295.3)=    0 (234.9,295.6)=    0 (222.2,298.9)=    0 (204.8,303.1)=    0 ( -1.0, -1.0)=   -5 ( -1.0, -1.0)=   -5 ( -1.0, -1.0)=   -5 ( -1.0, -1.0)=   -5 ( -1.0, -1.0)=   -5 ( -1.0, -1.0)=   -5 ( -1.0, -1.0)=   -5 ( -1.0, -1.0)=   -5 ( -1.0, -1.0)=   -5 ( -1.0, -1.0)=   -5 ( -1.0, -1.0)=   -5 ( -1.0, -1.0)=   -5 ( -1.0, -1.0)=   -5 ( -1.0, -1.0)=   -5 ( -1.0, -1.0)=   -5 ( -1.0, -1.0)=   -5 ( -1.0, -1.0)=   -5 ( -1.0, -1.0)=   -5 ( -1.0, -1.0)=   -5 ( -1.0, -1.0)=   -5 ( -1.0, -1.0)=   -5 ( -1.0, -1.0)=   -5 ( -1.0, -1.0)=   -5 ( -1.0, -1.0)=   -5 ( -1.0, -1.0)=   -5 ( -1.0, -1.0)=   -5 ( -1.0, -1.0)=   -5 ( -1.0, -1.0)=   -5 ( -1.0, -1.0)=   -5 ( -1.0, -1.0)=   -5 ( -1.0, -1.0)=   -5 ( -1.0, -1.0)=   -5 ( -1.0, -1.0)=   -5 ( -1.0, -1.0)=   -5 
    221 | (217.0,260.0)= 3720 (222.4,251.6)=    0 (223.0,243.6)=    0 (226.2,234.2)=    0 (228.5,227.1)=    0 (223.4,224.8)=    0 (211.1,226.6)=    0 (194.9,226.1)=    0 (180.6,229.6)=    0 (189.8,219.3)=    0 (169.5,224.1)=    0 (149.6,229.2)=    0 (130.0,228.3)=    0 (104.6,224.1)=    0 ( 87.3,222.3)=    0 ( 70.4,221.3)=    0 ( -1.0, -1.0)=   -5 ( -1.0, -1.0)=   -5 ( -1.0, -1.0)=   -5 ( -1.0, -1.0)=   -5 ( -1.0, -1.0)=   -5 ( -1.0, -1.0)=   -5 ( -1.0, -1.0)=   -5 ( -1.0, -1.0)=   -5 ( -1.0, -1.0)=   -5 ( -1.0, -1.0)=   -5 ( -1.0, -1.0)=   -5 ( -1.0, -1.0)=   -5 ( -1.0, -1.0)=   -5 ( -1.0, -1.0)=   -5 ( -1.0, -1.0)=   -5 ( -1.0, -1.0)=   -5 ( -1.0, -1.0)=   -5 ( -1.0, -1.0)=   -5 ( -1.0, -1.0)=   -5 ( -1.0, -1.0)=   -5 ( -1.0, -1.0)=   -5 ( -1.0, -1.0)=   -5 ( -1.0, -1.0)=   -5 ( -1.0, -1.0)=   -5 ( -1.0, -1.0)=   -5 ( -1.0, -1.0)=   -5 ( -1.0, -1.0)=   -5 ( -1.0, -1.0)=   -5 
    222 | (238.0,203.0)= 3713 (243.5,193.8)=    0 (244.4,185.3)=    0 (247.6,175.6)=    0 (249.9,168.1)=    0 (245.1,165.0)=    0 (232.5,166.6)=    0 (216.4,165.4)=    0 ( -1.0, -1.0)=   -5 ( -1.0, -1.0)=   -5 ( -1.0, -1.0)=   -5 ( -1.0, -1.0)=   -5 ( -1.0, -1.0)=   -5 ( -1.0, -1.0)=   -5 ( -1.0, -1.0)=   -5 ( -1.0, -1.0)=   -5 ( -1.0, -1.0)=   -5 ( -1.0, -1.0)=   -5 ( -1.0, -1.0)=   -5 ( -1.0, -1.0)=   -5 ( -1.0, -1.0)=   -5 ( -1.0, -1.0)=   -5 ( -1.0, -1.0)=   -5 ( -1.0, -1.0)=   -5 ( -1.0, -1.0)=   -5 ( -1.0, -1.0)=   -5 ( -1.0, -1.0)=   -5 ( -1.0, -1.0)=   -5 ( -1.0, -1.0)=   -5 ( -1.0, -1.0)=   -5 ( -1.0, -1.0)=   -5 ( -1.0, -1.0)=   -5 ( -1.0, -1.0)=   -5 ( -1.0, -1.0)=   -5 ( -1.0, -1.0)=   -5 ( -1.0, -1.0)=   -5 ( -1.0, -1.0)=   -5 ( -1.0, -1.0)=   -5 ( -1.0, -1.0)=   -5 ( -1.0, -1.0)=   -5 ( -1.0, -1.0)=   -5 ( -1.0, -1.0)=   -5 ( -1.0, -1.0)=   -5 ( -1.0, -1.0)=   -5 
    223 | (239.0,304.0)= 3712 (244.6,295.9)=    0 (245.5,288.4)=    0 (248.9,279.4)=    0 (251.2,272.8)=    0 (247.0,270.6)=    0 (235.8,272.6)=    0 (220.6,272.6)=    0 (207.5,276.0)=    0 (189.6,280.0)=    0 (170.1,285.2)=    0 (151.0,290.6)=    0 (132.1,290.2)=    0 (107.9,287.1)=    0 ( 91.5,286.0)=    0 ( 75.2,285.5)=    0 ( 60.0,285.1)=    0 ( 48.8,288.7)=    0 ( 33.1,289.4)=    0 ( 27.3,288.6)=    0 ( -1.0, -1.0)=   -4 ( -1.0, -1.0)=   -4 ( -1.0, -1.0)=   -4 ( -1.0, -1.0)=   -4 ( -1.0, -1.0)=   -4 ( -1.0, -1.0)=   -4 ( -1.0, -1.0)=   -4 ( -1.0, -1.0)=   -4 ( -1.0, -1.0)=   -4 ( -1.0, -1.0)=   -4 ( -1.0, -1.0)=   -4 ( -1.0, -1.0)=   -4 ( -1.0, -1.0)=   -4 ( -1.0, -1.0)=   -4 ( -1.0, -1.0)=   -4 ( -1.0, -1.0)=   -4 ( -1.0, -1.0)=   -4 ( -1.0, -1.0)=   -4 ( -1.0, -1.0)=   -4 ( -1.0, -1.0)=   -4 ( -1.0, -1.0)=   -4 ( -1.0, -1.0)=   -4 ( -1.0, -1.0)=   -4 ( -1.0, -1.0)=   -4 
    224 | (349.0,534.0)= 3707 (354.3,527.8)=    0 (355.5,522.0)=    0 (358.8,514.7)=    0 (361.7,509.5)=    0 (358.8,509.0)=    0 (349.3,511.8)=    0 (337.1,513.5)=    0 (326.3,518.2)=    0 (311.4,523.7)=    0 (295.2,530.5)=    0 (278.5,536.4)=    0 (262.6,538.3)=    0 (242.9,538.3)=    0 (228.7,539.0)=    0 (214.8,540.5)=    0 (201.4,542.3)=    0 (190.9,546.6)=    0 (177.1,549.7)=    0 (160.9,554.2)=    0 (151.1,558.4)=    0 (143.1,563.4)=    0 (134.4,569.6)=    0 (124.1,575.3)=    0 (111.9,583.5)=    0 ( 95.7,585.8)=    0 ( 85.9,579.9)=    0 ( 76.7,581.1)=    0 ( 71.9,581.7)=    0 ( 58.9,577.5)=    0 ( 45.3,573.9)=    0 ( 39.1,568.7)=    0 ( 37.4,569.8)=    0 ( 39.3,572.9)=    0 ( 39.0,576.3)=    0 ( 34.5,577.1)=    0 ( 28.2,575.8)=    0 ( -1.0, -1.0)=   -4 ( -1.0, -1.0)=   -4 ( -1.0, -1.0)=   -4 ( -1.0, -1.0)=   -4 ( -1.0, -1.0)=   -4 ( -1.0, -1.0)=   -4 ( -1.0, -1.0)=   -4 
    225 | (582.0,458.0)= 3706 (588.6,452.1)=    0 (592.1,446.6)=    0 (597.3,439.4)=    0 (602.4,433.8)=    0 (603.4,431.6)=    0 (597.8,432.2)=    0 (590.1,431.5)=    0 (582.8,433.6)=    0 (573.2,436.2)=    0 (562.2,440.2)=    0 (550.0,443.6)=    0 (539.3,443.0)=    0 (526.2,440.2)=    0 (517.5,439.1)=    0 (509.1,438.9)=    0 (500.8,439.8)=    0 (495.3,442.9)=    0 (487.5,445.0)=    0 (479.0,447.7)=    0 (474.8,450.0)=    0 (472.6,452.7)=    0 (467.8,456.8)=    0 (462.7,460.9)=    0 (453.0,468.1)=    0 (440.6,470.6)=    0 (434.6,464.9)=    0 (427.7,466.3)=    0 (424.6,467.5)=    0 (416.4,464.3)=    0 (408.3,462.4)=    0 (408.0,458.5)=    0 (408.6,461.0)=    0 (411.0,466.2)=    0 (410.4,471.9)=    0 (407.6,475.4)=    0 (403.2,476.3)=    0 (394.5,478.7)=    0 (385.0,480.8)=    0 (376.7,479.8)=    0 (369.3,477.7)=    0 (358.1,476.0)=    0 (350.4,475.0)=    0 (353.9,475.0)=    0 
    226 | (128.0,234.0)= 3700 (134.1,237.3)=    0 (133.9,228.8)=    0 (136.7,219.4)=    0 (138.2,212.3)=    0 (131.4,210.1)=    0 (117.2,212.8)=    0 ( 98.8,212.6)=    0 ( 82.3,216.7)=    0 ( 60.6,221.4)=    0 ( 36.8,226.8)=    0 ( -1.0, -1.0)=   -4 ( -1.0, -1.0)=   -4 ( -1.0, -1.0)=   -4 ( -1.0, -1.0)=   -4 ( -1.0, -1.0)=   -4 ( -1.0, -1.0)=   -4 ( -1.0, -1.0)=   -4 ( -1.0, -1.0)=   -4 ( -1.0, -1.0)=   -4 ( -1.0, -1.0)=   -4 ( -1.0, -1.0)=   -4 ( -1.0, -1.0)=   -4 ( -1.0, -1.0)=   -4 ( -1.0, -1.0)=   -4 ( -1.0, -1.0)=   -4 ( -1.0, -1.0)=   -4 ( -1.0, -1.0)=   -4 ( -1.0, -1.0)=   -4 ( -1.0, -1.0)=   -4 ( -1.0, -1.0)=   -4 ( -1.0, -1.0)=   -4 ( -1.0, -1.0)=   -4 ( -1.0, -1.0)=   -4 ( -1.0, -1.0)=   -4 ( -1.0, -1.0)=   -4 ( -1.0, -1.0)=   -4 ( -1.0, -1.0)=   -4 ( -1.0, -1.0)=   -4 ( -1.0, -1.0)=   -4 ( -1.0, -1.0)=   -4 ( -1.0, -1.0)=   -4 ( -1.0, -1.0)=   -4 ( -1.0, -1.0)=   -4 
    227 | (511.0,744.0)= 3673 (516.5,739.0)=    0 (516.9,734.7)=    0 (519.0,728.2)=    0 (521.9,724.2)=    0 (518.7,726.9)=    0 (507.2,731.9)=    0 (492.8,736.7)=    0 (479.7,743.7)=    0 (462.8,753.2)=    0 (443.7,764.5)=    0 (422.7,773.6)=    0 (402.9,778.5)=    0 (378.1,783.0)=    0 (359.9,787.2)=    0 (341.1,792.7)=    0 (322.1,798.6)=    0 (306.2,806.3)=    0 (286.3,814.2)=    0 (264.2,824.5)=    0 (249.3,833.7)=    0 (237.3,843.8)=    0 (223.0,852.9)=    0 (207.0,863.0)=    0 (187.3,872.8)=    0 (162.7,875.8)=    0 (146.9,870.0)=    0 (131.2,871.8)=    0 (121.6,872.8)=    0 (100.6,869.8)=    0 ( 78.7,868.3)=    0 ( 64.7,866.0)=    0 ( 57.2,868.4)=    0 ( 54.1,871.5)=    0 ( 48.9,874.3)=    0 ( 38.4,874.9)=    0 ( 25.5,873.5)=    0 ( -1.0, -1.0)=   -5 ( -1.0, -1.0)=   -5 ( -1.0, -1.0)=   -5 ( -1.0, -1.0)=   -5 ( -1.0, -1.0)=   -5 ( -1.0, -1.0)=   -5 ( -1.0, -1.0)=   -5 
    228 | (315.0,211.0)= 3662 (321.0,202.4)=    0 (322.8,194.1)=    0 (326.9,184.8)=    0 (329.7,177.3)=    0 (326.3,173.8)=    0 (315.3,174.3)=    0 ( -1.0, -1.0)=   -5 ( -1.0, -1.0)=   -5 ( -1.0, -1.0)=   -5 ( -1.0, -1.0)=   -5 ( -1.0, -1.0)=   -5 ( -1.0, -1.0)=   -5 ( -1.0, -1.0)=   -5 ( -1.0, -1.0)=   -5 ( -1.0, -1.0)=   -5 ( -1.0, -1.0)=   -5 ( -1.0, -1.0)=   -5 ( -1.0, -1.0)=   -5 ( -1.0, -1.0)=   -5 ( -1.0, -1.0)=   -5 ( -1.0, -1.0)=   -5 ( -1.0, -1.0)=   -5 ( -1.0, -1.0)=   -5 ( -1.0, -1.0)=   -5 ( -1.0, -1.0)=   -5 ( -1.0, -1.0)=   -5 ( -1.0, -1.0)=   -5 ( -1.0, -1.0)=   -5 ( -1.0, -1.0)=   -5 ( -1.0, -1.0)=   -5 ( -1.0, -1.0)=   -5 ( -1.0, -1.0)=   -5 ( -1.0, -1.0)=   -5 ( -1.0, -1.0)=   -5 ( -1.0, -1.0)=   -5 ( -1.0, -1.0)=   -5 ( -1.0, -1.0)=   -5 ( -1.0, -1.0)=   -5 ( -1.0, -1.0)=   -5 ( -1.0, -1.0)=   -5 ( -1.0, -1.0)=   -5 ( -1.0, -1.0)=   -5 ( -1.0, -1.0)=   -5 
    229 | (407.0,486.0)= 3661 (412.6,479.9)=    0 (414.3,473.9)=    0 (418.6,466.7)=    0 (422.1,461.2)=    0 (420.6,460.0)=    0 (412.6,461.7)=    0 (402.4,462.5)=    0 (392.7,465.9)=    0 (380.1,470.2)=    0 ( -1.0, -1.0)=   -5 ( -1.0, -1.0)=   -5 ( -1.0, -1.0)=   -5 ( -1.0, -1.0)=   -5 ( -1.0, -1.0)=   -5 ( -1.0, -1.0)=   -5 ( -1.0, -1.0)=   -5 ( -1.0, -1.0)=   -5 ( -1.0, -1.0)=   -5 ( -1.0, -1.0)=   -5 ( -1.0, -1.0)=   -5 ( -1.0, -1.0)=   -5 ( -1.0, -1.0)=   -5 ( -1.0, -1.0)=   -5 ( -1.0, -1.0)=   -5 ( -1.0, -1.0)=   -5 ( -1.0, -1.0)=   -5 ( -1.0, -1.0)=   -5 ( -1.0, -1.0)=   -5 ( -1.0, -1.0)=   -5 ( -1.0, -1.0)=   -5 ( -1.0, -1.0)=   -5 ( -1.0, -1.0)=   -5 ( -1.0, -1.0)=   -5 ( -1.0, -1.0)=   -5 ( -1.0, -1.0)=   -5 ( -1.0, -1.0)=   -5 ( -1.0, -1.0)=   -5 ( -1.0, -1.0)=   -5 ( -1.0, -1.0)=   -5 ( -1.0, -1.0)=   -5 ( -1.0, -1.0)=   -5 ( -1.0, -1.0)=   -5 ( -1.0, -1.0)=   -5 
    230 | (423.0,813.0)= 3659 (427.9,807.9)=    0 (427.1,803.7)=    0 (428.4,796.8)=    0 (430.2,793.0)=    0 (425.0,797.3)=    0 (411.1,803.7)=    0 (394.1,810.4)=    0 (379.1,819.4)=    0 (358.9,831.4)=    0 (336.6,845.4)=    0 ( -1.0, -1.0)=   -5 ( -1.0, -1.0)=   -5 ( -1.0, -1.0)=   -5 ( -1.0, -1.0)=   -5 ( -1.0, -1.0)=   -5 ( -1.0, -1.0)=   -5 ( -1.0, -1.0)=   -5 ( -1.0, -1.0)=   -5 ( -1.0, -1.0)=   -5 ( -1.0, -1.0)=   -5 ( -1.0, -1.0)=   -5 ( -1.0, -1.0)=   -5 ( -1.0, -1.0)=   -5 ( -1.0, -1.0)=   -5 ( -1.0, -1.0)=   -5 ( -1.0, -1.0)=   -5 ( -1.0, -1.0)=   -5 ( -1.0, -1.0)=   -5 ( -1.0, -1.0)=   -5 ( -1.0, -1.0)=   -5 ( -1.0, -1.0)=   -5 ( -1.0, -1.0)=   -5 ( -1.0, -1.0)=   -5 ( -1.0, -1.0)=   -5 ( -1.0, -1.0)=   -5 ( -1.0, -1.0)=   -5 ( -1.0, -1.0)=   -5 ( -1.0, -1.0)=   -5 ( -1.0, -1.0)=   -5 ( -1.0, -1.0)=   -5 ( -1.0, -1.0)=   -5 ( -1.0, -1.0)=   -5 ( -1.0, -1.0)=   -5 
    231 | (155.0,199.0)= 3659 (160.1,189.5)=    0 (160.2,180.7)=    0 (162.9,170.9)=    0 (164.4,163.6)=    0 (157.9,160.7)=    0 (143.9,162.8)=    0 (125.6,162.1)=    0 (109.5,165.6)=    0 ( 87.6,169.4)=    0 ( 64.1,174.4)=    0 ( -1.0, -1.0)=   -5 ( -1.0, -1.0)=   -5 ( -1.0, -1.0)=   -5 ( -1.0, -1.0)=   -5 ( -1.0, -1.0)=   -5 ( -1.0, -1.0)=   -5 ( -1.0, -1.0)=   -5 ( -1.0, -1.0)=   -5 ( -1.0, -1.0)=   -5 ( -1.0, -1.0)=   -5 ( -1.0, -1.0)=   -5 ( -1.0, -1.0)=   -5 ( -1.0, -1.0)=   -5 ( -1.0, -1.0)=   -5 ( -1.0, -1.0)=   -5 ( -1.0, -1.0)=   -5 ( -1.0, -1.0)=   -5 ( -1.0, -1.0)=   -5 ( -1.0, -1.0)=   -5 ( -1.0, -1.0)=   -5 ( -1.0, -1.0)=   -5 ( -1.0, -1.0)=   -5 ( -1.0, -1.0)=   -5 ( -1.0, -1.0)=   -5 ( -1.0, -1.0)=   -5 ( -1.0, -1.0)=   -5 ( -1.0, -1.0)=   -5 ( -1.0, -1.0)=   -5 ( -1.0, -1.0)=   -5 ( -1.0, -1.0)=   -5 ( -1.0, -1.0)=   -5 ( -1.0, -1.0)=   -5 ( -1.0, -1.0)=   -5 
    232 | (527.0,463.0)= 3656 (533.3,457.1)=    0 (536.2,451.4)=    0 (541.2,444.2)=    0 (545.6,438.5)=    0 (545.8,436.6)=    0 (539.3,437.6)=    0 (531.0,437.3)=    0 (523.0,439.8)=    0 (512.5,442.9)=    0 (500.3,447.3)=    0 (487.1,451.0)=    0 (475.6,450.8)=    0 (461.2,448.5)=    0 (451.4,447.6)=    0 (441.9,447.7)=    0 (432.9,448.7)=    0 (426.2,451.9)=    0 (417.5,454.2)=    0 (407.4,456.9)=    0 (402.3,459.5)=    0 (399.1,462.3)=    0 (393.6,466.9)=    0 (387.8,471.4)=    0 (377.5,478.7)=    0 (364.6,481.2)=    0 (358.0,475.5)=    0 (350.9,476.7)=    0 (347.5,477.8)=    0 (338.7,474.5)=    0 (329.8,472.1)=    0 (328.4,468.0)=    0 (328.7,470.0)=    0 (331.0,474.9)=    0 (330.4,480.0)=    0 (327.6,483.0)=    0 (322.9,483.5)=    0 (313.5,485.2)=    0 (303.6,486.7)=    0 (294.7,485.0)=    0 (287.0,482.2)=    0 (275.0,479.8)=    0 (267.1,478.5)=    0 (270.2,478.3)=    0 
    233 | (316.0,184.0)= 3650 (321.4,175.2)=    0 (323.0,166.7)=    0 (327.3,157.0)=    0 (330.4,149.2)=    0 (326.3,145.6)=    0 (315.5,146.4)=    0 (300.7,144.1)=    0 (288.0,146.6)=    0 (270.6,148.7)=    0 (251.8,152.1)=    0 (232.0,156.7)=    0 (213.5,155.0)=    0 (190.3,149.1)=    0 (174.2,146.2)=    0 (158.6,144.5)=    0 (144.2,143.2)=    0 ( -1.0, -1.0)=   -5 ( -1.0, -1.0)=   -5 ( -1.0, -1.0)=   -5 ( -1.0, -1.0)=   -5 ( -1.0, -1.0)=   -5 ( -1.0, -1.0)=   -5 ( -1.0, -1.0)=   -5 ( -1.0, -1.0)=   -5 ( -1.0, -1.0)=   -5 ( -1.0, -1.0)=   -5 ( -1.0, -1.0)=   -5 ( -1.0, -1.0)=   -5 ( -1.0, -1.0)=   -5 ( -1.0, -1.0)=   -5 ( -1.0, -1.0)=   -5 ( -1.0, -1.0)=   -5 ( -1.0, -1.0)=   -5 ( -1.0, -1.0)=   -5 ( -1.0, -1.0)=   -5 ( -1.0, -1.0)=   -5 ( -1.0, -1.0)=   -5 ( -1.0, -1.0)=   -5 ( -1.0, -1.0)=   -5 ( -1.0, -1.0)=   -5 ( -1.0, -1.0)=   -5 ( -1.0, -1.0)=   -5 ( -1.0, -1.0)=   -5 
    234 | (131.0,152.0)= 3648 (136.1,141.8)=    0 (136.0,132.6)=    0 (138.7,122.5)=    0 (139.9,114.7)=    0 (132.5,111.4)=    0 (117.7,113.6)=    0 ( 97.9,112.3)=    0 ( 80.6,115.8)=    0 ( 57.5,119.3)=    0 ( 32.6,123.7)=    0 ( -1.0, -1.0)=   -4 ( -1.0, -1.0)=   -4 ( -1.0, -1.0)=   -4 ( -1.0, -1.0)=   -4 ( -1.0, -1.0)=   -4 ( -1.0, -1.0)=   -4 ( -1.0, -1.0)=   -4 ( -1.0, -1.0)=   -4 ( -1.0, -1.0)=   -4 ( -1.0, -1.0)=   -4 ( -1.0, -1.0)=   -4 ( -1.0, -1.0)=   -4 ( -1.0, -1.0)=   -4 ( -1.0, -1.0)=   -4 ( -1.0, -1.0)=   -4 ( -1.0, -1.0)=   -4 ( -1.0, -1.0)=   -4 ( -1.0, -1.0)=   -4 ( -1.0, -1.0)=   -4 ( -1.0, -1.0)=   -4 ( -1.0, -1.0)=   -4 ( -1.0, -1.0)=   -4 ( -1.0, -1.0)=   -4 ( -1.0, -1.0)=   -4 ( -1.0, -1.0)=   -4 ( -1.0, -1.0)=   -4 ( -1.0, -1.0)=   -4 ( -1.0, -1.0)=   -4 ( -1.0, -1.0)=   -4 ( -1.0, -1.0)=   -4 ( -1.0, -1.0)=   -4 ( -1.0, -1.0)=   -4 ( -1.0, -1.0)=   -4 
    235 | (134.0,484.0)= 3639 (138.2,476.6)=    0 (138.2,470.1)=    0 (141.2,462.1)=    0 (143.0,456.6)=    0 (137.9,456.6)=    0 (126.6,459.9)=    0 (111.1,461.9)=    0 ( 97.9,467.0)=    0 ( 79.6,473.4)=    0 ( 59.5,480.7)=    0 ( 40.5,487.5)=    0 ( -1.0, -1.0)=   -4 ( -1.0, -1.0)=   -4 ( -1.0, -1.0)=   -4 ( -1.0, -1.0)=   -4 ( -1.0, -1.0)=   -4 ( -1.0, -1.0)=   -4 ( -1.0, -1.0)=   -4 ( -1.0, -1.0)=   -4 ( -1.0, -1.0)=   -4 ( -1.0, -1.0)=   -4 ( -1.0, -1.0)=   -4 ( -1.0, -1.0)=   -4 ( -1.0, -1.0)=   -4 ( -1.0, -1.0)=   -4 ( -1.0, -1.0)=   -4 ( -1.0, -1.0)=   -4 ( -1.0, -1.0)=   -4 ( -1.0, -1.0)=   -4 ( -1.0, -1.0)=   -4 ( -1.0, -1.0)=   -4 ( -1.0, -1.0)=   -4 ( -1.0, -1.0)=   -4 ( -1.0, -1.0)=   -4 ( -1.0, -1.0)=   -4 ( -1.0, -1.0)=   -4 ( -1.0, -1.0)=   -4 ( -1.0, -1.0)=   -4 ( -1.0, -1.0)=   -4 ( -1.0, -1.0)=   -4 ( -1.0, -1.0)=   -4 ( -1.0, -1.0)=   -4 ( -1.0, -1.0)=   -4 
    236 | (140.0,220.0)= 3635 (144.7,210.7)=    0 (144.6,202.1)=    0 (147.5,192.3)=    0 (148.9,185.0)=    0 (142.1,182.6)=    0 (128.3,185.0)=    0 (109.9,184.5)=    0 ( 93.9,188.2)=    0 ( 72.1,192.4)=    0 ( 48.5,197.6)=    0 ( 25.5,203.7)=    0 ( -1.0, -1.0)=   -4 ( -1.0, -1.0)=   -4 ( -1.0, -1.0)=   -4 ( -1.0, -1.0)=   -4 ( -1.0, -1.0)=   -4 ( -1.0, -1.0)=   -4 ( -1.0, -1.0)=   -4 ( -1.0, -1.0)=   -4 ( -1.0, -1.0)=   -4 ( -1.0, -1.0)=   -4 ( -1.0, -1.0)=   -4 ( -1.0, -1.0)=   -4 ( -1.0, -1.0)=   -4 ( -1.0, -1.0)=   -4 ( -1.0, -1.0)=   -4 ( -1.0, -1.0)=   -4 ( -1.0, -1.0)=   -4 ( -1.0, -1.0)=   -4 ( -1.0, -1.0)=   -4 ( -1.0, -1.0)=   -4 ( -1.0, -1.0)=   -4 ( -1.0, -1.0)=   -4 ( -1.0, -1.0)=   -4 ( -1.0, -1.0)=   -4 ( -1.0, -1.0)=   -4 ( -1.0, -1.0)=   -4 ( -1.0, -1.0)=   -4 ( -1.0, -1.0)=   -4 ( -1.0, -1.0)=   -4 ( -1.0, -1.0)=   -4 ( -1.0, -1.0)=   -4 ( -1.0, -1.0)=   -4 
    237 | (262.0,325.0)= 3627 (267.5,317.2)=    0 (268.5,309.6)=    0 (272.0,300.9)=    0 (274.5,294.6)=    0 (270.7,292.4)=    0 (260.0,294.3)=    0 (246.1,294.2)=    0 (233.4,297.8)=    0 (216.7,301.7)=    0 (198.3,306.7)=    0 (179.8,311.9)=    0 (161.8,311.7)=    0 (150.8,315.9)=    0 (135.5,314.8)=    0 (120.4,314.4)=    0 (106.4,314.5)=    0 ( 96.1,317.9)=    0 ( 81.6,318.6)=    0 ( 64.5,320.9)=    0 ( 53.7,323.0)=    0 ( 44.8,326.1)=    0 ( 35.8,332.2)=    0 ( 25.0,336.9)=    0 ( 25.7,343.3)=    0 ( -1.0, -1.0)=   -4 ( -1.0, -1.0)=   -4 ( -1.0, -1.0)=   -4 ( -1.0, -1.0)=   -4 ( -1.0, -1.0)=   -4 ( -1.0, -1.0)=   -4 ( -1.0, -1.0)=   -4 ( -1.0, -1.0)=   -4 ( -1.0, -1.0)=   -4 ( -1.0, -1.0)=   -4 ( -1.0, -1.0)=   -4 ( -1.0, -1.0)=   -4 ( -1.0, -1.0)=   -4 ( -1.0, -1.0)=   -4 ( -1.0, -1.0)=   -4 ( -1.0, -1.0)=   -4 ( -1.0, -1.0)=   -4 ( -1.0, -1.0)=   -4 ( -1.0, -1.0)=   -4 
    238 | (290.0,303.0)= 3626 (295.6,295.1)=    0 (297.0,287.7)=    0 (300.6,278.9)=    0 (303.3,272.3)=    0 (299.9,269.8)=    0 (289.8,271.3)=    0 (276.2,270.7)=    0 (263.6,274.0)=    0 (247.2,277.3)=    0 (229.3,282.0)=    0 (211.1,286.8)=    0 (193.5,286.4)=    0 ( -1.0, -1.0)=   -5 ( -1.0, -1.0)=   -5 ( -1.0, -1.0)=   -5 ( -1.0, -1.0)=   -5 ( -1.0, -1.0)=   -5 ( -1.0, -1.0)=   -5 ( -1.0, -1.0)=   -5 ( -1.0, -1.0)=   -5 ( -1.0, -1.0)=   -5 ( -1.0, -1.0)=   -5 ( -1.0, -1.0)=   -5 ( -1.0, -1.0)=   -5 ( -1.0, -1.0)=   -5 ( -1.0, -1.0)=   -5 ( -1.0, -1.0)=   -5 ( -1.0, -1.0)=   -5 ( -1.0, -1.0)=   -5 ( -1.0, -1.0)=   -5 ( -1.0, -1.0)=   -5 ( -1.0, -1.0)=   -5 ( -1.0, -1.0)=   -5 ( -1.0, -1.0)=   -5 ( -1.0, -1.0)=   -5 ( -1.0, -1.0)=   -5 ( -1.0, -1.0)=   -5 ( -1.0, -1.0)=   -5 ( -1.0, -1.0)=   -5 ( -1.0, -1.0)=   -5 ( -1.0, -1.0)=   -5 ( -1.0, -1.0)=   -5 ( -1.0, -1.0)=   -5 
    239 | (154.0,290.0)= 3603 (158.8,281.5)=    0 (159.1,273.5)=    0 (161.9,264.4)=    0 (163.5,257.5)=    0 (157.6,255.8)=    0 (144.4,258.3)=    0 ( -1.0, -1.0)=   -5 ( -1.0, -1.0)=   -5 ( -1.0, -1.0)=   -5 ( -1.0, -1.0)=   -5 ( -1.0, -1.0)=   -5 ( -1.0, -1.0)=   -5 ( -1.0, -1.0)=   -5 ( -1.0, -1.0)=   -5 ( -1.0, -1.0)=   -5 ( -1.0, -1.0)=   -5 ( -1.0, -1.0)=   -5 ( -1.0, -1.0)=   -5 ( -1.0, -1.0)=   -5 ( -1.0, -1.0)=   -5 ( -1.0, -1.0)=   -5 ( -1.0, -1.0)=   -5 ( -1.0, -1.0)=   -5 ( -1.0, -1.0)=   -5 ( -1.0, -1.0)=   -5 ( -1.0, -1.0)=   -5 ( -1.0, -1.0)=   -5 ( -1.0, -1.0)=   -5 ( -1.0, -1.0)=   -5 ( -1.0, -1.0)=   -5 ( -1.0, -1.0)=   -5 ( -1.0, -1.0)=   -5 ( -1.0, -1.0)=   -5 ( -1.0, -1.0)=   -5 ( -1.0, -1.0)=   -5 ( -1.0, -1.0)=   -5 ( -1.0, -1.0)=   -5 ( -1.0, -1.0)=   -5 ( -1.0, -1.0)=   -5 ( -1.0, -1.0)=   -5 ( -1.0, -1.0)=   -5 ( -1.0, -1.0)=   -5 ( -1.0, -1.0)=   -5 
    240 | (205.0,191.0)= 3603 (210.3,181.5)=    0 (211.1,172.8)=    0 (214.1,163.0)=    0 (216.1,155.3)=    0 (210.5,152.2)=    0 (197.5,153.8)=    0 (180.5,152.6)=    0 (165.1,155.6)=    0 (144.9,159.1)=    0 (123.0,163.5)=    0 (125.8,176.3)=    0 (104.6,175.3)=    0 ( 77.8,170.3)=    0 ( 59.2,168.1)=    0 ( 41.3,166.7)=    0 ( 24.4,165.9)=    0 ( -1.0, -1.0)=   -4 ( -1.0, -1.0)=   -4 ( -1.0, -1.0)=   -4 ( -1.0, -1.0)=   -4 ( -1.0, -1.0)=   -4 ( -1.0, -1.0)=   -4 ( -1.0, -1.0)=   -4 ( -1.0, -1.0)=   -4 ( -1.0, -1.0)=   -4 ( -1.0, -1.0)=   -4 ( -1.0, -1.0)=   -4 ( -1.0, -1.0)=   -4 ( -1.0, -1.0)=   -4 ( -1.0, -1.0)=   -4 ( -1.0, -1.0)=   -4 ( -1.0, -1.0)=   -4 ( -1.0, -1.0)=   -4 ( -1.0, -1.0)=   -4 ( -1.0, -1.0)=   -4 ( -1.0, -1.0)=   -4 ( -1.0, -1.0)=   -4 ( -1.0, -1.0)=   -4 ( -1.0, -1.0)=   -4 ( -1.0, -1.0)=   -4 ( -1.0, -1.0)=   -4 ( -1.0, -1.0)=   -4 ( -1.0, -1.0)=   -4 
    241 | (242.0,566.0)= 3597 (246.4,559.6)=    0 (246.7,553.6)=    0 (249.5,545.8)=    0 (251.7,540.9)=    0 (247.4,541.3)=    0 (236.6,544.8)=    0 (222.1,547.3)=    0 ( -1.0, -1.0)=   -5 ( -1.0, -1.0)=   -5 ( -1.0, -1.0)=   -5 ( -1.0, -1.0)=   -5 ( -1.0, -1.0)=   -5 ( -1.0, -1.0)=   -5 ( -1.0, -1.0)=   -5 ( -1.0, -1.0)=   -5 ( -1.0, -1.0)=   -5 ( -1.0, -1.0)=   -5 ( -1.0, -1.0)=   -5 ( -1.0, -1.0)=   -5 ( -1.0, -1.0)=   -5 ( -1.0, -1.0)=   -5 ( -1.0, -1.0)=   -5 ( -1.0, -1.0)=   -5 ( -1.0, -1.0)=   -5 ( -1.0, -1.0)=   -5 ( -1.0, -1.0)=   -5 ( -1.0, -1.0)=   -5 ( -1.0, -1.0)=   -5 ( -1.0, -1.0)=   -5 ( -1.0, -1.0)=   -5 ( -1.0, -1.0)=   -5 ( -1.0, -1.0)=   -5 ( -1.0, -1.0)=   -5 ( -1.0, -1.0)=   -5 ( -1.0, -1.0)=   -5 ( -1.0, -1.0)=   -5 ( -1.0, -1.0)=   -5 ( -1.0, -1.0)=   -5 ( -1.0, -1.0)=   -5 ( -1.0, -1.0)=   -5 ( -1.0, -1.0)=   -5 ( -1.0, -1.0)=   -5 ( -1.0, -1.0)=   -5 
    242 | (179.0,188.0)= 3591 (184.1,178.4)=    0 (184.4,169.6)=    0 (187.4,160.0)=    0 (189.1,152.1)=    0 (182.7,149.0)=    0 ( -1.0, -1.0)=   -5 ( -1.0, -1.0)=   -5 ( -1.0, -1.0)=   -5 ( -1.0, -1.0)=   -5 ( -1.0, -1.0)=   -5 ( -1.0, -1.0)=   -5 ( -1.0, -1.0)=   -5 ( -1.0, -1.0)=   -5 ( -1.0, -1.0)=   -5 ( -1.0, -1.0)=   -5 ( -1.0, -1.0)=   -5 ( -1.0, -1.0)=   -5 ( -1.0, -1.0)=   -5 ( -1.0, -1.0)=   -5 ( -1.0, -1.0)=   -5 ( -1.0, -1.0)=   -5 ( -1.0, -1.0)=   -5 ( -1.0, -1.0)=   -5 ( -1.0, -1.0)=   -5 ( -1.0, -1.0)=   -5 ( -1.0, -1.0)=   -5 ( -1.0, -1.0)=   -5 ( -1.0, -1.0)=   -5 ( -1.0, -1.0)=   -5 ( -1.0, -1.0)=   -5 ( -1.0, -1.0)=   -5 ( -1.0, -1.0)=   -5 ( -1.0, -1.0)=   -5 ( -1.0, -1.0)=   -5 ( -1.0, -1.0)=   -5 ( -1.0, -1.0)=   -5 ( -1.0, -1.0)=   -5 ( -1.0, -1.0)=   -5 ( -1.0, -1.0)=   -5 ( -1.0, -1.0)=   -5 ( -1.0, -1.0)=   -5 ( -1.0, -1.0)=   -5 ( -1.0, -1.0)=   -5 
    243 | ( 54.0,104.0)= 3587 ( 58.8, 93.0)=    0 ( 58.1, 83.3)=    0 ( 60.3, 72.6)=    0 ( 60.7, 64.2)=    0 ( 51.6, 61.1)=    0 ( 34.8, 63.6)=    0 ( -1.0, -1.0)=   -4 ( -1.0, -1.0)=   -4 ( -1.0, -1.0)=   -4 ( -1.0, -1.0)=   -4 ( -1.0, -1.0)=   -4 ( -1.0, -1.0)=   -4 ( -1.0, -1.0)=   -4 ( -1.0, -1.0)=   -4 ( -1.0, -1.0)=   -4 ( -1.0, -1.0)=   -4 ( -1.0, -1.0)=   -4 ( -1.0, -1.0)=   -4 ( -1.0, -1.0)=   -4 ( -1.0, -1.0)=   -4 ( -1.0, -1.0)=   -4 ( -1.0, -1.0)=   -4 ( -1.0, -1.0)=   -4 ( -1.0, -1.0)=   -4 ( -1.0, -1.0)=   -4 ( -1.0, -1.0)=   -4 ( -1.0, -1.0)=   -4 ( -1.0, -1.0)=   -4 ( -1.0, -1.0)=   -4 ( -1.0, -1.0)=   -4 ( -1.0, -1.0)=   -4 ( -1.0, -1.0)=   -4 ( -1.0, -1.0)=   -4 ( -1.0, -1.0)=   -4 ( -1.0, -1.0)=   -4 ( -1.0, -1.0)=   -4 ( -1.0, -1.0)=   -4 ( -1.0, -1.0)=   -4 ( -1.0, -1.0)=   -4 ( -1.0, -1.0)=   -4 ( -1.0, -1.0)=   -4 ( -1.0, -1.0)=   -4 ( -1.0, -1.0)=   -4 
    244 | (218.0,288.0)= 3568 (223.2,279.7)=    0 (223.9,271.9)=    0 (227.2,262.9)=    0 (229.4,256.2)=    0 (224.5,253.9)=    0 (212.3,256.0)=    0 (196.8,255.8)=    0 (182.8,259.3)=    0 (164.2,263.5)=    0 (172.5,254.1)=    0 (152.6,259.1)=    0 (133.6,258.8)=    0 (108.9,255.0)=    0 ( 91.8,253.4)=    0 ( 75.5,252.7)=    0 ( -1.0, -1.0)=   -5 ( -1.0, -1.0)=   -5 ( -1.0, -1.0)=   -5 ( -1.0, -1.0)=   -5 ( -1.0, -1.0)=   -5 ( -1.0, -1.0)=   -5 ( -1.0, -1.0)=   -5 ( -1.0, -1.0)=   -5 ( -1.0, -1.0)=   -5 ( -1.0, -1.0)=   -5 ( -1.0, -1.0)=   -5 ( -1.0, -1.0)=   -5 ( -1.0, -1.0)=   -5 ( -1.0, -1.0)=   -5 ( -1.0, -1.0)=   -5 ( -1.0, -1.0)=   -5 ( -1.0, -1.0)=   -5 ( -1.0, -1.0)=   -5 ( -1.0, -1.0)=   -5 ( -1.0, -1.0)=   -5 ( -1.0, -1.0)=   -5 ( -1.0, -1.0)=   -5 ( -1.0, -1.0)=   -5 ( -1.0, -1.0)=   -5 ( -1.0, -1.0)=   -5 ( -1.0, -1.0)=   -5 ( -1.0, -1.0)=   -5 ( -1.0, -1.0)=   -5 
    245 | (671.0,643.0)= 3564 (677.6,638.2)=    0 (680.3,633.8)=    0 (684.3,627.6)=    0 (688.8,623.1)=    0 (689.1,623.6)=    0 (680.8,626.7)=    0 (670.6,629.0)=    0 (661.7,633.5)=    0 (649.4,639.8)=    0 (635.2,647.5)=    0 (618.9,653.6)=    0 (604.5,655.8)=    0 ( -1.0, -1.0)=   -5 ( -1.0, -1.0)=   -5 ( -1.0, -1.0)=   -5 ( -1.0, -1.0)=   -5 ( -1.0, -1.0)=   -5 ( -1.0, -1.0)=   -5 ( -1.0, -1.0)=   -5 ( -1.0, -1.0)=   -5 ( -1.0, -1.0)=   -5 ( -1.0, -1.0)=   -5 ( -1.0, -1.0)=   -5 ( -1.0, -1.0)=   -5 ( -1.0, -1.0)=   -5 ( -1.0, -1.0)=   -5 ( -1.0, -1.0)=   -5 ( -1.0, -1.0)=   -5 ( -1.0, -1.0)=   -5 ( -1.0, -1.0)=   -5 ( -1.0, -1.0)=   -5 ( -1.0, -1.0)=   -5 ( -1.0, -1.0)=   -5 ( -1.0, -1.0)=   -5 ( -1.0, -1.0)=   -5 ( -1.0, -1.0)=   -5 ( -1.0, -1.0)=   -5 ( -1.0, -1.0)=   -5 ( -1.0, -1.0)=   -5 ( -1.0, -1.0)=   -5 ( -1.0, -1.0)=   -5 ( -1.0, -1.0)=   -5 ( -1.0, -1.0)=   -5 
    246 | (253.0,351.0)= 3549 (258.1,343.2)=    0 (259.4,336.0)=    0 (262.8,327.4)=    0 (265.3,321.1)=    0 (261.5,319.4)=    0 (250.8,321.4)=    0 (236.8,321.6)=    0 (224.3,325.1)=    0 ( -1.0, -1.0)=   -5 ( -1.0, -1.0)=   -5 ( -1.0, -1.0)=   -5 ( -1.0, -1.0)=   -5 ( -1.0, -1.0)=   -5 ( -1.0, -1.0)=   -5 ( -1.0, -1.0)=   -5 ( -1.0, -1.0)=   -5 ( -1.0, -1.0)=   -5 ( -1.0, -1.0)=   -5 ( -1.0, -1.0)=   -5 ( -1.0, -1.0)=   -5 ( -1.0, -1.0)=   -5 ( -1.0, -1.0)=   -5 ( -1.0, -1.0)=   -5 ( -1.0, -1.0)=   -5 ( -1.0, -1.0)=   -5 ( -1.0, -1.0)=   -5 ( -1.0, -1.0)=   -5 ( -1.0, -1.0)=   -5 ( -1.0, -1.0)=   -5 ( -1.0, -1.0)=   -5 ( -1.0, -1.0)=   -5 ( -1.0, -1.0)=   -5 ( -1.0, -1.0)=   -5 ( -1.0, -1.0)=   -5 ( -1.0, -1.0)=   -5 ( -1.0, -1.0)=   -5 ( -1.0, -1.0)=   -5 ( -1.0, -1.0)=   -5 ( -1.0, -1.0)=   -5 ( -1.0, -1.0)=   -5 ( -1.0, -1.0)=   -5 ( -1.0, -1.0)=   -5 ( -1.0, -1.0)=   -5 
    247 | (298.0,317.0)= 3544 (303.6,309.3)=    0 (305.0,302.0)=    0 (308.8,293.4)=    0 (311.6,286.8)=    0 (308.3,284.5)=    0 (298.1,286.1)=    0 (284.7,285.5)=    0 (272.7,288.5)=    0 (256.8,292.2)=    0 (239.1,297.0)=    0 (221.4,301.8)=    0 (204.5,301.6)=    0 (182.7,298.1)=    0 (167.8,296.7)=    0 (153.6,296.2)=    0 (139.9,296.0)=    0 (129.9,299.0)=    0 (115.9,299.8)=    0 ( 99.5,301.5)=    0 ( 89.0,303.5)=    0 ( 80.6,305.9)=    0 ( 71.9,311.7)=    0 ( 61.5,316.2)=    0 ( 49.8,325.2)=    0 ( 34.6,327.8)=    0 ( 24.8,320.3)=    0 ( -1.0, -1.0)=   -4 ( -1.0, -1.0)=   -4 ( -1.0, -1.0)=   -4 ( -1.0, -1.0)=   -4 ( -1.0, -1.0)=   -4 ( -1.0, -1.0)=   -4 ( -1.0, -1.0)=   -4 ( -1.0, -1.0)=   -4 ( -1.0, -1.0)=   -4 ( -1.0, -1.0)=   -4 ( -1.0, -1.0)=   -4 ( -1.0, -1.0)=   -4 ( -1.0, -1.0)=   -4 ( -1.0, -1.0)=   -4 ( -1.0, -1.0)=   -4 ( -1.0, -1.0)=   -4 ( -1.0, -1.0)=   -4 
    248 | (259.0,256.0)= 3526 (264.4,247.8)=    0 (265.7,239.8)=    0 (269.1,230.6)=    0 (271.6,223.4)=    0 (267.0,220.8)=    0 (255.6,222.5)=    0 (240.7,221.4)=    0 (227.3,224.6)=    0 (209.3,228.1)=    0 ( -1.0, -1.0)=   -5 ( -1.0, -1.0)=   -5 ( -1.0, -1.0)=   -5 ( -1.0, -1.0)=   -5 ( -1.0, -1.0)=   -5 ( -1.0, -1.0)=   -5 ( -1.0, -1.0)=   -5 ( -1.0, -1.0)=   -5 ( -1.0, -1.0)=   -5 ( -1.0, -1.0)=   -5 ( -1.0, -1.0)=   -5 ( -1.0, -1.0)=   -5 ( -1.0, -1.0)=   -5 ( -1.0, -1.0)=   -5 ( -1.0, -1.0)=   -5 ( -1.0, -1.0)=   -5 ( -1.0, -1.0)=   -5 ( -1.0, -1.0)=   -5 ( -1.0, -1.0)=   -5 ( -1.0, -1.0)=   -5 ( -1.0, -1.0)=   -5 ( -1.0, -1.0)=   -5 ( -1.0, -1.0)=   -5 ( -1.0, -1.0)=   -5 ( -1.0, -1.0)=   -5 ( -1.0, -1.0)=   -5 ( -1.0, -1.0)=   -5 ( -1.0, -1.0)=   -5 ( -1.0, -1.0)=   -5 ( -1.0, -1.0)=   -5 ( -1.0, -1.0)=   -5 ( -1.0, -1.0)=   -5 ( -1.0, -1.0)=   -5 ( -1.0, -1.0)=   -5 
    249 | (155.0,300.0)= 3525 (159.7,291.4)=    0 (160.0,283.6)=    0 (162.7,274.5)=    0 (164.6,267.8)=    0 (158.6,266.2)=    0 (145.5,268.7)=    0 (128.0,269.1)=    0 (112.7,273.2)=    0 ( -1.0, -1.0)=   -5 ( -1.0, -1.0)=   -5 ( -1.0, -1.0)=   -5 ( -1.0, -1.0)=   -5 ( -1.0, -1.0)=   -5 ( -1.0, -1.0)=   -5 ( -1.0, -1.0)=   -5 ( -1.0, -1.0)=   -5 ( -1.0, -1.0)=   -5 ( -1.0, -1.0)=   -5 ( -1.0, -1.0)=   -5 ( -1.0, -1.0)=   -5 ( -1.0, -1.0)=   -5 ( -1.0, -1.0)=   -5 ( -1.0, -1.0)=   -5 ( -1.0, -1.0)=   -5 ( -1.0, -1.0)=   -5 ( -1.0, -1.0)=   -5 ( -1.0, -1.0)=   -5 ( -1.0, -1.0)=   -5 ( -1.0, -1.0)=   -5 ( -1.0, -1.0)=   -5 ( -1.0, -1.0)=   -5 ( -1.0, -1.0)=   -5 ( -1.0, -1.0)=   -5 ( -1.0, -1.0)=   -5 ( -1.0, -1.0)=   -5 ( -1.0, -1.0)=   -5 ( -1.0, -1.0)=   -5 ( -1.0, -1.0)=   -5 ( -1.0, -1.0)=   -5 ( -1.0, -1.0)=   -5 ( -1.0, -1.0)=   -5 ( -1.0, -1.0)=   -5 ( -1.0, -1.0)=   -5 
    250 | (458.0,505.0)= 3502 (463.9,498.9)=    0 (465.9,493.3)=    0 (470.0,486.1)=    0 (473.7,480.6)=    0 (472.6,479.6)=    0 (464.7,481.4)=    0 (454.6,482.1)=    0 (445.3,485.5)=    0 (432.9,489.8)=    0 (419.0,495.4)=    0 (429.7,490.0)=    0 (416.7,490.5)=    0 (400.3,489.0)=    0 (388.9,488.7)=    0 (377.9,489.5)=    0 (367.1,490.8)=    0 (359.0,494.5)=    0 (348.2,497.1)=    0 (336.1,500.7)=    0 (329.4,504.1)=    0 (324.3,507.7)=    0 (317.5,512.9)=    0 (309.7,517.7)=    0 (330.0,513.4)=    0 (316.1,515.6)=    0 (308.4,509.9)=    0 (300.5,511.2)=    0 (296.5,512.1)=    0 (286.3,508.5)=    0 (276.0,506.1)=    0 (273.2,501.4)=    0 (272.6,503.3)=    0 (274.5,508.1)=    0 (273.7,512.8)=    0 (270.3,515.3)=    0 (264.7,515.4)=    0 (254.2,516.7)=    0 (243.1,517.7)=    0 (233.0,515.3)=    0 (224.3,512.1)=    0 (211.1,509.1)=    0 (202.2,507.5)=    0 (205.0,507.2)=    0 
    251 | (340.0,578.0)= 3489 (344.9,572.0)=    0 (345.5,566.2)=    0 (348.5,558.9)=    0 (351.1,554.0)=    0 (347.6,554.4)=    0 (337.4,557.7)=    0 (324.0,560.0)=    0 (312.1,565.2)=    0 (327.2,558.8)=    0 (340.6,554.0)=    0 (323.6,560.2)=    0 (307.8,562.0)=    0 (287.4,562.2)=    0 (273.1,563.1)=    0 (258.8,565.0)=    0 (245.0,567.0)=    0 (234.1,571.7)=    0 (219.6,575.2)=    0 ( -1.0, -1.0)=   -5 ( -1.0, -1.0)=   -5 ( -1.0, -1.0)=   -5 ( -1.0, -1.0)=   -5 ( -1.0, -1.0)=   -5 ( -1.0, -1.0)=   -5 ( -1.0, -1.0)=   -5 ( -1.0, -1.0)=   -5 ( -1.0, -1.0)=   -5 ( -1.0, -1.0)=   -5 ( -1.0, -1.0)=   -5 ( -1.0, -1.0)=   -5 ( -1.0, -1.0)=   -5 ( -1.0, -1.0)=   -5 ( -1.0, -1.0)=   -5 ( -1.0, -1.0)=   -5 ( -1.0, -1.0)=   -5 ( -1.0, -1.0)=   -5 ( -1.0, -1.0)=   -5 ( -1.0, -1.0)=   -5 ( -1.0, -1.0)=   -5 ( -1.0, -1.0)=   -5 ( -1.0, -1.0)=   -5 ( -1.0, -1.0)=   -5 ( -1.0, -1.0)=   -5 
    252 | (271.0,357.0)= 3487 (276.3,349.5)=    0 (277.6,342.4)=    0 (281.1,334.0)=    0 (283.6,327.6)=    0 (280.1,325.7)=    0 (270.1,327.7)=    0 (256.6,327.8)=    0 (244.4,331.3)=    0 (234.2,325.8)=    0 (216.9,330.9)=    0 (198.5,336.2)=    0 (181.3,336.3)=    0 (172.2,348.3)=    0 (157.4,347.2)=    0 (143.2,347.2)=    0 (129.9,347.1)=    0 (120.1,350.5)=    0 (106.2,351.6)=    0 ( 90.5,353.8)=    0 ( 80.5,356.0)=    0 ( 72.2,359.1)=    0 ( 64.0,364.9)=    0 ( 53.9,369.5)=    0 ( 42.6,378.3)=    0 ( 28.2,380.8)=    0 ( -1.0, -1.0)=   -4 ( -1.0, -1.0)=   -4 ( -1.0, -1.0)=   -4 ( -1.0, -1.0)=   -4 ( -1.0, -1.0)=   -4 ( -1.0, -1.0)=   -4 ( -1.0, -1.0)=   -4 ( -1.0, -1.0)=   -4 ( -1.0, -1.0)=   -4 ( -1.0, -1.0)=   -4 ( -1.0, -1.0)=   -4 ( -1.0, -1.0)=   -4 ( -1.0, -1.0)=   -4 ( -1.0, -1.0)=   -4 ( -1.0, -1.0)=   -4 ( -1.0, -1.0)=   -4 ( -1.0, -1.0)=   -4 ( -1.0, -1.0)=   -4 
    253 | ( 85.0,302.0)= 3484 ( 89.2,293.0)=    0 ( 88.8,284.9)=    0 ( 91.2,275.7)=    0 ( 92.1,269.1)=    0 ( 85.2,267.8)=    0 ( 70.9,271.1)=    0 ( 52.0,271.8)=    0 ( 35.6,276.4)=    0 ( -1.0, -1.0)=   -5 ( -1.0, -1.0)=   -5 ( -1.0, -1.0)=   -5 ( -1.0, -1.0)=   -5 ( -1.0, -1.0)=   -5 ( -1.0, -1.0)=   -5 ( -1.0, -1.0)=   -5 ( -1.0, -1.0)=   -5 ( -1.0, -1.0)=   -5 ( -1.0, -1.0)=   -5 ( -1.0, -1.0)=   -5 ( -1.0, -1.0)=   -5 ( -1.0, -1.0)=   -5 ( -1.0, -1.0)=   -5 ( -1.0, -1.0)=   -5 ( -1.0, -1.0)=   -5 ( -1.0, -1.0)=   -5 ( -1.0, -1.0)=   -5 ( -1.0, -1.0)=   -5 ( -1.0, -1.0)=   -5 ( -1.0, -1.0)=   -5 ( -1.0, -1.0)=   -5 ( -1.0, -1.0)=   -5 ( -1.0, -1.0)=   -5 ( -1.0, -1.0)=   -5 ( -1.0, -1.0)=   -5 ( -1.0, -1.0)=   -5 ( -1.0, -1.0)=   -5 ( -1.0, -1.0)=   -5 ( -1.0, -1.0)=   -5 ( -1.0, -1.0)=   -5 ( -1.0, -1.0)=   -5 ( -1.0, -1.0)=   -5 ( -1.0, -1.0)=   -5 ( -1.0, -1.0)=   -5 
    254 | (516.0,756.0)= 3480 (521.4,750.8)=    0 (521.9,746.6)=    0 (524.0,740.3)=    0 (527.0,736.2)=    0 (523.6,739.3)=    0 (511.7,744.7)=    0 (497.5,749.7)=    0 (484.5,756.9)=    0 (467.5,766.8)=    0 (448.2,778.5)=    0 (426.6,788.5)=    0 (406.9,794.2)=    0 ( -1.0, -1.0)=   -5 ( -1.0, -1.0)=   -5 ( -1.0, -1.0)=   -5 ( -1.0, -1.0)=   -5 ( -1.0, -1.0)=   -5 ( -1.0, -1.0)=   -5 ( -1.0, -1.0)=   -5 ( -1.0, -1.0)=   -5 ( -1.0, -1.0)=   -5 ( -1.0, -1.0)=   -5 ( -1.0, -1.0)=   -5 ( -1.0, -1.0)=   -5 ( -1.0, -1.0)=   -5 ( -1.0, -1.0)=   -5 ( -1.0, -1.0)=   -5 ( -1.0, -1.0)=   -5 ( -1.0, -1.0)=   -5 ( -1.0, -1.0)=   -5 ( -1.0, -1.0)=   -5 ( -1.0, -1.0)=   -5 ( -1.0, -1.0)=   -5 ( -1.0, -1.0)=   -5 ( -1.0, -1.0)=   -5 ( -1.0, -1.0)=   -5 ( -1.0, -1.0)=   -5 ( -1.0, -1.0)=   -5 ( -1.0, -1.0)=   -5 ( -1.0, -1.0)=   -5 ( -1.0, -1.0)=   -5 ( -1.0, -1.0)=   -5 ( -1.0, -1.0)=   -5 
    255 | (435.0,514.0)= 3473 (440.6,508.0)=    0 (442.4,502.3)=    0 (446.3,495.0)=    0 (449.8,489.8)=    0 (448.4,488.9)=    0 (440.2,490.9)=    0 (429.6,491.9)=    0 (419.7,495.5)=    0 (406.9,500.3)=    0 (392.4,506.1)=    0 (376.9,511.3)=    0 (362.9,512.3)=    0 (345.2,511.2)=    0 (332.8,511.4)=    0 (320.5,512.6)=    0 (308.7,514.1)=    0 (299.5,518.1)=    0 ( -1.0, -1.0)=   -5 ( -1.0, -1.0)=   -5 ( -1.0, -1.0)=   -5 ( -1.0, -1.0)=   -5 ( -1.0, -1.0)=   -5 ( -1.0, -1.0)=   -5 ( -1.0, -1.0)=   -5 ( -1.0, -1.0)=   -5 ( -1.0, -1.0)=   -5 ( -1.0, -1.0)=   -5 ( -1.0, -1.0)=   -5 ( -1.0, -1.0)=   -5 ( -1.0, -1.0)=   -5 ( -1.0, -1.0)=   -5 ( -1.0, -1.0)=   -5 ( -1.0, -1.0)=   -5 ( -1.0, -1.0)=   -5 ( -1.0, -1.0)=   -5 ( -1.0, -1.0)=   -5 ( -1.0, -1.0)=   -5 ( -1.0, -1.0)=   -5 ( -1.0, -1.0)=   -5 ( -1.0, -1.0)=   -5 ( -1.0, -1.0)=   -5 ( -1.0, -1.0)=   -5 ( -1.0, -1.0)=   -5 
    256 | (535.0,189.0)= 3466 (542.2,181.6)=    0 (546.3,174.2)=    0 (552.0,165.2)=    0 (556.9,157.7)=    0 (557.5,152.3)=    0 (550.6,150.6)=    0 (541.5,147.0)=    0 (532.7,147.2)=    0 (520.9,147.1)=    0 (508.4,148.2)=    0 (494.3,149.3)=    0 (482.4,145.6)=    0 (467.3,138.9)=    0 (457.3,134.7)=    0 (450.0,131.2)=    0 (443.5,129.1)=    0 (440.2,130.0)=    0 (435.2,128.9)=    0 (427.8,127.8)=    0 (425.7,126.9)=    0 (424.8,125.9)=    0 (421.3,128.6)=    0 (418.0,129.9)=    0 (411.0,136.5)=    0 (402.2,138.6)=    0 (398.9,131.4)=    0 (394.6,131.7)=    0 (393.9,132.0)=    0 (389.7,127.2)=    0 (385.8,123.1)=    0 (389.3,116.1)=    0 (393.5,117.3)=    0 (399.5,122.7)=    0 (402.2,128.8)=    0 (403.6,132.3)=    0 (405.2,133.1)=    0 (400.5,134.0)=    0 ( -1.0, -1.0)=   -3 ( -1.0, -1.0)=   -3 ( -1.0, -1.0)=   -3 ( -1.0, -1.0)=   -3 ( -1.0, -1.0)=   -3 ( -1.0, -1.0)=   -3 
    257 | ( 72.0,188.0)= 3449 ( 76.6,178.0)=    0 ( 76.0,169.0)=    0 ( 78.3,159.0)=    0 ( 79.1,151.4)=    0 ( 70.8,149.1)=    0 ( 55.5,151.9)=    0 ( 34.7,151.8)=    0 ( -1.0, -1.0)=   -4 ( -1.0, -1.0)=   -4 ( -1.0, -1.0)=   -4 ( -1.0, -1.0)=   -4 ( -1.0, -1.0)=   -4 ( -1.0, -1.0)=   -4 ( -1.0, -1.0)=   -4 ( -1.0, -1.0)=   -4 ( -1.0, -1.0)=   -4 ( -1.0, -1.0)=   -4 ( -1.0, -1.0)=   -4 ( -1.0, -1.0)=   -4 ( -1.0, -1.0)=   -4 ( -1.0, -1.0)=   -4 ( -1.0, -1.0)=   -4 ( -1.0, -1.0)=   -4 ( -1.0, -1.0)=   -4 ( -1.0, -1.0)=   -4 ( -1.0, -1.0)=   -4 ( -1.0, -1.0)=   -4 ( -1.0, -1.0)=   -4 ( -1.0, -1.0)=   -4 ( -1.0, -1.0)=   -4 ( -1.0, -1.0)=   -4 ( -1.0, -1.0)=   -4 ( -1.0, -1.0)=   -4 ( -1.0, -1.0)=   -4 ( -1.0, -1.0)=   -4 ( -1.0, -1.0)=   -4 ( -1.0, -1.0)=   -4 ( -1.0, -1.0)=   -4 ( -1.0, -1.0)=   -4 ( -1.0, -1.0)=   -4 ( -1.0, -1.0)=   -4 ( -1.0, -1.0)=   -4 ( -1.0, -1.0)=   -4 
    258 | (155.0,212.0)= 3446 (160.1,202.6)=    0 (160.1,193.9)=    0 (163.0,184.3)=    0 (164.3,176.7)=    0 (158.0,174.1)=    0 (144.2,176.5)=    0 (126.1,175.9)=    0 (110.0,179.6)=    0 ( 88.5,183.7)=    0 ( 65.3,188.6)=    0 ( 42.4,194.7)=    0 ( -1.0, -1.0)=   -4 ( -1.0, -1.0)=   -4 ( -1.0, -1.0)=   -4 ( -1.0, -1.0)=   -4 ( -1.0, -1.0)=   -4 ( -1.0, -1.0)=   -4 ( -1.0, -1.0)=   -4 ( -1.0, -1.0)=   -4 ( -1.0, -1.0)=   -4 ( -1.0, -1.0)=   -4 ( -1.0, -1.0)=   -4 ( -1.0, -1.0)=   -4 ( -1.0, -1.0)=   -4 ( -1.0, -1.0)=   -4 ( -1.0, -1.0)=   -4 ( -1.0, -1.0)=   -4 ( -1.0, -1.0)=   -4 ( -1.0, -1.0)=   -4 ( -1.0, -1.0)=   -4 ( -1.0, -1.0)=   -4 ( -1.0, -1.0)=   -4 ( -1.0, -1.0)=   -4 ( -1.0, -1.0)=   -4 ( -1.0, -1.0)=   -4 ( -1.0, -1.0)=   -4 ( -1.0, -1.0)=   -4 ( -1.0, -1.0)=   -4 ( -1.0, -1.0)=   -4 ( -1.0, -1.0)=   -4 ( -1.0, -1.0)=   -4 ( -1.0, -1.0)=   -4 ( -1.0, -1.0)=   -4 
    259 | (517.0,489.0)= 3443 (522.9,482.9)=    0 (525.6,477.3)=    0 (530.3,470.1)=    0 (534.4,464.6)=    0 (534.3,463.2)=    0 (527.1,464.6)=    0 (518.0,464.7)=    0 (509.5,467.6)=    0 (521.1,462.4)=    0 ( -1.0, -1.0)=   -5 ( -1.0, -1.0)=   -5 ( -1.0, -1.0)=   -5 ( -1.0, -1.0)=   -5 ( -1.0, -1.0)=   -5 ( -1.0, -1.0)=   -5 ( -1.0, -1.0)=   -5 ( -1.0, -1.0)=   -5 ( -1.0, -1.0)=   -5 ( -1.0, -1.0)=   -5 ( -1.0, -1.0)=   -5 ( -1.0, -1.0)=   -5 ( -1.0, -1.0)=   -5 ( -1.0, -1.0)=   -5 ( -1.0, -1.0)=   -5 ( -1.0, -1.0)=   -5 ( -1.0, -1.0)=   -5 ( -1.0, -1.0)=   -5 ( -1.0, -1.0)=   -5 ( -1.0, -1.0)=   -5 ( -1.0, -1.0)=   -5 ( -1.0, -1.0)=   -5 ( -1.0, -1.0)=   -5 ( -1.0, -1.0)=   -5 ( -1.0, -1.0)=   -5 ( -1.0, -1.0)=   -5 ( -1.0, -1.0)=   -5 ( -1.0, -1.0)=   -5 ( -1.0, -1.0)=   -5 ( -1.0, -1.0)=   -5 ( -1.0, -1.0)=   -5 ( -1.0, -1.0)=   -5 ( -1.0, -1.0)=   -5 ( -1.0, -1.0)=   -5 
    260 | (147.0,256.0)= 3443 (151.8,247.1)=    0 (152.0,238.8)=    0 (154.9,229.3)=    0 (155.8,222.6)=    0 (150.0,220.4)=    0 (136.5,222.7)=    0 (118.8,222.7)=    0 (103.5,226.6)=    0 ( 82.4,230.9)=    0 ( 59.5,236.4)=    0 ( 37.2,242.8)=    0 ( -1.0, -1.0)=   -4 ( -1.0, -1.0)=   -4 ( -1.0, -1.0)=   -4 ( -1.0, -1.0)=   -4 ( -1.0, -1.0)=   -4 ( -1.0, -1.0)=   -4 ( -1.0, -1.0)=   -4 ( -1.0, -1.0)=   -4 ( -1.0, -1.0)=   -4 ( -1.0, -1.0)=   -4 ( -1.0, -1.0)=   -4 ( -1.0, -1.0)=   -4 ( -1.0, -1.0)=   -4 ( -1.0, -1.0)=   -4 ( -1.0, -1.0)=   -4 ( -1.0, -1.0)=   -4 ( -1.0, -1.0)=   -4 ( -1.0, -1.0)=   -4 ( -1.0, -1.0)=   -4 ( -1.0, -1.0)=   -4 ( -1.0, -1.0)=   -4 ( -1.0, -1.0)=   -4 ( -1.0, -1.0)=   -4 ( -1.0, -1.0)=   -4 ( -1.0, -1.0)=   -4 ( -1.0, -1.0)=   -4 ( -1.0, -1.0)=   -4 ( -1.0, -1.0)=   -4 ( -1.0, -1.0)=   -4 ( -1.0, -1.0)=   -4 ( -1.0, -1.0)=   -4 ( -1.0, -1.0)=   -4 
    261 | (129.0,246.0)= 3442 (133.8,236.9)=    0 (133.7,228.4)=    0 (136.4,219.0)=    0 (137.8,211.9)=    0 (131.2,209.7)=    0 (116.9,212.4)=    0 ( 98.6,212.2)=    0 ( 82.1,216.4)=    0 ( 60.3,220.9)=    0 ( 36.5,226.4)=    0 ( -1.0, -1.0)=   -4 ( -1.0, -1.0)=   -4 ( -1.0, -1.0)=   -4 ( -1.0, -1.0)=   -4 ( -1.0, -1.0)=   -4 ( -1.0, -1.0)=   -4 ( -1.0, -1.0)=   -4 ( -1.0, -1.0)=   -4 ( -1.0, -1.0)=   -4 ( -1.0, -1.0)=   -4 ( -1.0, -1.0)=   -4 ( -1.0, -1.0)=   -4 ( -1.0, -1.0)=   -4 ( -1.0, -1.0)=   -4 ( -1.0, -1.0)=   -4 ( -1.0, -1.0)=   -4 ( -1.0, -1.0)=   -4 ( -1.0, -1.0)=   -4 ( -1.0, -1.0)=   -4 ( -1.0, -1.0)=   -4 ( -1.0, -1.0)=   -4 ( -1.0, -1.0)=   -4 ( -1.0, -1.0)=   -4 ( -1.0, -1.0)=   -4 ( -1.0, -1.0)=   -4 ( -1.0, -1.0)=   -4 ( -1.0, -1.0)=   -4 ( -1.0, -1.0)=   -4 ( -1.0, -1.0)=   -4 ( -1.0, -1.0)=   -4 ( -1.0, -1.0)=   -4 ( -1.0, -1.0)=   -4 ( -1.0, -1.0)=   -4 
    262 | (463.0,525.0)= 3439 (468.8,519.0)=    0 (470.7,513.4)=    0 (474.8,506.3)=    0 (478.4,501.1)=    0 (477.1,500.4)=    0 (468.8,502.3)=    0 (458.4,503.3)=    0 (448.8,507.2)=    0 (435.9,512.0)=    0 (421.5,518.0)=    0 (432.5,512.2)=    0 (419.2,513.0)=    0 ( -1.0, -1.0)=   -5 ( -1.0, -1.0)=   -5 ( -1.0, -1.0)=   -5 ( -1.0, -1.0)=   -5 ( -1.0, -1.0)=   -5 ( -1.0, -1.0)=   -5 ( -1.0, -1.0)=   -5 ( -1.0, -1.0)=   -5 ( -1.0, -1.0)=   -5 ( -1.0, -1.0)=   -5 ( -1.0, -1.0)=   -5 ( -1.0, -1.0)=   -5 ( -1.0, -1.0)=   -5 ( -1.0, -1.0)=   -5 ( -1.0, -1.0)=   -5 ( -1.0, -1.0)=   -5 ( -1.0, -1.0)=   -5 ( -1.0, -1.0)=   -5 ( -1.0, -1.0)=   -5 ( -1.0, -1.0)=   -5 ( -1.0, -1.0)=   -5 ( -1.0, -1.0)=   -5 ( -1.0, -1.0)=   -5 ( -1.0, -1.0)=   -5 ( -1.0, -1.0)=   -5 ( -1.0, -1.0)=   -5 ( -1.0, -1.0)=   -5 ( -1.0, -1.0)=   -5 ( -1.0, -1.0)=   -5 ( -1.0, -1.0)=   -5 ( -1.0, -1.0)=   -5 
    263 | (284.0,287.0)= 3429 (289.7,278.9)=    0 (290.8,271.4)=    0 (294.7,262.3)=    0 (297.4,255.6)=    0 (293.7,253.1)=    0 (283.3,254.5)=    0 (269.6,253.7)=    0 (256.8,256.9)=    0 (239.8,260.3)=    0 (221.6,265.0)=    0 (202.7,270.0)=    0 (184.7,269.3)=    0 (162.0,265.5)=    0 (146.3,263.8)=    0 (131.2,263.1)=    0 (117.2,262.6)=    0 (106.9,265.8)=    0 ( 92.3,266.1)=    0 ( 74.8,267.7)=    0 ( 63.6,269.3)=    0 ( 54.1,271.7)=    0 ( 45.0,277.6)=    0 ( 33.9,282.2)=    0 ( -1.0, -1.0)=   -4 ( -1.0, -1.0)=   -4 ( -1.0, -1.0)=   -4 ( -1.0, -1.0)=   -4 ( -1.0, -1.0)=   -4 ( -1.0, -1.0)=   -4 ( -1.0, -1.0)=   -4 ( -1.0, -1.0)=   -4 ( -1.0, -1.0)=   -4 ( -1.0, -1.0)=   -4 ( -1.0, -1.0)=   -4 ( -1.0, -1.0)=   -4 ( -1.0, -1.0)=   -4 ( -1.0, -1.0)=   -4 ( -1.0, -1.0)=   -4 ( -1.0, -1.0)=   -4 ( -1.0, -1.0)=   -4 ( -1.0, -1.0)=   -4 ( -1.0, -1.0)=   -4 ( -1.0, -1.0)=   -4 
    264 | (150.0,242.0)= 3429 (154.9,232.9)=    0 (155.1,224.5)=    0 (158.1,215.2)=    0 (159.5,207.8)=    0 (153.2,205.7)=    0 (139.4,208.0)=    0 (121.2,207.9)=    0 (105.3,211.7)=    0 ( 84.0,216.0)=    0 ( 61.1,221.2)=    0 ( 38.6,227.4)=    0 ( -1.0, -1.0)=   -4 ( -1.0, -1.0)=   -4 ( -1.0, -1.0)=   -4 ( -1.0, -1.0)=   -4 ( -1.0, -1.0)=   -4 ( -1.0, -1.0)=   -4 ( -1.0, -1.0)=   -4 ( -1.0, -1.0)=   -4 ( -1.0, -1.0)=   -4 ( -1.0, -1.0)=   -4 ( -1.0, -1.0)=   -4 ( -1.0, -1.0)=   -4 ( -1.0, -1.0)=   -4 ( -1.0, -1.0)=   -4 ( -1.0, -1.0)=   -4 ( -1.0, -1.0)=   -4 ( -1.0, -1.0)=   -4 ( -1.0, -1.0)=   -4 ( -1.0, -1.0)=   -4 ( -1.0, -1.0)=   -4 ( -1.0, -1.0)=   -4 ( -1.0, -1.0)=   -4 ( -1.0, -1.0)=   -4 ( -1.0, -1.0)=   -4 ( -1.0, -1.0)=   -4 ( -1.0, -1.0)=   -4 ( -1.0, -1.0)=   -4 ( -1.0, -1.0)=   -4 ( -1.0, -1.0)=   -4 ( -1.0, -1.0)=   -4 ( -1.0, -1.0)=   -4 ( -1.0, -1.0)=   -4 
    265 | (241.0,355.0)= 3425 (246.1,347.4)=    0 (247.1,340.1)=    0 (250.3,331.5)=    0 (252.7,325.2)=    0 (248.9,323.4)=    0 (238.2,325.5)=    0 (224.1,325.9)=    0 (211.3,329.7)=    0 (194.4,334.1)=    0 (175.9,339.3)=    0 (157.5,344.9)=    0 (139.1,345.2)=    0 (116.0,342.8)=    0 (100.4,342.1)=    0 ( 84.8,341.8)=    0 ( 70.4,342.1)=    0 ( 71.5,342.5)=    0 ( 70.6,349.8)=    0 ( -1.0, -1.0)=   -5 ( -1.0, -1.0)=   -5 ( -1.0, -1.0)=   -5 ( -1.0, -1.0)=   -5 ( -1.0, -1.0)=   -5 ( -1.0, -1.0)=   -5 ( -1.0, -1.0)=   -5 ( -1.0, -1.0)=   -5 ( -1.0, -1.0)=   -5 ( -1.0, -1.0)=   -5 ( -1.0, -1.0)=   -5 ( -1.0, -1.0)=   -5 ( -1.0, -1.0)=   -5 ( -1.0, -1.0)=   -5 ( -1.0, -1.0)=   -5 ( -1.0, -1.0)=   -5 ( -1.0, -1.0)=   -5 ( -1.0, -1.0)=   -5 ( -1.0, -1.0)=   -5 ( -1.0, -1.0)=   -5 ( -1.0, -1.0)=   -5 ( -1.0, -1.0)=   -5 ( -1.0, -1.0)=   -5 ( -1.0, -1.0)=   -5 ( -1.0, -1.0)=   -5 
    266 | (593.0,522.0)= 3400 (599.4,516.4)=    0 (602.6,511.4)=    0 (607.2,504.3)=    0 (612.1,499.1)=    0 (612.4,497.9)=    0 (605.4,499.6)=    0 (596.6,500.0)=    0 (588.3,503.2)=    0 (577.3,507.3)=    0 (564.6,512.6)=    0 (550.5,517.4)=    0 (538.1,517.9)=    0 ( -1.0, -1.0)=   -5 ( -1.0, -1.0)=   -5 ( -1.0, -1.0)=   -5 ( -1.0, -1.0)=   -5 ( -1.0, -1.0)=   -5 ( -1.0, -1.0)=   -5 ( -1.0, -1.0)=   -5 ( -1.0, -1.0)=   -5 ( -1.0, -1.0)=   -5 ( -1.0, -1.0)=   -5 ( -1.0, -1.0)=   -5 ( -1.0, -1.0)=   -5 ( -1.0, -1.0)=   -5 ( -1.0, -1.0)=   -5 ( -1.0, -1.0)=   -5 ( -1.0, -1.0)=   -5 ( -1.0, -1.0)=   -5 ( -1.0, -1.0)=   -5 ( -1.0, -1.0)=   -5 ( -1.0, -1.0)=   -5 ( -1.0, -1.0)=   -5 ( -1.0, -1.0)=   -5 ( -1.0, -1.0)=   -5 ( -1.0, -1.0)=   -5 ( -1.0, -1.0)=   -5 ( -1.0, -1.0)=   -5 ( -1.0, -1.0)=   -5 ( -1.0, -1.0)=   -5 ( -1.0, -1.0)=   -5 ( -1.0, -1.0)=   -5 ( -1.0, -1.0)=   -5 
    267 | (440.0,534.0)= 3399 (445.7,527.9)=    0 (447.4,522.4)=    0 (451.1,515.2)=    0 (454.5,510.0)=    0 (452.8,509.4)=    0 (444.1,511.7)=    0 (433.0,512.8)=    0 (422.9,516.8)=    0 (409.5,522.0)=    0 (394.5,528.3)=    0 (405.8,522.2)=    0 (391.9,523.3)=    0 (401.5,510.6)=    0 (389.7,510.8)=    0 (377.8,511.7)=    0 (366.4,513.3)=    0 (357.8,517.3)=    0 (345.8,519.9)=    0 (332.3,523.5)=    0 (324.1,526.4)=    0 (318.4,530.4)=    0 (310.9,535.6)=    0 (300.8,539.6)=    0 (288.8,547.5)=    0 (270.8,547.6)=    0 (262.1,541.5)=    0 (253.8,543.3)=    0 (247.9,542.9)=    0 (237.2,539.7)=    0 (226.1,537.6)=    0 (221.2,532.3)=    0 ( -1.0, -1.0)=   -3 ( -1.0, -1.0)=   -3 ( -1.0, -1.0)=   -3 ( -1.0, -1.0)=   -3 ( -1.0, -1.0)=   -3 ( -1.0, -1.0)=   -3 ( -1.0, -1.0)=   -3 ( -1.0, -1.0)=   -3 ( -1.0, -1.0)=   -3 ( -1.0, -1.0)=   -3 ( -1.0, -1.0)=   -3 ( -1.0, -1.0)=   -3 
    268 | (496.0,498.0)= 3395 (502.1,492.1)=    0 (504.4,486.5)=    0 (508.9,479.3)=    0 (512.8,473.8)=    0 (512.2,472.5)=    0 (504.8,474.3)=    0 (495.3,474.6)=    0 (486.4,477.6)=    0 (474.6,481.6)=    0 ( -1.0, -1.0)=   -5 ( -1.0, -1.0)=   -5 ( -1.0, -1.0)=   -5 ( -1.0, -1.0)=   -5 ( -1.0, -1.0)=   -5 ( -1.0, -1.0)=   -5 ( -1.0, -1.0)=   -5 ( -1.0, -1.0)=   -5 ( -1.0, -1.0)=   -5 ( -1.0, -1.0)=   -5 ( -1.0, -1.0)=   -5 ( -1.0, -1.0)=   -5 ( -1.0, -1.0)=   -5 ( -1.0, -1.0)=   -5 ( -1.0, -1.0)=   -5 ( -1.0, -1.0)=   -5 ( -1.0, -1.0)=   -5 ( -1.0, -1.0)=   -5 ( -1.0, -1.0)=   -5 ( -1.0, -1.0)=   -5 ( -1.0, -1.0)=   -5 ( -1.0, -1.0)=   -5 ( -1.0, -1.0)=   -5 ( -1.0, -1.0)=   -5 ( -1.0, -1.0)=   -5 ( -1.0, -1.0)=   -5 ( -1.0, -1.0)=   -5 ( -1.0, -1.0)=   -5 ( -1.0, -1.0)=   -5 ( -1.0, -1.0)=   -5 ( -1.0, -1.0)=   -5 ( -1.0, -1.0)=   -5 ( -1.0, -1.0)=   -5 ( -1.0, -1.0)=   -5 
    269 | (514.0,540.0)= 3384 (519.9,534.3)=    0 (522.4,529.1)=    0 (526.4,522.0)=    0 (530.3,516.8)=    0 (529.4,516.2)=    0 (521.3,518.4)=    0 (511.1,519.4)=    0 (501.7,523.3)=    0 (488.9,527.9)=    0 (474.7,534.1)=    0 (485.2,527.8)=    0 (472.0,528.7)=    0 (481.5,516.2)=    0 (470.2,516.3)=    0 (459.5,517.6)=    0 (448.6,519.4)=    0 (440.2,523.8)=    0 (429.3,527.0)=    0 (417.6,531.3)=    0 (410.8,534.8)=    0 (406.2,539.0)=    0 (399.2,544.5)=    0 (391.1,549.8)=    0 (378.8,557.9)=    0 (363.5,560.9)=    0 (355.2,555.4)=    0 (346.2,556.9)=    0 (341.2,558.3)=    0 (329.9,555.2)=    0 (318.6,553.3)=    0 (315.2,549.8)=    0 (314.0,552.4)=    0 (314.7,557.3)=    0 (312.9,562.6)=    0 (308.0,565.4)=    0 (301.5,566.0)=    0 (289.6,568.2)=    0 (277.3,570.0)=    0 (266.2,568.8)=    0 (256.2,566.0)=    0 (242.0,563.9)=    0 (232.2,562.9)=    0 (235.4,563.9)=    0 
    270 | (206.0,375.0)= 3380 (210.8,367.4)=    0 (211.5,359.8)=    0 (214.4,351.5)=    0 (216.6,345.4)=    0 (212.1,344.2)=    0 (220.6,350.5)=    0 (206.4,351.2)=    0 (193.7,355.0)=    0 (176.5,359.8)=    0 (157.9,365.6)=    0 (139.3,371.2)=    0 (121.1,371.9)=    0 ( -1.0, -1.0)=   -5 ( -1.0, -1.0)=   -5 ( -1.0, -1.0)=   -5 ( -1.0, -1.0)=   -5 ( -1.0, -1.0)=   -5 ( -1.0, -1.0)=   -5 ( -1.0, -1.0)=   -5 ( -1.0, -1.0)=   -5 ( -1.0, -1.0)=   -5 ( -1.0, -1.0)=   -5 ( -1.0, -1.0)=   -5 ( -1.0, -1.0)=   -5 ( -1.0, -1.0)=   -5 ( -1.0, -1.0)=   -5 ( -1.0, -1.0)=   -5 ( -1.0, -1.0)=   -5 ( -1.0, -1.0)=   -5 ( -1.0, -1.0)=   -5 ( -1.0, -1.0)=   -5 ( -1.0, -1.0)=   -5 ( -1.0, -1.0)=   -5 ( -1.0, -1.0)=   -5 ( -1.0, -1.0)=   -5 ( -1.0, -1.0)=   -5 ( -1.0, -1.0)=   -5 ( -1.0, -1.0)=   -5 ( -1.0, -1.0)=   -5 ( -1.0, -1.0)=   -5 ( -1.0, -1.0)=   -5 ( -1.0, -1.0)=   -5 ( -1.0, -1.0)=   -5 
    271 | (241.0,330.0)= 3378 (246.0,322.0)=    0 (247.1,314.4)=    0 (250.6,305.8)=    0 (252.9,299.4)=    0 (248.6,297.5)=    0 (237.7,299.6)=    0 (223.2,299.7)=    0 (210.4,303.2)=    0 (193.1,307.5)=    0 (174.3,312.7)=    0 (155.2,318.2)=    0 (136.7,318.3)=    0 (113.1,315.4)=    0 ( 97.0,314.7)=    0 ( 81.2,314.3)=    0 ( 66.4,314.4)=    0 ( 55.4,317.6)=    0 ( 40.2,318.7)=    0 ( 34.2,318.1)=    0 ( 37.7,327.2)=    0 ( 28.3,330.2)=    0 ( -1.0, -1.0)=   -4 ( -1.0, -1.0)=   -4 ( -1.0, -1.0)=   -4 ( -1.0, -1.0)=   -4 ( -1.0, -1.0)=   -4 ( -1.0, -1.0)=   -4 ( -1.0, -1.0)=   -4 ( -1.0, -1.0)=   -4 ( -1.0, -1.0)=   -4 ( -1.0, -1.0)=   -4 ( -1.0, -1.0)=   -4 ( -1.0, -1.0)=   -4 ( -1.0, -1.0)=   -4 ( -1.0, -1.0)=   -4 ( -1.0, -1.0)=   -4 ( -1.0, -1.0)=   -4 ( -1.0, -1.0)=   -4 ( -1.0, -1.0)=   -4 ( -1.0, -1.0)=   -4 ( -1.0, -1.0)=   -4 ( -1.0, -1.0)=   -4 ( -1.0, -1.0)=   -4 
    272 | (557.0,521.0)= 3377 (563.2,515.1)=    0 (566.0,509.9)=    0 (570.7,502.9)=    0 (574.9,497.6)=    0 (574.8,496.5)=    0 (567.5,498.3)=    0 (558.2,498.8)=    0 (549.5,502.2)=    0 (537.9,506.4)=    0 (524.8,511.8)=    0 (510.1,516.6)=    0 (497.0,517.1)=    0 (481.3,516.1)=    0 (469.9,516.2)=    0 (459.3,517.5)=    0 (448.4,519.4)=    0 (440.0,523.8)=    0 (429.2,526.9)=    0 (417.4,531.2)=    0 (410.6,534.7)=    0 (406.1,538.9)=    0 (399.0,544.5)=    0 (391.0,549.8)=    0 (378.7,557.9)=    0 (363.3,560.8)=    0 (355.1,555.3)=    0 (346.1,556.8)=    0 (341.1,558.2)=    0 (329.8,555.2)=    0 (318.5,553.3)=    0 (315.1,549.7)=    0 (313.8,552.3)=    0 (314.6,557.3)=    0 (312.8,562.5)=    0 (307.9,565.4)=    0 (301.4,566.0)=    0 (289.5,568.1)=    0 (277.3,569.9)=    0 (266.1,568.7)=    0 (256.1,565.9)=    0 (241.9,563.9)=    0 (232.1,562.8)=    0 (235.2,563.8)=    0 
    273 | (254.0,376.0)= 3372 (258.9,368.6)=    0 (260.3,361.7)=    0 (263.7,353.2)=    0 (266.0,347.1)=    0 (262.6,345.5)=    0 (252.3,347.8)=    0 (238.4,348.0)=    0 (226.3,351.7)=    0 (223.3,352.6)=    0 (205.6,358.1)=    0 (188.0,363.3)=    0 (171.0,363.4)=    0 (160.3,367.8)=    0 (145.5,367.0)=    0 (131.2,367.4)=    0 (117.7,367.6)=    0 (107.8,370.6)=    0 ( 93.5,371.9)=    0 ( 77.3,374.4)=    0 ( 66.9,376.8)=    0 ( 58.6,380.1)=    0 ( 50.5,385.7)=    0 ( 51.9,386.8)=    0 ( 40.7,395.5)=    0 ( 25.9,397.8)=    0 ( -1.0, -1.0)=   -4 ( -1.0, -1.0)=   -4 ( -1.0, -1.0)=   -4 ( -1.0, -1.0)=   -4 ( -1.0, -1.0)=   -4 ( -1.0, -1.0)=   -4 ( -1.0, -1.0)=   -4 ( -1.0, -1.0)=   -4 ( -1.0, -1.0)=   -4 ( -1.0, -1.0)=   -4 ( -1.0, -1.0)=   -4 ( -1.0, -1.0)=   -4 ( -1.0, -1.0)=   -4 ( -1.0, -1.0)=   -4 ( -1.0, -1.0)=   -4 ( -1.0, -1.0)=   -4 ( -1.0, -1.0)=   -4 ( -1.0, -1.0)=   -4 
    274 | (127.0,221.0)= 3362 (134.2,236.9)=    0 (134.1,228.5)=    0 (136.8,219.0)=    0 (138.3,212.0)=    0 (131.6,209.8)=    0 (117.4,212.5)=    0 ( 98.9,212.3)=    0 ( 82.5,216.4)=    0 ( 60.7,221.0)=    0 ( 36.9,226.4)=    0 ( -1.0, -1.0)=   -4 ( -1.0, -1.0)=   -4 ( -1.0, -1.0)=   -4 ( -1.0, -1.0)=   -4 ( -1.0, -1.0)=   -4 ( -1.0, -1.0)=   -4 ( -1.0, -1.0)=   -4 ( -1.0, -1.0)=   -4 ( -1.0, -1.0)=   -4 ( -1.0, -1.0)=   -4 ( -1.0, -1.0)=   -4 ( -1.0, -1.0)=   -4 ( -1.0, -1.0)=   -4 ( -1.0, -1.0)=   -4 ( -1.0, -1.0)=   -4 ( -1.0, -1.0)=   -4 ( -1.0, -1.0)=   -4 ( -1.0, -1.0)=   -4 ( -1.0, -1.0)=   -4 ( -1.0, -1.0)=   -4 ( -1.0, -1.0)=   -4 ( -1.0, -1.0)=   -4 ( -1.0, -1.0)=   -4 ( -1.0, -1.0)=   -4 ( -1.0, -1.0)=   -4 ( -1.0, -1.0)=   -4 ( -1.0, -1.0)=   -4 ( -1.0, -1.0)=   -4 ( -1.0, -1.0)=   -4 ( -1.0, -1.0)=   -4 ( -1.0, -1.0)=   -4 ( -1.0, -1.0)=   -4 ( -1.0, -1.0)=   -4 
    275 | (144.0,232.0)= 3349 (148.7,222.7)=    0 (148.9,214.1)=    0 (151.7,204.7)=    0 (152.8,197.4)=    0 (146.4,195.0)=    0 (132.6,197.4)=    0 (114.9,197.2)=    0 ( 98.7,200.7)=    0 ( 77.4,205.0)=    0 ( 54.0,210.2)=    0 ( 31.3,216.5)=    0 ( -1.0, -1.0)=   -4 ( -1.0, -1.0)=   -4 ( -1.0, -1.0)=   -4 ( -1.0, -1.0)=   -4 ( -1.0, -1.0)=   -4 ( -1.0, -1.0)=   -4 ( -1.0, -1.0)=   -4 ( -1.0, -1.0)=   -4 ( -1.0, -1.0)=   -4 ( -1.0, -1.0)=   -4 ( -1.0, -1.0)=   -4 ( -1.0, -1.0)=   -4 ( -1.0, -1.0)=   -4 ( -1.0, -1.0)=   -4 ( -1.0, -1.0)=   -4 ( -1.0, -1.0)=   -4 ( -1.0, -1.0)=   -4 ( -1.0, -1.0)=   -4 ( -1.0, -1.0)=   -4 ( -1.0, -1.0)=   -4 ( -1.0, -1.0)=   -4 ( -1.0, -1.0)=   -4 ( -1.0, -1.0)=   -4 ( -1.0, -1.0)=   -4 ( -1.0, -1.0)=   -4 ( -1.0, -1.0)=   -4 ( -1.0, -1.0)=   -4 ( -1.0, -1.0)=   -4 ( -1.0, -1.0)=   -4 ( -1.0, -1.0)=   -4 ( -1.0, -1.0)=   -4 ( -1.0, -1.0)=   -4 
    276 | (524.0,526.0)= 3349 (530.1,520.1)=    0 (532.7,514.9)=    0 (536.9,507.8)=    0 (541.1,502.5)=    0 (540.5,501.6)=    0 (532.8,503.6)=    0 (523.0,504.3)=    0 (514.0,507.8)=    0 (501.8,512.3)=    0 (512.8,507.4)=    0 (522.6,501.7)=    0 (510.4,501.8)=    0 ( -1.0, -1.0)=   -5 ( -1.0, -1.0)=   -5 ( -1.0, -1.0)=   -5 ( -1.0, -1.0)=   -5 ( -1.0, -1.0)=   -5 ( -1.0, -1.0)=   -5 ( -1.0, -1.0)=   -5 ( -1.0, -1.0)=   -5 ( -1.0, -1.0)=   -5 ( -1.0, -1.0)=   -5 ( -1.0, -1.0)=   -5 ( -1.0, -1.0)=   -5 ( -1.0, -1.0)=   -5 ( -1.0, -1.0)=   -5 ( -1.0, -1.0)=   -5 ( -1.0, -1.0)=   -5 ( -1.0, -1.0)=   -5 ( -1.0, -1.0)=   -5 ( -1.0, -1.0)=   -5 ( -1.0, -1.0)=   -5 ( -1.0, -1.0)=   -5 ( -1.0, -1.0)=   -5 ( -1.0, -1.0)=   -5 ( -1.0, -1.0)=   -5 ( -1.0, -1.0)=   -5 ( -1.0, -1.0)=   -5 ( -1.0, -1.0)=   -5 ( -1.0, -1.0)=   -5 ( -1.0, -1.0)=   -5 ( -1.0, -1.0)=   -5 ( -1.0, -1.0)=   -5 
    277 | (185.0,562.0)= 3348 (189.2,555.2)=    0 (189.3,549.0)=    0 (191.7,541.3)=    0 (194.0,536.2)=    0 (189.3,536.7)=    0 (178.3,540.3)=    0 (163.3,542.8)=    0 ( -1.0, -1.0)=   -3 ( -1.0, -1.0)=   -3 ( -1.0, -1.0)=   -3 ( -1.0, -1.0)=   -3 ( -1.0, -1.0)=   -3 ( -1.0, -1.0)=   -3 ( -1.0, -1.0)=   -3 ( -1.0, -1.0)=   -3 ( -1.0, -1.0)=   -3 ( -1.0, -1.0)=   -3 ( -1.0, -1.0)=   -3 ( -1.0, -1.0)=   -3 ( -1.0, -1.0)=   -3 ( -1.0, -1.0)=   -3 ( -1.0, -1.0)=   -3 ( -1.0, -1.0)=   -3 ( -1.0, -1.0)=   -3 ( -1.0, -1.0)=   -3 ( -1.0, -1.0)=   -3 ( -1.0, -1.0)=   -3 ( -1.0, -1.0)=   -3 ( -1.0, -1.0)=   -3 ( -1.0, -1.0)=   -3 ( -1.0, -1.0)=   -3 ( -1.0, -1.0)=   -3 ( -1.0, -1.0)=   -3 ( -1.0, -1.0)=   -3 ( -1.0, -1.0)=   -3 ( -1.0, -1.0)=   -3 ( -1.0, -1.0)=   -3 ( -1.0, -1.0)=   -3 ( -1.0, -1.0)=   -3 ( -1.0, -1.0)=   -3 ( -1.0, -1.0)=   -3 ( -1.0, -1.0)=   -3 ( -1.0, -1.0)=   -3 
    278 | (240.0,260.0)= 3317 (245.3,251.5)=    0 (246.3,243.4)=    0 (249.8,234.2)=    0 (252.1,227.1)=    0 (247.4,224.8)=    0 (235.6,226.3)=    0 (220.3,225.8)=    0 (206.5,228.8)=    0 (188.1,232.5)=    0 (168.0,237.4)=    0 (147.7,242.5)=    0 (128.3,241.9)=    0 ( -1.0, -1.0)=   -5 ( -1.0, -1.0)=   -5 ( -1.0, -1.0)=   -5 ( -1.0, -1.0)=   -5 ( -1.0, -1.0)=   -5 ( -1.0, -1.0)=   -5 ( -1.0, -1.0)=   -5 ( -1.0, -1.0)=   -5 ( -1.0, -1.0)=   -5 ( -1.0, -1.0)=   -5 ( -1.0, -1.0)=   -5 ( -1.0, -1.0)=   -5 ( -1.0, -1.0)=   -5 ( -1.0, -1.0)=   -5 ( -1.0, -1.0)=   -5 ( -1.0, -1.0)=   -5 ( -1.0, -1.0)=   -5 ( -1.0, -1.0)=   -5 ( -1.0, -1.0)=   -5 ( -1.0, -1.0)=   -5 ( -1.0, -1.0)=   -5 ( -1.0, -1.0)=   -5 ( -1.0, -1.0)=   -5 ( -1.0, -1.0)=   -5 ( -1.0, -1.0)=   -5 ( -1.0, -1.0)=   -5 ( -1.0, -1.0)=   -5 ( -1.0, -1.0)=   -5 ( -1.0, -1.0)=   -5 ( -1.0, -1.0)=   -5 ( -1.0, -1.0)=   -5 
    279 | (114.0,102.0)= 3313 (119.0, 91.5)=    0 (118.6, 81.8)=    0 (121.3, 71.2)=    0 (122.1, 62.8)=    0 (113.9, 59.1)=    0 ( 98.6, 61.1)=    0 ( 77.6, 59.6)=    0 ( 59.8, 62.8)=    0 ( 35.4, 66.0)=    0 ( -1.0, -1.0)=   -4 ( -1.0, -1.0)=   -4 ( -1.0, -1.0)=   -4 ( -1.0, -1.0)=   -4 ( -1.0, -1.0)=   -4 ( -1.0, -1.0)=   -4 ( -1.0, -1.0)=   -4 ( -1.0, -1.0)=   -4 ( -1.0, -1.0)=   -4 ( -1.0, -1.0)=   -4 ( -1.0, -1.0)=   -4 ( -1.0, -1.0)=   -4 ( -1.0, -1.0)=   -4 ( -1.0, -1.0)=   -4 ( -1.0, -1.0)=   -4 ( -1.0, -1.0)=   -4 ( -1.0, -1.0)=   -4 ( -1.0, -1.0)=   -4 ( -1.0, -1.0)=   -4 ( -1.0, -1.0)=   -4 ( -1.0, -1.0)=   -4 ( -1.0, -1.0)=   -4 ( -1.0, -1.0)=   -4 ( -1.0, -1.0)=   -4 ( -1.0, -1.0)=   -4 ( -1.0, -1.0)=   -4 ( -1.0, -1.0)=   -4 ( -1.0, -1.0)=   -4 ( -1.0, -1.0)=   -4 ( -1.0, -1.0)=   -4 ( -1.0, -1.0)=   -4 ( -1.0, -1.0)=   -4 ( -1.0, -1.0)=   -4 ( -1.0, -1.0)=   -4 
    280 | (450.0,470.0)= 3299 (455.8,463.8)=    0 (458.4,457.9)=    0 (462.7,450.7)=    0 (466.5,445.1)=    0 (465.7,443.6)=    0 (458.5,444.9)=    0 (449.0,445.4)=    0 (440.2,448.2)=    0 (428.3,452.0)=    0 (415.3,456.9)=    0 (401.3,461.2)=    0 (388.5,461.4)=    0 (372.7,459.5)=    0 (361.7,459.0)=    0 (351.3,459.4)=    0 (341.2,460.5)=    0 (333.9,463.7)=    0 (323.6,465.9)=    0 (312.2,469.0)=    0 (305.9,471.8)=    0 (301.4,475.1)=    0 (295.3,480.1)=    0 (288.2,484.6)=    0 (277.9,492.1)=    0 (264.7,494.5)=    0 (257.4,488.7)=    0 (250.0,489.8)=    0 (246.4,490.6)=    0 (236.8,486.9)=    0 (226.8,483.9)=    0 (224.3,479.2)=    0 (224.2,480.7)=    0 (226.7,484.8)=    0 (226.5,489.4)=    0 (223.6,491.5)=    0 (218.9,491.4)=    0 (208.9,492.0)=    0 (198.4,492.8)=    0 (188.9,489.9)=    0 (180.6,486.2)=    0 (168.1,483.2)=    0 (159.6,481.2)=    0 (162.4,480.5)=    0 
    281 | (288.0,665.0)= 3289 (292.6,658.9)=    0 (292.2,653.6)=    0 (294.3,646.2)=    0 (296.2,641.7)=    0 (291.1,643.7)=    0 (278.8,648.4)=    0 (262.6,652.6)=    0 (248.6,659.6)=    0 (229.6,668.6)=    0 (208.7,679.0)=    0 (187.5,687.8)=    0 (166.6,692.2)=    0 (139.3,695.5)=    0 (120.3,698.7)=    0 (100.9,702.9)=    0 ( 81.5,706.9)=    0 ( 65.8,713.1)=    0 ( 45.3,718.7)=    0 ( -1.0, -1.0)=   -4 ( -1.0, -1.0)=   -4 ( -1.0, -1.0)=   -4 ( -1.0, -1.0)=   -4 ( -1.0, -1.0)=   -4 ( -1.0, -1.0)=   -4 ( -1.0, -1.0)=   -4 ( -1.0, -1.0)=   -4 ( -1.0, -1.0)=   -4 ( -1.0, -1.0)=   -4 ( -1.0, -1.0)=   -4 ( -1.0, -1.0)=   -4 ( -1.0, -1.0)=   -4 ( -1.0, -1.0)=   -4 ( -1.0, -1.0)=   -4 ( -1.0, -1.0)=   -4 ( -1.0, -1.0)=   -4 ( -1.0, -1.0)=   -4 ( -1.0, -1.0)=   -4 ( -1.0, -1.0)=   -4 ( -1.0, -1.0)=   -4 ( -1.0, -1.0)=   -4 ( -1.0, -1.0)=   -4 ( -1.0, -1.0)=   -4 ( -1.0, -1.0)=   -4 
    282 | (390.0,555.0)= 3287 (395.3,549.0)=    0 (396.5,543.5)=    0 (399.8,536.1)=    0 (402.6,531.0)=    0 (400.0,530.8)=    0 (390.9,533.7)=    0 (378.6,535.4)=    0 (367.7,540.0)=    0 (353.0,545.6)=    0 (336.8,552.7)=    0 (319.7,558.8)=    0 (304.0,560.7)=    0 (283.4,560.6)=    0 (269.2,561.6)=    0 (255.0,563.5)=    0 ( -1.0, -1.0)=   -5 ( -1.0, -1.0)=   -5 ( -1.0, -1.0)=   -5 ( -1.0, -1.0)=   -5 ( -1.0, -1.0)=   -5 ( -1.0, -1.0)=   -5 ( -1.0, -1.0)=   -5 ( -1.0, -1.0)=   -5 ( -1.0, -1.0)=   -5 ( -1.0, -1.0)=   -5 ( -1.0, -1.0)=   -5 ( -1.0, -1.0)=   -5 ( -1.0, -1.0)=   -5 ( -1.0, -1.0)=   -5 ( -1.0, -1.0)=   -5 ( -1.0, -1.0)=   -5 ( -1.0, -1.0)=   -5 ( -1.0, -1.0)=   -5 ( -1.0, -1.0)=   -5 ( -1.0, -1.0)=   -5 ( -1.0, -1.0)=   -5 ( -1.0, -1.0)=   -5 ( -1.0, -1.0)=   -5 ( -1.0, -1.0)=   -5 ( -1.0, -1.0)=   -5 ( -1.0, -1.0)=   -5 ( -1.0, -1.0)=   -5 ( -1.0, -1.0)=   -5 
    283 | (283.0,234.0)= 3280 (288.6,225.4)=    0 (290.1,217.4)=    0 (293.9,208.0)=    0 (296.5,200.7)=    0 (292.6,197.6)=    0 (281.8,198.9)=    0 ( -1.0, -1.0)=   -5 ( -1.0, -1.0)=   -5 ( -1.0, -1.0)=   -5 ( -1.0, -1.0)=   -5 ( -1.0, -1.0)=   -5 ( -1.0, -1.0)=   -5 ( -1.0, -1.0)=   -5 ( -1.0, -1.0)=   -5 ( -1.0, -1.0)=   -5 ( -1.0, -1.0)=   -5 ( -1.0, -1.0)=   -5 ( -1.0, -1.0)=   -5 ( -1.0, -1.0)=   -5 ( -1.0, -1.0)=   -5 ( -1.0, -1.0)=   -5 ( -1.0, -1.0)=   -5 ( -1.0, -1.0)=   -5 ( -1.0, -1.0)=   -5 ( -1.0, -1.0)=   -5 ( -1.0, -1.0)=   -5 ( -1.0, -1.0)=   -5 ( -1.0, -1.0)=   -5 ( -1.0, -1.0)=   -5 ( -1.0, -1.0)=   -5 ( -1.0, -1.0)=   -5 ( -1.0, -1.0)=   -5 ( -1.0, -1.0)=   -5 ( -1.0, -1.0)=   -5 ( -1.0, -1.0)=   -5 ( -1.0, -1.0)=   -5 ( -1.0, -1.0)=   -5 ( -1.0, -1.0)=   -5 ( -1.0, -1.0)=   -5 ( -1.0, -1.0)=   -5 ( -1.0, -1.0)=   -5 ( -1.0, -1.0)=   -5 ( -1.0, -1.0)=   -5 
    284 | (434.0,465.0)= 3276 (439.8,458.7)=    0 (442.2,453.0)=    0 (446.6,445.6)=    0 (450.4,440.0)=    0 (449.5,438.5)=    0 (442.2,439.7)=    0 (432.5,440.0)=    0 (424.1,442.8)=    0 (412.2,446.7)=    0 ( -1.0, -1.0)=   -5 ( -1.0, -1.0)=   -5 ( -1.0, -1.0)=   -5 ( -1.0, -1.0)=   -5 ( -1.0, -1.0)=   -5 ( -1.0, -1.0)=   -5 ( -1.0, -1.0)=   -5 ( -1.0, -1.0)=   -5 ( -1.0, -1.0)=   -5 ( -1.0, -1.0)=   -5 ( -1.0, -1.0)=   -5 ( -1.0, -1.0)=   -5 ( -1.0, -1.0)=   -5 ( -1.0, -1.0)=   -5 ( -1.0, -1.0)=   -5 ( -1.0, -1.0)=   -5 ( -1.0, -1.0)=   -5 ( -1.0, -1.0)=   -5 ( -1.0, -1.0)=   -5 ( -1.0, -1.0)=   -5 ( -1.0, -1.0)=   -5 ( -1.0, -1.0)=   -5 ( -1.0, -1.0)=   -5 ( -1.0, -1.0)=   -5 ( -1.0, -1.0)=   -5 ( -1.0, -1.0)=   -5 ( -1.0, -1.0)=   -5 ( -1.0, -1.0)=   -5 ( -1.0, -1.0)=   -5 ( -1.0, -1.0)=   -5 ( -1.0, -1.0)=   -5 ( -1.0, -1.0)=   -5 ( -1.0, -1.0)=   -5 ( -1.0, -1.0)=   -5 
    285 | (226.0,350.0)= 3230 (231.0,342.1)=    0 (231.8,334.6)=    0 (235.1,326.1)=    0 (237.4,320.0)=    0 (233.0,318.3)=    0 (222.0,320.5)=    0 (207.2,320.7)=    0 (194.4,324.5)=    0 (176.6,329.2)=    0 (157.8,334.5)=    0 (138.4,340.2)=    0 (119.6,340.7)=    0 ( 95.8,338.0)=    0 ( 79.7,337.3)=    0 ( 63.7,337.2)=    0 ( -1.0, -1.0)=   -5 ( -1.0, -1.0)=   -5 ( -1.0, -1.0)=   -5 ( -1.0, -1.0)=   -5 ( -1.0, -1.0)=   -5 ( -1.0, -1.0)=   -5 ( -1.0, -1.0)=   -5 ( -1.0, -1.0)=   -5 ( -1.0, -1.0)=   -5 ( -1.0, -1.0)=   -5 ( -1.0, -1.0)=   -5 ( -1.0, -1.0)=   -5 ( -1.0, -1.0)=   -5 ( -1.0, -1.0)=   -5 ( -1.0, -1.0)=   -5 ( -1.0, -1.0)=   -5 ( -1.0, -1.0)=   -5 ( -1.0, -1.0)=   -5 ( -1.0, -1.0)=   -5 ( -1.0, -1.0)=   -5 ( -1.0, -1.0)=   -5 ( -1.0, -1.0)=   -5 ( -1.0, -1.0)=   -5 ( -1.0, -1.0)=   -5 ( -1.0, -1.0)=   -5 ( -1.0, -1.0)=   -5 ( -1.0, -1.0)=   -5 ( -1.0, -1.0)=   -5 
    286 | (280.0,308.0)= 3226 (285.5,300.1)=    0 (286.8,292.7)=    0 (290.5,283.9)=    0 (293.1,277.3)=    0 (289.4,275.0)=    0 (279.0,276.7)=    0 (265.1,276.2)=    0 (252.7,279.5)=    0 (236.0,283.3)=    0 (217.9,288.0)=    0 (199.7,292.8)=    0 (181.7,292.6)=    0 (159.1,289.1)=    0 (143.6,287.8)=    0 (128.5,287.3)=    0 (114.6,287.1)=    0 (104.2,290.1)=    0 ( 89.6,290.7)=    0 ( 72.2,292.4)=    0 ( 61.1,294.5)=    0 ( 51.9,297.1)=    0 ( 42.9,303.2)=    0 ( 31.9,307.5)=    0 ( -1.0, -1.0)=   -4 ( -1.0, -1.0)=   -4 ( -1.0, -1.0)=   -4 ( -1.0, -1.0)=   -4 ( -1.0, -1.0)=   -4 ( -1.0, -1.0)=   -4 ( -1.0, -1.0)=   -4 ( -1.0, -1.0)=   -4 ( -1.0, -1.0)=   -4 ( -1.0, -1.0)=   -4 ( -1.0, -1.0)=   -4 ( -1.0, -1.0)=   -4 ( -1.0, -1.0)=   -4 ( -1.0, -1.0)=   -4 ( -1.0, -1.0)=   -4 ( -1.0, -1.0)=   -4 ( -1.0, -1.0)=   -4 ( -1.0, -1.0)=   -4 ( -1.0, -1.0)=   -4 ( -1.0, -1.0)=   -4 
    287 | (305.0,195.0)= 3217 (310.7,186.2)=    0 (312.4,177.8)=    0 (316.3,168.2)=    0 (319.0,160.6)=    0 (315.2,157.1)=    0 (304.5,157.9)=    0 (290.4,156.0)=    0 (277.2,158.5)=    0 (259.6,160.9)=    0 (240.2,164.6)=    0 (220.5,168.8)=    0 (201.6,167.3)=    0 (178.2,161.7)=    0 (161.8,159.2)=    0 (146.0,157.4)=    0 (131.7,156.1)=    0 (121.0,158.8)=    0 (105.9,158.4)=    0 ( 88.0,158.7)=    0 ( 76.2,159.4)=    0 ( 66.3,160.7)=    0 ( 56.3,166.6)=    0 ( 44.2,170.6)=    0 ( 31.6,180.9)=    0 ( -1.0, -1.0)=   -4 ( -1.0, -1.0)=   -4 ( -1.0, -1.0)=   -4 ( -1.0, -1.0)=   -4 ( -1.0, -1.0)=   -4 ( -1.0, -1.0)=   -4 ( -1.0, -1.0)=   -4 ( -1.0, -1.0)=   -4 ( -1.0, -1.0)=   -4 ( -1.0, -1.0)=   -4 ( -1.0, -1.0)=   -4 ( -1.0, -1.0)=   -4 ( -1.0, -1.0)=   -4 ( -1.0, -1.0)=   -4 ( -1.0, -1.0)=   -4 ( -1.0, -1.0)=   -4 ( -1.0, -1.0)=   -4 ( -1.0, -1.0)=   -4 ( -1.0, -1.0)=   -4 
    288 | (216.0,332.0)= 3216 (221.4,324.1)=    0 (222.1,316.7)=    0 (225.3,308.0)=    0 (227.4,301.4)=    0 (222.6,299.6)=    0 (211.3,301.7)=    0 (195.9,302.1)=    0 (182.6,305.6)=    0 (164.5,310.1)=    0 (144.8,315.7)=    0 (121.3,293.0)=    0 (101.7,292.8)=    0 ( -1.0, -1.0)=   -5 ( -1.0, -1.0)=   -5 ( -1.0, -1.0)=   -5 ( -1.0, -1.0)=   -5 ( -1.0, -1.0)=   -5 ( -1.0, -1.0)=   -5 ( -1.0, -1.0)=   -5 ( -1.0, -1.0)=   -5 ( -1.0, -1.0)=   -5 ( -1.0, -1.0)=   -5 ( -1.0, -1.0)=   -5 ( -1.0, -1.0)=   -5 ( -1.0, -1.0)=   -5 ( -1.0, -1.0)=   -5 ( -1.0, -1.0)=   -5 ( -1.0, -1.0)=   -5 ( -1.0, -1.0)=   -5 ( -1.0, -1.0)=   -5 ( -1.0, -1.0)=   -5 ( -1.0, -1.0)=   -5 ( -1.0, -1.0)=   -5 ( -1.0, -1.0)=   -5 ( -1.0, -1.0)=   -5 ( -1.0, -1.0)=   -5 ( -1.0, -1.0)=   -5 ( -1.0, -1.0)=   -5 ( -1.0, -1.0)=   -5 ( -1.0, -1.0)=   -5 ( -1.0, -1.0)=   -5 ( -1.0, -1.0)=   -5 ( -1.0, -1.0)=   -5 
    289 | (201.0,391.0)= 3207 (205.6,383.1)=    0 (206.4,376.1)=    0 (209.2,367.8)=    0 (211.5,361.8)=    0 (206.8,360.6)=    0 (196.1,363.2)=    0 (181.4,363.9)=    0 (168.5,368.3)=    0 (151.1,373.2)=    0 ( -1.0, -1.0)=   -5 ( -1.0, -1.0)=   -5 ( -1.0, -1.0)=   -5 ( -1.0, -1.0)=   -5 ( -1.0, -1.0)=   -5 ( -1.0, -1.0)=   -5 ( -1.0, -1.0)=   -5 ( -1.0, -1.0)=   -5 ( -1.0, -1.0)=   -5 ( -1.0, -1.0)=   -5 ( -1.0, -1.0)=   -5 ( -1.0, -1.0)=   -5 ( -1.0, -1.0)=   -5 ( -1.0, -1.0)=   -5 ( -1.0, -1.0)=   -5 ( -1.0, -1.0)=   -5 ( -1.0, -1.0)=   -5 ( -1.0, -1.0)=   -5 ( -1.0, -1.0)=   -5 ( -1.0, -1.0)=   -5 ( -1.0, -1.0)=   -5 ( -1.0, -1.0)=   -5 ( -1.0, -1.0)=   -5 ( -1.0, -1.0)=   -5 ( -1.0, -1.0)=   -5 ( -1.0, -1.0)=   -5 ( -1.0, -1.0)=   -5 ( -1.0, -1.0)=   -5 ( -1.0, -1.0)=   -5 ( -1.0, -1.0)=   -5 ( -1.0, -1.0)=   -5 ( -1.0, -1.0)=   -5 ( -1.0, -1.0)=   -5 ( -1.0, -1.0)=   -5 
    290 | (316.0,289.0)= 3203 (321.5,281.2)=    0 (323.3,273.7)=    0 (327.1,264.7)=    0 (330.6,258.0)=    0 (327.4,255.3)=    0 (317.5,256.5)=    0 (303.8,255.9)=    0 (291.9,258.8)=    0 (276.2,261.8)=    0 (259.0,266.1)=    0 (241.0,270.6)=    0 (224.1,270.2)=    0 (202.4,265.7)=    0 ( -1.0, -1.0)=   -5 ( -1.0, -1.0)=   -5 ( -1.0, -1.0)=   -5 ( -1.0, -1.0)=   -5 ( -1.0, -1.0)=   -5 ( -1.0, -1.0)=   -5 ( -1.0, -1.0)=   -5 ( -1.0, -1.0)=   -5 ( -1.0, -1.0)=   -5 ( -1.0, -1.0)=   -5 ( -1.0, -1.0)=   -5 ( -1.0, -1.0)=   -5 ( -1.0, -1.0)=   -5 ( -1.0, -1.0)=   -5 ( -1.0, -1.0)=   -5 ( -1.0, -1.0)=   -5 ( -1.0, -1.0)=   -5 ( -1.0, -1.0)=   -5 ( -1.0, -1.0)=   -5 ( -1.0, -1.0)=   -5 ( -1.0, -1.0)=   -5 ( -1.0, -1.0)=   -5 ( -1.0, -1.0)=   -5 ( -1.0, -1.0)=   -5 ( -1.0, -1.0)=   -5 ( -1.0, -1.0)=   -5 ( -1.0, -1.0)=   -5 ( -1.0, -1.0)=   -5 ( -1.0, -1.0)=   -5 ( -1.0, -1.0)=   -5 
    291 | (554.0,768.0)= 3185 (559.6,763.2)=    0 (560.4,759.3)=    0 (562.6,752.8)=    0 (565.9,748.8)=    0 (563.0,751.9)=    0 (551.6,757.2)=    0 (551.4,740.5)=    0 (539.1,747.4)=    0 (522.9,756.5)=    0 (504.6,767.2)=    0 (483.4,774.6)=    0 (464.8,778.5)=    0 (442.3,783.3)=    0 (424.7,786.8)=    0 (406.8,792.2)=    0 (389.4,798.3)=    0 (373.8,806.1)=    0 (355.9,813.6)=    0 ( -1.0, -1.0)=   -3 ( -1.0, -1.0)=   -3 ( -1.0, -1.0)=   -3 ( -1.0, -1.0)=   -3 ( -1.0, -1.0)=   -3 ( -1.0, -1.0)=   -3 ( -1.0, -1.0)=   -3 ( -1.0, -1.0)=   -3 ( -1.0, -1.0)=   -3 ( -1.0, -1.0)=   -3 ( -1.0, -1.0)=   -3 ( -1.0, -1.0)=   -3 ( -1.0, -1.0)=   -3 ( -1.0, -1.0)=   -3 ( -1.0, -1.0)=   -3 ( -1.0, -1.0)=   -3 ( -1.0, -1.0)=   -3 ( -1.0, -1.0)=   -3 ( -1.0, -1.0)=   -3 ( -1.0, -1.0)=   -3 ( -1.0, -1.0)=   -3 ( -1.0, -1.0)=   -3 ( -1.0, -1.0)=   -3 ( -1.0, -1.0)=   -3 ( -1.0, -1.0)=   -3 
    292 | (383.0,494.0)= 3177 (388.4,487.8)=    0 (390.0,481.9)=    0 (393.9,474.6)=    0 (397.3,469.2)=    0 (395.5,468.3)=    0 (387.2,470.3)=    0 (376.5,471.1)=    0 (366.8,474.6)=    0 (353.7,479.5)=    0 (338.9,485.1)=    0 (323.7,490.2)=    0 (309.3,491.0)=    0 (291.3,489.7)=    0 (279.0,489.8)=    0 (266.7,490.6)=    0 (255.1,491.7)=    0 (246.4,495.5)=    0 (234.4,497.9)=    0 (220.7,501.4)=    0 (212.5,504.7)=    0 (206.4,508.6)=    0 (199.2,514.0)=    0 (190.6,519.0)=    0 (179.5,526.7)=    0 (165.1,529.0)=    0 (156.5,522.9)=    0 (148.5,523.9)=    0 (144.4,524.6)=    0 (133.3,520.4)=    0 (121.8,517.1)=    0 (117.4,511.7)=    0 (116.7,512.6)=    0 (119.1,516.3)=    0 (119.1,520.1)=    0 (115.7,521.5)=    0 (110.2,520.5)=    0 ( 98.8,520.5)=    0 ( 87.2,520.4)=    0 ( 76.4,516.7)=    0 ( 66.9,512.1)=    0 ( 53.1,508.1)=    0 ( 43.6,505.6)=    0 ( 46.1,504.7)=    0 
    293 | (410.0,800.0)= 3175 (414.8,794.8)=    0 (413.9,790.5)=    0 (415.2,783.6)=    0 (416.9,779.8)=    0 (411.5,784.1)=    0 (397.4,790.5)=    0 (380.2,797.0)=    0 (364.9,805.9)=    0 (344.4,817.8)=    0 (321.8,831.6)=    0 (297.9,842.4)=    0 (274.7,849.3)=    0 (244.5,856.3)=    0 (222.7,862.3)=    0 (199.3,869.6)=    0 (176.4,876.8)=    0 (156.0,886.2)=    0 (130.6,896.0)=    0 (101.4,909.2)=    0 ( 81.8,920.4)=    0 ( 64.1,933.2)=    0 ( 46.8,943.7)=    0 ( 25.7,955.6)=    0 ( -1.0, -1.0)=   -4 ( -1.0, -1.0)=   -4 ( -1.0, -1.0)=   -4 ( -1.0, -1.0)=   -4 ( -1.0, -1.0)=   -4 ( -1.0, -1.0)=   -4 ( -1.0, -1.0)=   -4 ( -1.0, -1.0)=   -4 ( -1.0, -1.0)=   -4 ( -1.0, -1.0)=   -4 ( -1.0, -1.0)=   -4 ( -1.0, -1.0)=   -4 ( -1.0, -1.0)=   -4 ( -1.0, -1.0)=   -4 ( -1.0, -1.0)=   -4 ( -1.0, -1.0)=   -4 ( -1.0, -1.0)=   -4 ( -1.0, -1.0)=   -4 ( -1.0, -1.0)=   -4 ( -1.0, -1.0)=   -4 
    294 | (259.0,309.0)= 3152 (264.4,301.2)=    0 (265.5,293.7)=    0 (268.9,284.8)=    0 (271.6,278.3)=    0 (267.5,276.0)=    0 (256.8,278.0)=    0 ( -1.0, -1.0)=   -5 ( -1.0, -1.0)=   -5 ( -1.0, -1.0)=   -5 ( -1.0, -1.0)=   -5 ( -1.0, -1.0)=   -5 ( -1.0, -1.0)=   -5 ( -1.0, -1.0)=   -5 ( -1.0, -1.0)=   -5 ( -1.0, -1.0)=   -5 ( -1.0, -1.0)=   -5 ( -1.0, -1.0)=   -5 ( -1.0, -1.0)=   -5 ( -1.0, -1.0)=   -5 ( -1.0, -1.0)=   -5 ( -1.0, -1.0)=   -5 ( -1.0, -1.0)=   -5 ( -1.0, -1.0)=   -5 ( -1.0, -1.0)=   -5 ( -1.0, -1.0)=   -5 ( -1.0, -1.0)=   -5 ( -1.0, -1.0)=   -5 ( -1.0, -1.0)=   -5 ( -1.0, -1.0)=   -5 ( -1.0, -1.0)=   -5 ( -1.0, -1.0)=   -5 ( -1.0, -1.0)=   -5 ( -1.0, -1.0)=   -5 ( -1.0, -1.0)=   -5 ( -1.0, -1.0)=   -5 ( -1.0, -1.0)=   -5 ( -1.0, -1.0)=   -5 ( -1.0, -1.0)=   -5 ( -1.0, -1.0)=   -5 ( -1.0, -1.0)=   -5 ( -1.0, -1.0)=   -5 ( -1.0, -1.0)=   -5 ( -1.0, -1.0)=   -5 
    295 | (597.0,503.0)= 3140 (603.5,497.3)=    0 (606.8,492.1)=    0 (611.6,485.1)=    0 (616.5,479.7)=    0 (617.1,478.2)=    0 (610.4,479.6)=    0 (602.0,479.5)=    0 (594.2,482.4)=    0 (583.5,486.0)=    0 (571.4,490.9)=    0 ( -1.0, -1.0)=   -5 ( -1.0, -1.0)=   -5 ( -1.0, -1.0)=   -5 ( -1.0, -1.0)=   -5 ( -1.0, -1.0)=   -5 ( -1.0, -1.0)=   -5 ( -1.0, -1.0)=   -5 ( -1.0, -1.0)=   -5 ( -1.0, -1.0)=   -5 ( -1.0, -1.0)=   -5 ( -1.0, -1.0)=   -5 ( -1.0, -1.0)=   -5 ( -1.0, -1.0)=   -5 ( -1.0, -1.0)=   -5 ( -1.0, -1.0)=   -5 ( -1.0, -1.0)=   -5 ( -1.0, -1.0)=   -5 ( -1.0, -1.0)=   -5 ( -1.0, -1.0)=   -5 ( -1.0, -1.0)=   -5 ( -1.0, -1.0)=   -5 ( -1.0, -1.0)=   -5 ( -1.0, -1.0)=   -5 ( -1.0, -1.0)=   -5 ( -1.0, -1.0)=   -5 ( -1.0, -1.0)=   -5 ( -1.0, -1.0)=   -5 ( -1.0, -1.0)=   -5 ( -1.0, -1.0)=   -5 ( -1.0, -1.0)=   -5 ( -1.0, -1.0)=   -5 ( -1.0, -1.0)=   -5 ( -1.0, -1.0)=   -5 
    296 | (429.0,478.0)= 3139 (434.6,471.9)=    0 (436.8,466.0)=    0 (441.3,458.6)=    0 (444.8,453.2)=    0 (443.7,451.8)=    0 (436.1,453.5)=    0 (426.3,453.9)=    0 (417.0,457.1)=    0 (404.8,461.2)=    0 (415.9,457.0)=    0 (401.9,461.3)=    0 (389.1,461.5)=    0 (373.3,459.6)=    0 (362.3,459.1)=    0 (351.8,459.5)=    0 (341.8,460.6)=    0 (334.4,463.8)=    0 (324.1,466.0)=    0 (312.7,469.1)=    0 (306.4,471.8)=    0 (301.9,475.2)=    0 (295.9,480.2)=    0 (288.7,484.7)=    0 (278.4,492.2)=    0 (265.3,494.6)=    0 (257.9,488.8)=    0 (250.5,489.9)=    0 (247.0,490.7)=    0 (237.4,487.0)=    0 (227.3,484.0)=    0 (224.9,479.4)=    0 (224.8,480.9)=    0 (227.2,485.0)=    0 (227.1,489.5)=    0 (224.2,491.6)=    0 (219.4,491.6)=    0 (209.5,492.2)=    0 (199.0,493.0)=    0 (189.5,490.2)=    0 (181.2,486.6)=    0 (168.7,483.6)=    0 (160.2,481.6)=    0 (162.9,480.9)=    0 
    297 | ( 79.0,539.0)= 3139 ( 82.9,532.1)=    0 ( 82.7,525.8)=    0 ( 85.7,518.1)=    0 ( 87.4,513.0)=    0 ( 82.2,513.4)=    0 ( 70.8,517.1)=    0 ( 55.0,519.9)=    0 ( 41.8,525.6)=    0 ( -1.0, -1.0)=   -4 ( -1.0, -1.0)=   -4 ( -1.0, -1.0)=   -4 ( -1.0, -1.0)=   -4 ( -1.0, -1.0)=   -4 ( -1.0, -1.0)=   -4 ( -1.0, -1.0)=   -4 ( -1.0, -1.0)=   -4 ( -1.0, -1.0)=   -4 ( -1.0, -1.0)=   -4 ( -1.0, -1.0)=   -4 ( -1.0, -1.0)=   -4 ( -1.0, -1.0)=   -4 ( -1.0, -1.0)=   -4 ( -1.0, -1.0)=   -4 ( -1.0, -1.0)=   -4 ( -1.0, -1.0)=   -4 ( -1.0, -1.0)=   -4 ( -1.0, -1.0)=   -4 ( -1.0, -1.0)=   -4 ( -1.0, -1.0)=   -4 ( -1.0, -1.0)=   -4 ( -1.0, -1.0)=   -4 ( -1.0, -1.0)=   -4 ( -1.0, -1.0)=   -4 ( -1.0, -1.0)=   -4 ( -1.0, -1.0)=   -4 ( -1.0, -1.0)=   -4 ( -1.0, -1.0)=   -4 ( -1.0, -1.0)=   -4 ( -1.0, -1.0)=   -4 ( -1.0, -1.0)=   -4 ( -1.0, -1.0)=   -4 ( -1.0, -1.0)=   -4 ( -1.0, -1.0)=   -4 
    298 | (333.0, 70.0)= 3137 (339.5, 60.0)=    0 (341.6, 50.5)=    0 (345.7, 39.7)=    0 (348.7, 31.0)=    0 (344.6, 25.9)=    0 (332.9, 25.8)=    0 ( -1.0, -1.0)=   -4 ( -1.0, -1.0)=   -4 ( -1.0, -1.0)=   -4 ( -1.0, -1.0)=   -4 ( -1.0, -1.0)=   -4 ( -1.0, -1.0)=   -4 ( -1.0, -1.0)=   -4 ( -1.0, -1.0)=   -4 ( -1.0, -1.0)=   -4 ( -1.0, -1.0)=   -4 ( -1.0, -1.0)=   -4 ( -1.0, -1.0)=   -4 ( -1.0, -1.0)=   -4 ( -1.0, -1.0)=   -4 ( -1.0, -1.0)=   -4 ( -1.0, -1.0)=   -4 ( -1.0, -1.0)=   -4 ( -1.0, -1.0)=   -4 ( -1.0, -1.0)=   -4 ( -1.0, -1.0)=   -4 ( -1.0, -1.0)=   -4 ( -1.0, -1.0)=   -4 ( -1.0, -1.0)=   -4 ( -1.0, -1.0)=   -4 ( -1.0, -1.0)=   -4 ( -1.0, -1.0)=   -4 ( -1.0, -1.0)=   -4 ( -1.0, -1.0)=   -4 ( -1.0, -1.0)=   -4 ( -1.0, -1.0)=   -4 ( -1.0, -1.0)=   -4 ( -1.0, -1.0)=   -4 ( -1.0, -1.0)=   -4 ( -1.0, -1.0)=   -4 ( -1.0, -1.0)=   -4 ( -1.0, -1.0)=   -4 ( -1.0, -1.0)=   -4 
    299 | (215.0,308.0)= 3097 (220.1,299.8)=    0 (220.8,292.2)=    0 (224.2,283.5)=    0 (226.3,276.7)=    0 (221.3,274.9)=    0 (209.6,277.0)=    0 ( -1.0, -1.0)=   -5 ( -1.0, -1.0)=   -5 ( -1.0, -1.0)=   -5 ( -1.0, -1.0)=   -5 ( -1.0, -1.0)=   -5 ( -1.0, -1.0)=   -5 ( -1.0, -1.0)=   -5 ( -1.0, -1.0)=   -5 ( -1.0, -1.0)=   -5 ( -1.0, -1.0)=   -5 ( -1.0, -1.0)=   -5 ( -1.0, -1.0)=   -5 ( -1.0, -1.0)=   -5 ( -1.0, -1.0)=   -5 ( -1.0, -1.0)=   -5 ( -1.0, -1.0)=   -5 ( -1.0, -1.0)=   -5 ( -1.0, -1.0)=   -5 ( -1.0, -1.0)=   -5 ( -1.0, -1.0)=   -5 ( -1.0, -1.0)=   -5 ( -1.0, -1.0)=   -5 ( -1.0, -1.0)=   -5 ( -1.0, -1.0)=   -5 ( -1.0, -1.0)=   -5 ( -1.0, -1.0)=   -5 ( -1.0, -1.0)=   -5 ( -1.0, -1.0)=   -5 ( -1.0, -1.0)=   -5 ( -1.0, -1.0)=   -5 ( -1.0, -1.0)=   -5 ( -1.0, -1.0)=   -5 ( -1.0, -1.0)=   -5 ( -1.0, -1.0)=   -5 ( -1.0, -1.0)=   -5 ( -1.0, -1.0)=   -5 ( -1.0, -1.0)=   -5 
    300 | ( 33.0, 68.0)= 3091 ( 37.6, 56.7)=    0 ( 36.4, 46.7)=    0 ( 38.5, 35.6)=    0 ( 38.6, 27.1)=    0 ( -1.0, -1.0)=   -4 ( -1.0, -1.0)=   -4 ( -1.0, -1.0)=   -4 ( -1.0, -1.0)=   -4 ( -1.0, -1.0)=   -4 ( -1.0, -1.0)=   -4 ( -1.0, -1.0)=   -4 ( -1.0, -1.0)=   -4 ( -1.0, -1.0)=   -4 ( -1.0, -1.0)=   -4 ( -1.0, -1.0)=   -4 ( -1.0, -1.0)=   -4 ( -1.0, -1.0)=   -4 ( -1.0, -1.0)=   -4 ( -1.0, -1.0)=   -4 ( -1.0, -1.0)=   -4 ( -1.0, -1.0)=   -4 ( -1.0, -1.0)=   -4 ( -1.0, -1.0)=   -4 ( -1.0, -1.0)=   -4 ( -1.0, -1.0)=   -4 ( -1.0, -1.0)=   -4 ( -1.0, -1.0)=   -4 ( -1.0, -1.0)=   -4 ( -1.0, -1.0)=   -4 ( -1.0, -1.0)=   -4 ( -1.0, -1.0)=   -4 ( -1.0, -1.0)=   -4 ( -1.0, -1.0)=   -4 ( -1.0, -1.0)=   -4 ( -1.0, -1.0)=   -4 ( -1.0, -1.0)=   -4 ( -1.0, -1.0)=   -4 ( -1.0, -1.0)=   -4 ( -1.0, -1.0)=   -4 ( -1.0, -1.0)=   -4 ( -1.0, -1.0)=   -4 ( -1.0, -1.0)=   -4 ( -1.0, -1.0)=   -4 
    301 | (315.0,238.0)= 3084 (321.0,229.5)=    0 (322.7,221.5)=    0 (326.7,212.4)=    0 (329.7,205.3)=    0 (325.9,201.6)=    0 ( -1.0, -1.0)=   -5 ( -1.0, -1.0)=   -5 ( -1.0, -1.0)=   -5 ( -1.0, -1.0)=   -5 ( -1.0, -1.0)=   -5 ( -1.0, -1.0)=   -5 ( -1.0, -1.0)=   -5 ( -1.0, -1.0)=   -5 ( -1.0, -1.0)=   -5 ( -1.0, -1.0)=   -5 ( -1.0, -1.0)=   -5 ( -1.0, -1.0)=   -5 ( -1.0, -1.0)=   -5 ( -1.0, -1.0)=   -5 ( -1.0, -1.0)=   -5 ( -1.0, -1.0)=   -5 ( -1.0, -1.0)=   -5 ( -1.0, -1.0)=   -5 ( -1.0, -1.0)=   -5 ( -1.0, -1.0)=   -5 ( -1.0, -1.0)=   -5 ( -1.0, -1.0)=   -5 ( -1.0, -1.0)=   -5 ( -1.0, -1.0)=   -5 ( -1.0, -1.0)=   -5 ( -1.0, -1.0)=   -5 ( -1.0, -1.0)=   -5 ( -1.0, -1.0)=   -5 ( -1.0, -1.0)=   -5 ( -1.0, -1.0)=   -5 ( -1.0, -1.0)=   -5 ( -1.0, -1.0)=   -5 ( -1.0, -1.0)=   -5 ( -1.0, -1.0)=   -5 ( -1.0, -1.0)=   -5 ( -1.0, -1.0)=   -5 ( -1.0, -1.0)=   -5 ( -1.0, -1.0)=   -5 
    302 | (157.0,229.0)= 3055 (162.0,219.5)=    0 (162.2,211.1)=    0 (165.1,201.5)=    0 (166.6,194.3)=    0 (160.2,192.0)=    0 (146.7,194.2)=    0 (128.7,193.8)=    0 (113.1,197.4)=    0 ( 91.7,201.5)=    0 ( 68.8,206.6)=    0 ( 46.4,212.6)=    0 ( 24.0,212.5)=    0 ( -1.0, -1.0)=   -4 ( -1.0, -1.0)=   -4 ( -1.0, -1.0)=   -4 ( -1.0, -1.0)=   -4 ( -1.0, -1.0)=   -4 ( -1.0, -1.0)=   -4 ( -1.0, -1.0)=   -4 ( -1.0, -1.0)=   -4 ( -1.0, -1.0)=   -4 ( -1.0, -1.0)=   -4 ( -1.0, -1.0)=   -4 ( -1.0, -1.0)=   -4 ( -1.0, -1.0)=   -4 ( -1.0, -1.0)=   -4 ( -1.0, -1.0)=   -4 ( -1.0, -1.0)=   -4 ( -1.0, -1.0)=   -4 ( -1.0, -1.0)=   -4 ( -1.0, -1.0)=   -4 ( -1.0, -1.0)=   -4 ( -1.0, -1.0)=   -4 ( -1.0, -1.0)=   -4 ( -1.0, -1.0)=   -4 ( -1.0, -1.0)=   -4 ( -1.0, -1.0)=   -4 ( -1.0, -1.0)=   -4 ( -1.0, -1.0)=   -4 ( -1.0, -1.0)=   -4 ( -1.0, -1.0)=   -4 ( -1.0, -1.0)=   -4 ( -1.0, -1.0)=   -4 
    303 | (307.0,222.0)= 3049 (312.8,213.5)=    0 (314.4,205.4)=    0 (318.5,196.1)=    0 (321.0,188.7)=    0 (317.3,185.3)=    0 (307.0,186.4)=    0 ( -1.0, -1.0)=   -3 ( -1.0, -1.0)=   -3 ( -1.0, -1.0)=   -3 ( -1.0, -1.0)=   -3 ( -1.0, -1.0)=   -3 ( -1.0, -1.0)=   -3 ( -1.0, -1.0)=   -3 ( -1.0, -1.0)=   -3 ( -1.0, -1.0)=   -3 ( -1.0, -1.0)=   -3 ( -1.0, -1.0)=   -3 ( -1.0, -1.0)=   -3 ( -1.0, -1.0)=   -3 ( -1.0, -1.0)=   -3 ( -1.0, -1.0)=   -3 ( -1.0, -1.0)=   -3 ( -1.0, -1.0)=   -3 ( -1.0, -1.0)=   -3 ( -1.0, -1.0)=   -3 ( -1.0, -1.0)=   -3 ( -1.0, -1.0)=   -3 ( -1.0, -1.0)=   -3 ( -1.0, -1.0)=   -3 ( -1.0, -1.0)=   -3 ( -1.0, -1.0)=   -3 ( -1.0, -1.0)=   -3 ( -1.0, -1.0)=   -3 ( -1.0, -1.0)=   -3 ( -1.0, -1.0)=   -3 ( -1.0, -1.0)=   -3 ( -1.0, -1.0)=   -3 ( -1.0, -1.0)=   -3 ( -1.0, -1.0)=   -3 ( -1.0, -1.0)=   -3 ( -1.0, -1.0)=   -3 ( -1.0, -1.0)=   -3 ( -1.0, -1.0)=   -3 
    304 | (299.0,341.0)= 3041 (304.5,333.5)=    0 (305.7,326.5)=    0 (309.6,317.9)=    0 (312.4,311.5)=    0 (309.4,309.4)=    0 (299.4,311.1)=    0 (286.3,310.8)=    0 (274.5,314.0)=    0 (258.9,317.8)=    0 (241.9,322.7)=    0 (224.3,327.7)=    0 (207.7,327.5)=    0 (186.6,324.3)=    0 (171.9,323.1)=    0 (157.9,322.8)=    0 (144.8,322.8)=    0 (134.6,326.0)=    0 (121.0,326.8)=    0 (104.9,328.8)=    0 ( 94.9,330.8)=    0 ( 86.7,333.6)=    0 ( 78.2,339.3)=    0 ( 68.1,343.7)=    0 ( 56.6,352.5)=    0 ( 41.6,355.2)=    0 ( 32.2,347.8)=    0 ( -1.0, -1.0)=   -4 ( -1.0, -1.0)=   -4 ( -1.0, -1.0)=   -4 ( -1.0, -1.0)=   -4 ( -1.0, -1.0)=   -4 ( -1.0, -1.0)=   -4 ( -1.0, -1.0)=   -4 ( -1.0, -1.0)=   -4 ( -1.0, -1.0)=   -4 ( -1.0, -1.0)=   -4 ( -1.0, -1.0)=   -4 ( -1.0, -1.0)=   -4 ( -1.0, -1.0)=   -4 ( -1.0, -1.0)=   -4 ( -1.0, -1.0)=   -4 ( -1.0, -1.0)=   -4 ( -1.0, -1.0)=   -4 
    305 | (459.0,459.0)= 3025 (464.8,453.0)=    0 (467.5,447.2)=    0 (472.3,439.8)=    0 (476.0,434.2)=    0 (475.5,432.3)=    0 (468.5,433.6)=    0 (459.5,433.6)=    0 (450.8,436.3)=    0 (439.6,439.7)=    0 (426.7,444.4)=    0 (413.0,448.4)=    0 (400.8,448.4)=    0 (385.4,446.3)=    0 (374.9,445.5)=    0 (364.8,445.6)=    0 (355.1,446.3)=    0 (348.3,449.5)=    0 (338.4,451.5)=    0 (327.6,454.2)=    0 (321.8,457.0)=    0 (317.7,460.0)=    0 (312.2,464.8)=    0 (305.4,469.0)=    0 (295.5,476.5)=    0 (282.7,478.7)=    0 (276.0,472.9)=    0 (268.8,473.9)=    0 (265.7,474.8)=    0 (256.6,471.0)=    0 (247.6,468.3)=    0 (245.4,463.4)=    0 (245.8,465.2)=    0 (248.5,469.4)=    0 (248.6,473.9)=    0 (245.9,476.3)=    0 (241.2,476.2)=    0 (232.0,477.1)=    0 (222.2,477.8)=    0 (213.1,475.2)=    0 (205.3,471.7)=    0 (193.1,468.4)=    0 (185.1,466.6)=    0 (188.0,466.1)=    0 
    306 | (157.0,319.0)= 2993 (161.8,310.7)=    0 (161.8,302.9)=    0 (164.8,294.1)=    0 (166.6,287.4)=    0 (160.8,285.9)=    0 (148.0,288.4)=    0 ( -1.0, -1.0)=   -5 ( -1.0, -1.0)=   -5 ( -1.0, -1.0)=   -5 ( -1.0, -1.0)=   -5 ( -1.0, -1.0)=   -5 ( -1.0, -1.0)=   -5 ( -1.0, -1.0)=   -5 ( -1.0, -1.0)=   -5 ( -1.0, -1.0)=   -5 ( -1.0, -1.0)=   -5 ( -1.0, -1.0)=   -5 ( -1.0, -1.0)=   -5 ( -1.0, -1.0)=   -5 ( -1.0, -1.0)=   -5 ( -1.0, -1.0)=   -5 ( -1.0, -1.0)=   -5 ( -1.0, -1.0)=   -5 ( -1.0, -1.0)=   -5 ( -1.0, -1.0)=   -5 ( -1.0, -1.0)=   -5 ( -1.0, -1.0)=   -5 ( -1.0, -1.0)=   -5 ( -1.0, -1.0)=   -5 ( -1.0, -1.0)=   -5 ( -1.0, -1.0)=   -5 ( -1.0, -1.0)=   -5 ( -1.0, -1.0)=   -5 ( -1.0, -1.0)=   -5 ( -1.0, -1.0)=   -5 ( -1.0, -1.0)=   -5 ( -1.0, -1.0)=   -5 ( -1.0, -1.0)=   -5 ( -1.0, -1.0)=   -5 ( -1.0, -1.0)=   -5 ( -1.0, -1.0)=   -5 ( -1.0, -1.0)=   -5 ( -1.0, -1.0)=   -5 
    307 | (207.0,282.0)= 2979 (212.2,273.5)=    0 (212.9,265.7)=    0 ( -1.0, -1.0)=   -5 ( -1.0, -1.0)=   -5 ( -1.0, -1.0)=   -5 ( -1.0, -1.0)=   -5 ( -1.0, -1.0)=   -5 ( -1.0, -1.0)=   -5 ( -1.0, -1.0)=   -5 ( -1.0, -1.0)=   -5 ( -1.0, -1.0)=   -5 ( -1.0, -1.0)=   -5 ( -1.0, -1.0)=   -5 ( -1.0, -1.0)=   -5 ( -1.0, -1.0)=   -5 ( -1.0, -1.0)=   -5 ( -1.0, -1.0)=   -5 ( -1.0, -1.0)=   -5 ( -1.0, -1.0)=   -5 ( -1.0, -1.0)=   -5 ( -1.0, -1.0)=   -5 ( -1.0, -1.0)=   -5 ( -1.0, -1.0)=   -5 ( -1.0, -1.0)=   -5 ( -1.0, -1.0)=   -5 ( -1.0, -1.0)=   -5 ( -1.0, -1.0)=   -5 ( -1.0, -1.0)=   -5 ( -1.0, -1.0)=   -5 ( -1.0, -1.0)=   -5 ( -1.0, -1.0)=   -5 ( -1.0, -1.0)=   -5 ( -1.0, -1.0)=   -5 ( -1.0, -1.0)=   -5 ( -1.0, -1.0)=   -5 ( -1.0, -1.0)=   -5 ( -1.0, -1.0)=   -5 ( -1.0, -1.0)=   -5 ( -1.0, -1.0)=   -5 ( -1.0, -1.0)=   -5 ( -1.0, -1.0)=   -5 ( -1.0, -1.0)=   -5 ( -1.0, -1.0)=   -5 
    308 | (103.0,497.0)= 2974 (107.2,489.5)=    0 (106.9,482.8)=    0 (109.7,474.6)=    0 (111.5,469.1)=    0 (106.0,469.3)=    0 ( 94.3,472.9)=    0 ( 78.2,475.2)=    0 ( 64.3,480.7)=    0 ( 45.4,487.5)=    0 ( 24.8,495.1)=    0 ( -1.0, -1.0)=   -4 ( -1.0, -1.0)=   -4 ( -1.0, -1.0)=   -4 ( -1.0, -1.0)=   -4 ( -1.0, -1.0)=   -4 ( -1.0, -1.0)=   -4 ( -1.0, -1.0)=   -4 ( -1.0, -1.0)=   -4 ( -1.0, -1.0)=   -4 ( -1.0, -1.0)=   -4 ( -1.0, -1.0)=   -4 ( -1.0, -1.0)=   -4 ( -1.0, -1.0)=   -4 ( -1.0, -1.0)=   -4 ( -1.0, -1.0)=   -4 ( -1.0, -1.0)=   -4 ( -1.0, -1.0)=   -4 ( -1.0, -1.0)=   -4 ( -1.0, -1.0)=   -4 ( -1.0, -1.0)=   -4 ( -1.0, -1.0)=   -4 ( -1.0, -1.0)=   -4 ( -1.0, -1.0)=   -4 ( -1.0, -1.0)=   -4 ( -1.0, -1.0)=   -4 ( -1.0, -1.0)=   -4 ( -1.0, -1.0)=   -4 ( -1.0, -1.0)=   -4 ( -1.0, -1.0)=   -4 ( -1.0, -1.0)=   -4 ( -1.0, -1.0)=   -4 ( -1.0, -1.0)=   -4 ( -1.0, -1.0)=   -4 
    309 | (181.0,371.0)= 2965 (185.6,363.0)=    0 (186.0,355.8)=    0 (189.2,347.2)=    0 (191.1,341.0)=    0 (186.1,339.8)=    0 (174.4,342.6)=    0 (182.0,347.7)=    0 (169.0,352.1)=    0 (151.4,357.0)=    0 ( -1.0, -1.0)=   -5 ( -1.0, -1.0)=   -5 ( -1.0, -1.0)=   -5 ( -1.0, -1.0)=   -5 ( -1.0, -1.0)=   -5 ( -1.0, -1.0)=   -5 ( -1.0, -1.0)=   -5 ( -1.0, -1.0)=   -5 ( -1.0, -1.0)=   -5 ( -1.0, -1.0)=   -5 ( -1.0, -1.0)=   -5 ( -1.0, -1.0)=   -5 ( -1.0, -1.0)=   -5 ( -1.0, -1.0)=   -5 ( -1.0, -1.0)=   -5 ( -1.0, -1.0)=   -5 ( -1.0, -1.0)=   -5 ( -1.0, -1.0)=   -5 ( -1.0, -1.0)=   -5 ( -1.0, -1.0)=   -5 ( -1.0, -1.0)=   -5 ( -1.0, -1.0)=   -5 ( -1.0, -1.0)=   -5 ( -1.0, -1.0)=   -5 ( -1.0, -1.0)=   -5 ( -1.0, -1.0)=   -5 ( -1.0, -1.0)=   -5 ( -1.0, -1.0)=   -5 ( -1.0, -1.0)=   -5 ( -1.0, -1.0)=   -5 ( -1.0, -1.0)=   -5 ( -1.0, -1.0)=   -5 ( -1.0, -1.0)=   -5 ( -1.0, -1.0)=   -5 
    310 | (537.0,481.0)= 2947 (543.2,474.9)=    0 (546.1,469.5)=    0 (551.1,462.3)=    0 (555.4,456.7)=    0 (555.4,455.0)=    0 (548.7,456.4)=    0 (540.0,456.2)=    0 (531.9,458.9)=    0 (521.0,462.4)=    0 ( -1.0, -1.0)=   -5 ( -1.0, -1.0)=   -5 ( -1.0, -1.0)=   -5 ( -1.0, -1.0)=   -5 ( -1.0, -1.0)=   -5 ( -1.0, -1.0)=   -5 ( -1.0, -1.0)=   -5 ( -1.0, -1.0)=   -5 ( -1.0, -1.0)=   -5 ( -1.0, -1.0)=   -5 ( -1.0, -1.0)=   -5 ( -1.0, -1.0)=   -5 ( -1.0, -1.0)=   -5 ( -1.0, -1.0)=   -5 ( -1.0, -1.0)=   -5 ( -1.0, -1.0)=   -5 ( -1.0, -1.0)=   -5 ( -1.0, -1.0)=   -5 ( -1.0, -1.0)=   -5 ( -1.0, -1.0)=   -5 ( -1.0, -1.0)=   -5 ( -1.0, -1.0)=   -5 ( -1.0, -1.0)=   -5 ( -1.0, -1.0)=   -5 ( -1.0, -1.0)=   -5 ( -1.0, -1.0)=   -5 ( -1.0, -1.0)=   -5 ( -1.0, -1.0)=   -5 ( -1.0, -1.0)=   -5 ( -1.0, -1.0)=   -5 ( -1.0, -1.0)=   -5 ( -1.0, -1.0)=   -5 ( -1.0, -1.0)=   -5 ( -1.0, -1.0)=   -5 
    311 | ( 96.0,375.0)= 2943 (100.2,366.7)=    0 ( 99.8,359.2)=    0 (102.4,350.4)=    0 (103.7,344.2)=    0 ( 97.1,343.4)=    0 ( 84.1,346.7)=    0 ( 66.3,348.1)=    0 ( 50.9,353.1)=    0 ( 30.0,358.9)=    0 ( -1.0, -1.0)=   -4 ( -1.0, -1.0)=   -4 ( -1.0, -1.0)=   -4 ( -1.0, -1.0)=   -4 ( -1.0, -1.0)=   -4 ( -1.0, -1.0)=   -4 ( -1.0, -1.0)=   -4 ( -1.0, -1.0)=   -4 ( -1.0, -1.0)=   -4 ( -1.0, -1.0)=   -4 ( -1.0, -1.0)=   -4 ( -1.0, -1.0)=   -4 ( -1.0, -1.0)=   -4 ( -1.0, -1.0)=   -4 ( -1.0, -1.0)=   -4 ( -1.0, -1.0)=   -4 ( -1.0, -1.0)=   -4 ( -1.0, -1.0)=   -4 ( -1.0, -1.0)=   -4 ( -1.0, -1.0)=   -4 ( -1.0, -1.0)=   -4 ( -1.0, -1.0)=   -4 ( -1.0, -1.0)=   -4 ( -1.0, -1.0)=   -4 ( -1.0, -1.0)=   -4 ( -1.0, -1.0)=   -4 ( -1.0, -1.0)=   -4 ( -1.0, -1.0)=   -4 ( -1.0, -1.0)=   -4 ( -1.0, -1.0)=   -4 ( -1.0, -1.0)=   -4 ( -1.0, -1.0)=   -4 ( -1.0, -1.0)=   -4 ( -1.0, -1.0)=   -4 
    312 | (577.0,511.0)= 2937 (583.5,505.3)=    0 (586.4,500.0)=    0 (591.1,493.0)=    0 (595.8,487.7)=    0 (596.0,486.3)=    0 (588.9,487.8)=    0 (580.0,488.2)=    0 (571.9,491.1)=    0 (560.7,495.1)=    0 (548.0,500.2)=    0 (557.4,494.5)=    0 (545.5,494.5)=    0 (531.0,492.9)=    0 (520.6,492.5)=    0 (510.9,493.4)=    0 (501.1,495.0)=    0 (493.7,499.1)=    0 (484.4,502.0)=    0 (474.1,505.7)=    0 (468.4,509.0)=    0 (465.0,512.5)=    0 (458.9,517.6)=    0 (452.2,522.7)=    0 ( -1.0, -1.0)=   -5 ( -1.0, -1.0)=   -5 ( -1.0, -1.0)=   -5 ( -1.0, -1.0)=   -5 ( -1.0, -1.0)=   -5 ( -1.0, -1.0)=   -5 ( -1.0, -1.0)=   -5 ( -1.0, -1.0)=   -5 ( -1.0, -1.0)=   -5 ( -1.0, -1.0)=   -5 ( -1.0, -1.0)=   -5 ( -1.0, -1.0)=   -5 ( -1.0, -1.0)=   -5 ( -1.0, -1.0)=   -5 ( -1.0, -1.0)=   -5 ( -1.0, -1.0)=   -5 ( -1.0, -1.0)=   -5 ( -1.0, -1.0)=   -5 ( -1.0, -1.0)=   -5 ( -1.0, -1.0)=   -5 
    313 | (131.0,268.0)= 2935 (135.7,258.9)=    0 (135.7,250.7)=    0 (138.5,241.4)=    0 (139.9,234.4)=    0 (133.5,232.7)=    0 (119.5,235.1)=    0 (101.4,235.1)=    0 ( 85.5,239.3)=    0 ( 64.0,243.9)=    0 ( 40.7,249.6)=    0 ( -1.0, -1.0)=   -4 ( -1.0, -1.0)=   -4 ( -1.0, -1.0)=   -4 ( -1.0, -1.0)=   -4 ( -1.0, -1.0)=   -4 ( -1.0, -1.0)=   -4 ( -1.0, -1.0)=   -4 ( -1.0, -1.0)=   -4 ( -1.0, -1.0)=   -4 ( -1.0, -1.0)=   -4 ( -1.0, -1.0)=   -4 ( -1.0, -1.0)=   -4 ( -1.0, -1.0)=   -4 ( -1.0, -1.0)=   -4 ( -1.0, -1.0)=   -4 ( -1.0, -1.0)=   -4 ( -1.0, -1.0)=   -4 ( -1.0, -1.0)=   -4 ( -1.0, -1.0)=   -4 ( -1.0, -1.0)=   -4 ( -1.0, -1.0)=   -4 ( -1.0, -1.0)=   -4 ( -1.0, -1.0)=   -4 ( -1.0, -1.0)=   -4 ( -1.0, -1.0)=   -4 ( -1.0, -1.0)=   -4 ( -1.0, -1.0)=   -4 ( -1.0, -1.0)=   -4 ( -1.0, -1.0)=   -4 ( -1.0, -1.0)=   -4 ( -1.0, -1.0)=   -4 ( -1.0, -1.0)=   -4 ( -1.0, -1.0)=   -4 
    314 | (480.0,496.0)= 2932 (485.8,490.0)=    0 (488.2,484.4)=    0 (492.5,477.2)=    0 (496.4,471.7)=    0 (495.6,470.5)=    0 (488.3,472.1)=    0 (478.6,472.5)=    0 (469.5,475.8)=    0 (457.4,479.9)=    0 ( -1.0, -1.0)=   -5 ( -1.0, -1.0)=   -5 ( -1.0, -1.0)=   -5 ( -1.0, -1.0)=   -5 ( -1.0, -1.0)=   -5 ( -1.0, -1.0)=   -5 ( -1.0, -1.0)=   -5 ( -1.0, -1.0)=   -5 ( -1.0, -1.0)=   -5 ( -1.0, -1.0)=   -5 ( -1.0, -1.0)=   -5 ( -1.0, -1.0)=   -5 ( -1.0, -1.0)=   -5 ( -1.0, -1.0)=   -5 ( -1.0, -1.0)=   -5 ( -1.0, -1.0)=   -5 ( -1.0, -1.0)=   -5 ( -1.0, -1.0)=   -5 ( -1.0, -1.0)=   -5 ( -1.0, -1.0)=   -5 ( -1.0, -1.0)=   -5 ( -1.0, -1.0)=   -5 ( -1.0, -1.0)=   -5 ( -1.0, -1.0)=   -5 ( -1.0, -1.0)=   -5 ( -1.0, -1.0)=   -5 ( -1.0, -1.0)=   -5 ( -1.0, -1.0)=   -5 ( -1.0, -1.0)=   -5 ( -1.0, -1.0)=   -5 ( -1.0, -1.0)=   -5 ( -1.0, -1.0)=   -5 ( -1.0, -1.0)=   -5 ( -1.0, -1.0)=   -5 
    315 | (612.0,513.0)= 2924 (618.8,507.4)=    0 (622.0,502.3)=    0 (627.1,495.3)=    0 (632.0,490.1)=    0 (632.7,488.7)=    0 (626.0,490.3)=    0 (617.7,490.3)=    0 (609.9,493.3)=    0 (599.2,497.1)=    0 (587.2,502.2)=    0 (573.6,506.7)=    0 (561.8,506.9)=    0 (547.3,505.5)=    0 (537.1,505.6)=    0 (527.2,506.6)=    0 (517.5,508.5)=    0 (509.9,512.8)=    0 (500.6,516.0)=    0 (490.1,519.9)=    0 (484.4,523.3)=    0 (480.9,527.0)=    0 (474.6,532.4)=    0 (467.7,537.4)=    0 ( -1.0, -1.0)=   -5 ( -1.0, -1.0)=   -5 ( -1.0, -1.0)=   -5 ( -1.0, -1.0)=   -5 ( -1.0, -1.0)=   -5 ( -1.0, -1.0)=   -5 ( -1.0, -1.0)=   -5 ( -1.0, -1.0)=   -5 ( -1.0, -1.0)=   -5 ( -1.0, -1.0)=   -5 ( -1.0, -1.0)=   -5 ( -1.0, -1.0)=   -5 ( -1.0, -1.0)=   -5 ( -1.0, -1.0)=   -5 ( -1.0, -1.0)=   -5 ( -1.0, -1.0)=   -5 ( -1.0, -1.0)=   -5 ( -1.0, -1.0)=   -5 ( -1.0, -1.0)=   -5 ( -1.0, -1.0)=   -5 
    316 | ( 78.0,263.0)= 2920 ( 82.4,253.8)=    0 ( 81.9,245.3)=    0 ( 84.3,235.8)=    0 ( 85.2,228.9)=    0 ( 77.7,227.1)=    0 ( 63.1,230.1)=    0 ( 43.4,230.3)=    0 ( 26.4,235.0)=    0 ( -1.0, -1.0)=   -5 ( -1.0, -1.0)=   -5 ( -1.0, -1.0)=   -5 ( -1.0, -1.0)=   -5 ( -1.0, -1.0)=   -5 ( -1.0, -1.0)=   -5 ( -1.0, -1.0)=   -5 ( -1.0, -1.0)=   -5 ( -1.0, -1.0)=   -5 ( -1.0, -1.0)=   -5 ( -1.0, -1.0)=   -5 ( -1.0, -1.0)=   -5 ( -1.0, -1.0)=   -5 ( -1.0, -1.0)=   -5 ( -1.0, -1.0)=   -5 ( -1.0, -1.0)=   -5 ( -1.0, -1.0)=   -5 ( -1.0, -1.0)=   -5 ( -1.0, -1.0)=   -5 ( -1.0, -1.0)=   -5 ( -1.0, -1.0)=   -5 ( -1.0, -1.0)=   -5 ( -1.0, -1.0)=   -5 ( -1.0, -1.0)=   -5 ( -1.0, -1.0)=   -5 ( -1.0, -1.0)=   -5 ( -1.0, -1.0)=   -5 ( -1.0, -1.0)=   -5 ( -1.0, -1.0)=   -5 ( -1.0, -1.0)=   -5 ( -1.0, -1.0)=   -5 ( -1.0, -1.0)=   -5 ( -1.0, -1.0)=   -5 ( -1.0, -1.0)=   -5 ( -1.0, -1.0)=   -5 
    317 | (325.0,209.0)= 2902 (330.9,200.5)=    0 (332.6,192.3)=    0 (336.9,182.8)=    0 (339.8,175.4)=    0 (336.4,171.8)=    0 (326.2,172.5)=    0 (312.7,170.5)=    0 (300.8,172.7)=    0 (283.4,175.4)=    0 (265.1,178.8)=    0 (246.1,183.3)=    0 (228.2,181.7)=    0 (205.8,176.3)=    0 (190.2,173.8)=    0 (175.1,172.1)=    0 (161.6,170.9)=    0 (151.5,173.6)=    0 (137.0,173.3)=    0 (120.2,173.5)=    0 (109.3,174.1)=    0 (100.1,175.5)=    0 ( 90.6,181.1)=    0 ( 79.5,185.2)=    0 ( 66.9,195.0)=    0 ( 50.9,198.4)=    0 ( 41.0,189.9)=    0 ( 32.3,191.7)=    0 ( 28.2,193.1)=    0 ( -1.0, -1.0)=   -4 ( -1.0, -1.0)=   -4 ( -1.0, -1.0)=   -4 ( -1.0, -1.0)=   -4 ( -1.0, -1.0)=   -4 ( -1.0, -1.0)=   -4 ( -1.0, -1.0)=   -4 ( -1.0, -1.0)=   -4 ( -1.0, -1.0)=   -4 ( -1.0, -1.0)=   -4 ( -1.0, -1.0)=   -4 ( -1.0, -1.0)=   -4 ( -1.0, -1.0)=   -4 ( -1.0, -1.0)=   -4 ( -1.0, -1.0)=   -4 
    318 | (155.0,349.0)= 2886 (159.5,340.5)=    0 (159.7,333.0)=    0 (162.6,324.3)=    0 (164.4,318.1)=    0 (158.9,316.7)=    0 (146.7,319.4)=    0 (130.9,320.1)=    0 ( -1.0, -1.0)=   -5 ( -1.0, -1.0)=   -5 ( -1.0, -1.0)=   -5 ( -1.0, -1.0)=   -5 ( -1.0, -1.0)=   -5 ( -1.0, -1.0)=   -5 ( -1.0, -1.0)=   -5 ( -1.0, -1.0)=   -5 ( -1.0, -1.0)=   -5 ( -1.0, -1.0)=   -5 ( -1.0, -1.0)=   -5 ( -1.0, -1.0)=   -5 ( -1.0, -1.0)=   -5 ( -1.0, -1.0)=   -5 ( -1.0, -1.0)=   -5 ( -1.0, -1.0)=   -5 ( -1.0, -1.0)=   -5 ( -1.0, -1.0)=   -5 ( -1.0, -1.0)=   -5 ( -1.0, -1.0)=   -5 ( -1.0, -1.0)=   -5 ( -1.0, -1.0)=   -5 ( -1.0, -1.0)=   -5 ( -1.0, -1.0)=   -5 ( -1.0, -1.0)=   -5 ( -1.0, -1.0)=   -5 ( -1.0, -1.0)=   -5 ( -1.0, -1.0)=   -5 ( -1.0, -1.0)=   -5 ( -1.0, -1.0)=   -5 ( -1.0, -1.0)=   -5 ( -1.0, -1.0)=   -5 ( -1.0, -1.0)=   -5 ( -1.0, -1.0)=   -5 ( -1.0, -1.0)=   -5 ( -1.0, -1.0)=   -5 
    319 | (365.0,141.0)= 2879 (371.5,132.0)=    0 (373.8,123.4)=    0 (378.4,113.3)=    0 (381.7,105.3)=    0 (378.6,100.7)=    0 (368.4,100.9)=    0 (354.8, 98.1)=    0 (342.6, 99.7)=    0 (326.2,101.0)=    0 (307.8,103.6)=    0 (289.0,107.3)=    0 (271.3,104.8)=    0 (249.5, 97.9)=    0 (234.1, 94.4)=    0 (219.5, 91.8)=    0 (206.3, 89.9)=    0 (196.7, 92.1)=    0 (182.5, 91.0)=    0 (166.0, 90.3)=    0 (155.6, 90.0)=    0 (146.7, 90.3)=    0 (137.1, 95.4)=    0 (126.0, 98.7)=    0 (113.1,108.9)=    0 ( 97.1,112.4)=    0 ( 87.1,103.6)=    0 ( 78.3,105.5)=    0 ( 74.2,106.8)=    0 ( 62.9,100.3)=    0 ( 51.2, 94.2)=    0 ( 47.6, 83.7)=    0 ( 48.5, 84.3)=    0 ( 53.6, 90.3)=    0 ( 56.0, 97.4)=    0 ( 54.8,100.2)=    0 ( 51.2, 99.5)=    0 ( 41.7, 97.7)=    0 ( 31.7, 96.5)=    0 ( -1.0, -1.0)=   -4 ( -1.0, -1.0)=   -4 ( -1.0, -1.0)=   -4 ( -1.0, -1.0)=   -4 ( -1.0, -1.0)=   -4 
    320 | (172.0,215.0)= 2859 (177.1,205.7)=    0 (177.4,197.0)=    0 (180.7,187.5)=    0 (182.4,179.8)=    0 (176.4,177.2)=    0 (162.9,179.4)=    0 (145.1,178.7)=    0 (129.7,182.0)=    0 (108.5,186.0)=    0 ( 85.9,190.9)=    0 ( 64.2,196.6)=    0 ( 41.9,195.8)=    0 ( -1.0, -1.0)=   -4 ( -1.0, -1.0)=   -4 ( -1.0, -1.0)=   -4 ( -1.0, -1.0)=   -4 ( -1.0, -1.0)=   -4 ( -1.0, -1.0)=   -4 ( -1.0, -1.0)=   -4 ( -1.0, -1.0)=   -4 ( -1.0, -1.0)=   -4 ( -1.0, -1.0)=   -4 ( -1.0, -1.0)=   -4 ( -1.0, -1.0)=   -4 ( -1.0, -1.0)=   -4 ( -1.0, -1.0)=   -4 ( -1.0, -1.0)=   -4 ( -1.0, -1.0)=   -4 ( -1.0, -1.0)=   -4 ( -1.0, -1.0)=   -4 ( -1.0, -1.0)=   -4 ( -1.0, -1.0)=   -4 ( -1.0, -1.0)=   -4 ( -1.0, -1.0)=   -4 ( -1.0, -1.0)=   -4 ( -1.0, -1.0)=   -4 ( -1.0, -1.0)=   -4 ( -1.0, -1.0)=   -4 ( -1.0, -1.0)=   -4 ( -1.0, -1.0)=   -4 ( -1.0, -1.0)=   -4 ( -1.0, -1.0)=   -4 ( -1.0, -1.0)=   -4 
    321 | (155.0,359.0)= 2857 (159.6,350.7)=    0 (159.8,343.2)=    0 (162.9,334.5)=    0 (164.5,328.3)=    0 (159.2,327.1)=    0 (147.2,329.2)=    0 ( -1.0, -1.0)=   -5 ( -1.0, -1.0)=   -5 ( -1.0, -1.0)=   -5 ( -1.0, -1.0)=   -5 ( -1.0, -1.0)=   -5 ( -1.0, -1.0)=   -5 ( -1.0, -1.0)=   -5 ( -1.0, -1.0)=   -5 ( -1.0, -1.0)=   -5 ( -1.0, -1.0)=   -5 ( -1.0, -1.0)=   -5 ( -1.0, -1.0)=   -5 ( -1.0, -1.0)=   -5 ( -1.0, -1.0)=   -5 ( -1.0, -1.0)=   -5 ( -1.0, -1.0)=   -5 ( -1.0, -1.0)=   -5 ( -1.0, -1.0)=   -5 ( -1.0, -1.0)=   -5 ( -1.0, -1.0)=   -5 ( -1.0, -1.0)=   -5 ( -1.0, -1.0)=   -5 ( -1.0, -1.0)=   -5 ( -1.0, -1.0)=   -5 ( -1.0, -1.0)=   -5 ( -1.0, -1.0)=   -5 ( -1.0, -1.0)=   -5 ( -1.0, -1.0)=   -5 ( -1.0, -1.0)=   -5 ( -1.0, -1.0)=   -5 ( -1.0, -1.0)=   -5 ( -1.0, -1.0)=   -5 ( -1.0, -1.0)=   -5 ( -1.0, -1.0)=   -5 ( -1.0, -1.0)=   -5 ( -1.0, -1.0)=   -5 ( -1.0, -1.0)=   -5 
    322 | (307.0,146.0)= 2857 (313.2,136.8)=    0 (314.8,127.9)=    0 (318.6,117.9)=    0 (321.5,109.9)=    0 (317.4,105.6)=    0 (305.6,106.4)=    0 (290.2,104.0)=    0 (276.6,106.2)=    0 (258.5,108.1)=    0 (239.1,111.0)=    0 (219.1,115.2)=    0 (200.0,112.9)=    0 ( -1.0, -1.0)=   -5 ( -1.0, -1.0)=   -5 ( -1.0, -1.0)=   -5 ( -1.0, -1.0)=   -5 ( -1.0, -1.0)=   -5 ( -1.0, -1.0)=   -5 ( -1.0, -1.0)=   -5 ( -1.0, -1.0)=   -5 ( -1.0, -1.0)=   -5 ( -1.0, -1.0)=   -5 ( -1.0, -1.0)=   -5 ( -1.0, -1.0)=   -5 ( -1.0, -1.0)=   -5 ( -1.0, -1.0)=   -5 ( -1.0, -1.0)=   -5 ( -1.0, -1.0)=   -5 ( -1.0, -1.0)=   -5 ( -1.0, -1.0)=   -5 ( -1.0, -1.0)=   -5 ( -1.0, -1.0)=   -5 ( -1.0, -1.0)=   -5 ( -1.0, -1.0)=   -5 ( -1.0, -1.0)=   -5 ( -1.0, -1.0)=   -5 ( -1.0, -1.0)=   -5 ( -1.0, -1.0)=   -5 ( -1.0, -1.0)=   -5 ( -1.0, -1.0)=   -5 ( -1.0, -1.0)=   -5 ( -1.0, -1.0)=   -5 ( -1.0, -1.0)=   -5 
    323 | (216.0,383.0)= 2854 (220.7,375.5)=    0 (221.5,368.2)=    0 (224.7,359.7)=    0 (227.2,353.7)=    0 (222.7,352.5)=    0 ( -1.0, -1.0)=   -5 ( -1.0, -1.0)=   -5 ( -1.0, -1.0)=   -5 ( -1.0, -1.0)=   -5 ( -1.0, -1.0)=   -5 ( -1.0, -1.0)=   -5 ( -1.0, -1.0)=   -5 ( -1.0, -1.0)=   -5 ( -1.0, -1.0)=   -5 ( -1.0, -1.0)=   -5 ( -1.0, -1.0)=   -5 ( -1.0, -1.0)=   -5 ( -1.0, -1.0)=   -5 ( -1.0, -1.0)=   -5 ( -1.0, -1.0)=   -5 ( -1.0, -1.0)=   -5 ( -1.0, -1.0)=   -5 ( -1.0, -1.0)=   -5 ( -1.0, -1.0)=   -5 ( -1.0, -1.0)=   -5 ( -1.0, -1.0)=   -5 ( -1.0, -1.0)=   -5 ( -1.0, -1.0)=   -5 ( -1.0, -1.0)=   -5 ( -1.0, -1.0)=   -5 ( -1.0, -1.0)=   -5 ( -1.0, -1.0)=   -5 ( -1.0, -1.0)=   -5 ( -1.0, -1.0)=   -5 ( -1.0, -1.0)=   -5 ( -1.0, -1.0)=   -5 ( -1.0, -1.0)=   -5 ( -1.0, -1.0)=   -5 ( -1.0, -1.0)=   -5 ( -1.0, -1.0)=   -5 ( -1.0, -1.0)=   -5 ( -1.0, -1.0)=   -5 ( -1.0, -1.0)=   -5 
    324 | (254.0,336.0)= 2845 (259.1,328.0)=    0 (260.4,320.9)=    0 (263.7,312.2)=    0 (266.1,305.7)=    0 (262.2,303.8)=    0 (251.5,305.8)=    0 (237.4,305.9)=    0 (224.7,309.2)=    0 (207.9,313.5)=    0 ( -1.0, -1.0)=   -5 ( -1.0, -1.0)=   -5 ( -1.0, -1.0)=   -5 ( -1.0, -1.0)=   -5 ( -1.0, -1.0)=   -5 ( -1.0, -1.0)=   -5 ( -1.0, -1.0)=   -5 ( -1.0, -1.0)=   -5 ( -1.0, -1.0)=   -5 ( -1.0, -1.0)=   -5 ( -1.0, -1.0)=   -5 ( -1.0, -1.0)=   -5 ( -1.0, -1.0)=   -5 ( -1.0, -1.0)=   -5 ( -1.0, -1.0)=   -5 ( -1.0, -1.0)=   -5 ( -1.0, -1.0)=   -5 ( -1.0, -1.0)=   -5 ( -1.0, -1.0)=   -5 ( -1.0, -1.0)=   -5 ( -1.0, -1.0)=   -5 ( -1.0, -1.0)=   -5 ( -1.0, -1.0)=   -5 ( -1.0, -1.0)=   -5 ( -1.0, -1.0)=   -5 ( -1.0, -1.0)=   -5 ( -1.0, -1.0)=   -5 ( -1.0, -1.0)=   -5 ( -1.0, -1.0)=   -5 ( -1.0, -1.0)=   -5 ( -1.0, -1.0)=   -5 ( -1.0, -1.0)=   -5 ( -1.0, -1.0)=   -5 ( -1.0, -1.0)=   -5 
    325 | (190.0,328.0)= 2840 (195.5,319.8)=    0 (195.9,312.0)=    0 (199.2,303.4)=    0 (201.0,296.9)=    0 (196.0,295.3)=    0 (184.0,297.7)=    0 (168.4,297.9)=    0 (154.5,301.9)=    0 (158.5,311.4)=    0 (138.9,317.0)=    0 (119.5,322.6)=    0 (100.2,322.8)=    0 ( -1.0, -1.0)=   -5 ( -1.0, -1.0)=   -5 ( -1.0, -1.0)=   -5 ( -1.0, -1.0)=   -5 ( -1.0, -1.0)=   -5 ( -1.0, -1.0)=   -5 ( -1.0, -1.0)=   -5 ( -1.0, -1.0)=   -5 ( -1.0, -1.0)=   -5 ( -1.0, -1.0)=   -5 ( -1.0, -1.0)=   -5 ( -1.0, -1.0)=   -5 ( -1.0, -1.0)=   -5 ( -1.0, -1.0)=   -5 ( -1.0, -1.0)=   -5 ( -1.0, -1.0)=   -5 ( -1.0, -1.0)=   -5 ( -1.0, -1.0)=   -5 ( -1.0, -1.0)=   -5 ( -1.0, -1.0)=   -5 ( -1.0, -1.0)=   -5 ( -1.0, -1.0)=   -5 ( -1.0, -1.0)=   -5 ( -1.0, -1.0)=   -5 ( -1.0, -1.0)=   -5 ( -1.0, -1.0)=   -5 ( -1.0, -1.0)=   -5 ( -1.0, -1.0)=   -5 ( -1.0, -1.0)=   -5 ( -1.0, -1.0)=   -5 ( -1.0, -1.0)=   -5 
    326 | (223.0,322.0)= 2815 (228.2,313.9)=    0 (228.8,306.4)=    0 (232.2,297.5)=    0 (234.4,290.9)=    0 (229.9,289.2)=    0 (218.6,291.3)=    0 (203.2,291.4)=    0 (190.0,295.1)=    0 (168.9,271.2)=    0 (148.9,276.2)=    0 (129.0,281.8)=    0 (109.7,281.8)=    0 ( 84.5,278.6)=    0 ( 67.2,277.4)=    0 ( 50.6,277.3)=    0 ( 35.0,277.0)=    0 ( -1.0, -1.0)=   -4 ( -1.0, -1.0)=   -4 ( -1.0, -1.0)=   -4 ( -1.0, -1.0)=   -4 ( -1.0, -1.0)=   -4 ( -1.0, -1.0)=   -4 ( -1.0, -1.0)=   -4 ( -1.0, -1.0)=   -4 ( -1.0, -1.0)=   -4 ( -1.0, -1.0)=   -4 ( -1.0, -1.0)=   -4 ( -1.0, -1.0)=   -4 ( -1.0, -1.0)=   -4 ( -1.0, -1.0)=   -4 ( -1.0, -1.0)=   -4 ( -1.0, -1.0)=   -4 ( -1.0, -1.0)=   -4 ( -1.0, -1.0)=   -4 ( -1.0, -1.0)=   -4 ( -1.0, -1.0)=   -4 ( -1.0, -1.0)=   -4 ( -1.0, -1.0)=   -4 ( -1.0, -1.0)=   -4 ( -1.0, -1.0)=   -4 ( -1.0, -1.0)=   -4 ( -1.0, -1.0)=   -4 ( -1.0, -1.0)=   -4 
    327 | (160.0,270.0)= 2814 (164.9,261.1)=    0 (165.3,253.1)=    0 (168.2,243.8)=    0 (169.6,236.8)=    0 (163.7,234.8)=    0 (150.6,237.3)=    0 (133.4,237.3)=    0 (118.2,241.4)=    0 ( 97.6,246.0)=    0 ( 75.4,251.4)=    0 ( 53.6,257.6)=    0 ( 31.8,257.5)=    0 ( -1.0, -1.0)=   -4 ( -1.0, -1.0)=   -4 ( -1.0, -1.0)=   -4 ( -1.0, -1.0)=   -4 ( -1.0, -1.0)=   -4 ( -1.0, -1.0)=   -4 ( -1.0, -1.0)=   -4 ( -1.0, -1.0)=   -4 ( -1.0, -1.0)=   -4 ( -1.0, -1.0)=   -4 ( -1.0, -1.0)=   -4 ( -1.0, -1.0)=   -4 ( -1.0, -1.0)=   -4 ( -1.0, -1.0)=   -4 ( -1.0, -1.0)=   -4 ( -1.0, -1.0)=   -4 ( -1.0, -1.0)=   -4 ( -1.0, -1.0)=   -4 ( -1.0, -1.0)=   -4 ( -1.0, -1.0)=   -4 ( -1.0, -1.0)=   -4 ( -1.0, -1.0)=   -4 ( -1.0, -1.0)=   -4 ( -1.0, -1.0)=   -4 ( -1.0, -1.0)=   -4 ( -1.0, -1.0)=   -4 ( -1.0, -1.0)=   -4 ( -1.0, -1.0)=   -4 ( -1.0, -1.0)=   -4 ( -1.0, -1.0)=   -4 ( -1.0, -1.0)=   -4 
    328 | (196.0,380.0)= 2804 (200.6,372.1)=    0 (201.1,365.2)=    0 (204.4,356.5)=    0 (206.3,350.5)=    0 (201.6,349.1)=    0 (190.5,351.6)=    0 (175.7,352.3)=    0 (162.3,356.7)=    0 (144.7,361.5)=    0 ( -1.0, -1.0)=   -5 ( -1.0, -1.0)=   -5 ( -1.0, -1.0)=   -5 ( -1.0, -1.0)=   -5 ( -1.0, -1.0)=   -5 ( -1.0, -1.0)=   -5 ( -1.0, -1.0)=   -5 ( -1.0, -1.0)=   -5 ( -1.0, -1.0)=   -5 ( -1.0, -1.0)=   -5 ( -1.0, -1.0)=   -5 ( -1.0, -1.0)=   -5 ( -1.0, -1.0)=   -5 ( -1.0, -1.0)=   -5 ( -1.0, -1.0)=   -5 ( -1.0, -1.0)=   -5 ( -1.0, -1.0)=   -5 ( -1.0, -1.0)=   -5 ( -1.0, -1.0)=   -5 ( -1.0, -1.0)=   -5 ( -1.0, -1.0)=   -5 ( -1.0, -1.0)=   -5 ( -1.0, -1.0)=   -5 ( -1.0, -1.0)=   -5 ( -1.0, -1.0)=   -5 ( -1.0, -1.0)=   -5 ( -1.0, -1.0)=   -5 ( -1.0, -1.0)=   -5 ( -1.0, -1.0)=   -5 ( -1.0, -1.0)=   -5 ( -1.0, -1.0)=   -5 ( -1.0, -1.0)=   -5 ( -1.0, -1.0)=   -5 ( -1.0, -1.0)=   -5 
    329 | (188.0,301.0)= 2800 (193.2,292.6)=    0 (193.7,284.8)=    0 (197.2,275.7)=    0 (199.3,269.0)=    0 (193.8,267.0)=    0 (181.6,269.3)=    0 (165.2,269.3)=    0 (151.0,273.2)=    0 (132.1,277.5)=    0 (111.4,282.8)=    0 ( 90.7,288.8)=    0 ( 70.5,289.0)=    0 ( -1.0, -1.0)=   -3 ( -1.0, -1.0)=   -3 ( -1.0, -1.0)=   -3 ( -1.0, -1.0)=   -3 ( -1.0, -1.0)=   -3 ( -1.0, -1.0)=   -3 ( -1.0, -1.0)=   -3 ( -1.0, -1.0)=   -3 ( -1.0, -1.0)=   -3 ( -1.0, -1.0)=   -3 ( -1.0, -1.0)=   -3 ( -1.0, -1.0)=   -3 ( -1.0, -1.0)=   -3 ( -1.0, -1.0)=   -3 ( -1.0, -1.0)=   -3 ( -1.0, -1.0)=   -3 ( -1.0, -1.0)=   -3 ( -1.0, -1.0)=   -3 ( -1.0, -1.0)=   -3 ( -1.0, -1.0)=   -3 ( -1.0, -1.0)=   -3 ( -1.0, -1.0)=   -3 ( -1.0, -1.0)=   -3 ( -1.0, -1.0)=   -3 ( -1.0, -1.0)=   -3 ( -1.0, -1.0)=   -3 ( -1.0, -1.0)=   -3 ( -1.0, -1.0)=   -3 ( -1.0, -1.0)=   -3 ( -1.0, -1.0)=   -3 ( -1.0, -1.0)=   -3 
    330 | (307.0,248.0)= 2796 (312.7,239.7)=    0 (314.2,231.7)=    0 (318.1,222.7)=    0 (321.0,215.6)=    0 (317.3,212.5)=    0 (307.2,213.6)=    0 (293.8,212.5)=    0 (281.1,215.3)=    0 (264.2,218.1)=    0 (245.8,222.2)=    0 (226.9,226.7)=    0 (209.0,225.7)=    0 (186.4,221.1)=    0 (170.5,219.1)=    0 (155.7,217.8)=    0 (141.9,217.0)=    0 (131.6,219.9)=    0 (117.0,220.1)=    0 (100.1,220.8)=    0 ( 89.2,222.3)=    0 ( 79.8,224.2)=    0 ( 70.5,230.0)=    0 ( 59.4,234.1)=    0 ( 47.0,243.9)=    0 ( 31.5,247.0)=    0 ( -1.0, -1.0)=   -4 ( -1.0, -1.0)=   -4 ( -1.0, -1.0)=   -4 ( -1.0, -1.0)=   -4 ( -1.0, -1.0)=   -4 ( -1.0, -1.0)=   -4 ( -1.0, -1.0)=   -4 ( -1.0, -1.0)=   -4 ( -1.0, -1.0)=   -4 ( -1.0, -1.0)=   -4 ( -1.0, -1.0)=   -4 ( -1.0, -1.0)=   -4 ( -1.0, -1.0)=   -4 ( -1.0, -1.0)=   -4 ( -1.0, -1.0)=   -4 ( -1.0, -1.0)=   -4 ( -1.0, -1.0)=   -4 ( -1.0, -1.0)=   -4 
    331 | (291.0,328.0)= 2793 (296.5,320.4)=    0 (297.8,313.1)=    0 (301.5,304.3)=    0 (304.3,297.9)=    0 (301.1,295.6)=    0 (291.0,297.5)=    0 (277.5,297.2)=    0 (265.8,300.5)=    0 (249.6,304.1)=    0 (232.0,308.7)=    0 (214.3,313.7)=    0 (197.2,313.4)=    0 (175.4,310.1)=    0 (160.4,308.8)=    0 (146.0,308.4)=    0 (132.6,308.4)=    0 (122.6,311.5)=    0 (108.6,312.3)=    0 ( 92.2,314.3)=    0 ( 81.6,316.3)=    0 ( 73.2,319.1)=    0 ( 64.6,324.9)=    0 ( 54.2,329.4)=    0 ( 42.6,338.6)=    0 ( 27.5,341.5)=    0 ( -1.0, -1.0)=   -4 ( -1.0, -1.0)=   -4 ( -1.0, -1.0)=   -4 ( -1.0, -1.0)=   -4 ( -1.0, -1.0)=   -4 ( -1.0, -1.0)=   -4 ( -1.0, -1.0)=   -4 ( -1.0, -1.0)=   -4 ( -1.0, -1.0)=   -4 ( -1.0, -1.0)=   -4 ( -1.0, -1.0)=   -4 ( -1.0, -1.0)=   -4 ( -1.0, -1.0)=   -4 ( -1.0, -1.0)=   -4 ( -1.0, -1.0)=   -4 ( -1.0, -1.0)=   -4 ( -1.0, -1.0)=   -4 ( -1.0, -1.0)=   -4 
    332 | (580.0,702.0)= 2782 (586.0,696.9)=    0 (587.5,692.7)=    0 (590.3,686.4)=    0 (593.8,682.1)=    0 (591.8,684.0)=    0 (581.6,688.3)=    0 (569.1,691.9)=    0 (557.6,698.1)=    0 (542.2,706.3)=    0 (525.1,716.0)=    0 (505.5,724.3)=    0 (487.3,728.5)=    0 (464.8,731.8)=    0 (448.6,735.4)=    0 (431.7,740.3)=    0 (413.5,746.5)=    0 (399.7,753.6)=    0 (381.2,761.3)=    0 (361.7,770.7)=    0 (348.6,779.1)=    0 (340.0,787.3)=    0 (327.8,795.6)=    0 (317.0,803.1)=    0 (300.8,811.5)=    0 (279.1,814.2)=    0 (266.4,808.1)=    0 (252.4,809.8)=    0 (244.1,811.2)=    0 (225.8,808.6)=    0 (206.6,807.4)=    0 (196.0,805.4)=    0 (189.9,808.4)=    0 (187.2,812.8)=    0 (181.9,816.7)=    0 (172.1,818.7)=    0 (160.4,818.2)=    0 (140.8,820.8)=    0 (121.0,822.8)=    0 (102.0,820.8)=    0 ( 85.7,817.4)=    0 ( 97.2,802.0)=    0 ( 82.4,801.6)=    0 ( 83.3,802.7)=    0 
    333 | (566.0,508.0)= 2775 (572.3,502.3)=    0 (575.3,496.9)=    0 (579.9,489.9)=    0 (584.4,484.5)=    0 (584.8,483.1)=    0 (577.8,484.7)=    0 (568.8,485.0)=    0 (560.5,487.9)=    0 (549.5,491.9)=    0 (536.9,497.1)=    0 ( -1.0, -1.0)=   -5 ( -1.0, -1.0)=   -5 ( -1.0, -1.0)=   -5 ( -1.0, -1.0)=   -5 ( -1.0, -1.0)=   -5 ( -1.0, -1.0)=   -5 ( -1.0, -1.0)=   -5 ( -1.0, -1.0)=   -5 ( -1.0, -1.0)=   -5 ( -1.0, -1.0)=   -5 ( -1.0, -1.0)=   -5 ( -1.0, -1.0)=   -5 ( -1.0, -1.0)=   -5 ( -1.0, -1.0)=   -5 ( -1.0, -1.0)=   -5 ( -1.0, -1.0)=   -5 ( -1.0, -1.0)=   -5 ( -1.0, -1.0)=   -5 ( -1.0, -1.0)=   -5 ( -1.0, -1.0)=   -5 ( -1.0, -1.0)=   -5 ( -1.0, -1.0)=   -5 ( -1.0, -1.0)=   -5 ( -1.0, -1.0)=   -5 ( -1.0, -1.0)=   -5 ( -1.0, -1.0)=   -5 ( -1.0, -1.0)=   -5 ( -1.0, -1.0)=   -5 ( -1.0, -1.0)=   -5 ( -1.0, -1.0)=   -5 ( -1.0, -1.0)=   -5 ( -1.0, -1.0)=   -5 ( -1.0, -1.0)=   -5 
    334 | (279.0,277.0)= 2759 (284.6,269.0)=    0 (285.9,261.2)=    0 (289.7,252.1)=    0 (292.2,245.5)=    0 (288.4,242.7)=    0 (277.6,244.2)=    0 (263.3,243.4)=    0 (250.6,246.8)=    0 (233.4,250.1)=    0 (215.0,254.6)=    0 (195.9,259.6)=    0 (178.1,258.9)=    0 (154.8,255.1)=    0 (139.0,253.5)=    0 (123.7,252.8)=    0 (109.3,252.1)=    0 ( 98.5,254.7)=    0 ( 83.6,255.2)=    0 ( 66.0,256.8)=    0 ( 54.5,258.6)=    0 ( 44.9,261.1)=    0 ( 35.7,267.0)=    0 ( 24.4,271.5)=    0 ( 35.4,265.7)=    0 ( -1.0, -1.0)=   -4 ( -1.0, -1.0)=   -4 ( -1.0, -1.0)=   -4 ( -1.0, -1.0)=   -4 ( -1.0, -1.0)=   -4 ( -1.0, -1.0)=   -4 ( -1.0, -1.0)=   -4 ( -1.0, -1.0)=   -4 ( -1.0, -1.0)=   -4 ( -1.0, -1.0)=   -4 ( -1.0, -1.0)=   -4 ( -1.0, -1.0)=   -4 ( -1.0, -1.0)=   -4 ( -1.0, -1.0)=   -4 ( -1.0, -1.0)=   -4 ( -1.0, -1.0)=   -4 ( -1.0, -1.0)=   -4 ( -1.0, -1.0)=   -4 ( -1.0, -1.0)=   -4 
    335 | (484.0,476.0)= 2754 (490.0,469.8)=    0 (492.6,464.1)=    0 (497.2,456.9)=    0 (501.0,451.3)=    0 (500.7,449.7)=    0 (493.6,451.2)=    0 (484.4,451.3)=    0 (475.7,454.3)=    0 (464.4,458.0)=    0 (451.5,463.0)=    0 ( -1.0, -1.0)=   -5 ( -1.0, -1.0)=   -5 ( -1.0, -1.0)=   -5 ( -1.0, -1.0)=   -5 ( -1.0, -1.0)=   -5 ( -1.0, -1.0)=   -5 ( -1.0, -1.0)=   -5 ( -1.0, -1.0)=   -5 ( -1.0, -1.0)=   -5 ( -1.0, -1.0)=   -5 ( -1.0, -1.0)=   -5 ( -1.0, -1.0)=   -5 ( -1.0, -1.0)=   -5 ( -1.0, -1.0)=   -5 ( -1.0, -1.0)=   -5 ( -1.0, -1.0)=   -5 ( -1.0, -1.0)=   -5 ( -1.0, -1.0)=   -5 ( -1.0, -1.0)=   -5 ( -1.0, -1.0)=   -5 ( -1.0, -1.0)=   -5 ( -1.0, -1.0)=   -5 ( -1.0, -1.0)=   -5 ( -1.0, -1.0)=   -5 ( -1.0, -1.0)=   -5 ( -1.0, -1.0)=   -5 ( -1.0, -1.0)=   -5 ( -1.0, -1.0)=   -5 ( -1.0, -1.0)=   -5 ( -1.0, -1.0)=   -5 ( -1.0, -1.0)=   -5 ( -1.0, -1.0)=   -5 ( -1.0, -1.0)=   -5 
    336 | (159.0,260.0)= 2754 (163.8,251.1)=    0 (164.2,243.0)=    0 (167.2,233.6)=    0 (168.6,226.9)=    0 (162.5,224.6)=    0 (149.2,226.9)=    0 (131.9,226.7)=    0 (116.7,230.8)=    0 ( 95.8,235.2)=    0 ( 73.4,240.7)=    0 ( 51.6,246.9)=    0 ( 29.5,246.9)=    0 ( -1.0, -1.0)=   -5 ( -1.0, -1.0)=   -5 ( -1.0, -1.0)=   -5 ( -1.0, -1.0)=   -5 ( -1.0, -1.0)=   -5 ( -1.0, -1.0)=   -5 ( -1.0, -1.0)=   -5 ( -1.0, -1.0)=   -5 ( -1.0, -1.0)=   -5 ( -1.0, -1.0)=   -5 ( -1.0, -1.0)=   -5 ( -1.0, -1.0)=   -5 ( -1.0, -1.0)=   -5 ( -1.0, -1.0)=   -5 ( -1.0, -1.0)=   -5 ( -1.0, -1.0)=   -5 ( -1.0, -1.0)=   -5 ( -1.0, -1.0)=   -5 ( -1.0, -1.0)=   -5 ( -1.0, -1.0)=   -5 ( -1.0, -1.0)=   -5 ( -1.0, -1.0)=   -5 ( -1.0, -1.0)=   -5 ( -1.0, -1.0)=   -5 ( -1.0, -1.0)=   -5 ( -1.0, -1.0)=   -5 ( -1.0, -1.0)=   -5 ( -1.0, -1.0)=   -5 ( -1.0, -1.0)=   -5 ( -1.0, -1.0)=   -5 ( -1.0, -1.0)=   -5 
    337 | (147.0,268.0)= 2749 (151.7,259.1)=    0 (151.8,251.1)=    0 (154.5,241.7)=    0 (156.0,234.6)=    0 (150.0,232.6)=    0 (136.6,235.1)=    0 (119.2,235.3)=    0 (103.8,239.3)=    0 ( 83.1,243.8)=    0 ( 60.7,249.3)=    0 ( 38.4,255.7)=    0 ( -1.0, -1.0)=   -4 ( -1.0, -1.0)=   -4 ( -1.0, -1.0)=   -4 ( -1.0, -1.0)=   -4 ( -1.0, -1.0)=   -4 ( -1.0, -1.0)=   -4 ( -1.0, -1.0)=   -4 ( -1.0, -1.0)=   -4 ( -1.0, -1.0)=   -4 ( -1.0, -1.0)=   -4 ( -1.0, -1.0)=   -4 ( -1.0, -1.0)=   -4 ( -1.0, -1.0)=   -4 ( -1.0, -1.0)=   -4 ( -1.0, -1.0)=   -4 ( -1.0, -1.0)=   -4 ( -1.0, -1.0)=   -4 ( -1.0, -1.0)=   -4 ( -1.0, -1.0)=   -4 ( -1.0, -1.0)=   -4 ( -1.0, -1.0)=   -4 ( -1.0, -1.0)=   -4 ( -1.0, -1.0)=   -4 ( -1.0, -1.0)=   -4 ( -1.0, -1.0)=   -4 ( -1.0, -1.0)=   -4 ( -1.0, -1.0)=   -4 ( -1.0, -1.0)=   -4 ( -1.0, -1.0)=   -4 ( -1.0, -1.0)=   -4 ( -1.0, -1.0)=   -4 ( -1.0, -1.0)=   -4 
    338 | (545.0,517.0)= 2741 (551.2,511.3)=    0 (554.0,506.0)=    0 (558.5,498.8)=    0 (562.6,493.5)=    0 (562.7,492.4)=    0 (555.3,494.2)=    0 (545.8,494.7)=    0 (537.2,498.0)=    0 (525.6,502.2)=    0 (536.3,497.3)=    0 ( -1.0, -1.0)=   -5 ( -1.0, -1.0)=   -5 ( -1.0, -1.0)=   -5 ( -1.0, -1.0)=   -5 ( -1.0, -1.0)=   -5 ( -1.0, -1.0)=   -5 ( -1.0, -1.0)=   -5 ( -1.0, -1.0)=   -5 ( -1.0, -1.0)=   -5 ( -1.0, -1.0)=   -5 ( -1.0, -1.0)=   -5 ( -1.0, -1.0)=   -5 ( -1.0, -1.0)=   -5 ( -1.0, -1.0)=   -5 ( -1.0, -1.0)=   -5 ( -1.0, -1.0)=   -5 ( -1.0, -1.0)=   -5 ( -1.0, -1.0)=   -5 ( -1.0, -1.0)=   -5 ( -1.0, -1.0)=   -5 ( -1.0, -1.0)=   -5 ( -1.0, -1.0)=   -5 ( -1.0, -1.0)=   -5 ( -1.0, -1.0)=   -5 ( -1.0, -1.0)=   -5 ( -1.0, -1.0)=   -5 ( -1.0, -1.0)=   -5 ( -1.0, -1.0)=   -5 ( -1.0, -1.0)=   -5 ( -1.0, -1.0)=   -5 ( -1.0, -1.0)=   -5 ( -1.0, -1.0)=   -5 ( -1.0, -1.0)=   -5 
    339 | (531.0,731.0)= 2727 (536.6,725.9)=    0 (537.4,721.5)=    0 (539.9,715.0)=    0 (543.1,710.8)=    0 (540.6,713.2)=    0 (529.6,717.7)=    0 (516.5,721.6)=    0 (504.3,728.4)=    0 (488.6,736.9)=    0 (470.9,747.2)=    0 (451.4,755.3)=    0 (434.2,758.8)=    0 ( -1.0, -1.0)=   -5 ( -1.0, -1.0)=   -5 ( -1.0, -1.0)=   -5 ( -1.0, -1.0)=   -5 ( -1.0, -1.0)=   -5 ( -1.0, -1.0)=   -5 ( -1.0, -1.0)=   -5 ( -1.0, -1.0)=   -5 ( -1.0, -1.0)=   -5 ( -1.0, -1.0)=   -5 ( -1.0, -1.0)=   -5 ( -1.0, -1.0)=   -5 ( -1.0, -1.0)=   -5 ( -1.0, -1.0)=   -5 ( -1.0, -1.0)=   -5 ( -1.0, -1.0)=   -5 ( -1.0, -1.0)=   -5 ( -1.0, -1.0)=   -5 ( -1.0, -1.0)=   -5 ( -1.0, -1.0)=   -5 ( -1.0, -1.0)=   -5 ( -1.0, -1.0)=   -5 ( -1.0, -1.0)=   -5 ( -1.0, -1.0)=   -5 ( -1.0, -1.0)=   -5 ( -1.0, -1.0)=   -5 ( -1.0, -1.0)=   -5 ( -1.0, -1.0)=   -5 ( -1.0, -1.0)=   -5 ( -1.0, -1.0)=   -5 ( -1.0, -1.0)=   -5 
    340 | (624.0,492.0)= 2726 (630.7,486.4)=    0 (634.4,481.2)=    0 (639.5,474.1)=    0 (644.5,468.6)=    0 (645.5,466.9)=    0 (639.3,468.0)=    0 (631.7,467.6)=    0 (624.4,470.1)=    0 (614.4,473.3)=    0 (602.9,477.8)=    0 (589.8,481.6)=    0 (578.7,481.4)=    0 (565.1,479.4)=    0 (555.7,478.8)=    0 (546.5,479.4)=    0 (537.7,480.8)=    0 (530.8,484.7)=    0 (522.4,487.4)=    0 (513.0,491.0)=    0 (508.4,493.8)=    0 (505.8,497.2)=    0 (500.4,502.1)=    0 (494.4,506.8)=    0 (483.4,514.5)=    0 (469.3,517.4)=    0 (462.6,511.9)=    0 (454.7,513.6)=    0 (450.8,515.1)=    0 (441.3,512.4)=    0 (432.0,510.8)=    0 (430.8,507.7)=    0 (430.7,510.6)=    0 (431.9,516.1)=    0 (430.4,522.1)=    0 (426.6,525.8)=    0 (421.1,527.0)=    0 (410.9,530.1)=    0 (400.1,532.6)=    0 (390.5,532.2)=    0 (382.0,530.4)=    0 (369.2,529.0)=    0 (360.8,528.6)=    0 (364.0,529.0)=    0 
    341 | (222.0,367.0)= 2725 (226.7,359.4)=    0 (227.8,352.0)=    0 (231.0,343.5)=    0 (233.4,337.5)=    0 (228.8,335.9)=    0 (217.9,338.1)=    0 (203.1,338.6)=    0 (190.3,342.7)=    0 (172.6,347.3)=    0 (150.3,325.6)=    0 (127.0,303.1)=    0 (107.6,303.1)=    0 ( -1.0, -1.0)=   -3 ( -1.0, -1.0)=   -3 ( -1.0, -1.0)=   -3 ( -1.0, -1.0)=   -3 ( -1.0, -1.0)=   -3 ( -1.0, -1.0)=   -3 ( -1.0, -1.0)=   -3 ( -1.0, -1.0)=   -3 ( -1.0, -1.0)=   -3 ( -1.0, -1.0)=   -3 ( -1.0, -1.0)=   -3 ( -1.0, -1.0)=   -3 ( -1.0, -1.0)=   -3 ( -1.0, -1.0)=   -3 ( -1.0, -1.0)=   -3 ( -1.0, -1.0)=   -3 ( -1.0, -1.0)=   -3 ( -1.0, -1.0)=   -3 ( -1.0, -1.0)=   -3 ( -1.0, -1.0)=   -3 ( -1.0, -1.0)=   -3 ( -1.0, -1.0)=   -3 ( -1.0, -1.0)=   -3 ( -1.0, -1.0)=   -3 ( -1.0, -1.0)=   -3 ( -1.0, -1.0)=   -3 ( -1.0, -1.0)=   -3 ( -1.0, -1.0)=   -3 ( -1.0, -1.0)=   -3 ( -1.0, -1.0)=   -3 ( -1.0, -1.0)=   -3 
    342 | (272.0,555.0)= 2719 (276.6,548.5)=    0 (277.2,542.5)=    0 (280.1,535.0)=    0 (282.5,529.9)=    0 (278.8,530.1)=    0 ( -1.0, -1.0)=   -3 ( -1.0, -1.0)=   -3 ( -1.0, -1.0)=   -3 ( -1.0, -1.0)=   -3 ( -1.0, -1.0)=   -3 ( -1.0, -1.0)=   -3 ( -1.0, -1.0)=   -3 ( -1.0, -1.0)=   -3 ( -1.0, -1.0)=   -3 ( -1.0, -1.0)=   -3 ( -1.0, -1.0)=   -3 ( -1.0, -1.0)=   -3 ( -1.0, -1.0)=   -3 ( -1.0, -1.0)=   -3 ( -1.0, -1.0)=   -3 ( -1.0, -1.0)=   -3 ( -1.0, -1.0)=   -3 ( -1.0, -1.0)=   -3 ( -1.0, -1.0)=   -3 ( -1.0, -1.0)=   -3 ( -1.0, -1.0)=   -3 ( -1.0, -1.0)=   -3 ( -1.0, -1.0)=   -3 ( -1.0, -1.0)=   -3 ( -1.0, -1.0)=   -3 ( -1.0, -1.0)=   -3 ( -1.0, -1.0)=   -3 ( -1.0, -1.0)=   -3 ( -1.0, -1.0)=   -3 ( -1.0, -1.0)=   -3 ( -1.0, -1.0)=   -3 ( -1.0, -1.0)=   -3 ( -1.0, -1.0)=   -3 ( -1.0, -1.0)=   -3 ( -1.0, -1.0)=   -3 ( -1.0, -1.0)=   -3 ( -1.0, -1.0)=   -3 ( -1.0, -1.0)=   -3 
    343 | (246.0,365.0)= 2719 (251.1,357.3)=    0 (252.1,350.2)=    0 (255.3,341.9)=    0 (257.7,335.5)=    0 (253.9,334.0)=    0 (243.5,336.1)=    0 (229.4,336.3)=    0 (216.9,340.2)=    0 (200.4,344.6)=    0 (182.1,350.3)=    0 (164.0,355.6)=    0 (146.2,356.0)=    0 (123.3,353.6)=    0 (107.9,353.0)=    0 ( 92.4,353.1)=    0 ( 89.1,349.5)=    0 ( 86.5,351.6)=    0 ( 72.2,352.7)=    0 ( -1.0, -1.0)=   -5 ( -1.0, -1.0)=   -5 ( -1.0, -1.0)=   -5 ( -1.0, -1.0)=   -5 ( -1.0, -1.0)=   -5 ( -1.0, -1.0)=   -5 ( -1.0, -1.0)=   -5 ( -1.0, -1.0)=   -5 ( -1.0, -1.0)=   -5 ( -1.0, -1.0)=   -5 ( -1.0, -1.0)=   -5 ( -1.0, -1.0)=   -5 ( -1.0, -1.0)=   -5 ( -1.0, -1.0)=   -5 ( -1.0, -1.0)=   -5 ( -1.0, -1.0)=   -5 ( -1.0, -1.0)=   -5 ( -1.0, -1.0)=   -5 ( -1.0, -1.0)=   -5 ( -1.0, -1.0)=   -5 ( -1.0, -1.0)=   -5 ( -1.0, -1.0)=   -5 ( -1.0, -1.0)=   -5 ( -1.0, -1.0)=   -5 ( -1.0, -1.0)=   -5 
    344 | ( 74.0,296.0)= 2702 ( 78.5,287.0)=    0 ( 78.0,278.9)=    0 ( 80.5,269.6)=    0 ( 81.4,262.9)=    0 ( 74.1,261.6)=    0 ( 59.7,264.7)=    0 ( -1.0, -1.0)=   -5 ( -1.0, -1.0)=   -5 ( -1.0, -1.0)=   -5 ( -1.0, -1.0)=   -5 ( -1.0, -1.0)=   -5 ( -1.0, -1.0)=   -5 ( -1.0, -1.0)=   -5 ( -1.0, -1.0)=   -5 ( -1.0, -1.0)=   -5 ( -1.0, -1.0)=   -5 ( -1.0, -1.0)=   -5 ( -1.0, -1.0)=   -5 ( -1.0, -1.0)=   -5 ( -1.0, -1.0)=   -5 ( -1.0, -1.0)=   -5 ( -1.0, -1.0)=   -5 ( -1.0, -1.0)=   -5 ( -1.0, -1.0)=   -5 ( -1.0, -1.0)=   -5 ( -1.0, -1.0)=   -5 ( -1.0, -1.0)=   -5 ( -1.0, -1.0)=   -5 ( -1.0, -1.0)=   -5 ( -1.0, -1.0)=   -5 ( -1.0, -1.0)=   -5 ( -1.0, -1.0)=   -5 ( -1.0, -1.0)=   -5 ( -1.0, -1.0)=   -5 ( -1.0, -1.0)=   -5 ( -1.0, -1.0)=   -5 ( -1.0, -1.0)=   -5 ( -1.0, -1.0)=   -5 ( -1.0, -1.0)=   -5 ( -1.0, -1.0)=   -5 ( -1.0, -1.0)=   -5 ( -1.0, -1.0)=   -5 ( -1.0, -1.0)=   -5 
    345 | (180.0,395.0)= 2694 (184.9,387.4)=    0 (185.2,380.2)=    0 (188.1,371.7)=    0 (190.3,365.7)=    0 (185.4,364.7)=    0 (173.8,367.3)=    0 ( -1.0, -1.0)=   -5 ( -1.0, -1.0)=   -5 ( -1.0, -1.0)=   -5 ( -1.0, -1.0)=   -5 ( -1.0, -1.0)=   -5 ( -1.0, -1.0)=   -5 ( -1.0, -1.0)=   -5 ( -1.0, -1.0)=   -5 ( -1.0, -1.0)=   -5 ( -1.0, -1.0)=   -5 ( -1.0, -1.0)=   -5 ( -1.0, -1.0)=   -5 ( -1.0, -1.0)=   -5 ( -1.0, -1.0)=   -5 ( -1.0, -1.0)=   -5 ( -1.0, -1.0)=   -5 ( -1.0, -1.0)=   -5 ( -1.0, -1.0)=   -5 ( -1.0, -1.0)=   -5 ( -1.0, -1.0)=   -5 ( -1.0, -1.0)=   -5 ( -1.0, -1.0)=   -5 ( -1.0, -1.0)=   -5 ( -1.0, -1.0)=   -5 ( -1.0, -1.0)=   -5 ( -1.0, -1.0)=   -5 ( -1.0, -1.0)=   -5 ( -1.0, -1.0)=   -5 ( -1.0, -1.0)=   -5 ( -1.0, -1.0)=   -5 ( -1.0, -1.0)=   -5 ( -1.0, -1.0)=   -5 ( -1.0, -1.0)=   -5 ( -1.0, -1.0)=   -5 ( -1.0, -1.0)=   -5 ( -1.0, -1.0)=   -5 ( -1.0, -1.0)=   -5 
    346 | (406.0,848.0)= 2692 (410.6,842.8)=    0 (409.7,838.6)=    0 (410.7,831.9)=    0 (412.7,828.2)=    0 (407.0,832.9)=    0 (392.9,839.7)=    0 (375.4,847.0)=    0 (360.0,856.3)=    0 ( -1.0, -1.0)=   -5 ( -1.0, -1.0)=   -5 ( -1.0, -1.0)=   -5 ( -1.0, -1.0)=   -5 ( -1.0, -1.0)=   -5 ( -1.0, -1.0)=   -5 ( -1.0, -1.0)=   -5 ( -1.0, -1.0)=   -5 ( -1.0, -1.0)=   -5 ( -1.0, -1.0)=   -5 ( -1.0, -1.0)=   -5 ( -1.0, -1.0)=   -5 ( -1.0, -1.0)=   -5 ( -1.0, -1.0)=   -5 ( -1.0, -1.0)=   -5 ( -1.0, -1.0)=   -5 ( -1.0, -1.0)=   -5 ( -1.0, -1.0)=   -5 ( -1.0, -1.0)=   -5 ( -1.0, -1.0)=   -5 ( -1.0, -1.0)=   -5 ( -1.0, -1.0)=   -5 ( -1.0, -1.0)=   -5 ( -1.0, -1.0)=   -5 ( -1.0, -1.0)=   -5 ( -1.0, -1.0)=   -5 ( -1.0, -1.0)=   -5 ( -1.0, -1.0)=   -5 ( -1.0, -1.0)=   -5 ( -1.0, -1.0)=   -5 ( -1.0, -1.0)=   -5 ( -1.0, -1.0)=   -5 ( -1.0, -1.0)=   -5 ( -1.0, -1.0)=   -5 ( -1.0, -1.0)=   -5 
    347 | (220.0,394.0)= 2690 (224.6,386.4)=    0 (225.5,379.6)=    0 (228.6,371.2)=    0 (231.0,365.1)=    0 (226.8,364.0)=    0 (216.2,366.4)=    0 (202.0,367.1)=    0 (189.2,371.3)=    0 (172.3,376.1)=    0 (153.8,381.8)=    0 (135.4,387.8)=    0 (117.2,388.8)=    0 ( 94.0,387.5)=    0 ( 78.6,387.4)=    0 ( -1.0, -1.0)=   -5 ( -1.0, -1.0)=   -5 ( -1.0, -1.0)=   -5 ( -1.0, -1.0)=   -5 ( -1.0, -1.0)=   -5 ( -1.0, -1.0)=   -5 ( -1.0, -1.0)=   -5 ( -1.0, -1.0)=   -5 ( -1.0, -1.0)=   -5 ( -1.0, -1.0)=   -5 ( -1.0, -1.0)=   -5 ( -1.0, -1.0)=   -5 ( -1.0, -1.0)=   -5 ( -1.0, -1.0)=   -5 ( -1.0, -1.0)=   -5 ( -1.0, -1.0)=   -5 ( -1.0, -1.0)=   -5 ( -1.0, -1.0)=   -5 ( -1.0, -1.0)=   -5 ( -1.0, -1.0)=   -5 ( -1.0, -1.0)=   -5 ( -1.0, -1.0)=   -5 ( -1.0, -1.0)=   -5 ( -1.0, -1.0)=   -5 ( -1.0, -1.0)=   -5 ( -1.0, -1.0)=   -5 ( -1.0, -1.0)=   -5 ( -1.0, -1.0)=   -5 ( -1.0, -1.0)=   -5 
    348 | (308.0,275.0)= 2683 (313.7,266.9)=    0 (315.1,259.3)=    0 (318.9,250.3)=    0 (321.9,243.5)=    0 (318.5,240.7)=    0 (308.6,241.7)=    0 (295.1,241.0)=    0 (282.9,243.9)=    0 (266.1,247.0)=    0 (248.2,251.2)=    0 (230.1,255.8)=    0 (212.3,255.1)=    0 (190.6,250.9)=    0 (175.0,248.8)=    0 (160.3,248.0)=    0 (146.8,247.5)=    0 (136.9,250.5)=    0 (122.7,250.7)=    0 (106.3,252.1)=    0 ( 95.2,253.6)=    0 ( 86.5,255.7)=    0 ( 77.5,261.4)=    0 ( 66.6,265.7)=    0 ( 54.7,275.1)=    0 ( 39.3,278.1)=    0 ( 29.3,270.3)=    0 ( -1.0, -1.0)=   -4 ( -1.0, -1.0)=   -4 ( -1.0, -1.0)=   -4 ( -1.0, -1.0)=   -4 ( -1.0, -1.0)=   -4 ( -1.0, -1.0)=   -4 ( -1.0, -1.0)=   -4 ( -1.0, -1.0)=   -4 ( -1.0, -1.0)=   -4 ( -1.0, -1.0)=   -4 ( -1.0, -1.0)=   -4 ( -1.0, -1.0)=   -4 ( -1.0, -1.0)=   -4 ( -1.0, -1.0)=   -4 ( -1.0, -1.0)=   -4 ( -1.0, -1.0)=   -4 ( -1.0, -1.0)=   -4 
    349 | (501.0,812.0)= 2682 (506.1,807.2)=    0 (506.2,803.2)=    0 (507.9,796.6)=    0 (510.4,793.0)=    0 (506.5,796.9)=    0 (493.8,803.0)=    0 (478.6,809.1)=    0 (464.8,817.3)=    0 (446.6,828.7)=    0 (426.2,841.4)=    0 (404.0,851.5)=    0 (383.2,857.4)=    0 (381.2,845.2)=    0 (362.6,850.4)=    0 (342.7,856.5)=    0 (322.9,863.1)=    0 (305.9,871.5)=    0 (311.5,859.5)=    0 (314.5,852.1)=    0 (299.7,860.8)=    0 (287.5,871.4)=    0 (272.7,881.8)=    0 ( -1.0, -1.0)=   -3 ( -1.0, -1.0)=   -3 ( -1.0, -1.0)=   -3 ( -1.0, -1.0)=   -3 ( -1.0, -1.0)=   -3 ( -1.0, -1.0)=   -3 ( -1.0, -1.0)=   -3 ( -1.0, -1.0)=   -3 ( -1.0, -1.0)=   -3 ( -1.0, -1.0)=   -3 ( -1.0, -1.0)=   -3 ( -1.0, -1.0)=   -3 ( -1.0, -1.0)=   -3 ( -1.0, -1.0)=   -3 ( -1.0, -1.0)=   -3 ( -1.0, -1.0)=   -3 ( -1.0, -1.0)=   -3 ( -1.0, -1.0)=   -3 ( -1.0, -1.0)=   -3 ( -1.0, -1.0)=   -3 ( -1.0, -1.0)=   -3 
    350 | ( 60.0,153.0)= 2681 ( 64.7,142.6)=    0 ( 63.9,133.3)=    0 ( 66.0,123.0)=    0 ( 66.9,114.9)=    0 ( 58.0,112.3)=    0 ( 41.9,114.9)=    0 ( -1.0, -1.0)=   -4 ( -1.0, -1.0)=   -4 ( -1.0, -1.0)=   -4 ( -1.0, -1.0)=   -4 ( -1.0, -1.0)=   -4 ( -1.0, -1.0)=   -4 ( -1.0, -1.0)=   -4 ( -1.0, -1.0)=   -4 ( -1.0, -1.0)=   -4 ( -1.0, -1.0)=   -4 ( -1.0, -1.0)=   -4 ( -1.0, -1.0)=   -4 ( -1.0, -1.0)=   -4 ( -1.0, -1.0)=   -4 ( -1.0, -1.0)=   -4 ( -1.0, -1.0)=   -4 ( -1.0, -1.0)=   -4 ( -1.0, -1.0)=   -4 ( -1.0, -1.0)=   -4 ( -1.0, -1.0)=   -4 ( -1.0, -1.0)=   -4 ( -1.0, -1.0)=   -4 ( -1.0, -1.0)=   -4 ( -1.0, -1.0)=   -4 ( -1.0, -1.0)=   -4 ( -1.0, -1.0)=   -4 ( -1.0, -1.0)=   -4 ( -1.0, -1.0)=   -4 ( -1.0, -1.0)=   -4 ( -1.0, -1.0)=   -4 ( -1.0, -1.0)=   -4 ( -1.0, -1.0)=   -4 ( -1.0, -1.0)=   -4 ( -1.0, -1.0)=   -4 ( -1.0, -1.0)=   -4 ( -1.0, -1.0)=   -4 ( -1.0, -1.0)=   -4 
    351 | (368.0,566.0)= 2659 (373.1,559.8)=    0 (374.0,554.2)=    0 (377.3,546.9)=    0 (379.8,541.9)=    0 (377.2,542.2)=    0 (367.1,545.2)=    0 (354.4,547.1)=    0 (343.2,552.0)=    0 (327.9,558.2)=    0 (341.5,553.4)=    0 (324.4,559.6)=    0 (308.6,561.5)=    0 (288.3,561.6)=    0 (274.0,562.5)=    0 (259.8,564.5)=    0 (245.9,566.5)=    0 (235.1,571.1)=    0 (220.6,574.5)=    0 (204.4,579.6)=    0 (194.1,583.8)=    0 (185.7,589.2)=    0 (176.6,595.6)=    0 (165.5,601.5)=    0 (152.4,609.9)=    0 (135.0,612.3)=    0 (124.5,606.1)=    0 (114.4,607.2)=    0 (108.9,608.1)=    0 ( 95.1,604.1)=    0 ( 80.9,600.8)=    0 ( 73.7,595.6)=    0 ( 71.3,596.8)=    0 ( 72.5,600.2)=    0 ( 71.4,603.9)=    0 ( 66.3,604.9)=    0 ( 59.1,603.5)=    0 ( 44.8,603.7)=    0 ( 30.6,603.4)=    0 ( -1.0, -1.0)=   -4 ( -1.0, -1.0)=   -4 ( -1.0, -1.0)=   -4 ( -1.0, -1.0)=   -4 ( -1.0, -1.0)=   -4 
    352 | (280.0,589.0)= 2651 (284.5,582.5)=    0 (284.6,576.9)=    0 (287.4,569.4)=    0 (289.5,564.4)=    0 (285.2,565.3)=    0 ( -1.0, -1.0)=   -5 ( -1.0, -1.0)=   -5 ( -1.0, -1.0)=   -5 ( -1.0, -1.0)=   -5 ( -1.0, -1.0)=   -5 ( -1.0, -1.0)=   -5 ( -1.0, -1.0)=   -5 ( -1.0, -1.0)=   -5 ( -1.0, -1.0)=   -5 ( -1.0, -1.0)=   -5 ( -1.0, -1.0)=   -5 ( -1.0, -1.0)=   -5 ( -1.0, -1.0)=   -5 ( -1.0, -1.0)=   -5 ( -1.0, -1.0)=   -5 ( -1.0, -1.0)=   -5 ( -1.0, -1.0)=   -5 ( -1.0, -1.0)=   -5 ( -1.0, -1.0)=   -5 ( -1.0, -1.0)=   -5 ( -1.0, -1.0)=   -5 ( -1.0, -1.0)=   -5 ( -1.0, -1.0)=   -5 ( -1.0, -1.0)=   -5 ( -1.0, -1.0)=   -5 ( -1.0, -1.0)=   -5 ( -1.0, -1.0)=   -5 ( -1.0, -1.0)=   -5 ( -1.0, -1.0)=   -5 ( -1.0, -1.0)=   -5 ( -1.0, -1.0)=   -5 ( -1.0, -1.0)=   -5 ( -1.0, -1.0)=   -5 ( -1.0, -1.0)=   -5 ( -1.0, -1.0)=   -5 ( -1.0, -1.0)=   -5 ( -1.0, -1.0)=   -5 ( -1.0, -1.0)=   -5 
    353 | ( 33.0,734.0)= 2637 ( 36.5,727.6)=    0 ( 36.4,721.6)=    0 ( 39.6,713.7)=    0 ( 41.5,708.9)=    0 ( 37.2,710.1)=    0 ( 27.3,713.9)=    0 ( -1.0, -1.0)=   -4 ( -1.0, -1.0)=   -4 ( -1.0, -1.0)=   -4 ( -1.0, -1.0)=   -4 ( -1.0, -1.0)=   -4 ( -1.0, -1.0)=   -4 ( -1.0, -1.0)=   -4 ( -1.0, -1.0)=   -4 ( -1.0, -1.0)=   -4 ( -1.0, -1.0)=   -4 ( -1.0, -1.0)=   -4 ( -1.0, -1.0)=   -4 ( -1.0, -1.0)=   -4 ( -1.0, -1.0)=   -4 ( -1.0, -1.0)=   -4 ( -1.0, -1.0)=   -4 ( -1.0, -1.0)=   -4 ( -1.0, -1.0)=   -4 ( -1.0, -1.0)=   -4 ( -1.0, -1.0)=   -4 ( -1.0, -1.0)=   -4 ( -1.0, -1.0)=   -4 ( -1.0, -1.0)=   -4 ( -1.0, -1.0)=   -4 ( -1.0, -1.0)=   -4 ( -1.0, -1.0)=   -4 ( -1.0, -1.0)=   -4 ( -1.0, -1.0)=   -4 ( -1.0, -1.0)=   -4 ( -1.0, -1.0)=   -4 ( -1.0, -1.0)=   -4 ( -1.0, -1.0)=   -4 ( -1.0, -1.0)=   -4 ( -1.0, -1.0)=   -4 ( -1.0, -1.0)=   -4 ( -1.0, -1.0)=   -4 ( -1.0, -1.0)=   -4 
    354 | ( 85.0,104.0)= 2635 ( 89.9, 93.3)=    0 ( 89.4, 83.6)=    0 ( 91.9, 73.1)=    0 ( 92.6, 65.0)=    0 ( 84.2, 61.5)=    0 ( 68.0, 63.9)=    0 ( 46.4, 62.4)=    0 ( 27.5, 66.2)=    0 ( -1.0, -1.0)=   -4 ( -1.0, -1.0)=   -4 ( -1.0, -1.0)=   -4 ( -1.0, -1.0)=   -4 ( -1.0, -1.0)=   -4 ( -1.0, -1.0)=   -4 ( -1.0, -1.0)=   -4 ( -1.0, -1.0)=   -4 ( -1.0, -1.0)=   -4 ( -1.0, -1.0)=   -4 ( -1.0, -1.0)=   -4 ( -1.0, -1.0)=   -4 ( -1.0, -1.0)=   -4 ( -1.0, -1.0)=   -4 ( -1.0, -1.0)=   -4 ( -1.0, -1.0)=   -4 ( -1.0, -1.0)=   -4 ( -1.0, -1.0)=   -4 ( -1.0, -1.0)=   -4 ( -1.0, -1.0)=   -4 ( -1.0, -1.0)=   -4 ( -1.0, -1.0)=   -4 ( -1.0, -1.0)=   -4 ( -1.0, -1.0)=   -4 ( -1.0, -1.0)=   -4 ( -1.0, -1.0)=   -4 ( -1.0, -1.0)=   -4 ( -1.0, -1.0)=   -4 ( -1.0, -1.0)=   -4 ( -1.0, -1.0)=   -4 ( -1.0, -1.0)=   -4 ( -1.0, -1.0)=   -4 ( -1.0, -1.0)=   -4 ( -1.0, -1.0)=   -4 ( -1.0, -1.0)=   -4 
    355 | (316.0,263.0)= 2634 (322.1,255.0)=    0 (323.7,247.2)=    0 (327.6,238.3)=    0 (330.3,230.9)=    0 (327.5,228.2)=    0 (317.3,229.3)=    0 (303.8,228.1)=    0 (291.2,231.1)=    0 (274.9,234.1)=    0 (257.2,238.1)=    0 (239.1,242.6)=    0 (221.7,241.8)=    0 (199.8,237.4)=    0 ( -1.0, -1.0)=   -5 ( -1.0, -1.0)=   -5 ( -1.0, -1.0)=   -5 ( -1.0, -1.0)=   -5 ( -1.0, -1.0)=   -5 ( -1.0, -1.0)=   -5 ( -1.0, -1.0)=   -5 ( -1.0, -1.0)=   -5 ( -1.0, -1.0)=   -5 ( -1.0, -1.0)=   -5 ( -1.0, -1.0)=   -5 ( -1.0, -1.0)=   -5 ( -1.0, -1.0)=   -5 ( -1.0, -1.0)=   -5 ( -1.0, -1.0)=   -5 ( -1.0, -1.0)=   -5 ( -1.0, -1.0)=   -5 ( -1.0, -1.0)=   -5 ( -1.0, -1.0)=   -5 ( -1.0, -1.0)=   -5 ( -1.0, -1.0)=   -5 ( -1.0, -1.0)=   -5 ( -1.0, -1.0)=   -5 ( -1.0, -1.0)=   -5 ( -1.0, -1.0)=   -5 ( -1.0, -1.0)=   -5 ( -1.0, -1.0)=   -5 ( -1.0, -1.0)=   -5 ( -1.0, -1.0)=   -5 ( -1.0, -1.0)=   -5 
    356 | (410.0,811.0)= 2633 (414.7,806.0)=    0 (413.6,801.6)=    0 (415.0,794.7)=    0 (416.8,790.8)=    0 (411.4,795.2)=    0 (397.4,801.7)=    0 (380.1,808.4)=    0 (364.9,817.3)=    0 (344.7,829.2)=    0 (321.8,843.3)=    0 (297.4,854.6)=    0 (274.0,861.8)=    0 (244.0,868.8)=    0 (222.2,874.8)=    0 (199.3,882.1)=    0 (176.6,889.2)=    0 (156.8,898.2)=    0 (132.7,907.4)=    0 (104.7,920.0)=    0 ( 85.5,931.0)=    0 ( 68.4,943.6)=    0 ( 51.1,953.9)=    0 ( 30.6,965.6)=    0 ( -1.0, -1.0)=   -4 ( -1.0, -1.0)=   -4 ( -1.0, -1.0)=   -4 ( -1.0, -1.0)=   -4 ( -1.0, -1.0)=   -4 ( -1.0, -1.0)=   -4 ( -1.0, -1.0)=   -4 ( -1.0, -1.0)=   -4 ( -1.0, -1.0)=   -4 ( -1.0, -1.0)=   -4 ( -1.0, -1.0)=   -4 ( -1.0, -1.0)=   -4 ( -1.0, -1.0)=   -4 ( -1.0, -1.0)=   -4 ( -1.0, -1.0)=   -4 ( -1.0, -1.0)=   -4 ( -1.0, -1.0)=   -4 ( -1.0, -1.0)=   -4 ( -1.0, -1.0)=   -4 ( -1.0, -1.0)=   -4 
    357 | (249.0,312.0)= 2633 (254.3,303.9)=    0 (255.3,296.5)=    0 (258.9,287.7)=    0 (261.3,281.1)=    0 (257.0,279.0)=    0 (246.2,281.1)=    0 (231.6,280.8)=    0 (218.6,284.2)=    0 (201.3,288.4)=    0 (182.5,293.4)=    0 (163.3,298.7)=    0 (144.8,298.6)=    0 ( -1.0, -1.0)=   -5 ( -1.0, -1.0)=   -5 ( -1.0, -1.0)=   -5 ( -1.0, -1.0)=   -5 ( -1.0, -1.0)=   -5 ( -1.0, -1.0)=   -5 ( -1.0, -1.0)=   -5 ( -1.0, -1.0)=   -5 ( -1.0, -1.0)=   -5 ( -1.0, -1.0)=   -5 ( -1.0, -1.0)=   -5 ( -1.0, -1.0)=   -5 ( -1.0, -1.0)=   -5 ( -1.0, -1.0)=   -5 ( -1.0, -1.0)=   -5 ( -1.0, -1.0)=   -5 ( -1.0, -1.0)=   -5 ( -1.0, -1.0)=   -5 ( -1.0, -1.0)=   -5 ( -1.0, -1.0)=   -5 ( -1.0, -1.0)=   -5 ( -1.0, -1.0)=   -5 ( -1.0, -1.0)=   -5 ( -1.0, -1.0)=   -5 ( -1.0, -1.0)=   -5 ( -1.0, -1.0)=   -5 ( -1.0, -1.0)=   -5 ( -1.0, -1.0)=   -5 ( -1.0, -1.0)=   -5 ( -1.0, -1.0)=   -5 ( -1.0, -1.0)=   -5 
    358 | (214.0,343.0)= 2614 (219.6,334.9)=    0 (220.4,327.4)=    0 (223.6,318.5)=    0 (225.7,312.4)=    0 (221.2,310.6)=    0 (209.9,312.9)=    0 (195.1,313.2)=    0 (181.7,317.0)=    0 (164.1,321.6)=    0 (144.7,327.0)=    0 (125.2,332.8)=    0 (106.3,333.0)=    0 ( -1.0, -1.0)=   -5 ( -1.0, -1.0)=   -5 ( -1.0, -1.0)=   -5 ( -1.0, -1.0)=   -5 ( -1.0, -1.0)=   -5 ( -1.0, -1.0)=   -5 ( -1.0, -1.0)=   -5 ( -1.0, -1.0)=   -5 ( -1.0, -1.0)=   -5 ( -1.0, -1.0)=   -5 ( -1.0, -1.0)=   -5 ( -1.0, -1.0)=   -5 ( -1.0, -1.0)=   -5 ( -1.0, -1.0)=   -5 ( -1.0, -1.0)=   -5 ( -1.0, -1.0)=   -5 ( -1.0, -1.0)=   -5 ( -1.0, -1.0)=   -5 ( -1.0, -1.0)=   -5 ( -1.0, -1.0)=   -5 ( -1.0, -1.0)=   -5 ( -1.0, -1.0)=   -5 ( -1.0, -1.0)=   -5 ( -1.0, -1.0)=   -5 ( -1.0, -1.0)=   -5 ( -1.0, -1.0)=   -5 ( -1.0, -1.0)=   -5 ( -1.0, -1.0)=   -5 ( -1.0, -1.0)=   -5 ( -1.0, -1.0)=   -5 ( -1.0, -1.0)=   -5 
    359 | (284.0,263.0)= 2612 (289.8,254.8)=    0 (291.0,247.1)=    0 (294.8,238.0)=    0 (297.5,230.9)=    0 (293.8,228.1)=    0 (283.0,229.5)=    0 (269.4,228.3)=    0 (255.9,231.5)=    0 (238.7,234.9)=    0 (220.0,239.3)=    0 (200.9,244.0)=    0 (182.6,243.2)=    0 ( -1.0, -1.0)=   -5 ( -1.0, -1.0)=   -5 ( -1.0, -1.0)=   -5 ( -1.0, -1.0)=   -5 ( -1.0, -1.0)=   -5 ( -1.0, -1.0)=   -5 ( -1.0, -1.0)=   -5 ( -1.0, -1.0)=   -5 ( -1.0, -1.0)=   -5 ( -1.0, -1.0)=   -5 ( -1.0, -1.0)=   -5 ( -1.0, -1.0)=   -5 ( -1.0, -1.0)=   -5 ( -1.0, -1.0)=   -5 ( -1.0, -1.0)=   -5 ( -1.0, -1.0)=   -5 ( -1.0, -1.0)=   -5 ( -1.0, -1.0)=   -5 ( -1.0, -1.0)=   -5 ( -1.0, -1.0)=   -5 ( -1.0, -1.0)=   -5 ( -1.0, -1.0)=   -5 ( -1.0, -1.0)=   -5 ( -1.0, -1.0)=   -5 ( -1.0, -1.0)=   -5 ( -1.0, -1.0)=   -5 ( -1.0, -1.0)=   -5 ( -1.0, -1.0)=   -5 ( -1.0, -1.0)=   -5 ( -1.0, -1.0)=   -5 ( -1.0, -1.0)=   -5 
    360 | (508.0,467.0)= 2598 (514.0,461.1)=    0 (517.0,455.3)=    0 (521.8,448.0)=    0 (526.0,442.3)=    0 (525.8,440.6)=    0 (519.1,441.9)=    0 (510.5,441.5)=    0 (502.3,444.2)=    0 (491.5,447.4)=    0 (479.2,451.9)=    0 (466.0,455.7)=    0 (454.2,455.5)=    0 (439.4,453.5)=    0 (429.5,452.6)=    0 ( -1.0, -1.0)=   -5 ( -1.0, -1.0)=   -5 ( -1.0, -1.0)=   -5 ( -1.0, -1.0)=   -5 ( -1.0, -1.0)=   -5 ( -1.0, -1.0)=   -5 ( -1.0, -1.0)=   -5 ( -1.0, -1.0)=   -5 ( -1.0, -1.0)=   -5 ( -1.0, -1.0)=   -5 ( -1.0, -1.0)=   -5 ( -1.0, -1.0)=   -5 ( -1.0, -1.0)=   -5 ( -1.0, -1.0)=   -5 ( -1.0, -1.0)=   -5 ( -1.0, -1.0)=   -5 ( -1.0, -1.0)=   -5 ( -1.0, -1.0)=   -5 ( -1.0, -1.0)=   -5 ( -1.0, -1.0)=   -5 ( -1.0, -1.0)=   -5 ( -1.0, -1.0)=   -5 ( -1.0, -1.0)=   -5 ( -1.0, -1.0)=   -5 ( -1.0, -1.0)=   -5 ( -1.0, -1.0)=   -5 ( -1.0, -1.0)=   -5 ( -1.0, -1.0)=   -5 ( -1.0, -1.0)=   -5 
    361 | (495.0,785.0)= 2597 (500.4,780.0)=    0 (500.5,775.8)=    0 (502.4,769.5)=    0 (505.0,765.5)=    0 (501.1,769.0)=    0 (488.6,774.9)=    0 (473.6,780.6)=    0 (459.9,788.7)=    0 ( -1.0, -1.0)=   -3 ( -1.0, -1.0)=   -3 ( -1.0, -1.0)=   -3 ( -1.0, -1.0)=   -3 ( -1.0, -1.0)=   -3 ( -1.0, -1.0)=   -3 ( -1.0, -1.0)=   -3 ( -1.0, -1.0)=   -3 ( -1.0, -1.0)=   -3 ( -1.0, -1.0)=   -3 ( -1.0, -1.0)=   -3 ( -1.0, -1.0)=   -3 ( -1.0, -1.0)=   -3 ( -1.0, -1.0)=   -3 ( -1.0, -1.0)=   -3 ( -1.0, -1.0)=   -3 ( -1.0, -1.0)=   -3 ( -1.0, -1.0)=   -3 ( -1.0, -1.0)=   -3 ( -1.0, -1.0)=   -3 ( -1.0, -1.0)=   -3 ( -1.0, -1.0)=   -3 ( -1.0, -1.0)=   -3 ( -1.0, -1.0)=   -3 ( -1.0, -1.0)=   -3 ( -1.0, -1.0)=   -3 ( -1.0, -1.0)=   -3 ( -1.0, -1.0)=   -3 ( -1.0, -1.0)=   -3 ( -1.0, -1.0)=   -3 ( -1.0, -1.0)=   -3 ( -1.0, -1.0)=   -3 ( -1.0, -1.0)=   -3 ( -1.0, -1.0)=   -3 ( -1.0, -1.0)=   -3 
    362 | (308.0,300.0)= 2596 (313.5,292.4)=    0 (315.0,284.9)=    0 (319.1,276.0)=    0 (322.0,269.4)=    0 (318.9,266.9)=    0 (308.8,268.3)=    0 (295.9,267.5)=    0 (283.9,270.7)=    0 (267.7,273.9)=    0 (250.2,278.3)=    0 (232.3,283.0)=    0 (215.0,282.4)=    0 (193.3,278.6)=    0 (178.3,277.1)=    0 (163.7,276.3)=    0 (150.6,275.9)=    0 (140.9,278.8)=    0 (127.0,279.5)=    0 (110.7,281.0)=    0 (100.4,282.6)=    0 ( 91.9,285.1)=    0 ( 83.1,290.8)=    0 ( 72.8,295.1)=    0 ( 61.0,304.3)=    0 ( 45.9,307.2)=    0 ( 36.3,299.6)=    0 ( 27.8,301.1)=    0 ( 24.1,302.1)=    0 ( -1.0, -1.0)=   -4 ( -1.0, -1.0)=   -4 ( -1.0, -1.0)=   -4 ( -1.0, -1.0)=   -4 ( -1.0, -1.0)=   -4 ( -1.0, -1.0)=   -4 ( -1.0, -1.0)=   -4 ( -1.0, -1.0)=   -4 ( -1.0, -1.0)=   -4 ( -1.0, -1.0)=   -4 ( -1.0, -1.0)=   -4 ( -1.0, -1.0)=   -4 ( -1.0, -1.0)=   -4 ( -1.0, -1.0)=   -4 ( -1.0, -1.0)=   -4 
    363 | (534.0,787.0)= 2588 (539.6,782.1)=    0 (539.8,778.1)=    0 (541.8,771.7)=    0 (544.8,767.8)=    0 (541.4,771.0)=    0 (529.4,776.7)=    0 (514.9,781.9)=    0 (521.7,775.0)=    0 (521.0,763.4)=    0 ( -1.0, -1.0)=   -5 ( -1.0, -1.0)=   -5 ( -1.0, -1.0)=   -5 ( -1.0, -1.0)=   -5 ( -1.0, -1.0)=   -5 ( -1.0, -1.0)=   -5 ( -1.0, -1.0)=   -5 ( -1.0, -1.0)=   -5 ( -1.0, -1.0)=   -5 ( -1.0, -1.0)=   -5 ( -1.0, -1.0)=   -5 ( -1.0, -1.0)=   -5 ( -1.0, -1.0)=   -5 ( -1.0, -1.0)=   -5 ( -1.0, -1.0)=   -5 ( -1.0, -1.0)=   -5 ( -1.0, -1.0)=   -5 ( -1.0, -1.0)=   -5 ( -1.0, -1.0)=   -5 ( -1.0, -1.0)=   -5 ( -1.0, -1.0)=   -5 ( -1.0, -1.0)=   -5 ( -1.0, -1.0)=   -5 ( -1.0, -1.0)=   -5 ( -1.0, -1.0)=   -5 ( -1.0, -1.0)=   -5 ( -1.0, -1.0)=   -5 ( -1.0, -1.0)=   -5 ( -1.0, -1.0)=   -5 ( -1.0, -1.0)=   -5 ( -1.0, -1.0)=   -5 ( -1.0, -1.0)=   -5 ( -1.0, -1.0)=   -5 ( -1.0, -1.0)=   -5 
    364 | (528.0, 92.0)= 2579 (535.6, 83.2)=    0 (539.8, 74.6)=    0 (545.8, 64.4)=    0 (550.8, 55.8)=    0 (550.6, 49.8)=    0 (543.0, 48.4)=    0 (533.0, 43.8)=    0 (523.4, 43.9)=    0 (510.8, 43.1)=    0 (496.5, 43.7)=    0 (481.2, 45.5)=    0 (467.7, 41.3)=    0 (451.4, 32.6)=    0 (440.3, 27.7)=    0 ( -1.0, -1.0)=   -4 ( -1.0, -1.0)=   -4 ( -1.0, -1.0)=   -4 ( -1.0, -1.0)=   -4 ( -1.0, -1.0)=   -4 ( -1.0, -1.0)=   -4 ( -1.0, -1.0)=   -4 ( -1.0, -1.0)=   -4 ( -1.0, -1.0)=   -4 ( -1.0, -1.0)=   -4 ( -1.0, -1.0)=   -4 ( -1.0, -1.0)=   -4 ( -1.0, -1.0)=   -4 ( -1.0, -1.0)=   -4 ( -1.0, -1.0)=   -4 ( -1.0, -1.0)=   -4 ( -1.0, -1.0)=   -4 ( -1.0, -1.0)=   -4 ( -1.0, -1.0)=   -4 ( -1.0, -1.0)=   -4 ( -1.0, -1.0)=   -4 ( -1.0, -1.0)=   -4 ( -1.0, -1.0)=   -4 ( -1.0, -1.0)=   -4 ( -1.0, -1.0)=   -4 ( -1.0, -1.0)=   -4 ( -1.0, -1.0)=   -4 ( -1.0, -1.0)=   -4 ( -1.0, -1.0)=   -4 
    365 | (210.0,447.0)= 2578 (214.6,439.7)=    0 (215.3,433.0)=    0 (218.6,425.0)=    0 (220.8,419.3)=    0 (216.8,418.6)=    0 (206.6,421.2)=    0 (192.6,422.5)=    0 (180.4,427.0)=    0 (164.0,432.3)=    0 (145.9,438.6)=    0 (127.9,444.6)=    0 (110.3,446.0)=    0 ( -1.0, -1.0)=   -5 ( -1.0, -1.0)=   -5 ( -1.0, -1.0)=   -5 ( -1.0, -1.0)=   -5 ( -1.0, -1.0)=   -5 ( -1.0, -1.0)=   -5 ( -1.0, -1.0)=   -5 ( -1.0, -1.0)=   -5 ( -1.0, -1.0)=   -5 ( -1.0, -1.0)=   -5 ( -1.0, -1.0)=   -5 ( -1.0, -1.0)=   -5 ( -1.0, -1.0)=   -5 ( -1.0, -1.0)=   -5 ( -1.0, -1.0)=   -5 ( -1.0, -1.0)=   -5 ( -1.0, -1.0)=   -5 ( -1.0, -1.0)=   -5 ( -1.0, -1.0)=   -5 ( -1.0, -1.0)=   -5 ( -1.0, -1.0)=   -5 ( -1.0, -1.0)=   -5 ( -1.0, -1.0)=   -5 ( -1.0, -1.0)=   -5 ( -1.0, -1.0)=   -5 ( -1.0, -1.0)=   -5 ( -1.0, -1.0)=   -5 ( -1.0, -1.0)=   -5 ( -1.0, -1.0)=   -5 ( -1.0, -1.0)=   -5 ( -1.0, -1.0)=   -5 
    366 | (463.0,484.0)= 2577 (468.6,478.1)=    0 (471.0,472.3)=    0 (475.4,465.0)=    0 (479.4,459.5)=    0 (478.6,458.0)=    0 (471.1,459.7)=    0 (461.3,460.2)=    0 (452.5,463.3)=    0 (440.4,467.4)=    0 (451.3,463.4)=    0 ( -1.0, -1.0)=   -5 ( -1.0, -1.0)=   -5 ( -1.0, -1.0)=   -5 ( -1.0, -1.0)=   -5 ( -1.0, -1.0)=   -5 ( -1.0, -1.0)=   -5 ( -1.0, -1.0)=   -5 ( -1.0, -1.0)=   -5 ( -1.0, -1.0)=   -5 ( -1.0, -1.0)=   -5 ( -1.0, -1.0)=   -5 ( -1.0, -1.0)=   -5 ( -1.0, -1.0)=   -5 ( -1.0, -1.0)=   -5 ( -1.0, -1.0)=   -5 ( -1.0, -1.0)=   -5 ( -1.0, -1.0)=   -5 ( -1.0, -1.0)=   -5 ( -1.0, -1.0)=   -5 ( -1.0, -1.0)=   -5 ( -1.0, -1.0)=   -5 ( -1.0, -1.0)=   -5 ( -1.0, -1.0)=   -5 ( -1.0, -1.0)=   -5 ( -1.0, -1.0)=   -5 ( -1.0, -1.0)=   -5 ( -1.0, -1.0)=   -5 ( -1.0, -1.0)=   -5 ( -1.0, -1.0)=   -5 ( -1.0, -1.0)=   -5 ( -1.0, -1.0)=   -5 ( -1.0, -1.0)=   -5 ( -1.0, -1.0)=   -5 
    367 | (244.0,377.0)= 2576 (249.0,369.4)=    0 (249.9,362.3)=    0 (253.3,354.0)=    0 (255.6,347.9)=    0 (251.7,346.4)=    0 (241.3,348.5)=    0 (227.3,348.8)=    0 (215.3,352.7)=    0 (198.6,357.4)=    0 (180.5,362.9)=    0 (162.5,368.2)=    0 (144.7,368.6)=    0 (122.0,366.4)=    0 (106.7,365.7)=    0 ( 91.4,366.1)=    0 ( 77.1,366.1)=    0 ( 77.7,366.3)=    0 ( 63.1,367.6)=    0 ( 60.1,376.2)=    0 ( -1.0, -1.0)=   -3 ( -1.0, -1.0)=   -3 ( -1.0, -1.0)=   -3 ( -1.0, -1.0)=   -3 ( -1.0, -1.0)=   -3 ( -1.0, -1.0)=   -3 ( -1.0, -1.0)=   -3 ( -1.0, -1.0)=   -3 ( -1.0, -1.0)=   -3 ( -1.0, -1.0)=   -3 ( -1.0, -1.0)=   -3 ( -1.0, -1.0)=   -3 ( -1.0, -1.0)=   -3 ( -1.0, -1.0)=   -3 ( -1.0, -1.0)=   -3 ( -1.0, -1.0)=   -3 ( -1.0, -1.0)=   -3 ( -1.0, -1.0)=   -3 ( -1.0, -1.0)=   -3 ( -1.0, -1.0)=   -3 ( -1.0, -1.0)=   -3 ( -1.0, -1.0)=   -3 ( -1.0, -1.0)=   -3 ( -1.0, -1.0)=   -3 
    368 | (171.0,240.0)= 2573 (175.9,230.9)=    0 (176.4,222.4)=    0 (179.3,213.1)=    0 (181.1,205.9)=    0 (175.1,203.4)=    0 (161.7,205.8)=    0 (144.2,205.6)=    0 (128.8,209.4)=    0 (108.1,213.6)=    0 ( 85.6,218.7)=    0 ( 63.5,224.3)=    0 ( 41.9,223.8)=    0 ( -1.0, -1.0)=   -4 ( -1.0, -1.0)=   -4 ( -1.0, -1.0)=   -4 ( -1.0, -1.0)=   -4 ( -1.0, -1.0)=   -4 ( -1.0, -1.0)=   -4 ( -1.0, -1.0)=   -4 ( -1.0, -1.0)=   -4 ( -1.0, -1.0)=   -4 ( -1.0, -1.0)=   -4 ( -1.0, -1.0)=   -4 ( -1.0, -1.0)=   -4 ( -1.0, -1.0)=   -4 ( -1.0, -1.0)=   -4 ( -1.0, -1.0)=   -4 ( -1.0, -1.0)=   -4 ( -1.0, -1.0)=   -4 ( -1.0, -1.0)=   -4 ( -1.0, -1.0)=   -4 ( -1.0, -1.0)=   -4 ( -1.0, -1.0)=   -4 ( -1.0, -1.0)=   -4 ( -1.0, -1.0)=   -4 ( -1.0, -1.0)=   -4 ( -1.0, -1.0)=   -4 ( -1.0, -1.0)=   -4 ( -1.0, -1.0)=   -4 ( -1.0, -1.0)=   -4 ( -1.0, -1.0)=   -4 ( -1.0, -1.0)=   -4 ( -1.0, -1.0)=   -4 
    369 | (325.0,236.0)= 2571 (330.7,227.7)=    0 (332.6,219.8)=    0 (336.8,210.4)=    0 (339.7,203.3)=    0 (336.6,199.9)=    0 (326.5,200.8)=    0 (313.4,199.1)=    0 (301.6,201.5)=    0 ( -1.0, -1.0)=   -5 ( -1.0, -1.0)=   -5 ( -1.0, -1.0)=   -5 ( -1.0, -1.0)=   -5 ( -1.0, -1.0)=   -5 ( -1.0, -1.0)=   -5 ( -1.0, -1.0)=   -5 ( -1.0, -1.0)=   -5 ( -1.0, -1.0)=   -5 ( -1.0, -1.0)=   -5 ( -1.0, -1.0)=   -5 ( -1.0, -1.0)=   -5 ( -1.0, -1.0)=   -5 ( -1.0, -1.0)=   -5 ( -1.0, -1.0)=   -5 ( -1.0, -1.0)=   -5 ( -1.0, -1.0)=   -5 ( -1.0, -1.0)=   -5 ( -1.0, -1.0)=   -5 ( -1.0, -1.0)=   -5 ( -1.0, -1.0)=   -5 ( -1.0, -1.0)=   -5 ( -1.0, -1.0)=   -5 ( -1.0, -1.0)=   -5 ( -1.0, -1.0)=   -5 ( -1.0, -1.0)=   -5 ( -1.0, -1.0)=   -5 ( -1.0, -1.0)=   -5 ( -1.0, -1.0)=   -5 ( -1.0, -1.0)=   -5 ( -1.0, -1.0)=   -5 ( -1.0, -1.0)=   -5 ( -1.0, -1.0)=   -5 ( -1.0, -1.0)=   -5 ( -1.0, -1.0)=   -5 
    370 | (568.0,482.0)= 2569 (574.4,476.2)=    0 (577.6,470.8)=    0 (582.5,463.6)=    0 (587.1,458.1)=    0 (587.9,456.4)=    0 (581.3,457.6)=    0 (573.1,457.3)=    0 (565.4,460.0)=    0 (554.9,463.3)=    0 (564.0,459.5)=    0 (551.1,463.3)=    0 (540.1,463.0)=    0 (526.3,460.6)=    0 (517.1,459.9)=    0 (508.0,460.1)=    0 (499.2,461.3)=    0 (492.9,464.9)=    0 (484.5,467.2)=    0 (475.1,470.2)=    0 (470.4,472.9)=    0 (467.9,475.8)=    0 (462.4,480.3)=    0 (456.6,484.7)=    0 (446.0,492.0)=    0 (432.8,494.6)=    0 (426.2,489.0)=    0 (418.5,490.1)=    0 (414.8,491.3)=    0 (405.9,488.4)=    0 (397.2,486.5)=    0 (395.4,482.1)=    0 (395.4,484.5)=    0 (396.6,489.3)=    0 (396.0,495.1)=    0 (391.9,497.7)=    0 (387.3,498.8)=    0 (377.6,501.3)=    0 (367.4,503.4)=    0 (356.5,500.3)=    0 (348.5,497.9)=    0 (336.2,495.8)=    0 (328.2,495.0)=    0 (332.1,495.6)=    0 
    371 | (317.0,338.0)= 2558 (322.2,330.2)=    0 (323.8,323.2)=    0 (328.1,314.9)=    0 (331.2,308.5)=    0 (327.9,306.5)=    0 (318.4,307.9)=    0 (305.9,307.2)=    0 (294.7,310.4)=    0 (279.2,314.2)=    0 (262.6,318.8)=    0 (245.4,323.2)=    0 (229.5,323.1)=    0 (209.0,319.7)=    0 (194.8,318.6)=    0 (180.9,318.5)=    0 (168.1,318.4)=    0 (158.8,321.3)=    0 (145.7,322.1)=    0 (130.3,324.1)=    0 (120.4,326.2)=    0 (112.6,328.3)=    0 ( -1.0, -1.0)=   -5 ( -1.0, -1.0)=   -5 ( -1.0, -1.0)=   -5 ( -1.0, -1.0)=   -5 ( -1.0, -1.0)=   -5 ( -1.0, -1.0)=   -5 ( -1.0, -1.0)=   -5 ( -1.0, -1.0)=   -5 ( -1.0, -1.0)=   -5 ( -1.0, -1.0)=   -5 ( -1.0, -1.0)=   -5 ( -1.0, -1.0)=   -5 ( -1.0, -1.0)=   -5 ( -1.0, -1.0)=   -5 ( -1.0, -1.0)=   -5 ( -1.0, -1.0)=   -5 ( -1.0, -1.0)=   -5 ( -1.0, -1.0)=   -5 ( -1.0, -1.0)=   -5 ( -1.0, -1.0)=   -5 ( -1.0, -1.0)=   -5 ( -1.0, -1.0)=   -5 
    372 | (291.0,352.0)= 2557 (296.1,344.5)=    0 (297.5,337.4)=    0 (301.4,328.8)=    0 (304.1,322.6)=    0 (301.0,320.6)=    0 (291.1,322.4)=    0 (278.1,322.3)=    0 (266.5,325.6)=    0 (250.6,329.6)=    0 (233.4,334.6)=    0 (215.9,339.5)=    0 (199.1,339.5)=    0 (177.9,336.6)=    0 (163.3,335.4)=    0 (149.2,335.2)=    0 (135.9,335.4)=    0 (126.2,338.4)=    0 (112.5,339.5)=    0 ( 96.4,341.7)=    0 ( 86.3,343.8)=    0 ( 78.2,346.8)=    0 ( 70.0,352.6)=    0 ( 59.8,357.2)=    0 ( 48.4,365.9)=    0 ( 33.7,368.8)=    0 ( 24.3,361.3)=    0 ( -1.0, -1.0)=   -4 ( -1.0, -1.0)=   -4 ( -1.0, -1.0)=   -4 ( -1.0, -1.0)=   -4 ( -1.0, -1.0)=   -4 ( -1.0, -1.0)=   -4 ( -1.0, -1.0)=   -4 ( -1.0, -1.0)=   -4 ( -1.0, -1.0)=   -4 ( -1.0, -1.0)=   -4 ( -1.0, -1.0)=   -4 ( -1.0, -1.0)=   -4 ( -1.0, -1.0)=   -4 ( -1.0, -1.0)=   -4 ( -1.0, -1.0)=   -4 ( -1.0, -1.0)=   -4 ( -1.0, -1.0)=   -4 
    373 | (299.0,365.0)= 2517 (304.5,357.6)=    0 (305.7,350.8)=    0 (309.6,342.5)=    0 (312.5,336.3)=    0 (309.4,334.3)=    0 (299.6,336.2)=    0 (286.9,336.1)=    0 (275.5,339.4)=    0 (260.1,343.3)=    0 (243.5,348.4)=    0 (226.4,353.4)=    0 (210.1,353.7)=    0 (189.2,350.8)=    0 (175.0,349.9)=    0 (161.3,349.7)=    0 (148.1,349.8)=    0 (138.4,353.0)=    0 (125.2,354.1)=    0 (109.4,356.3)=    0 ( 99.6,358.5)=    0 ( 91.7,361.4)=    0 ( 83.6,367.2)=    0 ( 73.8,371.5)=    0 ( 62.4,380.1)=    0 ( 47.6,382.6)=    0 ( 38.4,375.4)=    0 ( 30.6,376.4)=    0 ( 26.7,377.1)=    0 ( -1.0, -1.0)=   -4 ( -1.0, -1.0)=   -4 ( -1.0, -1.0)=   -4 ( -1.0, -1.0)=   -4 ( -1.0, -1.0)=   -4 ( -1.0, -1.0)=   -4 ( -1.0, -1.0)=   -4 ( -1.0, -1.0)=   -4 ( -1.0, -1.0)=   -4 ( -1.0, -1.0)=   -4 ( -1.0, -1.0)=   -4 ( -1.0, -1.0)=   -4 ( -1.0, -1.0)=   -4 ( -1.0, -1.0)=   -4 ( -1.0, -1.0)=   -4 
    374 | (574.0,468.0)= 2512 (580.6,462.0)=    0 (584.0,456.7)=    0 (589.1,449.5)=    0 (593.8,443.8)=    0 (594.6,441.8)=    0 (588.5,442.7)=    0 (580.7,442.2)=    0 (573.1,444.6)=    0 (563.2,447.4)=    0 (551.6,451.6)=    0 (538.7,455.4)=    0 (527.7,455.0)=    0 (514.1,452.5)=    0 (504.7,451.6)=    0 (495.8,451.7)=    0 (487.1,452.7)=    0 (480.9,456.2)=    0 (472.6,458.4)=    0 (463.4,461.3)=    0 (458.8,463.8)=    0 (456.2,466.7)=    0 (451.1,471.3)=    0 (445.6,475.7)=    0 (435.5,483.1)=    0 (422.5,485.8)=    0 (416.2,480.2)=    0 (409.0,481.6)=    0 (405.8,482.8)=    0 (397.0,479.9)=    0 (388.4,477.9)=    0 (387.6,474.1)=    0 (388.0,476.6)=    0 (390.0,481.8)=    0 (389.5,487.5)=    0 (386.3,490.8)=    0 (381.8,491.9)=    0 (372.6,494.6)=    0 (363.1,497.0)=    0 (354.4,496.2)=    0 (348.2,495.7)=    0 (336.5,494.0)=    0 (328.4,493.2)=    0 (332.6,494.0)=    0 
    375 | (211.0,171.0)= 2507 (216.5,161.4)=    0 (217.1,152.5)=    0 (220.5,142.6)=    0 (222.6,134.9)=    0 (217.1,131.4)=    0 (203.7,133.0)=    0 (186.3,131.5)=    0 (171.1,134.6)=    0 (150.3,137.5)=    0 (128.1,141.7)=    0 (106.2,147.0)=    0 ( 84.3,145.5)=    0 ( 56.5,140.4)=    0 ( 37.5,138.0)=    0 ( -1.0, -1.0)=   -4 ( -1.0, -1.0)=   -4 ( -1.0, -1.0)=   -4 ( -1.0, -1.0)=   -4 ( -1.0, -1.0)=   -4 ( -1.0, -1.0)=   -4 ( -1.0, -1.0)=   -4 ( -1.0, -1.0)=   -4 ( -1.0, -1.0)=   -4 ( -1.0, -1.0)=   -4 ( -1.0, -1.0)=   -4 ( -1.0, -1.0)=   -4 ( -1.0, -1.0)=   -4 ( -1.0, -1.0)=   -4 ( -1.0, -1.0)=   -4 ( -1.0, -1.0)=   -4 ( -1.0, -1.0)=   -4 ( -1.0, -1.0)=   -4 ( -1.0, -1.0)=   -4 ( -1.0, -1.0)=   -4 ( -1.0, -1.0)=   -4 ( -1.0, -1.0)=   -4 ( -1.0, -1.0)=   -4 ( -1.0, -1.0)=   -4 ( -1.0, -1.0)=   -4 ( -1.0, -1.0)=   -4 ( -1.0, -1.0)=   -4 ( -1.0, -1.0)=   -4 ( -1.0, -1.0)=   -4 
    376 | (427.0,492.0)= 2500 (432.7,485.8)=    0 (434.7,480.1)=    0 (438.8,472.7)=    0 (442.4,467.3)=    0 (441.2,466.1)=    0 (433.3,468.0)=    0 (423.0,468.7)=    0 (414.0,472.1)=    0 (401.5,476.5)=    0 (412.7,472.2)=    0 (398.8,476.9)=    0 (385.7,477.2)=    0 (369.5,475.6)=    0 (358.3,475.6)=    0 (347.2,476.3)=    0 (336.8,477.4)=    0 (328.6,481.1)=    0 (317.9,483.6)=    0 (305.9,487.1)=    0 (298.8,490.1)=    0 (294.0,493.8)=    0 (287.4,498.8)=    0 (279.5,503.8)=    0 ( -1.0, -1.0)=   -5 ( -1.0, -1.0)=   -5 ( -1.0, -1.0)=   -5 ( -1.0, -1.0)=   -5 ( -1.0, -1.0)=   -5 ( -1.0, -1.0)=   -5 ( -1.0, -1.0)=   -5 ( -1.0, -1.0)=   -5 ( -1.0, -1.0)=   -5 ( -1.0, -1.0)=   -5 ( -1.0, -1.0)=   -5 ( -1.0, -1.0)=   -5 ( -1.0, -1.0)=   -5 ( -1.0, -1.0)=   -5 ( -1.0, -1.0)=   -5 ( -1.0, -1.0)=   -5 ( -1.0, -1.0)=   -5 ( -1.0, -1.0)=   -5 ( -1.0, -1.0)=   -5 ( -1.0, -1.0)=   -5 
    377 | (326.0,181.0)= 2500 (331.8,172.3)=    0 (333.9,163.7)=    0 (338.0,153.9)=    0 (340.7,146.3)=    0 (337.2,142.5)=    0 (326.7,143.0)=    0 (312.7,140.6)=    0 (300.4,142.6)=    0 (283.0,144.8)=    0 (264.0,148.4)=    0 (244.8,152.7)=    0 (226.6,150.9)=    0 (203.7,145.0)=    0 (187.5,142.3)=    0 (172.2,140.4)=    0 (158.3,138.8)=    0 (147.9,141.3)=    0 (133.2,140.7)=    0 (115.8,140.7)=    0 (104.6,141.1)=    0 ( 95.1,142.1)=    0 ( 85.4,147.9)=    0 ( 73.8,151.6)=    0 ( 60.9,161.8)=    0 ( 44.7,165.3)=    0 ( 34.5,156.8)=    0 ( 25.6,158.5)=    0 ( -1.0, -1.0)=   -4 ( -1.0, -1.0)=   -4 ( -1.0, -1.0)=   -4 ( -1.0, -1.0)=   -4 ( -1.0, -1.0)=   -4 ( -1.0, -1.0)=   -4 ( -1.0, -1.0)=   -4 ( -1.0, -1.0)=   -4 ( -1.0, -1.0)=   -4 ( -1.0, -1.0)=   -4 ( -1.0, -1.0)=   -4 ( -1.0, -1.0)=   -4 ( -1.0, -1.0)=   -4 ( -1.0, -1.0)=   -4 ( -1.0, -1.0)=   -4 ( -1.0, -1.0)=   -4 
    378 | (276.0,194.0)= 2484 (281.6,185.2)=    0 (282.9,176.5)=    0 (286.5,166.8)=    0 (289.2,159.4)=    0 (284.9,155.8)=    0 (273.3,156.8)=    0 (257.9,155.2)=    0 (244.3,158.2)=    0 (226.1,160.8)=    0 (206.2,164.6)=    0 (186.2,169.7)=    0 (167.0,168.5)=    0 (142.1,163.0)=    0 (125.1,160.7)=    0 (108.9,159.4)=    0 ( 93.6,158.1)=    0 ( 82.1,160.6)=    0 ( 66.4,160.1)=    0 ( 47.2,160.7)=    0 ( 34.9,162.1)=    0 ( 24.1,163.5)=    0 ( 38.0,153.7)=    0 ( 25.9,157.9)=    0 ( -1.0, -1.0)=   -4 ( -1.0, -1.0)=   -4 ( -1.0, -1.0)=   -4 ( -1.0, -1.0)=   -4 ( -1.0, -1.0)=   -4 ( -1.0, -1.0)=   -4 ( -1.0, -1.0)=   -4 ( -1.0, -1.0)=   -4 ( -1.0, -1.0)=   -4 ( -1.0, -1.0)=   -4 ( -1.0, -1.0)=   -4 ( -1.0, -1.0)=   -4 ( -1.0, -1.0)=   -4 ( -1.0, -1.0)=   -4 ( -1.0, -1.0)=   -4 ( -1.0, -1.0)=   -4 ( -1.0, -1.0)=   -4 ( -1.0, -1.0)=   -4 ( -1.0, -1.0)=   -4 ( -1.0, -1.0)=   -4 
    379 | (317.0,314.0)= 2441 (322.7,306.4)=    0 (324.4,299.0)=    0 (328.5,290.2)=    0 (331.4,283.7)=    0 (328.4,281.3)=    0 (318.3,282.8)=    0 (305.4,282.0)=    0 (294.1,285.0)=    0 (278.3,288.5)=    0 (261.3,292.8)=    0 (243.9,297.6)=    0 (227.3,296.7)=    0 (206.4,293.3)=    0 (192.0,291.7)=    0 (178.3,291.3)=    0 (165.2,291.0)=    0 (155.2,294.0)=    0 (141.8,294.7)=    0 (126.0,296.3)=    0 (116.0,298.2)=    0 (108.1,300.6)=    0 ( -1.0, -1.0)=   -5 ( -1.0, -1.0)=   -5 ( -1.0, -1.0)=   -5 ( -1.0, -1.0)=   -5 ( -1.0, -1.0)=   -5 ( -1.0, -1.0)=   -5 ( -1.0, -1.0)=   -5 ( -1.0, -1.0)=   -5 ( -1.0, -1.0)=   -5 ( -1.0, -1.0)=   -5 ( -1.0, -1.0)=   -5 ( -1.0, -1.0)=   -5 ( -1.0, -1.0)=   -5 ( -1.0, -1.0)=   -5 ( -1.0, -1.0)=   -5 ( -1.0, -1.0)=   -5 ( -1.0, -1.0)=   -5 ( -1.0, -1.0)=   -5 ( -1.0, -1.0)=   -5 ( -1.0, -1.0)=   -5 ( -1.0, -1.0)=   -5 ( -1.0, -1.0)=   -5 
    380 | (157.0,371.0)= 2439 (161.5,363.1)=    0 (161.6,355.7)=    0 (164.7,347.0)=    0 (166.3,340.9)=    0 (161.3,339.8)=    0 (150.0,342.0)=    0 ( -1.0, -1.0)=   -5 ( -1.0, -1.0)=   -5 ( -1.0, -1.0)=   -5 ( -1.0, -1.0)=   -5 ( -1.0, -1.0)=   -5 ( -1.0, -1.0)=   -5 ( -1.0, -1.0)=   -5 ( -1.0, -1.0)=   -5 ( -1.0, -1.0)=   -5 ( -1.0, -1.0)=   -5 ( -1.0, -1.0)=   -5 ( -1.0, -1.0)=   -5 ( -1.0, -1.0)=   -5 ( -1.0, -1.0)=   -5 ( -1.0, -1.0)=   -5 ( -1.0, -1.0)=   -5 ( -1.0, -1.0)=   -5 ( -1.0, -1.0)=   -5 ( -1.0, -1.0)=   -5 ( -1.0, -1.0)=   -5 ( -1.0, -1.0)=   -5 ( -1.0, -1.0)=   -5 ( -1.0, -1.0)=   -5 ( -1.0, -1.0)=   -5 ( -1.0, -1.0)=   -5 ( -1.0, -1.0)=   -5 ( -1.0, -1.0)=   -5 ( -1.0, -1.0)=   -5 ( -1.0, -1.0)=   -5 ( -1.0, -1.0)=   -5 ( -1.0, -1.0)=   -5 ( -1.0, -1.0)=   -5 ( -1.0, -1.0)=   -5 ( -1.0, -1.0)=   -5 ( -1.0, -1.0)=   -5 ( -1.0, -1.0)=   -5 ( -1.0, -1.0)=   -5 
    381 | ( 90.0,561.0)= 2437 ( 93.9,553.8)=    0 ( 93.5,547.4)=    0 ( 96.3,539.5)=    0 ( 98.1,534.3)=    0 ( 92.9,534.8)=    0 ( 81.5,538.7)=    0 ( 65.8,541.5)=    0 ( 52.5,547.2)=    0 ( 34.1,554.4)=    0 ( -1.0, -1.0)=   -4 ( -1.0, -1.0)=   -4 ( -1.0, -1.0)=   -4 ( -1.0, -1.0)=   -4 ( -1.0, -1.0)=   -4 ( -1.0, -1.0)=   -4 ( -1.0, -1.0)=   -4 ( -1.0, -1.0)=   -4 ( -1.0, -1.0)=   -4 ( -1.0, -1.0)=   -4 ( -1.0, -1.0)=   -4 ( -1.0, -1.0)=   -4 ( -1.0, -1.0)=   -4 ( -1.0, -1.0)=   -4 ( -1.0, -1.0)=   -4 ( -1.0, -1.0)=   -4 ( -1.0, -1.0)=   -4 ( -1.0, -1.0)=   -4 ( -1.0, -1.0)=   -4 ( -1.0, -1.0)=   -4 ( -1.0, -1.0)=   -4 ( -1.0, -1.0)=   -4 ( -1.0, -1.0)=   -4 ( -1.0, -1.0)=   -4 ( -1.0, -1.0)=   -4 ( -1.0, -1.0)=   -4 ( -1.0, -1.0)=   -4 ( -1.0, -1.0)=   -4 ( -1.0, -1.0)=   -4 ( -1.0, -1.0)=   -4 ( -1.0, -1.0)=   -4 ( -1.0, -1.0)=   -4 ( -1.0, -1.0)=   -4 ( -1.0, -1.0)=   -4 
    382 | (478.0,452.0)= 2427 (484.0,445.8)=    0 (486.8,440.1)=    0 (491.6,432.7)=    0 (495.6,427.1)=    0 (495.6,425.1)=    0 (488.8,426.4)=    0 (480.3,425.9)=    0 ( -1.0, -1.0)=   -5 ( -1.0, -1.0)=   -5 ( -1.0, -1.0)=   -5 ( -1.0, -1.0)=   -5 ( -1.0, -1.0)=   -5 ( -1.0, -1.0)=   -5 ( -1.0, -1.0)=   -5 ( -1.0, -1.0)=   -5 ( -1.0, -1.0)=   -5 ( -1.0, -1.0)=   -5 ( -1.0, -1.0)=   -5 ( -1.0, -1.0)=   -5 ( -1.0, -1.0)=   -5 ( -1.0, -1.0)=   -5 ( -1.0, -1.0)=   -5 ( -1.0, -1.0)=   -5 ( -1.0, -1.0)=   -5 ( -1.0, -1.0)=   -5 ( -1.0, -1.0)=   -5 ( -1.0, -1.0)=   -5 ( -1.0, -1.0)=   -5 ( -1.0, -1.0)=   -5 ( -1.0, -1.0)=   -5 ( -1.0, -1.0)=   -5 ( -1.0, -1.0)=   -5 ( -1.0, -1.0)=   -5 ( -1.0, -1.0)=   -5 ( -1.0, -1.0)=   -5 ( -1.0, -1.0)=   -5 ( -1.0, -1.0)=   -5 ( -1.0, -1.0)=   -5 ( -1.0, -1.0)=   -5 ( -1.0, -1.0)=   -5 ( -1.0, -1.0)=   -5 ( -1.0, -1.0)=   -5 ( -1.0, -1.0)=   -5 
    383 | (138.0,341.0)= 2426 (142.6,332.5)=    0 (142.6,325.0)=    0 (145.5,316.4)=    0 (147.2,310.0)=    0 (141.0,308.7)=    0 ( -1.0, -1.0)=   -5 ( -1.0, -1.0)=   -5 ( -1.0, -1.0)=   -5 ( -1.0, -1.0)=   -5 ( -1.0, -1.0)=   -5 ( -1.0, -1.0)=   -5 ( -1.0, -1.0)=   -5 ( -1.0, -1.0)=   -5 ( -1.0, -1.0)=   -5 ( -1.0, -1.0)=   -5 ( -1.0, -1.0)=   -5 ( -1.0, -1.0)=   -5 ( -1.0, -1.0)=   -5 ( -1.0, -1.0)=   -5 ( -1.0, -1.0)=   -5 ( -1.0, -1.0)=   -5 ( -1.0, -1.0)=   -5 ( -1.0, -1.0)=   -5 ( -1.0, -1.0)=   -5 ( -1.0, -1.0)=   -5 ( -1.0, -1.0)=   -5 ( -1.0, -1.0)=   -5 ( -1.0, -1.0)=   -5 ( -1.0, -1.0)=   -5 ( -1.0, -1.0)=   -5 ( -1.0, -1.0)=   -5 ( -1.0, -1.0)=   -5 ( -1.0, -1.0)=   -5 ( -1.0, -1.0)=   -5 ( -1.0, -1.0)=   -5 ( -1.0, -1.0)=   -5 ( -1.0, -1.0)=   -5 ( -1.0, -1.0)=   -5 ( -1.0, -1.0)=   -5 ( -1.0, -1.0)=   -5 ( -1.0, -1.0)=   -5 ( -1.0, -1.0)=   -5 ( -1.0, -1.0)=   -5 
    384 | (519.0,797.0)= 2403 (524.4,792.0)=    0 (524.6,788.1)=    0 (526.6,781.7)=    0 (529.4,777.9)=    0 (525.8,781.5)=    0 (513.5,787.3)=    0 (498.8,793.0)=    0 (485.5,800.8)=    0 (489.2,795.9)=    0 (489.8,792.0)=    0 ( -1.0, -1.0)=   -3 ( -1.0, -1.0)=   -3 ( -1.0, -1.0)=   -3 ( -1.0, -1.0)=   -3 ( -1.0, -1.0)=   -3 ( -1.0, -1.0)=   -3 ( -1.0, -1.0)=   -3 ( -1.0, -1.0)=   -3 ( -1.0, -1.0)=   -3 ( -1.0, -1.0)=   -3 ( -1.0, -1.0)=   -3 ( -1.0, -1.0)=   -3 ( -1.0, -1.0)=   -3 ( -1.0, -1.0)=   -3 ( -1.0, -1.0)=   -3 ( -1.0, -1.0)=   -3 ( -1.0, -1.0)=   -3 ( -1.0, -1.0)=   -3 ( -1.0, -1.0)=   -3 ( -1.0, -1.0)=   -3 ( -1.0, -1.0)=   -3 ( -1.0, -1.0)=   -3 ( -1.0, -1.0)=   -3 ( -1.0, -1.0)=   -3 ( -1.0, -1.0)=   -3 ( -1.0, -1.0)=   -3 ( -1.0, -1.0)=   -3 ( -1.0, -1.0)=   -3 ( -1.0, -1.0)=   -3 ( -1.0, -1.0)=   -3 ( -1.0, -1.0)=   -3 ( -1.0, -1.0)=   -3 ( -1.0, -1.0)=   -3 
    385 | (264.0,376.0)= 2397 (269.1,368.5)=    0 (270.3,361.5)=    0 (273.8,353.1)=    0 (276.3,347.2)=    0 (272.9,345.5)=    0 (262.8,347.7)=    0 (249.3,347.7)=    0 (237.2,351.4)=    0 (221.3,355.9)=    0 (203.6,361.4)=    0 (186.0,366.6)=    0 (168.8,366.7)=    0 (168.5,369.0)=    0 (153.9,368.3)=    0 (139.7,368.3)=    0 (126.5,368.5)=    0 (116.8,371.8)=    0 (103.1,373.0)=    0 ( 87.0,375.5)=    0 ( 77.2,377.9)=    0 ( 69.0,381.1)=    0 ( 60.8,386.8)=    0 ( 50.8,391.4)=    0 ( 39.6,400.0)=    0 ( -1.0, -1.0)=   -5 ( -1.0, -1.0)=   -5 ( -1.0, -1.0)=   -5 ( -1.0, -1.0)=   -5 ( -1.0, -1.0)=   -5 ( -1.0, -1.0)=   -5 ( -1.0, -1.0)=   -5 ( -1.0, -1.0)=   -5 ( -1.0, -1.0)=   -5 ( -1.0, -1.0)=   -5 ( -1.0, -1.0)=   -5 ( -1.0, -1.0)=   -5 ( -1.0, -1.0)=   -5 ( -1.0, -1.0)=   -5 ( -1.0, -1.0)=   -5 ( -1.0, -1.0)=   -5 ( -1.0, -1.0)=   -5 ( -1.0, -1.0)=   -5 ( -1.0, -1.0)=   -5 
    386 | (264.0,335.0)= 2394 (269.3,327.3)=    0 (270.6,319.9)=    0 (274.0,311.3)=    0 (276.6,304.7)=    0 (272.6,302.7)=    0 (262.1,304.7)=    0 (248.0,304.6)=    0 (235.6,308.1)=    0 ( -1.0, -1.0)=   -5 ( -1.0, -1.0)=   -5 ( -1.0, -1.0)=   -5 ( -1.0, -1.0)=   -5 ( -1.0, -1.0)=   -5 ( -1.0, -1.0)=   -5 ( -1.0, -1.0)=   -5 ( -1.0, -1.0)=   -5 ( -1.0, -1.0)=   -5 ( -1.0, -1.0)=   -5 ( -1.0, -1.0)=   -5 ( -1.0, -1.0)=   -5 ( -1.0, -1.0)=   -5 ( -1.0, -1.0)=   -5 ( -1.0, -1.0)=   -5 ( -1.0, -1.0)=   -5 ( -1.0, -1.0)=   -5 ( -1.0, -1.0)=   -5 ( -1.0, -1.0)=   -5 ( -1.0, -1.0)=   -5 ( -1.0, -1.0)=   -5 ( -1.0, -1.0)=   -5 ( -1.0, -1.0)=   -5 ( -1.0, -1.0)=   -5 ( -1.0, -1.0)=   -5 ( -1.0, -1.0)=   -5 ( -1.0, -1.0)=   -5 ( -1.0, -1.0)=   -5 ( -1.0, -1.0)=   -5 ( -1.0, -1.0)=   -5 ( -1.0, -1.0)=   -5 ( -1.0, -1.0)=   -5 ( -1.0, -1.0)=   -5 ( -1.0, -1.0)=   -5 ( -1.0, -1.0)=   -5 
    387 | (281.0,353.0)= 2386 (286.5,345.5)=    0 (287.8,338.5)=    0 (291.3,330.1)=    0 (294.2,323.7)=    0 (290.9,321.9)=    0 (280.9,323.6)=    0 (267.6,323.6)=    0 (255.5,327.1)=    0 (239.5,331.1)=    0 (222.2,336.0)=    0 (204.6,341.2)=    0 (187.6,341.3)=    0 (166.2,338.4)=    0 (151.1,337.3)=    0 (136.8,337.2)=    0 (123.4,337.3)=    0 (113.2,340.2)=    0 ( 99.2,341.3)=    0 ( 82.7,343.5)=    0 ( 72.2,345.7)=    0 ( 63.6,348.7)=    0 ( 55.1,354.3)=    0 ( 44.7,358.7)=    0 ( 33.2,367.5)=    0 ( -1.0, -1.0)=   -4 ( -1.0, -1.0)=   -4 ( -1.0, -1.0)=   -4 ( -1.0, -1.0)=   -4 ( -1.0, -1.0)=   -4 ( -1.0, -1.0)=   -4 ( -1.0, -1.0)=   -4 ( -1.0, -1.0)=   -4 ( -1.0, -1.0)=   -4 ( -1.0, -1.0)=   -4 ( -1.0, -1.0)=   -4 ( -1.0, -1.0)=   -4 ( -1.0, -1.0)=   -4 ( -1.0, -1.0)=   -4 ( -1.0, -1.0)=   -4 ( -1.0, -1.0)=   -4 ( -1.0, -1.0)=   -4 ( -1.0, -1.0)=   -4 ( -1.0, -1.0)=   -4 
    388 | (522.0,479.0)= 2381 (528.1,473.0)=    0 (530.9,467.5)=    0 (535.6,460.2)=    0 (539.8,454.6)=    0 (540.0,453.1)=    0 (532.9,454.3)=    0 (524.2,454.2)=    0 (516.2,457.1)=    0 (505.2,460.7)=    0 (515.3,456.5)=    0 (502.0,460.4)=    0 (490.4,460.2)=    0 (476.1,458.2)=    0 (466.2,457.5)=    0 (456.8,457.8)=    0 (447.6,458.8)=    0 (440.9,462.3)=    0 (431.9,464.5)=    0 (421.8,467.5)=    0 (416.7,470.1)=    0 (413.3,473.1)=    0 (407.7,477.9)=    0 (401.5,482.2)=    0 (390.9,489.5)=    0 (377.6,492.0)=    0 (370.8,486.3)=    0 (363.3,487.5)=    0 (359.7,488.6)=    0 (350.5,485.2)=    0 (341.3,482.9)=    0 (339.7,478.9)=    0 (339.8,480.9)=    0 (341.6,485.7)=    0 (341.1,491.1)=    0 (338.0,494.1)=    0 (333.0,494.7)=    0 (323.4,496.6)=    0 (313.3,498.1)=    0 (304.0,496.3)=    0 (295.9,493.7)=    0 (283.8,491.2)=    0 (275.6,490.0)=    0 (278.5,489.5)=    0 
    389 | (566.0,756.0)= 2365 (571.7,751.1)=    0 (572.6,747.1)=    0 (574.9,740.5)=    0 (578.2,736.5)=    0 (575.6,739.0)=    0 (564.3,744.2)=    0 (550.7,748.9)=    0 (538.5,755.9)=    0 ( -1.0, -1.0)=   -5 ( -1.0, -1.0)=   -5 ( -1.0, -1.0)=   -5 ( -1.0, -1.0)=   -5 ( -1.0, -1.0)=   -5 ( -1.0, -1.0)=   -5 ( -1.0, -1.0)=   -5 ( -1.0, -1.0)=   -5 ( -1.0, -1.0)=   -5 ( -1.0, -1.0)=   -5 ( -1.0, -1.0)=   -5 ( -1.0, -1.0)=   -5 ( -1.0, -1.0)=   -5 ( -1.0, -1.0)=   -5 ( -1.0, -1.0)=   -5 ( -1.0, -1.0)=   -5 ( -1.0, -1.0)=   -5 ( -1.0, -1.0)=   -5 ( -1.0, -1.0)=   -5 ( -1.0, -1.0)=   -5 ( -1.0, -1.0)=   -5 ( -1.0, -1.0)=   -5 ( -1.0, -1.0)=   -5 ( -1.0, -1.0)=   -5 ( -1.0, -1.0)=   -5 ( -1.0, -1.0)=   -5 ( -1.0, -1.0)=   -5 ( -1.0, -1.0)=   -5 ( -1.0, -1.0)=   -5 ( -1.0, -1.0)=   -5 ( -1.0, -1.0)=   -5 ( -1.0, -1.0)=   -5 ( -1.0, -1.0)=   -5 ( -1.0, -1.0)=   -5 ( -1.0, -1.0)=   -5 
    390 | (205.0,401.0)= 2364 (209.7,393.6)=    0 (210.3,386.6)=    0 (213.3,378.4)=    0 (215.6,372.3)=    0 (211.3,371.1)=    0 (200.4,373.6)=    0 (185.7,374.5)=    0 (173.3,378.9)=    0 (155.9,384.0)=    0 ( -1.0, -1.0)=   -5 ( -1.0, -1.0)=   -5 ( -1.0, -1.0)=   -5 ( -1.0, -1.0)=   -5 ( -1.0, -1.0)=   -5 ( -1.0, -1.0)=   -5 ( -1.0, -1.0)=   -5 ( -1.0, -1.0)=   -5 ( -1.0, -1.0)=   -5 ( -1.0, -1.0)=   -5 ( -1.0, -1.0)=   -5 ( -1.0, -1.0)=   -5 ( -1.0, -1.0)=   -5 ( -1.0, -1.0)=   -5 ( -1.0, -1.0)=   -5 ( -1.0, -1.0)=   -5 ( -1.0, -1.0)=   -5 ( -1.0, -1.0)=   -5 ( -1.0, -1.0)=   -5 ( -1.0, -1.0)=   -5 ( -1.0, -1.0)=   -5 ( -1.0, -1.0)=   -5 ( -1.0, -1.0)=   -5 ( -1.0, -1.0)=   -5 ( -1.0, -1.0)=   -5 ( -1.0, -1.0)=   -5 ( -1.0, -1.0)=   -5 ( -1.0, -1.0)=   -5 ( -1.0, -1.0)=   -5 ( -1.0, -1.0)=   -5 ( -1.0, -1.0)=   -5 ( -1.0, -1.0)=   -5 ( -1.0, -1.0)=   -5 ( -1.0, -1.0)=   -5 
    391 | (326.0,261.0)= 2360 (331.7,253.0)=    0 (333.6,245.0)=    0 (337.8,236.0)=    0 (340.9,229.0)=    0 (337.7,226.0)=    0 (327.9,227.0)=    0 (315.0,225.5)=    0 (303.2,228.0)=    0 (286.8,231.1)=    0 (269.4,235.1)=    0 (251.4,239.5)=    0 (234.2,238.4)=    0 (212.8,233.9)=    0 (197.7,232.1)=    0 (183.2,231.0)=    0 (169.9,230.3)=    0 (160.3,233.0)=    0 (146.6,233.1)=    0 (130.5,234.1)=    0 (120.3,235.4)=    0 (112.0,237.1)=    0 (103.1,242.7)=    0 ( 92.7,246.8)=    0 ( 80.5,256.2)=    0 ( 65.1,259.2)=    0 ( 55.5,251.3)=    0 ( 47.2,252.8)=    0 ( 43.3,254.0)=    0 ( 31.8,248.0)=    0 ( -1.0, -1.0)=   -4 ( -1.0, -1.0)=   -4 ( -1.0, -1.0)=   -4 ( -1.0, -1.0)=   -4 ( -1.0, -1.0)=   -4 ( -1.0, -1.0)=   -4 ( -1.0, -1.0)=   -4 ( -1.0, -1.0)=   -4 ( -1.0, -1.0)=   -4 ( -1.0, -1.0)=   -4 ( -1.0, -1.0)=   -4 ( -1.0, -1.0)=   -4 ( -1.0, -1.0)=   -4 ( -1.0, -1.0)=   -4 
    392 | ( 80.0,567.0)= 2359 ( 83.7,560.0)=    0 ( 83.4,553.7)=    0 ( 86.1,545.5)=    0 ( 87.8,540.5)=    0 ( 82.3,541.1)=    0 ( 71.0,544.9)=    0 ( 55.1,548.0)=    0 ( 41.5,553.7)=    0 ( -1.0, -1.0)=   -5 ( -1.0, -1.0)=   -5 ( -1.0, -1.0)=   -5 ( -1.0, -1.0)=   -5 ( -1.0, -1.0)=   -5 ( -1.0, -1.0)=   -5 ( -1.0, -1.0)=   -5 ( -1.0, -1.0)=   -5 ( -1.0, -1.0)=   -5 ( -1.0, -1.0)=   -5 ( -1.0, -1.0)=   -5 ( -1.0, -1.0)=   -5 ( -1.0, -1.0)=   -5 ( -1.0, -1.0)=   -5 ( -1.0, -1.0)=   -5 ( -1.0, -1.0)=   -5 ( -1.0, -1.0)=   -5 ( -1.0, -1.0)=   -5 ( -1.0, -1.0)=   -5 ( -1.0, -1.0)=   -5 ( -1.0, -1.0)=   -5 ( -1.0, -1.0)=   -5 ( -1.0, -1.0)=   -5 ( -1.0, -1.0)=   -5 ( -1.0, -1.0)=   -5 ( -1.0, -1.0)=   -5 ( -1.0, -1.0)=   -5 ( -1.0, -1.0)=   -5 ( -1.0, -1.0)=   -5 ( -1.0, -1.0)=   -5 ( -1.0, -1.0)=   -5 ( -1.0, -1.0)=   -5 ( -1.0, -1.0)=   -5 ( -1.0, -1.0)=   -5 ( -1.0, -1.0)=   -5 
    393 | (202.0,206.0)= 2351 (207.4,196.6)=    0 (207.9,188.1)=    0 (211.0,178.3)=    0 (213.2,170.8)=    0 (207.4,167.9)=    0 (194.3,169.7)=    0 ( -1.0, -1.0)=   -5 ( -1.0, -1.0)=   -5 ( -1.0, -1.0)=   -5 ( -1.0, -1.0)=   -5 ( -1.0, -1.0)=   -5 ( -1.0, -1.0)=   -5 ( -1.0, -1.0)=   -5 ( -1.0, -1.0)=   -5 ( -1.0, -1.0)=   -5 ( -1.0, -1.0)=   -5 ( -1.0, -1.0)=   -5 ( -1.0, -1.0)=   -5 ( -1.0, -1.0)=   -5 ( -1.0, -1.0)=   -5 ( -1.0, -1.0)=   -5 ( -1.0, -1.0)=   -5 ( -1.0, -1.0)=   -5 ( -1.0, -1.0)=   -5 ( -1.0, -1.0)=   -5 ( -1.0, -1.0)=   -5 ( -1.0, -1.0)=   -5 ( -1.0, -1.0)=   -5 ( -1.0, -1.0)=   -5 ( -1.0, -1.0)=   -5 ( -1.0, -1.0)=   -5 ( -1.0, -1.0)=   -5 ( -1.0, -1.0)=   -5 ( -1.0, -1.0)=   -5 ( -1.0, -1.0)=   -5 ( -1.0, -1.0)=   -5 ( -1.0, -1.0)=   -5 ( -1.0, -1.0)=   -5 ( -1.0, -1.0)=   -5 ( -1.0, -1.0)=   -5 ( -1.0, -1.0)=   -5 ( -1.0, -1.0)=   -5 ( -1.0, -1.0)=   -5 
    394 | (246.0,388.0)= 2332 (250.9,380.7)=    0 (252.2,373.7)=    0 (255.5,365.3)=    0 (257.6,359.4)=    0 (254.0,358.0)=    0 (243.9,360.1)=    0 (230.2,360.5)=    0 (217.9,364.2)=    0 (201.6,368.9)=    0 (183.7,374.7)=    0 (166.0,380.0)=    0 (148.3,380.6)=    0 (125.8,378.6)=    0 (110.6,377.8)=    0 ( 95.9,378.2)=    0 ( 81.9,378.6)=    0 ( 83.1,378.6)=    0 ( 76.2,378.2)=    0 ( -1.0, -1.0)=   -5 ( -1.0, -1.0)=   -5 ( -1.0, -1.0)=   -5 ( -1.0, -1.0)=   -5 ( -1.0, -1.0)=   -5 ( -1.0, -1.0)=   -5 ( -1.0, -1.0)=   -5 ( -1.0, -1.0)=   -5 ( -1.0, -1.0)=   -5 ( -1.0, -1.0)=   -5 ( -1.0, -1.0)=   -5 ( -1.0, -1.0)=   -5 ( -1.0, -1.0)=   -5 ( -1.0, -1.0)=   -5 ( -1.0, -1.0)=   -5 ( -1.0, -1.0)=   -5 ( -1.0, -1.0)=   -5 ( -1.0, -1.0)=   -5 ( -1.0, -1.0)=   -5 ( -1.0, -1.0)=   -5 ( -1.0, -1.0)=   -5 ( -1.0, -1.0)=   -5 ( -1.0, -1.0)=   -5 ( -1.0, -1.0)=   -5 ( -1.0, -1.0)=   -5 
    395 | (244.0,340.0)= 2328 (249.0,332.1)=    0 (250.1,324.8)=    0 (253.6,316.0)=    0 (255.7,309.8)=    0 (251.6,307.9)=    0 (240.9,310.1)=    0 (226.9,310.2)=    0 (214.0,313.9)=    0 (196.9,318.2)=    0 (178.2,323.4)=    0 (159.5,329.0)=    0 (141.1,329.0)=    0 (117.7,326.0)=    0 (102.2,325.3)=    0 ( 86.3,325.1)=    0 ( 71.6,325.4)=    0 ( 72.4,325.1)=    0 ( -1.0, -1.0)=   -5 ( -1.0, -1.0)=   -5 ( -1.0, -1.0)=   -5 ( -1.0, -1.0)=   -5 ( -1.0, -1.0)=   -5 ( -1.0, -1.0)=   -5 ( -1.0, -1.0)=   -5 ( -1.0, -1.0)=   -5 ( -1.0, -1.0)=   -5 ( -1.0, -1.0)=   -5 ( -1.0, -1.0)=   -5 ( -1.0, -1.0)=   -5 ( -1.0, -1.0)=   -5 ( -1.0, -1.0)=   -5 ( -1.0, -1.0)=   -5 ( -1.0, -1.0)=   -5 ( -1.0, -1.0)=   -5 ( -1.0, -1.0)=   -5 ( -1.0, -1.0)=   -5 ( -1.0, -1.0)=   -5 ( -1.0, -1.0)=   -5 ( -1.0, -1.0)=   -5 ( -1.0, -1.0)=   -5 ( -1.0, -1.0)=   -5 ( -1.0, -1.0)=   -5 ( -1.0, -1.0)=   -5 
    396 | (463.0,774.0)= 2327 (468.2,768.8)=    0 (468.0,764.4)=    0 (470.0,757.7)=    0 (472.5,753.5)=    0 (468.5,756.8)=    0 (456.1,762.3)=    0 (440.8,767.6)=    0 (427.2,775.2)=    0 (409.3,785.5)=    0 (389.5,797.3)=    0 ( -1.0, -1.0)=   -5 ( -1.0, -1.0)=   -5 ( -1.0, -1.0)=   -5 ( -1.0, -1.0)=   -5 ( -1.0, -1.0)=   -5 ( -1.0, -1.0)=   -5 ( -1.0, -1.0)=   -5 ( -1.0, -1.0)=   -5 ( -1.0, -1.0)=   -5 ( -1.0, -1.0)=   -5 ( -1.0, -1.0)=   -5 ( -1.0, -1.0)=   -5 ( -1.0, -1.0)=   -5 ( -1.0, -1.0)=   -5 ( -1.0, -1.0)=   -5 ( -1.0, -1.0)=   -5 ( -1.0, -1.0)=   -5 ( -1.0, -1.0)=   -5 ( -1.0, -1.0)=   -5 ( -1.0, -1.0)=   -5 ( -1.0, -1.0)=   -5 ( -1.0, -1.0)=   -5 ( -1.0, -1.0)=   -5 ( -1.0, -1.0)=   -5 ( -1.0, -1.0)=   -5 ( -1.0, -1.0)=   -5 ( -1.0, -1.0)=   -5 ( -1.0, -1.0)=   -5 ( -1.0, -1.0)=   -5 ( -1.0, -1.0)=   -5 ( -1.0, -1.0)=   -5 ( -1.0, -1.0)=   -5 ( -1.0, -1.0)=   -5 
    397 | (260.0,180.0)= 2320 (265.9,170.6)=    0 (266.8,162.3)=    0 (270.4,152.3)=    0 (273.0,144.5)=    0 (268.2,141.0)=    0 (256.0,142.1)=    0 (261.0,158.2)=    0 (247.5,160.9)=    0 (229.4,163.5)=    0 (209.5,167.3)=    0 (189.5,171.9)=    0 (170.4,170.3)=    0 (145.5,165.0)=    0 (128.6,162.5)=    0 (112.4,161.0)=    0 ( 97.1,160.0)=    0 ( 85.5,162.7)=    0 ( 69.8,162.3)=    0 ( 50.6,162.9)=    0 ( 38.5,163.9)=    0 ( 27.7,165.4)=    0 ( -1.0, -1.0)=   -4 ( -1.0, -1.0)=   -4 ( -1.0, -1.0)=   -4 ( -1.0, -1.0)=   -4 ( -1.0, -1.0)=   -4 ( -1.0, -1.0)=   -4 ( -1.0, -1.0)=   -4 ( -1.0, -1.0)=   -4 ( -1.0, -1.0)=   -4 ( -1.0, -1.0)=   -4 ( -1.0, -1.0)=   -4 ( -1.0, -1.0)=   -4 ( -1.0, -1.0)=   -4 ( -1.0, -1.0)=   -4 ( -1.0, -1.0)=   -4 ( -1.0, -1.0)=   -4 ( -1.0, -1.0)=   -4 ( -1.0, -1.0)=   -4 ( -1.0, -1.0)=   -4 ( -1.0, -1.0)=   -4 ( -1.0, -1.0)=   -4 ( -1.0, -1.0)=   -4 
    398 | (282.0,381.0)= 2319 (287.3,373.6)=    0 (288.4,366.7)=    0 (292.1,358.6)=    0 (294.7,352.4)=    0 (291.5,350.8)=    0 (281.8,352.9)=    0 (268.8,353.1)=    0 (257.3,356.5)=    0 (241.6,360.9)=    0 (224.7,366.0)=    0 (207.3,371.2)=    0 (190.6,371.5)=    0 (169.6,369.2)=    0 (155.0,368.5)=    0 (140.8,368.5)=    0 (127.6,368.7)=    0 (117.8,372.0)=    0 (104.0,373.3)=    0 ( 88.0,375.7)=    0 ( 78.1,378.1)=    0 ( 69.9,381.3)=    0 ( 61.7,387.1)=    0 ( 51.7,391.7)=    0 ( 40.5,400.3)=    0 ( -1.0, -1.0)=   -5 ( -1.0, -1.0)=   -5 ( -1.0, -1.0)=   -5 ( -1.0, -1.0)=   -5 ( -1.0, -1.0)=   -5 ( -1.0, -1.0)=   -5 ( -1.0, -1.0)=   -5 ( -1.0, -1.0)=   -5 ( -1.0, -1.0)=   -5 ( -1.0, -1.0)=   -5 ( -1.0, -1.0)=   -5 ( -1.0, -1.0)=   -5 ( -1.0, -1.0)=   -5 ( -1.0, -1.0)=   -5 ( -1.0, -1.0)=   -5 ( -1.0, -1.0)=   -5 ( -1.0, -1.0)=   -5 ( -1.0, -1.0)=   -5 ( -1.0, -1.0)=   -5 
    399 | (105.0,577.0)= 2315 (109.0,569.9)=    0 (108.5,563.8)=    0 (111.3,555.8)=    0 (112.9,550.7)=    0 (107.7,551.6)=    0 ( 96.3,555.5)=    0 ( 80.4,558.5)=    0 ( 67.1,564.4)=    0 ( -1.0, -1.0)=   -5 ( -1.0, -1.0)=   -5 ( -1.0, -1.0)=   -5 ( -1.0, -1.0)=   -5 ( -1.0, -1.0)=   -5 ( -1.0, -1.0)=   -5 ( -1.0, -1.0)=   -5 ( -1.0, -1.0)=   -5 ( -1.0, -1.0)=   -5 ( -1.0, -1.0)=   -5 ( -1.0, -1.0)=   -5 ( -1.0, -1.0)=   -5 ( -1.0, -1.0)=   -5 ( -1.0, -1.0)=   -5 ( -1.0, -1.0)=   -5 ( -1.0, -1.0)=   -5 ( -1.0, -1.0)=   -5 ( -1.0, -1.0)=   -5 ( -1.0, -1.0)=   -5 ( -1.0, -1.0)=   -5 ( -1.0, -1.0)=   -5 ( -1.0, -1.0)=   -5 ( -1.0, -1.0)=   -5 ( -1.0, -1.0)=   -5 ( -1.0, -1.0)=   -5 ( -1.0, -1.0)=   -5 ( -1.0, -1.0)=   -5 ( -1.0, -1.0)=   -5 ( -1.0, -1.0)=   -5 ( -1.0, -1.0)=   -5 ( -1.0, -1.0)=   -5 ( -1.0, -1.0)=   -5 ( -1.0, -1.0)=   -5 ( -1.0, -1.0)=   -5 ( -1.0, -1.0)=   -5 
    400 | (301.0,544.0)= 2310 (305.9,537.6)=    0 (306.7,531.6)=    0 (309.6,524.2)=    0 (312.4,519.1)=    0 (309.1,519.0)=    0 (299.2,522.0)=    0 (286.1,524.0)=    0 (274.5,528.7)=    0 (258.9,534.7)=    0 (241.9,542.0)=    0 ( -1.0, -1.0)=   -3 ( -1.0, -1.0)=   -3 ( -1.0, -1.0)=   -3 ( -1.0, -1.0)=   -3 ( -1.0, -1.0)=   -3 ( -1.0, -1.0)=   -3 ( -1.0, -1.0)=   -3 ( -1.0, -1.0)=   -3 ( -1.0, -1.0)=   -3 ( -1.0, -1.0)=   -3 ( -1.0, -1.0)=   -3 ( -1.0, -1.0)=   -3 ( -1.0, -1.0)=   -3 ( -1.0, -1.0)=   -3 ( -1.0, -1.0)=   -3 ( -1.0, -1.0)=   -3 ( -1.0, -1.0)=   -3 ( -1.0, -1.0)=   -3 ( -1.0, -1.0)=   -3 ( -1.0, -1.0)=   -3 ( -1.0, -1.0)=   -3 ( -1.0, -1.0)=   -3 ( -1.0, -1.0)=   -3 ( -1.0, -1.0)=   -3 ( -1.0, -1.0)=   -3 ( -1.0, -1.0)=   -3 ( -1.0, -1.0)=   -3 ( -1.0, -1.0)=   -3 ( -1.0, -1.0)=   -3 ( -1.0, -1.0)=   -3 ( -1.0, -1.0)=   -3 ( -1.0, -1.0)=   -3 ( -1.0, -1.0)=   -3 
    401 | (536.0,435.0)= 2309 (542.3,429.0)=    0 (545.6,423.3)=    0 (550.9,416.0)=    0 (555.5,410.3)=    0 (556.2,407.9)=    0 (550.5,408.3)=    0 (543.1,407.4)=    0 (535.7,409.3)=    0 (525.9,411.8)=    0 (514.9,415.5)=    0 (502.9,418.7)=    0 (492.4,417.8)=    0 (479.4,414.8)=    0 (470.7,413.4)=    0 (462.6,412.8)=    0 (454.7,413.3)=    0 (449.3,416.1)=    0 (441.6,417.5)=    0 (433.3,419.8)=    0 (429.2,421.7)=    0 (427.0,423.9)=    0 (422.7,428.1)=    0 (417.9,431.7)=    0 (408.8,438.6)=    0 (397.2,440.9)=    0 (391.7,435.2)=    0 (385.7,436.3)=    0 (383.1,437.2)=    0 (375.5,433.9)=    0 (367.9,431.4)=    0 (368.0,427.3)=    0 (369.1,429.3)=    0 (372.0,434.2)=    0 (372.1,439.5)=    0 (370.2,442.5)=    0 (366.5,443.3)=    0 (358.5,445.3)=    0 (349.8,446.8)=    0 (342.3,445.4)=    0 (335.7,443.0)=    0 (325.0,440.9)=    0 (317.9,439.4)=    0 (321.4,439.3)=    0 
    402 | (598.0,480.0)= 2297 (604.7,474.3)=    0 (608.0,469.0)=    0 (613.2,461.9)=    0 (618.2,456.3)=    0 (619.0,454.4)=    0 (613.0,455.4)=    0 (605.1,454.9)=    0 (597.6,457.4)=    0 (587.7,460.4)=    0 (576.3,464.8)=    0 (563.3,468.5)=    0 (552.1,468.2)=    0 (538.5,465.9)=    0 (529.2,465.3)=    0 (520.1,465.6)=    0 (511.3,466.8)=    0 (504.9,470.5)=    0 (496.4,473.0)=    0 (487.4,476.4)=    0 (482.5,478.9)=    0 (480.0,481.9)=    0 (474.6,486.8)=    0 (468.9,491.3)=    0 (458.4,498.9)=    0 (444.9,501.6)=    0 (438.4,496.1)=    0 (430.9,497.6)=    0 (427.2,498.9)=    0 (418.1,496.2)=    0 (409.2,494.4)=    0 (408.3,490.8)=    0 (408.2,493.6)=    0 (410.0,498.9)=    0 (408.9,504.8)=    0 (405.4,508.3)=    0 (400.3,509.4)=    0 (390.8,512.3)=    0 (380.4,514.5)=    0 (371.3,514.0)=    0 (363.2,511.9)=    0 (351.7,511.3)=    0 (343.5,510.7)=    0 (346.2,510.2)=    0 
    403 | (495.0,454.0)= 2285 (501.0,448.0)=    0 (504.0,442.2)=    0 (508.7,434.9)=    0 (512.8,429.2)=    0 (512.9,427.2)=    0 (506.3,428.3)=    0 (497.9,427.6)=    0 (489.7,430.1)=    0 (479.1,433.1)=    0 (466.8,437.3)=    0 (453.5,441.1)=    0 (441.7,440.8)=    0 (427.4,438.4)=    0 (417.2,437.5)=    0 (407.6,437.4)=    0 (398.4,438.3)=    0 (391.9,441.3)=    0 (382.7,443.1)=    0 (372.7,445.9)=    0 (367.4,448.4)=    0 (363.8,451.2)=    0 (358.5,456.0)=    0 (352.5,460.1)=    0 (342.7,467.5)=    0 (330.0,470.0)=    0 (323.4,464.1)=    0 (316.5,465.2)=    0 (313.2,466.1)=    0 (304.5,462.6)=    0 (295.5,459.8)=    0 (294.0,455.4)=    0 (294.5,457.2)=    0 (297.2,461.8)=    0 (297.1,466.7)=    0 (294.7,469.5)=    0 (290.2,469.7)=    0 (281.0,470.8)=    0 (271.4,471.9)=    0 (262.7,469.7)=    0 (255.2,466.8)=    0 (243.6,464.0)=    0 (235.8,462.4)=    0 (238.8,461.7)=    0 
    404 | (212.0,318.0)= 2270 (217.3,309.9)=    0 (217.8,302.5)=    0 (221.5,293.0)=    0 (223.6,286.7)=    0 (218.9,284.8)=    0 (207.4,286.8)=    0 ( -1.0, -1.0)=   -5 ( -1.0, -1.0)=   -5 ( -1.0, -1.0)=   -5 ( -1.0, -1.0)=   -5 ( -1.0, -1.0)=   -5 ( -1.0, -1.0)=   -5 ( -1.0, -1.0)=   -5 ( -1.0, -1.0)=   -5 ( -1.0, -1.0)=   -5 ( -1.0, -1.0)=   -5 ( -1.0, -1.0)=   -5 ( -1.0, -1.0)=   -5 ( -1.0, -1.0)=   -5 ( -1.0, -1.0)=   -5 ( -1.0, -1.0)=   -5 ( -1.0, -1.0)=   -5 ( -1.0, -1.0)=   -5 ( -1.0, -1.0)=   -5 ( -1.0, -1.0)=   -5 ( -1.0, -1.0)=   -5 ( -1.0, -1.0)=   -5 ( -1.0, -1.0)=   -5 ( -1.0, -1.0)=   -5 ( -1.0, -1.0)=   -5 ( -1.0, -1.0)=   -5 ( -1.0, -1.0)=   -5 ( -1.0, -1.0)=   -5 ( -1.0, -1.0)=   -5 ( -1.0, -1.0)=   -5 ( -1.0, -1.0)=   -5 ( -1.0, -1.0)=   -5 ( -1.0, -1.0)=   -5 ( -1.0, -1.0)=   -5 ( -1.0, -1.0)=   -5 ( -1.0, -1.0)=   -5 ( -1.0, -1.0)=   -5 ( -1.0, -1.0)=   -5 
    405 | (309.0,349.0)= 2268 (314.1,341.5)=    0 (315.6,334.5)=    0 (319.6,326.0)=    0 (322.2,319.7)=    0 (319.4,317.7)=    0 (309.9,319.1)=    0 (297.5,318.9)=    0 (286.2,322.1)=    0 (270.6,325.9)=    0 (254.0,330.5)=    0 (236.5,335.4)=    0 (219.9,335.4)=    0 (199.4,332.2)=    0 (184.9,331.0)=    0 (171.4,330.6)=    0 (158.3,330.7)=    0 (149.0,333.7)=    0 (135.8,334.7)=    0 (120.3,336.9)=    0 (110.6,338.8)=    0 (102.8,341.6)=    0 ( 94.8,347.4)=    0 ( 85.0,351.7)=    0 ( 73.9,360.4)=    0 ( 59.5,362.9)=    0 ( 50.1,355.9)=    0 ( 42.2,357.1)=    0 ( 38.6,358.0)=    0 ( 27.5,352.4)=    0 ( -1.0, -1.0)=   -4 ( -1.0, -1.0)=   -4 ( -1.0, -1.0)=   -4 ( -1.0, -1.0)=   -4 ( -1.0, -1.0)=   -4 ( -1.0, -1.0)=   -4 ( -1.0, -1.0)=   -4 ( -1.0, -1.0)=   -4 ( -1.0, -1.0)=   -4 ( -1.0, -1.0)=   -4 ( -1.0, -1.0)=   -4 ( -1.0, -1.0)=   -4 ( -1.0, -1.0)=   -4 ( -1.0, -1.0)=   -4 
    406 | (275.0,427.0)= 2257 (280.0,420.2)=    0 (281.4,413.5)=    0 (284.9,405.5)=    0 (287.5,399.7)=    0 (284.5,398.4)=    0 (275.1,400.5)=    0 (262.4,401.1)=    0 (251.3,404.9)=    0 (236.2,409.6)=    0 (219.6,415.1)=    0 (202.8,420.3)=    0 (186.5,420.8)=    0 (166.0,419.1)=    0 (152.0,418.5)=    0 (138.3,418.8)=    0 (135.6,416.6)=    0 (126.1,419.9)=    0 (127.9,416.5)=    0 (112.8,419.4)=    0 (103.7,422.0)=    0 ( 96.2,425.5)=    0 ( 88.7,431.3)=    0 ( 79.6,436.1)=    0 ( 68.6,444.2)=    0 ( 54.7,446.4)=    0 ( 45.9,439.9)=    0 ( 38.3,441.0)=    0 ( 34.7,441.9)=    0 ( -1.0, -1.0)=   -4 ( -1.0, -1.0)=   -4 ( -1.0, -1.0)=   -4 ( -1.0, -1.0)=   -4 ( -1.0, -1.0)=   -4 ( -1.0, -1.0)=   -4 ( -1.0, -1.0)=   -4 ( -1.0, -1.0)=   -4 ( -1.0, -1.0)=   -4 ( -1.0, -1.0)=   -4 ( -1.0, -1.0)=   -4 ( -1.0, -1.0)=   -4 ( -1.0, -1.0)=   -4 ( -1.0, -1.0)=   -4 ( -1.0, -1.0)=   -4 
    407 | (265.0,236.0)= 2250 (270.5,227.3)=    0 (271.6,219.2)=    0 (275.2,209.9)=    0 (277.9,202.7)=    0 (273.3,199.6)=    0 (261.8,201.2)=    0 (246.6,200.1)=    0 (232.8,203.2)=    0 ( -1.0, -1.0)=   -5 ( -1.0, -1.0)=   -5 ( -1.0, -1.0)=   -5 ( -1.0, -1.0)=   -5 ( -1.0, -1.0)=   -5 ( -1.0, -1.0)=   -5 ( -1.0, -1.0)=   -5 ( -1.0, -1.0)=   -5 ( -1.0, -1.0)=   -5 ( -1.0, -1.0)=   -5 ( -1.0, -1.0)=   -5 ( -1.0, -1.0)=   -5 ( -1.0, -1.0)=   -5 ( -1.0, -1.0)=   -5 ( -1.0, -1.0)=   -5 ( -1.0, -1.0)=   -5 ( -1.0, -1.0)=   -5 ( -1.0, -1.0)=   -5 ( -1.0, -1.0)=   -5 ( -1.0, -1.0)=   -5 ( -1.0, -1.0)=   -5 ( -1.0, -1.0)=   -5 ( -1.0, -1.0)=   -5 ( -1.0, -1.0)=   -5 ( -1.0, -1.0)=   -5 ( -1.0, -1.0)=   -5 ( -1.0, -1.0)=   -5 ( -1.0, -1.0)=   -5 ( -1.0, -1.0)=   -5 ( -1.0, -1.0)=   -5 ( -1.0, -1.0)=   -5 ( -1.0, -1.0)=   -5 ( -1.0, -1.0)=   -5 ( -1.0, -1.0)=   -5 ( -1.0, -1.0)=   -5 
    408 | (275.0,165.0)= 2231 (280.7,155.8)=    0 (282.4,147.0)=    0 (285.9,137.2)=    0 (288.5,129.2)=    0 (283.9,125.4)=    0 (272.4,126.4)=    0 (256.6,124.5)=    0 (242.2,127.0)=    0 (223.2,129.5)=    0 (203.1,133.0)=    0 (182.2,137.7)=    0 (162.2,135.9)=    0 ( -1.0, -1.0)=   -5 ( -1.0, -1.0)=   -5 ( -1.0, -1.0)=   -5 ( -1.0, -1.0)=   -5 ( -1.0, -1.0)=   -5 ( -1.0, -1.0)=   -5 ( -1.0, -1.0)=   -5 ( -1.0, -1.0)=   -5 ( -1.0, -1.0)=   -5 ( -1.0, -1.0)=   -5 ( -1.0, -1.0)=   -5 ( -1.0, -1.0)=   -5 ( -1.0, -1.0)=   -5 ( -1.0, -1.0)=   -5 ( -1.0, -1.0)=   -5 ( -1.0, -1.0)=   -5 ( -1.0, -1.0)=   -5 ( -1.0, -1.0)=   -5 ( -1.0, -1.0)=   -5 ( -1.0, -1.0)=   -5 ( -1.0, -1.0)=   -5 ( -1.0, -1.0)=   -5 ( -1.0, -1.0)=   -5 ( -1.0, -1.0)=   -5 ( -1.0, -1.0)=   -5 ( -1.0, -1.0)=   -5 ( -1.0, -1.0)=   -5 ( -1.0, -1.0)=   -5 ( -1.0, -1.0)=   -5 ( -1.0, -1.0)=   -5 ( -1.0, -1.0)=   -5 
    409 | (364.0,555.0)= 2230 (369.2,549.0)=    0 (370.2,543.2)=    0 (373.4,535.9)=    0 (376.2,530.9)=    0 (373.3,530.8)=    0 (363.6,533.7)=    0 (351.3,535.7)=    0 (340.2,540.6)=    0 (325.1,546.6)=    0 (308.6,553.8)=    0 (291.2,560.0)=    0 (274.9,562.0)=    0 (253.9,562.3)=    0 (239.3,563.0)=    0 (224.5,564.9)=    0 (210.5,567.1)=    0 (199.2,571.7)=    0 (184.2,574.9)=    0 (167.1,579.9)=    0 (156.2,584.1)=    0 (147.6,589.6)=    0 (138.1,595.9)=    0 (126.8,601.9)=    0 (113.3,610.1)=    0 ( 96.1,612.4)=    0 ( 85.2,606.1)=    0 ( 75.3,607.2)=    0 ( 69.8,607.9)=    0 ( 55.6,603.5)=    0 ( 41.2,600.0)=    0 ( 33.7,594.5)=    0 ( 31.3,595.4)=    0 ( 32.8,598.5)=    0 ( 32.1,601.9)=    0 ( 27.1,602.6)=    0 ( -1.0, -1.0)=   -4 ( -1.0, -1.0)=   -4 ( -1.0, -1.0)=   -4 ( -1.0, -1.0)=   -4 ( -1.0, -1.0)=   -4 ( -1.0, -1.0)=   -4 ( -1.0, -1.0)=   -4 ( -1.0, -1.0)=   -4 
    410 | (275.0,216.0)= 2229 (280.6,207.2)=    0 (282.3,199.1)=    0 (285.8,189.5)=    0 (288.3,182.2)=    0 (284.0,178.9)=    0 (273.0,180.0)=    0 (257.7,178.8)=    0 (243.8,181.6)=    0 (225.9,184.6)=    0 (206.1,188.7)=    0 (186.0,193.4)=    0 (166.5,192.3)=    0 ( -1.0, -1.0)=   -5 ( -1.0, -1.0)=   -5 ( -1.0, -1.0)=   -5 ( -1.0, -1.0)=   -5 ( -1.0, -1.0)=   -5 ( -1.0, -1.0)=   -5 ( -1.0, -1.0)=   -5 ( -1.0, -1.0)=   -5 ( -1.0, -1.0)=   -5 ( -1.0, -1.0)=   -5 ( -1.0, -1.0)=   -5 ( -1.0, -1.0)=   -5 ( -1.0, -1.0)=   -5 ( -1.0, -1.0)=   -5 ( -1.0, -1.0)=   -5 ( -1.0, -1.0)=   -5 ( -1.0, -1.0)=   -5 ( -1.0, -1.0)=   -5 ( -1.0, -1.0)=   -5 ( -1.0, -1.0)=   -5 ( -1.0, -1.0)=   -5 ( -1.0, -1.0)=   -5 ( -1.0, -1.0)=   -5 ( -1.0, -1.0)=   -5 ( -1.0, -1.0)=   -5 ( -1.0, -1.0)=   -5 ( -1.0, -1.0)=   -5 ( -1.0, -1.0)=   -5 ( -1.0, -1.0)=   -5 ( -1.0, -1.0)=   -5 ( -1.0, -1.0)=   -5 
    411 | (372.0,501.0)= 2225 (377.2,494.8)=    0 (378.9,488.8)=    0 (382.6,481.5)=    0 (385.6,476.1)=    0 (383.6,475.3)=    0 (375.2,477.4)=    0 (364.1,478.5)=    0 (353.9,482.2)=    0 (340.3,487.1)=    0 (325.3,492.9)=    0 (309.6,498.3)=    0 (295.0,499.1)=    0 (276.2,498.1)=    0 (263.2,498.1)=    0 (250.5,499.3)=    0 (238.3,500.4)=    0 (229.0,504.1)=    0 (216.6,506.6)=    0 (202.2,510.4)=    0 (193.7,514.0)=    0 (187.1,518.0)=    0 (179.5,523.7)=    0 (170.3,528.9)=    0 (158.9,536.7)=    0 (144.3,539.1)=    0 (135.3,532.8)=    0 (126.9,533.8)=    0 (122.9,534.5)=    0 (110.9,530.3)=    0 ( 99.0,526.7)=    0 ( 94.0,521.3)=    0 ( 93.0,522.2)=    0 ( 95.4,525.6)=    0 ( 95.5,529.5)=    0 ( 91.9,530.7)=    0 ( 86.1,529.6)=    0 ( 74.4,529.4)=    0 ( 62.2,529.1)=    0 ( 51.0,525.2)=    0 ( 41.1,520.4)=    0 ( 26.7,516.3)=    0 ( -1.0, -1.0)=   -4 ( -1.0, -1.0)=   -4 
    412 | (227.0,378.0)= 2222 (231.9,370.2)=    0 (232.9,363.2)=    0 (236.3,354.9)=    0 (238.4,348.7)=    0 (234.2,347.3)=    0 (223.5,349.6)=    0 (209.2,350.2)=    0 (196.4,354.1)=    0 (179.2,358.9)=    0 (160.5,364.5)=    0 (141.9,369.9)=    0 (123.7,370.5)=    0 ( -1.0, -1.0)=   -5 ( -1.0, -1.0)=   -5 ( -1.0, -1.0)=   -5 ( -1.0, -1.0)=   -5 ( -1.0, -1.0)=   -5 ( -1.0, -1.0)=   -5 ( -1.0, -1.0)=   -5 ( -1.0, -1.0)=   -5 ( -1.0, -1.0)=   -5 ( -1.0, -1.0)=   -5 ( -1.0, -1.0)=   -5 ( -1.0, -1.0)=   -5 ( -1.0, -1.0)=   -5 ( -1.0, -1.0)=   -5 ( -1.0, -1.0)=   -5 ( -1.0, -1.0)=   -5 ( -1.0, -1.0)=   -5 ( -1.0, -1.0)=   -5 ( -1.0, -1.0)=   -5 ( -1.0, -1.0)=   -5 ( -1.0, -1.0)=   -5 ( -1.0, -1.0)=   -5 ( -1.0, -1.0)=   -5 ( -1.0, -1.0)=   -5 ( -1.0, -1.0)=   -5 ( -1.0, -1.0)=   -5 ( -1.0, -1.0)=   -5 ( -1.0, -1.0)=   -5 ( -1.0, -1.0)=   -5 ( -1.0, -1.0)=   -5 ( -1.0, -1.0)=   -5 
    413 | ( 81.0,275.0)= 2221 ( 85.4,265.8)=    0 ( 84.8,257.5)=    0 ( 87.2,248.2)=    0 ( 88.3,241.3)=    0 ( 80.9,239.8)=    0 ( 66.7,243.0)=    0 ( 47.3,243.6)=    0 ( 30.5,248.2)=    0 ( -1.0, -1.0)=   -5 ( -1.0, -1.0)=   -5 ( -1.0, -1.0)=   -5 ( -1.0, -1.0)=   -5 ( -1.0, -1.0)=   -5 ( -1.0, -1.0)=   -5 ( -1.0, -1.0)=   -5 ( -1.0, -1.0)=   -5 ( -1.0, -1.0)=   -5 ( -1.0, -1.0)=   -5 ( -1.0, -1.0)=   -5 ( -1.0, -1.0)=   -5 ( -1.0, -1.0)=   -5 ( -1.0, -1.0)=   -5 ( -1.0, -1.0)=   -5 ( -1.0, -1.0)=   -5 ( -1.0, -1.0)=   -5 ( -1.0, -1.0)=   -5 ( -1.0, -1.0)=   -5 ( -1.0, -1.0)=   -5 ( -1.0, -1.0)=   -5 ( -1.0, -1.0)=   -5 ( -1.0, -1.0)=   -5 ( -1.0, -1.0)=   -5 ( -1.0, -1.0)=   -5 ( -1.0, -1.0)=   -5 ( -1.0, -1.0)=   -5 ( -1.0, -1.0)=   -5 ( -1.0, -1.0)=   -5 ( -1.0, -1.0)=   -5 ( -1.0, -1.0)=   -5 ( -1.0, -1.0)=   -5 ( -1.0, -1.0)=   -5 ( -1.0, -1.0)=   -5 ( -1.0, -1.0)=   -5 
    414 | (286.0,339.0)= 2218 (291.5,331.4)=    0 (292.6,324.2)=    0 (296.3,315.7)=    0 (298.9,309.1)=    0 (295.8,307.1)=    0 (285.5,308.9)=    0 (272.4,308.6)=    0 (260.5,311.9)=    0 (244.2,315.9)=    0 (226.5,320.5)=    0 (208.7,325.8)=    0 (191.6,325.6)=    0 (169.7,322.7)=    0 (154.8,321.4)=    0 (140.2,321.1)=    0 (126.7,320.9)=    0 (116.9,324.1)=    0 (102.9,325.0)=    0 ( 86.6,327.1)=    0 ( 76.1,329.2)=    0 ( 67.6,332.0)=    0 ( 59.1,338.0)=    0 ( 48.8,342.3)=    0 ( 37.3,351.3)=    0 ( -1.0, -1.0)=   -4 ( -1.0, -1.0)=   -4 ( -1.0, -1.0)=   -4 ( -1.0, -1.0)=   -4 ( -1.0, -1.0)=   -4 ( -1.0, -1.0)=   -4 ( -1.0, -1.0)=   -4 ( -1.0, -1.0)=   -4 ( -1.0, -1.0)=   -4 ( -1.0, -1.0)=   -4 ( -1.0, -1.0)=   -4 ( -1.0, -1.0)=   -4 ( -1.0, -1.0)=   -4 ( -1.0, -1.0)=   -4 ( -1.0, -1.0)=   -4 ( -1.0, -1.0)=   -4 ( -1.0, -1.0)=   -4 ( -1.0, -1.0)=   -4 ( -1.0, -1.0)=   -4 
    415 | (332.0,539.0)= 2213 (337.0,532.7)=    0 (338.0,527.0)=    0 (341.2,519.6)=    0 (343.9,514.4)=    0 (341.1,514.2)=    0 (330.9,516.9)=    0 (318.4,518.7)=    0 (307.1,523.4)=    0 (291.7,529.1)=    0 (274.9,536.2)=    0 (257.7,542.3)=    0 (241.3,544.1)=    0 (220.3,543.9)=    0 (205.6,544.8)=    0 (191.4,546.7)=    0 (177.5,548.5)=    0 (166.6,552.8)=    0 (152.1,556.1)=    0 (135.4,560.9)=    0 (124.9,565.1)=    0 (116.4,570.3)=    0 (107.6,576.7)=    0 ( 96.7,582.6)=    0 ( 83.9,590.7)=    0 ( 67.5,593.0)=    0 ( 57.0,586.7)=    0 ( 47.5,587.7)=    0 ( 42.6,588.4)=    0 ( 29.1,583.8)=    0 ( -1.0, -1.0)=   -4 ( -1.0, -1.0)=   -4 ( -1.0, -1.0)=   -4 ( -1.0, -1.0)=   -4 ( -1.0, -1.0)=   -4 ( -1.0, -1.0)=   -4 ( -1.0, -1.0)=   -4 ( -1.0, -1.0)=   -4 ( -1.0, -1.0)=   -4 ( -1.0, -1.0)=   -4 ( -1.0, -1.0)=   -4 ( -1.0, -1.0)=   -4 ( -1.0, -1.0)=   -4 ( -1.0, -1.0)=   -4 
    416 | (287.0,363.0)= 2211 (292.3,355.4)=    0 (293.4,348.4)=    0 (297.4,340.1)=    0 (299.7,333.9)=    0 (296.6,332.1)=    0 (286.8,333.8)=    0 (273.8,333.9)=    0 (262.0,337.2)=    0 (246.4,341.3)=    0 (229.1,346.4)=    0 (211.4,351.4)=    0 (194.6,351.5)=    0 (173.6,348.9)=    0 (158.8,347.8)=    0 (144.6,347.8)=    0 (131.4,347.7)=    0 (121.8,351.0)=    0 (107.9,352.1)=    0 ( 92.1,354.3)=    0 ( 82.1,356.6)=    0 ( 73.8,359.6)=    0 ( 65.6,365.4)=    0 ( 55.5,369.9)=    0 ( 44.3,378.6)=    0 ( 29.8,381.0)=    0 ( -1.0, -1.0)=   -4 ( -1.0, -1.0)=   -4 ( -1.0, -1.0)=   -4 ( -1.0, -1.0)=   -4 ( -1.0, -1.0)=   -4 ( -1.0, -1.0)=   -4 ( -1.0, -1.0)=   -4 ( -1.0, -1.0)=   -4 ( -1.0, -1.0)=   -4 ( -1.0, -1.0)=   -4 ( -1.0, -1.0)=   -4 ( -1.0, -1.0)=   -4 ( -1.0, -1.0)=   -4 ( -1.0, -1.0)=   -4 ( -1.0, -1.0)=   -4 ( -1.0, -1.0)=   -4 ( -1.0, -1.0)=   -4 ( -1.0, -1.0)=   -4 
    417 | (224.0,441.0)= 2207 (228.6,434.0)=    0 (229.3,427.4)=    0 (232.6,419.3)=    0 (234.9,413.6)=    0 (231.3,412.7)=    0 (220.9,415.2)=    0 (207.3,416.4)=    0 (195.4,420.6)=    0 (178.8,426.1)=    0 (161.0,432.3)=    0 (143.4,437.8)=    0 (125.9,439.1)=    0 (103.6,437.8)=    0 ( 88.6,437.7)=    0 ( 73.7,438.6)=    0 ( -1.0, -1.0)=   -5 ( -1.0, -1.0)=   -5 ( -1.0, -1.0)=   -5 ( -1.0, -1.0)=   -5 ( -1.0, -1.0)=   -5 ( -1.0, -1.0)=   -5 ( -1.0, -1.0)=   -5 ( -1.0, -1.0)=   -5 ( -1.0, -1.0)=   -5 ( -1.0, -1.0)=   -5 ( -1.0, -1.0)=   -5 ( -1.0, -1.0)=   -5 ( -1.0, -1.0)=   -5 ( -1.0, -1.0)=   -5 ( -1.0, -1.0)=   -5 ( -1.0, -1.0)=   -5 ( -1.0, -1.0)=   -5 ( -1.0, -1.0)=   -5 ( -1.0, -1.0)=   -5 ( -1.0, -1.0)=   -5 ( -1.0, -1.0)=   -5 ( -1.0, -1.0)=   -5 ( -1.0, -1.0)=   -5 ( -1.0, -1.0)=   -5 ( -1.0, -1.0)=   -5 ( -1.0, -1.0)=   -5 ( -1.0, -1.0)=   -5 ( -1.0, -1.0)=   -5 
    418 | (510.0,506.0)= 2205 (516.0,500.1)=    0 (518.6,494.7)=    0 (522.9,487.4)=    0 (526.9,482.1)=    0 (526.4,480.9)=    0 (518.8,482.5)=    0 (509.4,483.1)=    0 (500.4,486.2)=    0 (488.6,490.5)=    0 ( -1.0, -1.0)=   -5 ( -1.0, -1.0)=   -5 ( -1.0, -1.0)=   -5 ( -1.0, -1.0)=   -5 ( -1.0, -1.0)=   -5 ( -1.0, -1.0)=   -5 ( -1.0, -1.0)=   -5 ( -1.0, -1.0)=   -5 ( -1.0, -1.0)=   -5 ( -1.0, -1.0)=   -5 ( -1.0, -1.0)=   -5 ( -1.0, -1.0)=   -5 ( -1.0, -1.0)=   -5 ( -1.0, -1.0)=   -5 ( -1.0, -1.0)=   -5 ( -1.0, -1.0)=   -5 ( -1.0, -1.0)=   -5 ( -1.0, -1.0)=   -5 ( -1.0, -1.0)=   -5 ( -1.0, -1.0)=   -5 ( -1.0, -1.0)=   -5 ( -1.0, -1.0)=   -5 ( -1.0, -1.0)=   -5 ( -1.0, -1.0)=   -5 ( -1.0, -1.0)=   -5 ( -1.0, -1.0)=   -5 ( -1.0, -1.0)=   -5 ( -1.0, -1.0)=   -5 ( -1.0, -1.0)=   -5 ( -1.0, -1.0)=   -5 ( -1.0, -1.0)=   -5 ( -1.0, -1.0)=   -5 ( -1.0, -1.0)=   -5 ( -1.0, -1.0)=   -5 
    419 | (516.0,438.0)= 2202 (522.1,432.0)=    0 (525.3,426.2)=    0 (530.3,418.7)=    0 (534.7,413.2)=    0 (535.3,410.9)=    0 (529.2,411.5)=    0 (521.4,410.9)=    0 (513.5,412.8)=    0 (503.4,415.5)=    0 (491.9,419.3)=    0 (479.3,422.7)=    0 (468.4,422.0)=    0 (454.7,419.3)=    0 (445.4,418.0)=    0 (436.8,417.7)=    0 (428.5,418.1)=    0 (422.7,421.0)=    0 (414.5,422.7)=    0 (405.7,424.9)=    0 (401.2,427.0)=    0 (398.4,429.4)=    0 (393.8,433.6)=    0 (388.4,437.5)=    0 (379.3,444.6)=    0 (367.5,446.8)=    0 (361.7,441.2)=    0 (355.7,442.3)=    0 (352.9,443.2)=    0 (345.2,439.7)=    0 (337.1,437.3)=    0 (336.8,432.9)=    0 (337.8,434.8)=    0 (340.7,439.5)=    0 (341.0,444.8)=    0 (338.8,447.7)=    0 (334.9,448.2)=    0 (326.7,449.9)=    0 (317.8,451.3)=    0 (310.0,449.6)=    0 (303.2,446.8)=    0 (292.5,444.6)=    0 (285.3,443.3)=    0 (288.8,442.7)=    0 
    420 | (308.0,325.0)= 2199 (313.4,317.4)=    0 (315.1,310.1)=    0 (318.7,301.4)=    0 (321.7,295.0)=    0 (318.7,292.7)=    0 (308.9,294.1)=    0 (296.1,293.6)=    0 (284.8,296.9)=    0 (268.3,300.5)=    0 (251.6,304.9)=    0 (233.8,309.6)=    0 (216.8,309.3)=    0 (195.7,305.9)=    0 (181.1,304.6)=    0 (167.0,304.1)=    0 (153.9,303.8)=    0 (144.3,306.8)=    0 (130.7,307.6)=    0 (114.9,309.4)=    0 (105.0,311.2)=    0 ( 96.8,313.8)=    0 ( 88.4,319.7)=    0 ( 78.4,323.9)=    0 ( 67.0,332.9)=    0 ( 52.0,335.7)=    0 ( 42.8,328.2)=    0 ( 34.7,329.6)=    0 ( 31.0,330.5)=    0 ( -1.0, -1.0)=   -4 ( -1.0, -1.0)=   -4 ( -1.0, -1.0)=   -4 ( -1.0, -1.0)=   -4 ( -1.0, -1.0)=   -4 ( -1.0, -1.0)=   -4 ( -1.0, -1.0)=   -4 ( -1.0, -1.0)=   -4 ( -1.0, -1.0)=   -4 ( -1.0, -1.0)=   -4 ( -1.0, -1.0)=   -4 ( -1.0, -1.0)=   -4 ( -1.0, -1.0)=   -4 ( -1.0, -1.0)=   -4 ( -1.0, -1.0)=   -4 
    421 | (167.0,353.0)= 2195 (171.6,344.8)=    0 (171.8,337.5)=    0 (175.0,328.8)=    0 (176.6,322.5)=    0 (171.3,321.2)=    0 ( -1.0, -1.0)=   -5 ( -1.0, -1.0)=   -5 ( -1.0, -1.0)=   -5 ( -1.0, -1.0)=   -5 ( -1.0, -1.0)=   -5 ( -1.0, -1.0)=   -5 ( -1.0, -1.0)=   -5 ( -1.0, -1.0)=   -5 ( -1.0, -1.0)=   -5 ( -1.0, -1.0)=   -5 ( -1.0, -1.0)=   -5 ( -1.0, -1.0)=   -5 ( -1.0, -1.0)=   -5 ( -1.0, -1.0)=   -5 ( -1.0, -1.0)=   -5 ( -1.0, -1.0)=   -5 ( -1.0, -1.0)=   -5 ( -1.0, -1.0)=   -5 ( -1.0, -1.0)=   -5 ( -1.0, -1.0)=   -5 ( -1.0, -1.0)=   -5 ( -1.0, -1.0)=   -5 ( -1.0, -1.0)=   -5 ( -1.0, -1.0)=   -5 ( -1.0, -1.0)=   -5 ( -1.0, -1.0)=   -5 ( -1.0, -1.0)=   -5 ( -1.0, -1.0)=   -5 ( -1.0, -1.0)=   -5 ( -1.0, -1.0)=   -5 ( -1.0, -1.0)=   -5 ( -1.0, -1.0)=   -5 ( -1.0, -1.0)=   -5 ( -1.0, -1.0)=   -5 ( -1.0, -1.0)=   -5 ( -1.0, -1.0)=   -5 ( -1.0, -1.0)=   -5 ( -1.0, -1.0)=   -5 
    422 | (501.0,487.0)= 2191 (506.8,481.2)=    0 (509.5,475.5)=    0 (514.0,468.3)=    0 (518.2,462.7)=    0 (517.8,461.3)=    0 (510.6,462.8)=    0 (501.5,463.0)=    0 (492.9,466.1)=    0 (481.5,469.8)=    0 (468.6,474.9)=    0 ( -1.0, -1.0)=   -5 ( -1.0, -1.0)=   -5 ( -1.0, -1.0)=   -5 ( -1.0, -1.0)=   -5 ( -1.0, -1.0)=   -5 ( -1.0, -1.0)=   -5 ( -1.0, -1.0)=   -5 ( -1.0, -1.0)=   -5 ( -1.0, -1.0)=   -5 ( -1.0, -1.0)=   -5 ( -1.0, -1.0)=   -5 ( -1.0, -1.0)=   -5 ( -1.0, -1.0)=   -5 ( -1.0, -1.0)=   -5 ( -1.0, -1.0)=   -5 ( -1.0, -1.0)=   -5 ( -1.0, -1.0)=   -5 ( -1.0, -1.0)=   -5 ( -1.0, -1.0)=   -5 ( -1.0, -1.0)=   -5 ( -1.0, -1.0)=   -5 ( -1.0, -1.0)=   -5 ( -1.0, -1.0)=   -5 ( -1.0, -1.0)=   -5 ( -1.0, -1.0)=   -5 ( -1.0, -1.0)=   -5 ( -1.0, -1.0)=   -5 ( -1.0, -1.0)=   -5 ( -1.0, -1.0)=   -5 ( -1.0, -1.0)=   -5 ( -1.0, -1.0)=   -5 ( -1.0, -1.0)=   -5 ( -1.0, -1.0)=   -5 
    423 | (588.0,475.0)= 2189 (594.5,469.2)=    0 (598.0,463.8)=    0 (603.1,456.6)=    0 (608.1,451.1)=    0 (609.0,449.2)=    0 (602.8,450.2)=    0 (594.9,449.7)=    0 (587.5,452.1)=    0 (577.2,455.1)=    0 (566.0,459.5)=    0 (553.1,463.3)=    0 (542.0,463.0)=    0 (528.3,460.7)=    0 (519.0,460.0)=    0 (510.0,460.3)=    0 (501.2,461.4)=    0 (494.9,465.1)=    0 (486.5,467.4)=    0 (477.1,470.4)=    0 (472.4,473.0)=    0 (469.9,476.1)=    0 (464.5,480.6)=    0 (458.7,485.0)=    0 (448.1,492.4)=    0 (435.0,495.1)=    0 (428.4,489.4)=    0 (420.8,490.7)=    0 (417.2,491.9)=    0 (408.3,489.0)=    0 (399.6,487.1)=    0 (398.3,483.3)=    0 (398.2,485.6)=    0 (400.0,490.8)=    0 (399.2,496.6)=    0 (395.8,499.8)=    0 (391.0,500.9)=    0 (381.3,503.3)=    0 (371.0,505.5)=    0 (361.9,504.3)=    0 (354.0,502.0)=    0 (342.0,500.4)=    0 (333.6,499.3)=    0 (336.8,499.3)=    0 
    424 | (550.0,456.0)= 2183 (556.3,450.0)=    0 (559.6,444.5)=    0 (564.7,437.2)=    0 (569.4,431.6)=    0 (569.9,429.5)=    0 (563.8,430.2)=    0 (555.8,429.6)=    0 (548.2,431.8)=    0 (538.2,434.6)=    0 (526.7,438.7)=    0 (513.9,442.4)=    0 (502.8,441.5)=    0 (489.5,439.2)=    0 (479.9,438.0)=    0 (471.2,438.0)=    0 (462.6,438.8)=    0 (456.7,442.0)=    0 (448.3,443.9)=    0 (439.2,446.6)=    0 (434.6,448.9)=    0 (432.1,451.5)=    0 (427.1,456.0)=    0 (421.6,460.1)=    0 (411.9,467.5)=    0 (399.3,469.9)=    0 (393.3,464.3)=    0 (386.5,465.6)=    0 (383.5,466.6)=    0 (375.0,463.4)=    0 (366.7,461.2)=    0 (366.0,457.2)=    0 (366.5,459.3)=    0 (369.0,464.4)=    0 (368.7,469.9)=    0 (366.0,473.0)=    0 (361.5,473.8)=    0 (352.7,475.9)=    0 (343.3,477.6)=    0 (334.9,476.4)=    0 (327.4,473.9)=    0 (316.3,472.2)=    0 (308.5,471.0)=    0 (311.9,471.0)=    0 
    425 | (173.0,269.0)= 2176 (178.0,260.2)=    0 (178.3,251.9)=    0 (181.3,242.9)=    0 (183.1,235.8)=    0 (177.4,233.9)=    0 (164.0,236.3)=    0 (147.0,236.1)=    0 (132.2,240.1)=    0 (111.8,244.4)=    0 ( 89.9,249.8)=    0 ( 68.4,255.8)=    0 ( 47.1,255.4)=    0 ( -1.0, -1.0)=   -4 ( -1.0, -1.0)=   -4 ( -1.0, -1.0)=   -4 ( -1.0, -1.0)=   -4 ( -1.0, -1.0)=   -4 ( -1.0, -1.0)=   -4 ( -1.0, -1.0)=   -4 ( -1.0, -1.0)=   -4 ( -1.0, -1.0)=   -4 ( -1.0, -1.0)=   -4 ( -1.0, -1.0)=   -4 ( -1.0, -1.0)=   -4 ( -1.0, -1.0)=   -4 ( -1.0, -1.0)=   -4 ( -1.0, -1.0)=   -4 ( -1.0, -1.0)=   -4 ( -1.0, -1.0)=   -4 ( -1.0, -1.0)=   -4 ( -1.0, -1.0)=   -4 ( -1.0, -1.0)=   -4 ( -1.0, -1.0)=   -4 ( -1.0, -1.0)=   -4 ( -1.0, -1.0)=   -4 ( -1.0, -1.0)=   -4 ( -1.0, -1.0)=   -4 ( -1.0, -1.0)=   -4 ( -1.0, -1.0)=   -4 ( -1.0, -1.0)=   -4 ( -1.0, -1.0)=   -4 ( -1.0, -1.0)=   -4 ( -1.0, -1.0)=   -4 
    426 | (263.0,346.0)= 2175 (268.2,338.1)=    0 (269.5,331.0)=    0 (272.8,322.4)=    0 (275.5,315.9)=    0 (271.6,314.2)=    0 (261.5,316.0)=    0 (247.7,316.3)=    0 (235.3,319.6)=    0 (236.9,310.9)=    0 (219.2,315.5)=    0 (201.3,320.8)=    0 (183.8,320.7)=    0 (161.7,317.6)=    0 (146.6,316.3)=    0 (131.6,316.2)=    0 (118.1,315.9)=    0 (107.8,319.1)=    0 ( 93.5,319.9)=    0 ( 76.9,321.9)=    0 ( 66.2,324.0)=    0 ( 57.3,326.8)=    0 ( 48.6,332.7)=    0 ( 38.0,337.3)=    0 ( 26.3,346.1)=    0 ( -1.0, -1.0)=   -4 ( -1.0, -1.0)=   -4 ( -1.0, -1.0)=   -4 ( -1.0, -1.0)=   -4 ( -1.0, -1.0)=   -4 ( -1.0, -1.0)=   -4 ( -1.0, -1.0)=   -4 ( -1.0, -1.0)=   -4 ( -1.0, -1.0)=   -4 ( -1.0, -1.0)=   -4 ( -1.0, -1.0)=   -4 ( -1.0, -1.0)=   -4 ( -1.0, -1.0)=   -4 ( -1.0, -1.0)=   -4 ( -1.0, -1.0)=   -4 ( -1.0, -1.0)=   -4 ( -1.0, -1.0)=   -4 ( -1.0, -1.0)=   -4 ( -1.0, -1.0)=   -4 
    427 | (488.0,515.0)= 2170 (493.8,509.1)=    0 (496.1,503.6)=    0 (500.3,496.4)=    0 (504.0,491.1)=    0 (503.2,490.1)=    0 (495.3,492.0)=    0 (485.4,492.7)=    0 (476.1,496.2)=    0 ( -1.0, -1.0)=   -3 ( -1.0, -1.0)=   -3 ( -1.0, -1.0)=   -3 ( -1.0, -1.0)=   -3 ( -1.0, -1.0)=   -3 ( -1.0, -1.0)=   -3 ( -1.0, -1.0)=   -3 ( -1.0, -1.0)=   -3 ( -1.0, -1.0)=   -3 ( -1.0, -1.0)=   -3 ( -1.0, -1.0)=   -3 ( -1.0, -1.0)=   -3 ( -1.0, -1.0)=   -3 ( -1.0, -1.0)=   -3 ( -1.0, -1.0)=   -3 ( -1.0, -1.0)=   -3 ( -1.0, -1.0)=   -3 ( -1.0, -1.0)=   -3 ( -1.0, -1.0)=   -3 ( -1.0, -1.0)=   -3 ( -1.0, -1.0)=   -3 ( -1.0, -1.0)=   -3 ( -1.0, -1.0)=   -3 ( -1.0, -1.0)=   -3 ( -1.0, -1.0)=   -3 ( -1.0, -1.0)=   -3 ( -1.0, -1.0)=   -3 ( -1.0, -1.0)=   -3 ( -1.0, -1.0)=   -3 ( -1.0, -1.0)=   -3 ( -1.0, -1.0)=   -3 ( -1.0, -1.0)=   -3 ( -1.0, -1.0)=   -3 ( -1.0, -1.0)=   -3 ( -1.0, -1.0)=   -3 
    428 | (292.0,376.0)= 2170 (297.3,368.6)=    0 (298.4,361.7)=    0 (302.3,353.5)=    0 (305.0,347.2)=    0 (301.8,345.7)=    0 (292.2,347.5)=    0 (279.4,347.7)=    0 (268.1,350.9)=    0 (252.8,355.0)=    0 (235.9,360.2)=    0 (218.7,365.3)=    0 (202.2,365.3)=    0 (181.2,362.9)=    0 (167.0,361.8)=    0 (153.4,361.7)=    0 (140.4,361.9)=    0 (130.7,365.2)=    0 (117.3,366.4)=    0 (101.7,368.9)=    0 ( 92.0,371.2)=    0 ( 84.1,374.3)=    0 ( 76.1,380.1)=    0 ( 66.3,384.8)=    0 ( 55.1,393.3)=    0 ( 40.5,395.9)=    0 ( 31.5,389.1)=    0 ( -1.0, -1.0)=   -4 ( -1.0, -1.0)=   -4 ( -1.0, -1.0)=   -4 ( -1.0, -1.0)=   -4 ( -1.0, -1.0)=   -4 ( -1.0, -1.0)=   -4 ( -1.0, -1.0)=   -4 ( -1.0, -1.0)=   -4 ( -1.0, -1.0)=   -4 ( -1.0, -1.0)=   -4 ( -1.0, -1.0)=   -4 ( -1.0, -1.0)=   -4 ( -1.0, -1.0)=   -4 ( -1.0, -1.0)=   -4 ( -1.0, -1.0)=   -4 ( -1.0, -1.0)=   -4 ( -1.0, -1.0)=   -4 
    429 | (611.0,487.0)= 2170 (617.7,481.3)=    0 (621.2,476.1)=    0 (626.5,468.8)=    0 (631.4,463.5)=    0 (632.5,461.7)=    0 (626.4,462.7)=    0 (618.8,462.4)=    0 (611.2,464.8)=    0 (601.1,467.9)=    0 (589.7,472.4)=    0 (576.8,476.4)=    0 (565.6,476.1)=    0 (551.9,474.0)=    0 (542.5,473.4)=    0 (533.5,473.8)=    0 (524.5,475.2)=    0 (518.1,479.1)=    0 (509.5,481.6)=    0 (499.9,484.8)=    0 (495.2,487.6)=    0 (492.5,490.7)=    0 (486.9,495.4)=    0 (481.0,499.9)=    0 (470.1,507.6)=    0 (456.1,510.2)=    0 (449.3,504.7)=    0 (441.3,505.9)=    0 (437.4,507.3)=    0 (427.6,504.2)=    0 (417.7,501.8)=    0 (416.5,498.5)=    0 (415.9,500.6)=    0 (417.2,505.9)=    0 (415.9,511.6)=    0 (411.9,514.9)=    0 (405.8,515.1)=    0 (392.1,514.3)=    0 (381.3,516.2)=    0 (372.4,515.9)=    0 (363.3,512.9)=    0 (354.1,514.9)=    0 (346.8,515.4)=    0 (349.5,514.8)=    0 
    430 | (376.0,607.0)= 2146 (381.0,600.9)=    0 (381.6,595.4)=    0 (384.4,588.3)=    0 (387.1,583.6)=    0 (383.6,584.2)=    0 (373.1,587.9)=    0 (359.5,590.7)=    0 (347.4,596.0)=    0 (331.1,603.4)=    0 ( -1.0, -1.0)=   -5 ( -1.0, -1.0)=   -5 ( -1.0, -1.0)=   -5 ( -1.0, -1.0)=   -5 ( -1.0, -1.0)=   -5 ( -1.0, -1.0)=   -5 ( -1.0, -1.0)=   -5 ( -1.0, -1.0)=   -5 ( -1.0, -1.0)=   -5 ( -1.0, -1.0)=   -5 ( -1.0, -1.0)=   -5 ( -1.0, -1.0)=   -5 ( -1.0, -1.0)=   -5 ( -1.0, -1.0)=   -5 ( -1.0, -1.0)=   -5 ( -1.0, -1.0)=   -5 ( -1.0, -1.0)=   -5 ( -1.0, -1.0)=   -5 ( -1.0, -1.0)=   -5 ( -1.0, -1.0)=   -5 ( -1.0, -1.0)=   -5 ( -1.0, -1.0)=   -5 ( -1.0, -1.0)=   -5 ( -1.0, -1.0)=   -5 ( -1.0, -1.0)=   -5 ( -1.0, -1.0)=   -5 ( -1.0, -1.0)=   -5 ( -1.0, -1.0)=   -5 ( -1.0, -1.0)=   -5 ( -1.0, -1.0)=   -5 ( -1.0, -1.0)=   -5 ( -1.0, -1.0)=   -5 ( -1.0, -1.0)=   -5 ( -1.0, -1.0)=   -5 
    431 | (100.0,397.0)= 2121 (104.2,388.8)=    0 (103.8,381.6)=    0 (106.5,372.9)=    0 (107.9,366.8)=    0 (101.3,366.3)=    0 ( 88.6,369.7)=    0 ( 71.0,371.2)=    0 ( 55.9,376.4)=    0 ( 35.3,382.4)=    0 ( -1.0, -1.0)=   -4 ( -1.0, -1.0)=   -4 ( -1.0, -1.0)=   -4 ( -1.0, -1.0)=   -4 ( -1.0, -1.0)=   -4 ( -1.0, -1.0)=   -4 ( -1.0, -1.0)=   -4 ( -1.0, -1.0)=   -4 ( -1.0, -1.0)=   -4 ( -1.0, -1.0)=   -4 ( -1.0, -1.0)=   -4 ( -1.0, -1.0)=   -4 ( -1.0, -1.0)=   -4 ( -1.0, -1.0)=   -4 ( -1.0, -1.0)=   -4 ( -1.0, -1.0)=   -4 ( -1.0, -1.0)=   -4 ( -1.0, -1.0)=   -4 ( -1.0, -1.0)=   -4 ( -1.0, -1.0)=   -4 ( -1.0, -1.0)=   -4 ( -1.0, -1.0)=   -4 ( -1.0, -1.0)=   -4 ( -1.0, -1.0)=   -4 ( -1.0, -1.0)=   -4 ( -1.0, -1.0)=   -4 ( -1.0, -1.0)=   -4 ( -1.0, -1.0)=   -4 ( -1.0, -1.0)=   -4 ( -1.0, -1.0)=   -4 ( -1.0, -1.0)=   -4 ( -1.0, -1.0)=   -4 ( -1.0, -1.0)=   -4 ( -1.0, -1.0)=   -4 
    432 | (478.0,827.0)= 2121 (483.0,822.1)=    0 (482.9,818.1)=    0 (484.4,811.5)=    0 (486.7,807.7)=    0 (482.3,812.0)=    0 (469.2,818.4)=    0 (453.4,824.7)=    0 (439.2,833.4)=    0 (446.4,829.6)=    0 (425.9,842.4)=    0 (403.7,852.5)=    0 (382.9,858.7)=    0 (356.0,865.0)=    0 (362.2,851.8)=    0 (342.2,858.1)=    0 (322.5,864.7)=    0 (305.1,873.3)=    0 (311.1,861.7)=    0 (314.6,854.6)=    0 (300.1,863.6)=    0 (288.0,874.8)=    0 (273.4,885.0)=    0 (280.4,867.5)=    0 (260.4,878.7)=    0 (235.7,883.0)=    0 (220.4,878.1)=    0 (204.5,880.7)=    0 (194.3,882.4)=    0 (173.7,880.7)=    0 (152.4,880.4)=    0 (138.8,879.3)=    0 (131.3,882.2)=    0 (127.4,886.4)=    0 (121.4,889.9)=    0 (110.1,891.3)=    0 ( 97.2,890.5)=    0 ( 74.7,893.2)=    0 ( 52.7,895.2)=    0 ( 31.3,893.0)=    0 ( -1.0, -1.0)=   -4 ( -1.0, -1.0)=   -4 ( -1.0, -1.0)=   -4 ( -1.0, -1.0)=   -4 
    433 | (404.0,565.0)= 2120 (409.2,558.9)=    0 (410.5,553.4)=    0 (413.7,546.2)=    0 (416.7,541.2)=    0 (414.2,541.3)=    0 (404.7,544.2)=    0 (392.6,546.2)=    0 (381.6,550.9)=    0 (366.7,556.9)=    0 ( -1.0, -1.0)=   -5 ( -1.0, -1.0)=   -5 ( -1.0, -1.0)=   -5 ( -1.0, -1.0)=   -5 ( -1.0, -1.0)=   -5 ( -1.0, -1.0)=   -5 ( -1.0, -1.0)=   -5 ( -1.0, -1.0)=   -5 ( -1.0, -1.0)=   -5 ( -1.0, -1.0)=   -5 ( -1.0, -1.0)=   -5 ( -1.0, -1.0)=   -5 ( -1.0, -1.0)=   -5 ( -1.0, -1.0)=   -5 ( -1.0, -1.0)=   -5 ( -1.0, -1.0)=   -5 ( -1.0, -1.0)=   -5 ( -1.0, -1.0)=   -5 ( -1.0, -1.0)=   -5 ( -1.0, -1.0)=   -5 ( -1.0, -1.0)=   -5 ( -1.0, -1.0)=   -5 ( -1.0, -1.0)=   -5 ( -1.0, -1.0)=   -5 ( -1.0, -1.0)=   -5 ( -1.0, -1.0)=   -5 ( -1.0, -1.0)=   -5 ( -1.0, -1.0)=   -5 ( -1.0, -1.0)=   -5 ( -1.0, -1.0)=   -5 ( -1.0, -1.0)=   -5 ( -1.0, -1.0)=   -5 ( -1.0, -1.0)=   -5 ( -1.0, -1.0)=   -5 
    434 | (350.0,588.0)= 2119 (354.8,581.9)=    0 (355.5,576.3)=    0 (358.5,569.0)=    0 (360.9,564.1)=    0 (357.4,564.7)=    0 (346.9,568.1)=    0 (333.5,570.7)=    0 (321.4,576.1)=    0 (305.2,582.7)=    0 (318.0,577.3)=    0 ( -1.0, -1.0)=   -5 ( -1.0, -1.0)=   -5 ( -1.0, -1.0)=   -5 ( -1.0, -1.0)=   -5 ( -1.0, -1.0)=   -5 ( -1.0, -1.0)=   -5 ( -1.0, -1.0)=   -5 ( -1.0, -1.0)=   -5 ( -1.0, -1.0)=   -5 ( -1.0, -1.0)=   -5 ( -1.0, -1.0)=   -5 ( -1.0, -1.0)=   -5 ( -1.0, -1.0)=   -5 ( -1.0, -1.0)=   -5 ( -1.0, -1.0)=   -5 ( -1.0, -1.0)=   -5 ( -1.0, -1.0)=   -5 ( -1.0, -1.0)=   -5 ( -1.0, -1.0)=   -5 ( -1.0, -1.0)=   -5 ( -1.0, -1.0)=   -5 ( -1.0, -1.0)=   -5 ( -1.0, -1.0)=   -5 ( -1.0, -1.0)=   -5 ( -1.0, -1.0)=   -5 ( -1.0, -1.0)=   -5 ( -1.0, -1.0)=   -5 ( -1.0, -1.0)=   -5 ( -1.0, -1.0)=   -5 ( -1.0, -1.0)=   -5 ( -1.0, -1.0)=   -5 ( -1.0, -1.0)=   -5 ( -1.0, -1.0)=   -5 
    435 | (258.0,363.0)= 2106 (263.2,355.2)=    0 (264.2,348.3)=    0 (267.7,339.6)=    0 (270.2,333.7)=    0 (266.5,331.9)=    0 (256.2,334.0)=    0 (242.2,334.2)=    0 (230.0,337.9)=    0 ( -1.0, -1.0)=   -5 ( -1.0, -1.0)=   -5 ( -1.0, -1.0)=   -5 ( -1.0, -1.0)=   -5 ( -1.0, -1.0)=   -5 ( -1.0, -1.0)=   -5 ( -1.0, -1.0)=   -5 ( -1.0, -1.0)=   -5 ( -1.0, -1.0)=   -5 ( -1.0, -1.0)=   -5 ( -1.0, -1.0)=   -5 ( -1.0, -1.0)=   -5 ( -1.0, -1.0)=   -5 ( -1.0, -1.0)=   -5 ( -1.0, -1.0)=   -5 ( -1.0, -1.0)=   -5 ( -1.0, -1.0)=   -5 ( -1.0, -1.0)=   -5 ( -1.0, -1.0)=   -5 ( -1.0, -1.0)=   -5 ( -1.0, -1.0)=   -5 ( -1.0, -1.0)=   -5 ( -1.0, -1.0)=   -5 ( -1.0, -1.0)=   -5 ( -1.0, -1.0)=   -5 ( -1.0, -1.0)=   -5 ( -1.0, -1.0)=   -5 ( -1.0, -1.0)=   -5 ( -1.0, -1.0)=   -5 ( -1.0, -1.0)=   -5 ( -1.0, -1.0)=   -5 ( -1.0, -1.0)=   -5 ( -1.0, -1.0)=   -5 ( -1.0, -1.0)=   -5 ( -1.0, -1.0)=   -5 
    436 | (526.0,444.0)= 2099 (532.1,438.0)=    0 (535.3,432.2)=    0 (540.2,425.1)=    0 (544.8,419.3)=    0 (545.5,417.0)=    0 (539.4,417.7)=    0 (531.4,417.1)=    0 (523.8,419.2)=    0 (513.8,421.9)=    0 (502.3,426.0)=    0 (489.5,429.4)=    0 (478.6,428.7)=    0 (465.1,426.2)=    0 (455.8,424.8)=    0 (447.1,424.5)=    0 (438.6,425.0)=    0 (432.8,427.9)=    0 (424.8,429.8)=    0 (415.7,432.2)=    0 (411.2,434.4)=    0 (408.6,436.8)=    0 (403.8,441.1)=    0 (398.5,445.1)=    0 (389.2,452.3)=    0 (377.2,454.6)=    0 (371.3,449.0)=    0 (364.9,450.3)=    0 (362.2,451.2)=    0 (354.0,447.8)=    0 (346.0,445.4)=    0 (345.5,441.2)=    0 (346.5,443.4)=    0 (349.3,448.2)=    0 (349.2,453.4)=    0 (346.9,456.4)=    0 (342.8,457.2)=    0 (334.4,459.0)=    0 (325.4,460.6)=    0 (317.4,459.1)=    0 (310.5,456.6)=    0 (299.5,454.4)=    0 (292.1,453.0)=    0 (295.6,452.9)=    0 
    437 | (527.0,113.0)= 2096 (534.4,104.2)=    0 (538.6, 95.9)=    0 (544.5, 85.9)=    0 (549.5, 77.7)=    0 (549.4, 71.7)=    0 (541.9, 70.3)=    0 (532.0, 66.3)=    0 (522.5, 66.6)=    0 (510.0, 66.1)=    0 (496.2, 67.0)=    0 (480.9, 68.8)=    0 (467.7, 64.7)=    0 (451.6, 56.8)=    0 (440.8, 52.3)=    0 (430.7, 48.4)=    0 (421.7, 46.3)=    0 (415.4, 47.3)=    0 (406.5, 45.6)=    0 (395.8, 43.7)=    0 (389.8, 42.3)=    0 (385.5, 40.9)=    0 (378.9, 44.0)=    0 (372.0, 45.6)=    0 (361.2, 54.3)=    0 (347.7, 57.0)=    0 (341.1, 48.6)=    0 (334.1, 49.5)=    0 (331.6, 50.5)=    0 (323.7, 44.5)=    0 (315.9, 39.0)=    0 (316.9, 29.6)=    0 (319.6, 30.8)=    0 (324.7, 37.2)=    0 (326.6, 44.6)=    0 (326.2, 48.5)=    0 (323.9, 49.1)=    0 (317.5, 49.1)=    0 (310.3, 49.5)=    0 (304.8, 45.9)=    0 (299.7, 41.5)=    0 (290.1, 37.4)=    0 (283.7, 34.3)=    0 (289.0, 31.9)=    0 
    438 | (471.0,463.0)= 2090 (477.0,456.8)=    0 (479.7,450.9)=    0 (484.4,443.6)=    0 (488.3,438.1)=    0 (487.9,436.3)=    0 (481.1,437.5)=    0 (472.1,437.5)=    0 (463.8,440.3)=    0 (452.6,443.6)=    0 (439.8,448.4)=    0 (449.4,443.4)=    0 (437.8,443.2)=    0 (423.3,440.9)=    0 (413.3,440.1)=    0 (403.7,440.1)=    0 (394.5,440.9)=    0 (388.0,444.1)=    0 (378.8,446.1)=    0 (368.8,448.9)=    0 (363.6,451.5)=    0 (360.0,454.4)=    0 (354.5,459.0)=    0 (348.5,463.3)=    0 (338.8,470.8)=    0 (326.2,473.4)=    0 (319.6,467.5)=    0 (312.6,468.6)=    0 (309.4,469.6)=    0 (300.7,466.2)=    0 (291.8,463.5)=    0 (290.3,459.0)=    0 (290.8,461.0)=    0 (293.5,465.6)=    0 (293.5,470.5)=    0 (291.0,473.2)=    0 (286.5,473.5)=    0 (277.3,474.6)=    0 (267.6,475.8)=    0 (259.0,473.7)=    0 (251.5,470.9)=    0 (239.9,468.0)=    0 (232.2,466.8)=    0 (235.3,466.2)=    0 
    439 | (294.0,420.0)= 2086 (299.1,413.2)=    0 (300.4,406.7)=    0 (304.2,398.6)=    0 (306.9,392.8)=    0 (304.2,391.2)=    0 (295.0,393.5)=    0 (282.6,393.9)=    0 (271.9,397.2)=    0 (257.2,401.5)=    0 (241.2,406.8)=    0 ( -1.0, -1.0)=   -5 ( -1.0, -1.0)=   -5 ( -1.0, -1.0)=   -5 ( -1.0, -1.0)=   -5 ( -1.0, -1.0)=   -5 ( -1.0, -1.0)=   -5 ( -1.0, -1.0)=   -5 ( -1.0, -1.0)=   -5 ( -1.0, -1.0)=   -5 ( -1.0, -1.0)=   -5 ( -1.0, -1.0)=   -5 ( -1.0, -1.0)=   -5 ( -1.0, -1.0)=   -5 ( -1.0, -1.0)=   -5 ( -1.0, -1.0)=   -5 ( -1.0, -1.0)=   -5 ( -1.0, -1.0)=   -5 ( -1.0, -1.0)=   -5 ( -1.0, -1.0)=   -5 ( -1.0, -1.0)=   -5 ( -1.0, -1.0)=   -5 ( -1.0, -1.0)=   -5 ( -1.0, -1.0)=   -5 ( -1.0, -1.0)=   -5 ( -1.0, -1.0)=   -5 ( -1.0, -1.0)=   -5 ( -1.0, -1.0)=   -5 ( -1.0, -1.0)=   -5 ( -1.0, -1.0)=   -5 ( -1.0, -1.0)=   -5 ( -1.0, -1.0)=   -5 ( -1.0, -1.0)=   -5 ( -1.0, -1.0)=   -5 
    440 | (178.0,302.0)= 2079 (183.1,293.5)=    0 (183.4,285.8)=    0 (186.6,276.6)=    0 (188.7,269.9)=    0 (183.3,268.2)=    0 (170.7,270.6)=    0 (153.9,270.6)=    0 (139.6,274.8)=    0 (119.6,280.0)=    0 ( 98.6,285.5)=    0 ( 78.1,291.1)=    0 ( 57.6,290.9)=    0 ( 31.0,287.8)=    0 ( -1.0, -1.0)=   -4 ( -1.0, -1.0)=   -4 ( -1.0, -1.0)=   -4 ( -1.0, -1.0)=   -4 ( -1.0, -1.0)=   -4 ( -1.0, -1.0)=   -4 ( -1.0, -1.0)=   -4 ( -1.0, -1.0)=   -4 ( -1.0, -1.0)=   -4 ( -1.0, -1.0)=   -4 ( -1.0, -1.0)=   -4 ( -1.0, -1.0)=   -4 ( -1.0, -1.0)=   -4 ( -1.0, -1.0)=   -4 ( -1.0, -1.0)=   -4 ( -1.0, -1.0)=   -4 ( -1.0, -1.0)=   -4 ( -1.0, -1.0)=   -4 ( -1.0, -1.0)=   -4 ( -1.0, -1.0)=   -4 ( -1.0, -1.0)=   -4 ( -1.0, -1.0)=   -4 ( -1.0, -1.0)=   -4 ( -1.0, -1.0)=   -4 ( -1.0, -1.0)=   -4 ( -1.0, -1.0)=   -4 ( -1.0, -1.0)=   -4 ( -1.0, -1.0)=   -4 ( -1.0, -1.0)=   -4 ( -1.0, -1.0)=   -4 
    441 | (396.0,503.0)= 2074 (401.3,496.9)=    0 (402.8,491.1)=    0 (406.6,483.7)=    0 (410.0,478.3)=    0 (408.3,477.4)=    0 (400.0,479.4)=    0 (389.1,480.3)=    0 (378.9,483.8)=    0 (365.9,488.5)=    0 (377.8,484.2)=    0 (363.2,489.3)=    0 (349.5,489.9)=    0 (359.3,478.0)=    0 (348.1,477.9)=    0 (337.1,478.7)=    0 (325.9,479.4)=    0 (318.1,483.1)=    0 (306.9,485.2)=    0 (294.6,488.6)=    0 (287.5,491.5)=    0 (281.4,494.3)=    0 (274.7,499.3)=    0 ( -1.0, -1.0)=   -5 ( -1.0, -1.0)=   -5 ( -1.0, -1.0)=   -5 ( -1.0, -1.0)=   -5 ( -1.0, -1.0)=   -5 ( -1.0, -1.0)=   -5 ( -1.0, -1.0)=   -5 ( -1.0, -1.0)=   -5 ( -1.0, -1.0)=   -5 ( -1.0, -1.0)=   -5 ( -1.0, -1.0)=   -5 ( -1.0, -1.0)=   -5 ( -1.0, -1.0)=   -5 ( -1.0, -1.0)=   -5 ( -1.0, -1.0)=   -5 ( -1.0, -1.0)=   -5 ( -1.0, -1.0)=   -5 ( -1.0, -1.0)=   -5 ( -1.0, -1.0)=   -5 ( -1.0, -1.0)=   -5 ( -1.0, -1.0)=   -5 
    442 | (383.0,484.0)= 2054 (388.7,477.7)=    0 (390.6,471.7)=    0 (394.5,464.3)=    0 (397.8,458.9)=    0 (395.9,457.7)=    0 (388.1,459.4)=    0 (377.5,460.2)=    0 (367.8,463.6)=    0 (354.9,467.9)=    0 (365.5,464.3)=    0 ( -1.0, -1.0)=   -5 ( -1.0, -1.0)=   -5 ( -1.0, -1.0)=   -5 ( -1.0, -1.0)=   -5 ( -1.0, -1.0)=   -5 ( -1.0, -1.0)=   -5 ( -1.0, -1.0)=   -5 ( -1.0, -1.0)=   -5 ( -1.0, -1.0)=   -5 ( -1.0, -1.0)=   -5 ( -1.0, -1.0)=   -5 ( -1.0, -1.0)=   -5 ( -1.0, -1.0)=   -5 ( -1.0, -1.0)=   -5 ( -1.0, -1.0)=   -5 ( -1.0, -1.0)=   -5 ( -1.0, -1.0)=   -5 ( -1.0, -1.0)=   -5 ( -1.0, -1.0)=   -5 ( -1.0, -1.0)=   -5 ( -1.0, -1.0)=   -5 ( -1.0, -1.0)=   -5 ( -1.0, -1.0)=   -5 ( -1.0, -1.0)=   -5 ( -1.0, -1.0)=   -5 ( -1.0, -1.0)=   -5 ( -1.0, -1.0)=   -5 ( -1.0, -1.0)=   -5 ( -1.0, -1.0)=   -5 ( -1.0, -1.0)=   -5 ( -1.0, -1.0)=   -5 ( -1.0, -1.0)=   -5 ( -1.0, -1.0)=   -5 
    443 | (141.0,351.0)= 2047 (145.4,342.6)=    0 (145.6,335.0)=    0 (148.4,326.5)=    0 (150.0,320.1)=    0 (144.5,319.0)=    0 ( -1.0, -1.0)=   -5 ( -1.0, -1.0)=   -5 ( -1.0, -1.0)=   -5 ( -1.0, -1.0)=   -5 ( -1.0, -1.0)=   -5 ( -1.0, -1.0)=   -5 ( -1.0, -1.0)=   -5 ( -1.0, -1.0)=   -5 ( -1.0, -1.0)=   -5 ( -1.0, -1.0)=   -5 ( -1.0, -1.0)=   -5 ( -1.0, -1.0)=   -5 ( -1.0, -1.0)=   -5 ( -1.0, -1.0)=   -5 ( -1.0, -1.0)=   -5 ( -1.0, -1.0)=   -5 ( -1.0, -1.0)=   -5 ( -1.0, -1.0)=   -5 ( -1.0, -1.0)=   -5 ( -1.0, -1.0)=   -5 ( -1.0, -1.0)=   -5 ( -1.0, -1.0)=   -5 ( -1.0, -1.0)=   -5 ( -1.0, -1.0)=   -5 ( -1.0, -1.0)=   -5 ( -1.0, -1.0)=   -5 ( -1.0, -1.0)=   -5 ( -1.0, -1.0)=   -5 ( -1.0, -1.0)=   -5 ( -1.0, -1.0)=   -5 ( -1.0, -1.0)=   -5 ( -1.0, -1.0)=   -5 ( -1.0, -1.0)=   -5 ( -1.0, -1.0)=   -5 ( -1.0, -1.0)=   -5 ( -1.0, -1.0)=   -5 ( -1.0, -1.0)=   -5 ( -1.0, -1.0)=   -5 
    444 | (326.0,286.0)= 2036 (331.4,278.4)=    0 (333.3,270.8)=    0 (337.6,261.8)=    0 (340.5,255.1)=    0 (337.8,252.3)=    0 (328.2,253.2)=    0 (315.4,252.2)=    0 (303.7,255.0)=    0 (287.8,258.1)=    0 (271.0,262.2)=    0 (253.2,266.7)=    0 (236.5,265.9)=    0 (215.5,261.9)=    0 (200.8,260.3)=    0 (186.5,259.4)=    0 (173.6,258.8)=    0 (164.0,261.6)=    0 (150.9,261.9)=    0 (135.3,263.0)=    0 (125.3,264.5)=    0 (117.1,266.6)=    0 (108.4,272.2)=    0 ( 98.3,276.4)=    0 ( 86.4,285.6)=    0 ( 71.3,288.5)=    0 ( 61.9,280.7)=    0 ( 53.8,282.1)=    0 ( 50.0,283.2)=    0 ( 38.7,277.4)=    0 ( 27.1,272.2)=    0 ( -1.0, -1.0)=   -4 ( -1.0, -1.0)=   -4 ( -1.0, -1.0)=   -4 ( -1.0, -1.0)=   -4 ( -1.0, -1.0)=   -4 ( -1.0, -1.0)=   -4 ( -1.0, -1.0)=   -4 ( -1.0, -1.0)=   -4 ( -1.0, -1.0)=   -4 ( -1.0, -1.0)=   -4 ( -1.0, -1.0)=   -4 ( -1.0, -1.0)=   -4 ( -1.0, -1.0)=   -4 
    445 | (187.0,446.0)= 2035 (191.5,438.7)=    0 (191.9,432.1)=    0 (194.9,424.1)=    0 (197.1,418.4)=    0 (192.8,417.7)=    0 (181.9,420.4)=    0 (167.3,422.1)=    0 (154.6,426.7)=    0 ( -1.0, -1.0)=   -5 ( -1.0, -1.0)=   -5 ( -1.0, -1.0)=   -5 ( -1.0, -1.0)=   -5 ( -1.0, -1.0)=   -5 ( -1.0, -1.0)=   -5 ( -1.0, -1.0)=   -5 ( -1.0, -1.0)=   -5 ( -1.0, -1.0)=   -5 ( -1.0, -1.0)=   -5 ( -1.0, -1.0)=   -5 ( -1.0, -1.0)=   -5 ( -1.0, -1.0)=   -5 ( -1.0, -1.0)=   -5 ( -1.0, -1.0)=   -5 ( -1.0, -1.0)=   -5 ( -1.0, -1.0)=   -5 ( -1.0, -1.0)=   -5 ( -1.0, -1.0)=   -5 ( -1.0, -1.0)=   -5 ( -1.0, -1.0)=   -5 ( -1.0, -1.0)=   -5 ( -1.0, -1.0)=   -5 ( -1.0, -1.0)=   -5 ( -1.0, -1.0)=   -5 ( -1.0, -1.0)=   -5 ( -1.0, -1.0)=   -5 ( -1.0, -1.0)=   -5 ( -1.0, -1.0)=   -5 ( -1.0, -1.0)=   -5 ( -1.0, -1.0)=   -5 ( -1.0, -1.0)=   -5 ( -1.0, -1.0)=   -5 ( -1.0, -1.0)=   -5 ( -1.0, -1.0)=   -5 
    446 | (400.0,811.0)= 2025 (404.7,805.8)=    0 (403.8,801.5)=    0 (405.0,794.6)=    0 (406.7,790.5)=    0 (401.2,794.9)=    0 (387.3,801.5)=    0 (369.9,808.2)=    0 (354.5,817.2)=    0 (334.1,829.2)=    0 (311.5,843.5)=    0 (288.0,854.5)=    0 (265.0,861.7)=    0 (234.9,868.9)=    0 (213.2,874.9)=    0 (189.9,882.1)=    0 (167.2,889.1)=    0 (147.0,898.1)=    0 (121.9,907.3)=    0 ( -1.0, -1.0)=   -5 ( -1.0, -1.0)=   -5 ( -1.0, -1.0)=   -5 ( -1.0, -1.0)=   -5 ( -1.0, -1.0)=   -5 ( -1.0, -1.0)=   -5 ( -1.0, -1.0)=   -5 ( -1.0, -1.0)=   -5 ( -1.0, -1.0)=   -5 ( -1.0, -1.0)=   -5 ( -1.0, -1.0)=   -5 ( -1.0, -1.0)=   -5 ( -1.0, -1.0)=   -5 ( -1.0, -1.0)=   -5 ( -1.0, -1.0)=   -5 ( -1.0, -1.0)=   -5 ( -1.0, -1.0)=   -5 ( -1.0, -1.0)=   -5 ( -1.0, -1.0)=   -5 ( -1.0, -1.0)=   -5 ( -1.0, -1.0)=   -5 ( -1.0, -1.0)=   -5 ( -1.0, -1.0)=   -5 ( -1.0, -1.0)=   -5 ( -1.0, -1.0)=   -5 
    447 | (539.0,471.0)= 2013 (545.2,465.0)=    0 (548.3,459.5)=    0 (553.2,452.2)=    0 (557.6,446.7)=    0 (558.1,444.8)=    0 (551.5,445.8)=    0 (543.1,445.5)=    0 (535.1,448.1)=    0 (524.7,451.4)=    0 (512.6,455.9)=    0 (499.3,459.7)=    0 (487.6,459.5)=    0 (473.3,457.4)=    0 (463.5,456.7)=    0 (453.9,456.9)=    0 (444.8,458.0)=    0 (438.1,461.4)=    0 (429.0,463.6)=    0 (418.9,466.5)=    0 (413.8,469.2)=    0 (410.2,471.9)=    0 (404.8,476.9)=    0 (398.2,480.9)=    0 (387.3,488.1)=    0 (374.5,490.7)=    0 (367.5,484.9)=    0 (360.0,486.1)=    0 (355.8,486.6)=    0 (346.4,483.0)=    0 (337.1,480.6)=    0 (335.7,476.7)=    0 (334.7,477.8)=    0 (336.9,482.8)=    0 (336.0,487.6)=    0 (333.3,491.0)=    0 (329.8,492.8)=    0 (319.8,494.3)=    0 (309.8,495.8)=    0 (300.6,494.0)=    0 (293.1,492.0)=    0 (280.6,489.1)=    0 (272.5,487.9)=    0 (275.6,487.6)=    0 
    448 | (160.0,242.0)= 2013 (165.1,232.8)=    0 (165.2,224.5)=    0 (168.1,215.1)=    0 (169.7,207.8)=    0 (163.6,205.3)=    0 (150.3,207.9)=    0 (132.4,207.6)=    0 (116.8,211.5)=    0 ( 95.8,215.7)=    0 ( 73.1,221.0)=    0 ( 51.1,226.9)=    0 ( 28.7,226.4)=    0 ( -1.0, -1.0)=   -4 ( -1.0, -1.0)=   -4 ( -1.0, -1.0)=   -4 ( -1.0, -1.0)=   -4 ( -1.0, -1.0)=   -4 ( -1.0, -1.0)=   -4 ( -1.0, -1.0)=   -4 ( -1.0, -1.0)=   -4 ( -1.0, -1.0)=   -4 ( -1.0, -1.0)=   -4 ( -1.0, -1.0)=   -4 ( -1.0, -1.0)=   -4 ( -1.0, -1.0)=   -4 ( -1.0, -1.0)=   -4 ( -1.0, -1.0)=   -4 ( -1.0, -1.0)=   -4 ( -1.0, -1.0)=   -4 ( -1.0, -1.0)=   -4 ( -1.0, -1.0)=   -4 ( -1.0, -1.0)=   -4 ( -1.0, -1.0)=   -4 ( -1.0, -1.0)=   -4 ( -1.0, -1.0)=   -4 ( -1.0, -1.0)=   -4 ( -1.0, -1.0)=   -4 ( -1.0, -1.0)=   -4 ( -1.0, -1.0)=   -4 ( -1.0, -1.0)=   -4 ( -1.0, -1.0)=   -4 ( -1.0, -1.0)=   -4 ( -1.0, -1.0)=   -4 
    449 | (427.0,797.0)= 2000 (431.9,791.9)=    0 (431.2,787.5)=    0 (432.8,780.6)=    0 (434.8,776.7)=    0 (429.8,780.6)=    0 (416.6,786.6)=    0 (400.1,792.4)=    0 (385.7,801.0)=    0 (366.3,812.2)=    0 ( -1.0, -1.0)=   -3 ( -1.0, -1.0)=   -3 ( -1.0, -1.0)=   -3 ( -1.0, -1.0)=   -3 ( -1.0, -1.0)=   -3 ( -1.0, -1.0)=   -3 ( -1.0, -1.0)=   -3 ( -1.0, -1.0)=   -3 ( -1.0, -1.0)=   -3 ( -1.0, -1.0)=   -3 ( -1.0, -1.0)=   -3 ( -1.0, -1.0)=   -3 ( -1.0, -1.0)=   -3 ( -1.0, -1.0)=   -3 ( -1.0, -1.0)=   -3 ( -1.0, -1.0)=   -3 ( -1.0, -1.0)=   -3 ( -1.0, -1.0)=   -3 ( -1.0, -1.0)=   -3 ( -1.0, -1.0)=   -3 ( -1.0, -1.0)=   -3 ( -1.0, -1.0)=   -3 ( -1.0, -1.0)=   -3 ( -1.0, -1.0)=   -3 ( -1.0, -1.0)=   -3 ( -1.0, -1.0)=   -3 ( -1.0, -1.0)=   -3 ( -1.0, -1.0)=   -3 ( -1.0, -1.0)=   -3 ( -1.0, -1.0)=   -3 ( -1.0, -1.0)=   -3 ( -1.0, -1.0)=   -3 ( -1.0, -1.0)=   -3 ( -1.0, -1.0)=   -3 
    450 | (263.0,432.0)= 1996 (268.0,425.0)=    0 (269.1,418.4)=    0 (272.5,410.5)=    0 (275.1,404.6)=    0 (272.0,403.4)=    0 (262.4,405.5)=    0 (249.5,406.3)=    0 (238.3,410.3)=    0 (222.8,414.9)=    0 (205.8,420.8)=    0 (182.2,428.0)=    0 (165.8,428.8)=    0 (144.4,427.1)=    0 (130.0,426.7)=    0 (115.7,427.2)=    0 (109.7,425.6)=    0 (100.1,429.2)=    0 ( 86.3,431.0)=    0 ( -1.0, -1.0)=   -5 ( -1.0, -1.0)=   -5 ( -1.0, -1.0)=   -5 ( -1.0, -1.0)=   -5 ( -1.0, -1.0)=   -5 ( -1.0, -1.0)=   -5 ( -1.0, -1.0)=   -5 ( -1.0, -1.0)=   -5 ( -1.0, -1.0)=   -5 ( -1.0, -1.0)=   -5 ( -1.0, -1.0)=   -5 ( -1.0, -1.0)=   -5 ( -1.0, -1.0)=   -5 ( -1.0, -1.0)=   -5 ( -1.0, -1.0)=   -5 ( -1.0, -1.0)=   -5 ( -1.0, -1.0)=   -5 ( -1.0, -1.0)=   -5 ( -1.0, -1.0)=   -5 ( -1.0, -1.0)=   -5 ( -1.0, -1.0)=   -5 ( -1.0, -1.0)=   -5 ( -1.0, -1.0)=   -5 ( -1.0, -1.0)=   -5 ( -1.0, -1.0)=   -5 
    451 | (264.0,387.0)= 1996 (268.9,379.8)=    0 (270.3,372.8)=    0 (273.7,364.6)=    0 (276.4,358.4)=    0 (273.0,357.0)=    0 (262.9,359.0)=    0 (249.6,359.3)=    0 (237.7,362.9)=    0 (221.9,367.5)=    0 (204.4,373.0)=    0 (186.9,378.3)=    0 (169.9,378.5)=    0 (148.3,376.3)=    0 ( -1.0, -1.0)=   -5 ( -1.0, -1.0)=   -5 ( -1.0, -1.0)=   -5 ( -1.0, -1.0)=   -5 ( -1.0, -1.0)=   -5 ( -1.0, -1.0)=   -5 ( -1.0, -1.0)=   -5 ( -1.0, -1.0)=   -5 ( -1.0, -1.0)=   -5 ( -1.0, -1.0)=   -5 ( -1.0, -1.0)=   -5 ( -1.0, -1.0)=   -5 ( -1.0, -1.0)=   -5 ( -1.0, -1.0)=   -5 ( -1.0, -1.0)=   -5 ( -1.0, -1.0)=   -5 ( -1.0, -1.0)=   -5 ( -1.0, -1.0)=   -5 ( -1.0, -1.0)=   -5 ( -1.0, -1.0)=   -5 ( -1.0, -1.0)=   -5 ( -1.0, -1.0)=   -5 ( -1.0, -1.0)=   -5 ( -1.0, -1.0)=   -5 ( -1.0, -1.0)=   -5 ( -1.0, -1.0)=   -5 ( -1.0, -1.0)=   -5 ( -1.0, -1.0)=   -5 ( -1.0, -1.0)=   -5 ( -1.0, -1.0)=   -5 
    452 | (283.0,562.0)= 1993 (287.6,555.5)=    0 (288.0,549.6)=    0 (291.1,542.1)=    0 (293.4,537.0)=    0 (289.5,537.2)=    0 ( -1.0, -1.0)=   -5 ( -1.0, -1.0)=   -5 ( -1.0, -1.0)=   -5 ( -1.0, -1.0)=   -5 ( -1.0, -1.0)=   -5 ( -1.0, -1.0)=   -5 ( -1.0, -1.0)=   -5 ( -1.0, -1.0)=   -5 ( -1.0, -1.0)=   -5 ( -1.0, -1.0)=   -5 ( -1.0, -1.0)=   -5 ( -1.0, -1.0)=   -5 ( -1.0, -1.0)=   -5 ( -1.0, -1.0)=   -5 ( -1.0, -1.0)=   -5 ( -1.0, -1.0)=   -5 ( -1.0, -1.0)=   -5 ( -1.0, -1.0)=   -5 ( -1.0, -1.0)=   -5 ( -1.0, -1.0)=   -5 ( -1.0, -1.0)=   -5 ( -1.0, -1.0)=   -5 ( -1.0, -1.0)=   -5 ( -1.0, -1.0)=   -5 ( -1.0, -1.0)=   -5 ( -1.0, -1.0)=   -5 ( -1.0, -1.0)=   -5 ( -1.0, -1.0)=   -5 ( -1.0, -1.0)=   -5 ( -1.0, -1.0)=   -5 ( -1.0, -1.0)=   -5 ( -1.0, -1.0)=   -5 ( -1.0, -1.0)=   -5 ( -1.0, -1.0)=   -5 ( -1.0, -1.0)=   -5 ( -1.0, -1.0)=   -5 ( -1.0, -1.0)=   -5 ( -1.0, -1.0)=   -5 
    453 | (285.0,318.0)= 1988 (290.2,310.1)=    0 (291.8,302.8)=    0 (295.5,294.1)=    0 (298.1,287.6)=    0 (294.6,285.3)=    0 (284.3,287.0)=    0 (270.3,286.5)=    0 (257.9,289.8)=    0 (241.6,293.2)=    0 (223.9,298.0)=    0 (205.9,303.0)=    0 (188.6,302.7)=    0 (166.5,299.2)=    0 (151.3,297.8)=    0 (136.5,297.2)=    0 (122.5,297.2)=    0 (112.2,300.3)=    0 ( 97.7,301.0)=    0 ( 80.9,302.8)=    0 ( 70.2,304.7)=    0 ( 61.1,307.5)=    0 ( 52.4,313.3)=    0 ( 41.6,317.8)=    0 ( 29.7,327.2)=    0 ( -1.0, -1.0)=   -4 ( -1.0, -1.0)=   -4 ( -1.0, -1.0)=   -4 ( -1.0, -1.0)=   -4 ( -1.0, -1.0)=   -4 ( -1.0, -1.0)=   -4 ( -1.0, -1.0)=   -4 ( -1.0, -1.0)=   -4 ( -1.0, -1.0)=   -4 ( -1.0, -1.0)=   -4 ( -1.0, -1.0)=   -4 ( -1.0, -1.0)=   -4 ( -1.0, -1.0)=   -4 ( -1.0, -1.0)=   -4 ( -1.0, -1.0)=   -4 ( -1.0, -1.0)=   -4 ( -1.0, -1.0)=   -4 ( -1.0, -1.0)=   -4 ( -1.0, -1.0)=   -4 
    454 | (166.0,343.0)= 1987 (170.7,335.0)=    0 (170.8,327.4)=    0 (174.0,318.6)=    0 (175.7,312.5)=    0 (170.3,310.9)=    0 ( -1.0, -1.0)=   -5 ( -1.0, -1.0)=   -5 ( -1.0, -1.0)=   -5 ( -1.0, -1.0)=   -5 ( -1.0, -1.0)=   -5 ( -1.0, -1.0)=   -5 ( -1.0, -1.0)=   -5 ( -1.0, -1.0)=   -5 ( -1.0, -1.0)=   -5 ( -1.0, -1.0)=   -5 ( -1.0, -1.0)=   -5 ( -1.0, -1.0)=   -5 ( -1.0, -1.0)=   -5 ( -1.0, -1.0)=   -5 ( -1.0, -1.0)=   -5 ( -1.0, -1.0)=   -5 ( -1.0, -1.0)=   -5 ( -1.0, -1.0)=   -5 ( -1.0, -1.0)=   -5 ( -1.0, -1.0)=   -5 ( -1.0, -1.0)=   -5 ( -1.0, -1.0)=   -5 ( -1.0, -1.0)=   -5 ( -1.0, -1.0)=   -5 ( -1.0, -1.0)=   -5 ( -1.0, -1.0)=   -5 ( -1.0, -1.0)=   -5 ( -1.0, -1.0)=   -5 ( -1.0, -1.0)=   -5 ( -1.0, -1.0)=   -5 ( -1.0, -1.0)=   -5 ( -1.0, -1.0)=   -5 ( -1.0, -1.0)=   -5 ( -1.0, -1.0)=   -5 ( -1.0, -1.0)=   -5 ( -1.0, -1.0)=   -5 ( -1.0, -1.0)=   -5 ( -1.0, -1.0)=   -5 
    455 | (126.0,580.0)= 1981 (129.9,573.0)=    0 (129.5,566.8)=    0 (132.2,559.0)=    0 (133.8,553.9)=    0 (128.4,554.8)=    0 (116.4,558.8)=    0 (100.5,562.2)=    0 ( 86.6,568.0)=    0 ( 67.7,575.8)=    0 ( 46.8,584.6)=    0 ( 27.0,592.4)=    0 ( -1.0, -1.0)=   -4 ( -1.0, -1.0)=   -4 ( -1.0, -1.0)=   -4 ( -1.0, -1.0)=   -4 ( -1.0, -1.0)=   -4 ( -1.0, -1.0)=   -4 ( -1.0, -1.0)=   -4 ( -1.0, -1.0)=   -4 ( -1.0, -1.0)=   -4 ( -1.0, -1.0)=   -4 ( -1.0, -1.0)=   -4 ( -1.0, -1.0)=   -4 ( -1.0, -1.0)=   -4 ( -1.0, -1.0)=   -4 ( -1.0, -1.0)=   -4 ( -1.0, -1.0)=   -4 ( -1.0, -1.0)=   -4 ( -1.0, -1.0)=   -4 ( -1.0, -1.0)=   -4 ( -1.0, -1.0)=   -4 ( -1.0, -1.0)=   -4 ( -1.0, -1.0)=   -4 ( -1.0, -1.0)=   -4 ( -1.0, -1.0)=   -4 ( -1.0, -1.0)=   -4 ( -1.0, -1.0)=   -4 ( -1.0, -1.0)=   -4 ( -1.0, -1.0)=   -4 ( -1.0, -1.0)=   -4 ( -1.0, -1.0)=   -4 ( -1.0, -1.0)=   -4 ( -1.0, -1.0)=   -4 
    456 | (249.0,436.0)= 1980 (253.9,429.0)=    0 (254.8,422.5)=    0 (258.1,414.4)=    0 (260.7,408.6)=    0 (257.3,407.5)=    0 (247.6,409.8)=    0 (234.5,410.9)=    0 (223.0,414.8)=    0 (207.4,419.8)=    0 (190.1,425.6)=    0 (172.8,430.9)=    0 (156.1,431.8)=    0 (134.4,430.3)=    0 (119.7,430.1)=    0 (105.6,430.6)=    0 ( 92.3,431.3)=    0 ( 93.2,431.2)=    0 ( 79.2,433.0)=    0 ( 71.1,434.1)=    0 ( 61.1,437.1)=    0 ( -1.0, -1.0)=   -5 ( -1.0, -1.0)=   -5 ( -1.0, -1.0)=   -5 ( -1.0, -1.0)=   -5 ( -1.0, -1.0)=   -5 ( -1.0, -1.0)=   -5 ( -1.0, -1.0)=   -5 ( -1.0, -1.0)=   -5 ( -1.0, -1.0)=   -5 ( -1.0, -1.0)=   -5 ( -1.0, -1.0)=   -5 ( -1.0, -1.0)=   -5 ( -1.0, -1.0)=   -5 ( -1.0, -1.0)=   -5 ( -1.0, -1.0)=   -5 ( -1.0, -1.0)=   -5 ( -1.0, -1.0)=   -5 ( -1.0, -1.0)=   -5 ( -1.0, -1.0)=   -5 ( -1.0, -1.0)=   -5 ( -1.0, -1.0)=   -5 ( -1.0, -1.0)=   -5 ( -1.0, -1.0)=   -5 
    457 | (275.0,244.0)= 1977 (280.8,235.3)=    0 (282.1,227.4)=    0 (285.8,218.0)=    0 (288.4,210.9)=    0 (284.5,207.9)=    0 (274.0,209.2)=    0 (259.1,208.3)=    0 (245.5,211.2)=    0 (227.6,214.4)=    0 (208.3,218.8)=    0 (188.9,223.8)=    0 (169.5,222.8)=    0 ( -1.0, -1.0)=   -5 ( -1.0, -1.0)=   -5 ( -1.0, -1.0)=   -5 ( -1.0, -1.0)=   -5 ( -1.0, -1.0)=   -5 ( -1.0, -1.0)=   -5 ( -1.0, -1.0)=   -5 ( -1.0, -1.0)=   -5 ( -1.0, -1.0)=   -5 ( -1.0, -1.0)=   -5 ( -1.0, -1.0)=   -5 ( -1.0, -1.0)=   -5 ( -1.0, -1.0)=   -5 ( -1.0, -1.0)=   -5 ( -1.0, -1.0)=   -5 ( -1.0, -1.0)=   -5 ( -1.0, -1.0)=   -5 ( -1.0, -1.0)=   -5 ( -1.0, -1.0)=   -5 ( -1.0, -1.0)=   -5 ( -1.0, -1.0)=   -5 ( -1.0, -1.0)=   -5 ( -1.0, -1.0)=   -5 ( -1.0, -1.0)=   -5 ( -1.0, -1.0)=   -5 ( -1.0, -1.0)=   -5 ( -1.0, -1.0)=   -5 ( -1.0, -1.0)=   -5 ( -1.0, -1.0)=   -5 ( -1.0, -1.0)=   -5 ( -1.0, -1.0)=   -5 
    458 | (434.0,1196.0)= 1968 (436.8,1191.6)=    0 (438.4,1187.2)=    0 (442.1,1180.2)=    0 (446.0,1175.7)=    0 (448.7,1174.9)=    0 (448.1,1175.1)=    0 (446.7,1177.0)=    0 (445.5,1179.8)=    0 (443.1,1184.6)=    0 ( -1.0, -1.0)=   -5 ( -1.0, -1.0)=   -5 ( -1.0, -1.0)=   -5 ( -1.0, -1.0)=   -5 ( -1.0, -1.0)=   -5 ( -1.0, -1.0)=   -5 ( -1.0, -1.0)=   -5 ( -1.0, -1.0)=   -5 ( -1.0, -1.0)=   -5 ( -1.0, -1.0)=   -5 ( -1.0, -1.0)=   -5 ( -1.0, -1.0)=   -5 ( -1.0, -1.0)=   -5 ( -1.0, -1.0)=   -5 ( -1.0, -1.0)=   -5 ( -1.0, -1.0)=   -5 ( -1.0, -1.0)=   -5 ( -1.0, -1.0)=   -5 ( -1.0, -1.0)=   -5 ( -1.0, -1.0)=   -5 ( -1.0, -1.0)=   -5 ( -1.0, -1.0)=   -5 ( -1.0, -1.0)=   -5 ( -1.0, -1.0)=   -5 ( -1.0, -1.0)=   -5 ( -1.0, -1.0)=   -5 ( -1.0, -1.0)=   -5 ( -1.0, -1.0)=   -5 ( -1.0, -1.0)=   -5 ( -1.0, -1.0)=   -5 ( -1.0, -1.0)=   -5 ( -1.0, -1.0)=   -5 ( -1.0, -1.0)=   -5 ( -1.0, -1.0)=   -5 
    459 | (365.0,531.0)= 1966 (370.4,524.9)=    0 (371.6,519.3)=    0 (375.1,512.0)=    0 (378.0,506.6)=    0 (375.4,506.3)=    0 (366.6,508.7)=    0 (354.9,510.1)=    0 (344.7,514.5)=    0 (330.5,519.9)=    0 (314.6,526.4)=    0 (298.6,532.1)=    0 (283.6,533.8)=    0 (264.0,533.4)=    0 (250.6,533.9)=    0 (237.3,535.4)=    0 (224.1,536.9)=    0 (214.2,540.9)=    0 (200.8,544.0)=    0 (185.4,548.3)=    0 (176.1,552.1)=    0 (168.5,556.8)=    0 (160.1,562.8)=    0 (150.4,568.4)=    0 (138.2,576.3)=    0 (122.3,578.6)=    0 (112.6,572.3)=    0 (103.7,573.4)=    0 ( 98.9,574.2)=    0 ( 86.3,569.7)=    0 ( 73.1,566.2)=    0 ( 67.2,560.8)=    0 ( 65.4,561.7)=    0 ( 67.5,565.0)=    0 ( 67.0,568.5)=    0 ( 63.0,569.5)=    0 ( 56.6,568.3)=    0 ( 43.7,568.0)=    0 ( 30.5,567.5)=    0 ( -1.0, -1.0)=   -4 ( -1.0, -1.0)=   -4 ( -1.0, -1.0)=   -4 ( -1.0, -1.0)=   -4 ( -1.0, -1.0)=   -4 
    460 | (274.0,296.0)= 1963 (279.7,288.1)=    0 (281.0,280.4)=    0 (284.7,271.6)=    0 (287.1,264.8)=    0 (283.4,262.3)=    0 (273.2,264.0)=    0 (259.3,263.4)=    0 (246.3,266.6)=    0 (229.5,270.1)=    0 (211.0,275.0)=    0 (192.4,280.2)=    0 (174.2,279.7)=    0 ( -1.0, -1.0)=   -5 ( -1.0, -1.0)=   -5 ( -1.0, -1.0)=   -5 ( -1.0, -1.0)=   -5 ( -1.0, -1.0)=   -5 ( -1.0, -1.0)=   -5 ( -1.0, -1.0)=   -5 ( -1.0, -1.0)=   -5 ( -1.0, -1.0)=   -5 ( -1.0, -1.0)=   -5 ( -1.0, -1.0)=   -5 ( -1.0, -1.0)=   -5 ( -1.0, -1.0)=   -5 ( -1.0, -1.0)=   -5 ( -1.0, -1.0)=   -5 ( -1.0, -1.0)=   -5 ( -1.0, -1.0)=   -5 ( -1.0, -1.0)=   -5 ( -1.0, -1.0)=   -5 ( -1.0, -1.0)=   -5 ( -1.0, -1.0)=   -5 ( -1.0, -1.0)=   -5 ( -1.0, -1.0)=   -5 ( -1.0, -1.0)=   -5 ( -1.0, -1.0)=   -5 ( -1.0, -1.0)=   -5 ( -1.0, -1.0)=   -5 ( -1.0, -1.0)=   -5 ( -1.0, -1.0)=   -5 ( -1.0, -1.0)=   -5 ( -1.0, -1.0)=   -5 
    461 | (205.0,415.0)= 1945 (209.6,407.6)=    0 (210.2,400.7)=    0 (213.3,392.6)=    0 (215.6,386.8)=    0 (211.3,385.8)=    0 (200.4,388.2)=    0 (186.1,389.1)=    0 (173.5,393.6)=    0 (156.2,398.8)=    0 ( -1.0, -1.0)=   -5 ( -1.0, -1.0)=   -5 ( -1.0, -1.0)=   -5 ( -1.0, -1.0)=   -5 ( -1.0, -1.0)=   -5 ( -1.0, -1.0)=   -5 ( -1.0, -1.0)=   -5 ( -1.0, -1.0)=   -5 ( -1.0, -1.0)=   -5 ( -1.0, -1.0)=   -5 ( -1.0, -1.0)=   -5 ( -1.0, -1.0)=   -5 ( -1.0, -1.0)=   -5 ( -1.0, -1.0)=   -5 ( -1.0, -1.0)=   -5 ( -1.0, -1.0)=   -5 ( -1.0, -1.0)=   -5 ( -1.0, -1.0)=   -5 ( -1.0, -1.0)=   -5 ( -1.0, -1.0)=   -5 ( -1.0, -1.0)=   -5 ( -1.0, -1.0)=   -5 ( -1.0, -1.0)=   -5 ( -1.0, -1.0)=   -5 ( -1.0, -1.0)=   -5 ( -1.0, -1.0)=   -5 ( -1.0, -1.0)=   -5 ( -1.0, -1.0)=   -5 ( -1.0, -1.0)=   -5 ( -1.0, -1.0)=   -5 ( -1.0, -1.0)=   -5 ( -1.0, -1.0)=   -5 ( -1.0, -1.0)=   -5 ( -1.0, -1.0)=   -5 
    462 | (428.0,544.0)= 1939 (433.7,537.8)=    0 (435.1,532.4)=    0 (438.7,525.3)=    0 (441.8,520.2)=    0 (439.9,519.8)=    0 (431.0,522.3)=    0 (419.6,523.9)=    0 (409.2,528.3)=    0 (395.3,533.6)=    0 (379.9,540.3)=    0 (363.8,546.1)=    0 (348.8,547.6)=    0 (329.5,547.4)=    0 (316.1,548.2)=    0 (302.9,549.8)=    0 (289.6,552.1)=    0 (279.4,556.3)=    0 (265.8,559.7)=    0 (250.7,564.4)=    0 (241.1,568.7)=    0 (233.8,573.5)=    0 (225.1,579.5)=    0 (214.7,585.5)=    0 ( -1.0, -1.0)=   -5 ( -1.0, -1.0)=   -5 ( -1.0, -1.0)=   -5 ( -1.0, -1.0)=   -5 ( -1.0, -1.0)=   -5 ( -1.0, -1.0)=   -5 ( -1.0, -1.0)=   -5 ( -1.0, -1.0)=   -5 ( -1.0, -1.0)=   -5 ( -1.0, -1.0)=   -5 ( -1.0, -1.0)=   -5 ( -1.0, -1.0)=   -5 ( -1.0, -1.0)=   -5 ( -1.0, -1.0)=   -5 ( -1.0, -1.0)=   -5 ( -1.0, -1.0)=   -5 ( -1.0, -1.0)=   -5 ( -1.0, -1.0)=   -5 ( -1.0, -1.0)=   -5 ( -1.0, -1.0)=   -5 
    463 | (474.0,484.0)= 1935 (479.6,477.9)=    0 (482.2,472.3)=    0 (486.6,464.9)=    0 (490.5,459.4)=    0 (489.8,458.0)=    0 (482.5,459.5)=    0 (472.9,459.8)=    0 (464.1,462.8)=    0 (452.3,466.7)=    0 (438.9,471.6)=    0 (424.8,476.2)=    0 (412.0,476.4)=    0 (395.6,474.8)=    0 (384.5,474.4)=    0 (373.6,475.0)=    0 (363.1,476.0)=    0 (355.3,479.7)=    0 (344.5,482.1)=    0 (332.5,485.6)=    0 (325.6,488.7)=    0 (320.8,492.1)=    0 (314.4,497.2)=    0 (306.6,501.9)=    0 (295.7,509.7)=    0 ( -1.0, -1.0)=   -5 ( -1.0, -1.0)=   -5 ( -1.0, -1.0)=   -5 ( -1.0, -1.0)=   -5 ( -1.0, -1.0)=   -5 ( -1.0, -1.0)=   -5 ( -1.0, -1.0)=   -5 ( -1.0, -1.0)=   -5 ( -1.0, -1.0)=   -5 ( -1.0, -1.0)=   -5 ( -1.0, -1.0)=   -5 ( -1.0, -1.0)=   -5 ( -1.0, -1.0)=   -5 ( -1.0, -1.0)=   -5 ( -1.0, -1.0)=   -5 ( -1.0, -1.0)=   -5 ( -1.0, -1.0)=   -5 ( -1.0, -1.0)=   -5 ( -1.0, -1.0)=   -5 
    464 | (639.0,500.0)= 1923 (645.8,494.6)=    0 (649.6,489.5)=    0 (654.9,482.5)=    0 (660.1,477.1)=    0 (661.3,475.5)=    0 (655.3,476.7)=    0 (647.6,476.4)=    0 (640.2,479.0)=    0 (630.3,482.3)=    0 (619.2,487.0)=    0 (605.9,491.0)=    0 (594.9,490.9)=    0 (581.2,489.1)=    0 (571.8,488.7)=    0 (562.7,489.5)=    0 (553.6,491.1)=    0 (546.8,495.2)=    0 (538.3,498.0)=    0 (528.7,501.7)=    0 (524.0,504.6)=    0 (521.2,507.9)=    0 (515.8,513.1)=    0 (509.8,517.9)=    0 (498.1,525.5)=    0 (483.7,528.5)=    0 (476.7,523.0)=    0 (468.5,524.5)=    0 (464.3,526.1)=    0 (454.4,523.4)=    0 (444.8,521.9)=    0 (443.4,518.8)=    0 (442.9,521.7)=    0 (444.2,527.5)=    0 (442.3,533.4)=    0 (438.0,537.1)=    0 (432.2,538.4)=    0 (421.9,541.5)=    0 (410.7,544.1)=    0 (400.7,543.7)=    0 (392.0,542.0)=    0 (378.8,540.6)=    0 (370.0,540.1)=    0 (373.4,540.7)=    0 
    465 | (158.0,620.0)= 1914 (162.0,613.2)=    0 (161.5,607.3)=    0 (163.8,599.6)=    0 (165.7,594.9)=    0 (160.3,596.1)=    0 (148.1,600.4)=    0 (132.2,604.0)=    0 (118.1,610.3)=    0 ( 98.8,618.5)=    0 ( 77.7,627.7)=    0 ( 57.6,636.0)=    0 ( 37.0,639.4)=    0 ( -1.0, -1.0)=   -4 ( -1.0, -1.0)=   -4 ( -1.0, -1.0)=   -4 ( -1.0, -1.0)=   -4 ( -1.0, -1.0)=   -4 ( -1.0, -1.0)=   -4 ( -1.0, -1.0)=   -4 ( -1.0, -1.0)=   -4 ( -1.0, -1.0)=   -4 ( -1.0, -1.0)=   -4 ( -1.0, -1.0)=   -4 ( -1.0, -1.0)=   -4 ( -1.0, -1.0)=   -4 ( -1.0, -1.0)=   -4 ( -1.0, -1.0)=   -4 ( -1.0, -1.0)=   -4 ( -1.0, -1.0)=   -4 ( -1.0, -1.0)=   -4 ( -1.0, -1.0)=   -4 ( -1.0, -1.0)=   -4 ( -1.0, -1.0)=   -4 ( -1.0, -1.0)=   -4 ( -1.0, -1.0)=   -4 ( -1.0, -1.0)=   -4 ( -1.0, -1.0)=   -4 ( -1.0, -1.0)=   -4 ( -1.0, -1.0)=   -4 ( -1.0, -1.0)=   -4 ( -1.0, -1.0)=   -4 ( -1.0, -1.0)=   -4 ( -1.0, -1.0)=   -4 
    466 | (191.0,646.0)= 1912 (195.1,639.5)=    0 (194.3,633.6)=    0 (196.4,625.9)=    0 (198.1,621.0)=    0 (192.5,622.7)=    0 (180.0,627.1)=    0 (163.9,631.1)=    0 (149.6,637.8)=    0 (130.3,646.6)=    0 (108.9,656.5)=    0 ( 88.0,664.8)=    0 ( 67.3,668.9)=    0 ( -1.0, -1.0)=   -3 ( -1.0, -1.0)=   -3 ( -1.0, -1.0)=   -3 ( -1.0, -1.0)=   -3 ( -1.0, -1.0)=   -3 ( -1.0, -1.0)=   -3 ( -1.0, -1.0)=   -3 ( -1.0, -1.0)=   -3 ( -1.0, -1.0)=   -3 ( -1.0, -1.0)=   -3 ( -1.0, -1.0)=   -3 ( -1.0, -1.0)=   -3 ( -1.0, -1.0)=   -3 ( -1.0, -1.0)=   -3 ( -1.0, -1.0)=   -3 ( -1.0, -1.0)=   -3 ( -1.0, -1.0)=   -3 ( -1.0, -1.0)=   -3 ( -1.0, -1.0)=   -3 ( -1.0, -1.0)=   -3 ( -1.0, -1.0)=   -3 ( -1.0, -1.0)=   -3 ( -1.0, -1.0)=   -3 ( -1.0, -1.0)=   -3 ( -1.0, -1.0)=   -3 ( -1.0, -1.0)=   -3 ( -1.0, -1.0)=   -3 ( -1.0, -1.0)=   -3 ( -1.0, -1.0)=   -3 ( -1.0, -1.0)=   -3 ( -1.0, -1.0)=   -3 
    467 | (385.0,519.0)= 1894 (390.2,512.9)=    0 (391.6,507.0)=    0 (395.3,499.6)=    0 (398.3,494.4)=    0 (396.2,493.8)=    0 (387.5,496.1)=    0 (376.2,497.4)=    0 (365.8,501.4)=    0 (352.0,506.4)=    0 (336.7,512.7)=    0 (320.6,518.2)=    0 (305.7,519.5)=    0 (286.4,518.7)=    0 (273.2,518.9)=    0 (260.0,520.4)=    0 ( -1.0, -1.0)=   -5 ( -1.0, -1.0)=   -5 ( -1.0, -1.0)=   -5 ( -1.0, -1.0)=   -5 ( -1.0, -1.0)=   -5 ( -1.0, -1.0)=   -5 ( -1.0, -1.0)=   -5 ( -1.0, -1.0)=   -5 ( -1.0, -1.0)=   -5 ( -1.0, -1.0)=   -5 ( -1.0, -1.0)=   -5 ( -1.0, -1.0)=   -5 ( -1.0, -1.0)=   -5 ( -1.0, -1.0)=   -5 ( -1.0, -1.0)=   -5 ( -1.0, -1.0)=   -5 ( -1.0, -1.0)=   -5 ( -1.0, -1.0)=   -5 ( -1.0, -1.0)=   -5 ( -1.0, -1.0)=   -5 ( -1.0, -1.0)=   -5 ( -1.0, -1.0)=   -5 ( -1.0, -1.0)=   -5 ( -1.0, -1.0)=   -5 ( -1.0, -1.0)=   -5 ( -1.0, -1.0)=   -5 ( -1.0, -1.0)=   -5 ( -1.0, -1.0)=   -5 
    468 | (106.0,446.0)= 1877 (110.1,438.1)=    0 (109.9,431.3)=    0 (112.6,422.8)=    0 (114.0,417.2)=    0 (108.1,416.8)=    0 ( 95.9,420.4)=    0 ( 79.1,422.4)=    0 ( 64.8,427.5)=    0 ( 45.2,434.0)=    0 ( -1.0, -1.0)=   -4 ( -1.0, -1.0)=   -4 ( -1.0, -1.0)=   -4 ( -1.0, -1.0)=   -4 ( -1.0, -1.0)=   -4 ( -1.0, -1.0)=   -4 ( -1.0, -1.0)=   -4 ( -1.0, -1.0)=   -4 ( -1.0, -1.0)=   -4 ( -1.0, -1.0)=   -4 ( -1.0, -1.0)=   -4 ( -1.0, -1.0)=   -4 ( -1.0, -1.0)=   -4 ( -1.0, -1.0)=   -4 ( -1.0, -1.0)=   -4 ( -1.0, -1.0)=   -4 ( -1.0, -1.0)=   -4 ( -1.0, -1.0)=   -4 ( -1.0, -1.0)=   -4 ( -1.0, -1.0)=   -4 ( -1.0, -1.0)=   -4 ( -1.0, -1.0)=   -4 ( -1.0, -1.0)=   -4 ( -1.0, -1.0)=   -4 ( -1.0, -1.0)=   -4 ( -1.0, -1.0)=   -4 ( -1.0, -1.0)=   -4 ( -1.0, -1.0)=   -4 ( -1.0, -1.0)=   -4 ( -1.0, -1.0)=   -4 ( -1.0, -1.0)=   -4 ( -1.0, -1.0)=   -4 ( -1.0, -1.0)=   -4 ( -1.0, -1.0)=   -4 
    469 | (180.0,329.0)= 1874 (184.9,320.8)=    0 (185.4,313.0)=    0 (188.5,304.3)=    0 (190.7,297.5)=    0 (185.4,295.9)=    0 (173.1,298.6)=    0 (157.1,299.0)=    0 (142.8,303.1)=    0 (147.5,312.6)=    0 (127.5,318.3)=    0 (131.4,355.9)=    0 (112.8,356.5)=    0 ( 88.9,354.1)=    0 ( 72.6,353.5)=    0 ( -1.0, -1.0)=   -5 ( -1.0, -1.0)=   -5 ( -1.0, -1.0)=   -5 ( -1.0, -1.0)=   -5 ( -1.0, -1.0)=   -5 ( -1.0, -1.0)=   -5 ( -1.0, -1.0)=   -5 ( -1.0, -1.0)=   -5 ( -1.0, -1.0)=   -5 ( -1.0, -1.0)=   -5 ( -1.0, -1.0)=   -5 ( -1.0, -1.0)=   -5 ( -1.0, -1.0)=   -5 ( -1.0, -1.0)=   -5 ( -1.0, -1.0)=   -5 ( -1.0, -1.0)=   -5 ( -1.0, -1.0)=   -5 ( -1.0, -1.0)=   -5 ( -1.0, -1.0)=   -5 ( -1.0, -1.0)=   -5 ( -1.0, -1.0)=   -5 ( -1.0, -1.0)=   -5 ( -1.0, -1.0)=   -5 ( -1.0, -1.0)=   -5 ( -1.0, -1.0)=   -5 ( -1.0, -1.0)=   -5 ( -1.0, -1.0)=   -5 ( -1.0, -1.0)=   -5 ( -1.0, -1.0)=   -5 
    470 | (252.0,575.0)= 1872 (256.5,568.5)=    0 (256.8,562.7)=    0 (259.5,555.1)=    0 (261.6,550.1)=    0 (257.3,550.6)=    0 (246.3,554.3)=    0 ( -1.0, -1.0)=   -5 ( -1.0, -1.0)=   -5 ( -1.0, -1.0)=   -5 ( -1.0, -1.0)=   -5 ( -1.0, -1.0)=   -5 ( -1.0, -1.0)=   -5 ( -1.0, -1.0)=   -5 ( -1.0, -1.0)=   -5 ( -1.0, -1.0)=   -5 ( -1.0, -1.0)=   -5 ( -1.0, -1.0)=   -5 ( -1.0, -1.0)=   -5 ( -1.0, -1.0)=   -5 ( -1.0, -1.0)=   -5 ( -1.0, -1.0)=   -5 ( -1.0, -1.0)=   -5 ( -1.0, -1.0)=   -5 ( -1.0, -1.0)=   -5 ( -1.0, -1.0)=   -5 ( -1.0, -1.0)=   -5 ( -1.0, -1.0)=   -5 ( -1.0, -1.0)=   -5 ( -1.0, -1.0)=   -5 ( -1.0, -1.0)=   -5 ( -1.0, -1.0)=   -5 ( -1.0, -1.0)=   -5 ( -1.0, -1.0)=   -5 ( -1.0, -1.0)=   -5 ( -1.0, -1.0)=   -5 ( -1.0, -1.0)=   -5 ( -1.0, -1.0)=   -5 ( -1.0, -1.0)=   -5 ( -1.0, -1.0)=   -5 ( -1.0, -1.0)=   -5 ( -1.0, -1.0)=   -5 ( -1.0, -1.0)=   -5 ( -1.0, -1.0)=   -5 
    471 | (156.0,393.0)= 1862 (160.6,385.2)=    0 (160.8,378.1)=    0 (164.1,369.5)=    0 (165.5,363.4)=    0 (160.7,362.4)=    0 (150.7,364.1)=    0 (138.0,363.2)=    0 (129.7,367.0)=    0 (119.5,368.2)=    0 (108.1,371.2)=    0 ( -1.0, -1.0)=   -5 ( -1.0, -1.0)=   -5 ( -1.0, -1.0)=   -5 ( -1.0, -1.0)=   -5 ( -1.0, -1.0)=   -5 ( -1.0, -1.0)=   -5 ( -1.0, -1.0)=   -5 ( -1.0, -1.0)=   -5 ( -1.0, -1.0)=   -5 ( -1.0, -1.0)=   -5 ( -1.0, -1.0)=   -5 ( -1.0, -1.0)=   -5 ( -1.0, -1.0)=   -5 ( -1.0, -1.0)=   -5 ( -1.0, -1.0)=   -5 ( -1.0, -1.0)=   -5 ( -1.0, -1.0)=   -5 ( -1.0, -1.0)=   -5 ( -1.0, -1.0)=   -5 ( -1.0, -1.0)=   -5 ( -1.0, -1.0)=   -5 ( -1.0, -1.0)=   -5 ( -1.0, -1.0)=   -5 ( -1.0, -1.0)=   -5 ( -1.0, -1.0)=   -5 ( -1.0, -1.0)=   -5 ( -1.0, -1.0)=   -5 ( -1.0, -1.0)=   -5 ( -1.0, -1.0)=   -5 ( -1.0, -1.0)=   -5 ( -1.0, -1.0)=   -5 ( -1.0, -1.0)=   -5 ( -1.0, -1.0)=   -5 
    472 | (333.0,458.0)= 1854 (338.1,451.6)=    0 (339.8,445.4)=    0 (343.7,437.9)=    0 (346.8,432.4)=    0 (344.9,431.1)=    0 (336.8,432.9)=    0 (325.8,433.7)=    0 (316.1,437.1)=    0 (302.8,441.5)=    0 (288.2,446.8)=    0 (273.3,452.0)=    0 (259.2,452.7)=    0 (241.5,451.0)=    0 (229.2,450.7)=    0 (217.5,451.2)=    0 (206.2,451.7)=    0 (197.8,455.1)=    0 (186.5,456.8)=    0 (173.4,460.0)=    0 (165.4,462.9)=    0 (159.6,466.4)=    0 (153.2,471.7)=    0 (144.9,476.4)=    0 (135.0,483.8)=    0 (121.6,486.1)=    0 (113.7,479.9)=    0 (106.4,480.9)=    0 (103.4,481.2)=    0 ( 93.1,476.8)=    0 ( 83.0,472.9)=    0 ( 79.2,467.2)=    0 ( 79.6,468.0)=    0 ( 82.8,471.3)=    0 ( 83.7,475.1)=    0 ( 81.4,476.2)=    0 ( 77.0,475.2)=    0 ( 66.9,474.6)=    0 ( 56.4,473.9)=    0 ( 46.7,469.7)=    0 ( 38.3,464.9)=    0 ( 25.7,460.3)=    0 ( -1.0, -1.0)=   -4 ( -1.0, -1.0)=   -4 
    473 | (637.0,665.0)= 1849 (643.3,660.1)=    0 (645.7,655.7)=    0 (649.4,649.3)=    0 (653.8,644.9)=    0 (653.3,645.8)=    0 (644.4,649.2)=    0 (633.7,651.7)=    0 (623.7,656.9)=    0 (610.5,663.6)=    0 (595.6,671.9)=    0 (578.1,678.6)=    0 (563.0,681.0)=    0 (543.9,682.6)=    0 (530.0,685.1)=    0 (516.1,688.7)=    0 (501.7,693.0)=    0 (490.1,699.5)=    0 (476.0,705.4)=    0 (460.1,713.3)=    0 (450.8,720.0)=    0 (444.0,727.2)=    0 (433.2,735.0)=    0 (421.8,743.2)=    0 (404.8,752.5)=    0 ( -1.0, -1.0)=   -5 ( -1.0, -1.0)=   -5 ( -1.0, -1.0)=   -5 ( -1.0, -1.0)=   -5 ( -1.0, -1.0)=   -5 ( -1.0, -1.0)=   -5 ( -1.0, -1.0)=   -5 ( -1.0, -1.0)=   -5 ( -1.0, -1.0)=   -5 ( -1.0, -1.0)=   -5 ( -1.0, -1.0)=   -5 ( -1.0, -1.0)=   -5 ( -1.0, -1.0)=   -5 ( -1.0, -1.0)=   -5 ( -1.0, -1.0)=   -5 ( -1.0, -1.0)=   -5 ( -1.0, -1.0)=   -5 ( -1.0, -1.0)=   -5 ( -1.0, -1.0)=   -5 
    474 | (558.0,802.0)= 1847 (563.4,797.2)=    0 (564.1,793.3)=    0 (566.6,787.1)=    0 (569.9,783.2)=    0 (567.0,786.8)=    0 (555.1,792.6)=    0 (541.0,798.3)=    0 (528.7,806.2)=    0 (511.8,816.8)=    0 (493.3,829.1)=    0 (472.7,838.8)=    0 (454.4,844.4)=    0 (430.4,850.0)=    0 (412.4,855.3)=    0 (394.3,861.5)=    0 (375.3,868.5)=    0 (358.9,877.3)=    0 (339.5,886.7)=    0 (317.4,898.8)=    0 (302.8,909.8)=    0 (290.6,921.4)=    0 (275.8,931.7)=    0 (258.4,943.9)=    0 (236.9,954.7)=    0 (210.6,958.3)=    0 (194.5,953.2)=    0 (178.2,954.7)=    0 (167.5,956.1)=    0 (146.2,953.0)=    0 (123.6,953.0)=    0 (109.6,952.0)=    0 (101.3,955.1)=    0 ( 96.9,958.6)=    0 ( 90.3,961.3)=    0 ( 78.5,962.4)=    0 ( 64.7,961.2)=    0 ( 41.3,964.2)=    0 ( -1.0, -1.0)=   -4 ( -1.0, -1.0)=   -4 ( -1.0, -1.0)=   -4 ( -1.0, -1.0)=   -4 ( -1.0, -1.0)=   -4 ( -1.0, -1.0)=   -4 
    475 | (164.0,288.0)= 1829 (168.8,279.5)=    0 (169.2,271.5)=    0 (172.2,262.1)=    0 (173.8,255.5)=    0 (168.0,253.6)=    0 (155.1,255.9)=    0 (137.9,256.0)=    0 (123.1,260.2)=    0 (102.9,264.7)=    0 ( 80.8,270.0)=    0 ( 59.6,276.3)=    0 ( 38.3,276.4)=    0 ( -1.0, -1.0)=   -4 ( -1.0, -1.0)=   -4 ( -1.0, -1.0)=   -4 ( -1.0, -1.0)=   -4 ( -1.0, -1.0)=   -4 ( -1.0, -1.0)=   -4 ( -1.0, -1.0)=   -4 ( -1.0, -1.0)=   -4 ( -1.0, -1.0)=   -4 ( -1.0, -1.0)=   -4 ( -1.0, -1.0)=   -4 ( -1.0, -1.0)=   -4 ( -1.0, -1.0)=   -4 ( -1.0, -1.0)=   -4 ( -1.0, -1.0)=   -4 ( -1.0, -1.0)=   -4 ( -1.0, -1.0)=   -4 ( -1.0, -1.0)=   -4 ( -1.0, -1.0)=   -4 ( -1.0, -1.0)=   -4 ( -1.0, -1.0)=   -4 ( -1.0, -1.0)=   -4 ( -1.0, -1.0)=   -4 ( -1.0, -1.0)=   -4 ( -1.0, -1.0)=   -4 ( -1.0, -1.0)=   -4 ( -1.0, -1.0)=   -4 ( -1.0, -1.0)=   -4 ( -1.0, -1.0)=   -4 ( -1.0, -1.0)=   -4 ( -1.0, -1.0)=   -4 
    476 | (562.0,712.0)= 1826 (567.8,707.0)=    0 (569.1,702.6)=    0 (572.0,696.2)=    0 (575.5,691.9)=    0 (573.5,693.9)=    0 (563.3,698.1)=    0 (551.1,701.4)=    0 (539.4,707.7)=    0 (525.1,715.3)=    0 (508.0,725.3)=    0 (489.5,732.7)=    0 (473.1,735.9)=    0 (451.9,738.4)=    0 (436.0,741.7)=    0 (420.0,746.0)=    0 (404.3,750.6)=    0 (390.2,757.7)=    0 (373.4,764.5)=    0 (354.5,773.5)=    0 (342.3,781.4)=    0 (332.9,789.9)=    0 (320.3,798.4)=    0 (306.4,807.7)=    0 (287.7,817.5)=    0 (264.3,820.9)=    0 (250.5,815.2)=    0 (235.7,817.3)=    0 (226.5,818.8)=    0 (207.7,816.3)=    0 (188.1,815.1)=    0 (176.8,813.1)=    0 (170.7,815.9)=    0 (167.6,820.2)=    0 (162.4,824.0)=    0 (152.4,825.8)=    0 (140.7,825.0)=    0 (120.6,827.6)=    0 (100.5,829.4)=    0 ( 81.4,827.3)=    0 ( 64.9,823.3)=    0 ( 42.7,820.3)=    0 ( 27.1,819.4)=    0 ( 27.9,820.5)=    0 
    477 | (688.0,629.0)= 1825 ( -1.0, -1.0)=   -4 ( -1.0, -1.0)=   -4 ( -1.0, -1.0)=   -4 ( -1.0, -1.0)=   -4 ( -1.0, -1.0)=   -4 ( -1.0, -1.0)=   -4 ( -1.0, -1.0)=   -4 ( -1.0, -1.0)=   -4 ( -1.0, -1.0)=   -4 ( -1.0, -1.0)=   -4 ( -1.0, -1.0)=   -4 ( -1.0, -1.0)=   -4 ( -1.0, -1.0)=   -4 ( -1.0, -1.0)=   -4 ( -1.0, -1.0)=   -4 ( -1.0, -1.0)=   -4 ( -1.0, -1.0)=   -4 ( -1.0, -1.0)=   -4 ( -1.0, -1.0)=   -4 ( -1.0, -1.0)=   -4 ( -1.0, -1.0)=   -4 ( -1.0, -1.0)=   -4 ( -1.0, -1.0)=   -4 ( -1.0, -1.0)=   -4 ( -1.0, -1.0)=   -4 ( -1.0, -1.0)=   -4 ( -1.0, -1.0)=   -4 ( -1.0, -1.0)=   -4 ( -1.0, -1.0)=   -4 ( -1.0, -1.0)=   -4 ( -1.0, -1.0)=   -4 ( -1.0, -1.0)=   -4 ( -1.0, -1.0)=   -4 ( -1.0, -1.0)=   -4 ( -1.0, -1.0)=   -4 ( -1.0, -1.0)=   -4 ( -1.0, -1.0)=   -4 ( -1.0, -1.0)=   -4 ( -1.0, -1.0)=   -4 ( -1.0, -1.0)=   -4 ( -1.0, -1.0)=   -4 ( -1.0, -1.0)=   -4 ( -1.0, -1.0)=   -4 
    478 | (247.0,425.0)= 1822 (251.7,418.2)=    0 (253.0,411.5)=    0 (256.3,403.5)=    0 (258.7,397.6)=    0 (255.3,396.5)=    0 (245.5,398.8)=    0 (232.1,399.6)=    0 (220.4,403.5)=    0 (204.4,408.4)=    0 (186.8,414.2)=    0 (169.2,419.3)=    0 (152.6,420.0)=    0 (130.9,418.3)=    0 (115.9,418.0)=    0 (101.5,418.5)=    0 ( 87.7,418.8)=    0 ( 77.7,422.5)=    0 ( 63.4,424.3)=    0 ( 57.9,423.7)=    0 ( 47.6,426.6)=    0 ( -1.0, -1.0)=   -5 ( -1.0, -1.0)=   -5 ( -1.0, -1.0)=   -5 ( -1.0, -1.0)=   -5 ( -1.0, -1.0)=   -5 ( -1.0, -1.0)=   -5 ( -1.0, -1.0)=   -5 ( -1.0, -1.0)=   -5 ( -1.0, -1.0)=   -5 ( -1.0, -1.0)=   -5 ( -1.0, -1.0)=   -5 ( -1.0, -1.0)=   -5 ( -1.0, -1.0)=   -5 ( -1.0, -1.0)=   -5 ( -1.0, -1.0)=   -5 ( -1.0, -1.0)=   -5 ( -1.0, -1.0)=   -5 ( -1.0, -1.0)=   -5 ( -1.0, -1.0)=   -5 ( -1.0, -1.0)=   -5 ( -1.0, -1.0)=   -5 ( -1.0, -1.0)=   -5 ( -1.0, -1.0)=   -5 
    479 | (440.0,834.0)= 1808 (444.9,829.1)=    0 (444.1,824.7)=    0 (445.4,818.1)=    0 (447.4,814.2)=    0 (442.2,818.9)=    0 (428.3,825.5)=    0 (411.5,832.2)=    0 (396.2,841.3)=    0 ( -1.0, -1.0)=   -5 ( -1.0, -1.0)=   -5 ( -1.0, -1.0)=   -5 ( -1.0, -1.0)=   -5 ( -1.0, -1.0)=   -5 ( -1.0, -1.0)=   -5 ( -1.0, -1.0)=   -5 ( -1.0, -1.0)=   -5 ( -1.0, -1.0)=   -5 ( -1.0, -1.0)=   -5 ( -1.0, -1.0)=   -5 ( -1.0, -1.0)=   -5 ( -1.0, -1.0)=   -5 ( -1.0, -1.0)=   -5 ( -1.0, -1.0)=   -5 ( -1.0, -1.0)=   -5 ( -1.0, -1.0)=   -5 ( -1.0, -1.0)=   -5 ( -1.0, -1.0)=   -5 ( -1.0, -1.0)=   -5 ( -1.0, -1.0)=   -5 ( -1.0, -1.0)=   -5 ( -1.0, -1.0)=   -5 ( -1.0, -1.0)=   -5 ( -1.0, -1.0)=   -5 ( -1.0, -1.0)=   -5 ( -1.0, -1.0)=   -5 ( -1.0, -1.0)=   -5 ( -1.0, -1.0)=   -5 ( -1.0, -1.0)=   -5 ( -1.0, -1.0)=   -5 ( -1.0, -1.0)=   -5 ( -1.0, -1.0)=   -5 ( -1.0, -1.0)=   -5 ( -1.0, -1.0)=   -5 
    480 | (141.0,361.0)= 1805 (145.5,352.8)=    0 (145.5,345.4)=    0 (148.2,336.2)=    0 (150.0,330.3)=    0 (149.1,329.8)=    0 ( -1.0, -1.0)=   -5 ( -1.0, -1.0)=   -5 ( -1.0, -1.0)=   -5 ( -1.0, -1.0)=   -5 ( -1.0, -1.0)=   -5 ( -1.0, -1.0)=   -5 ( -1.0, -1.0)=   -5 ( -1.0, -1.0)=   -5 ( -1.0, -1.0)=   -5 ( -1.0, -1.0)=   -5 ( -1.0, -1.0)=   -5 ( -1.0, -1.0)=   -5 ( -1.0, -1.0)=   -5 ( -1.0, -1.0)=   -5 ( -1.0, -1.0)=   -5 ( -1.0, -1.0)=   -5 ( -1.0, -1.0)=   -5 ( -1.0, -1.0)=   -5 ( -1.0, -1.0)=   -5 ( -1.0, -1.0)=   -5 ( -1.0, -1.0)=   -5 ( -1.0, -1.0)=   -5 ( -1.0, -1.0)=   -5 ( -1.0, -1.0)=   -5 ( -1.0, -1.0)=   -5 ( -1.0, -1.0)=   -5 ( -1.0, -1.0)=   -5 ( -1.0, -1.0)=   -5 ( -1.0, -1.0)=   -5 ( -1.0, -1.0)=   -5 ( -1.0, -1.0)=   -5 ( -1.0, -1.0)=   -5 ( -1.0, -1.0)=   -5 ( -1.0, -1.0)=   -5 ( -1.0, -1.0)=   -5 ( -1.0, -1.0)=   -5 ( -1.0, -1.0)=   -5 ( -1.0, -1.0)=   -5 
    481 | (169.0,381.0)= 1804 (173.5,372.9)=    0 (173.8,365.6)=    0 (176.9,357.1)=    0 (178.8,351.0)=    0 (173.7,350.1)=    0 ( -1.0, -1.0)=   -5 ( -1.0, -1.0)=   -5 ( -1.0, -1.0)=   -5 ( -1.0, -1.0)=   -5 ( -1.0, -1.0)=   -5 ( -1.0, -1.0)=   -5 ( -1.0, -1.0)=   -5 ( -1.0, -1.0)=   -5 ( -1.0, -1.0)=   -5 ( -1.0, -1.0)=   -5 ( -1.0, -1.0)=   -5 ( -1.0, -1.0)=   -5 ( -1.0, -1.0)=   -5 ( -1.0, -1.0)=   -5 ( -1.0, -1.0)=   -5 ( -1.0, -1.0)=   -5 ( -1.0, -1.0)=   -5 ( -1.0, -1.0)=   -5 ( -1.0, -1.0)=   -5 ( -1.0, -1.0)=   -5 ( -1.0, -1.0)=   -5 ( -1.0, -1.0)=   -5 ( -1.0, -1.0)=   -5 ( -1.0, -1.0)=   -5 ( -1.0, -1.0)=   -5 ( -1.0, -1.0)=   -5 ( -1.0, -1.0)=   -5 ( -1.0, -1.0)=   -5 ( -1.0, -1.0)=   -5 ( -1.0, -1.0)=   -5 ( -1.0, -1.0)=   -5 ( -1.0, -1.0)=   -5 ( -1.0, -1.0)=   -5 ( -1.0, -1.0)=   -5 ( -1.0, -1.0)=   -5 ( -1.0, -1.0)=   -5 ( -1.0, -1.0)=   -5 ( -1.0, -1.0)=   -5 
    482 | (676.0,656.0)= 1796 (682.9,651.2)=    0 (685.3,647.0)=    0 (689.3,640.6)=    0 (693.9,636.1)=    0 (693.8,636.9)=    0 (684.7,640.6)=    0 (674.2,642.7)=    0 (664.0,647.9)=    0 (650.9,653.9)=    0 (635.7,662.1)=    0 (617.8,668.4)=    0 (602.2,670.4)=    0 (582.9,671.5)=    0 (568.8,673.0)=    0 (554.3,675.8)=    0 (539.6,679.6)=    0 (527.1,685.9)=    0 (512.2,691.5)=    0 (495.5,698.3)=    0 (485.4,704.4)=    0 (477.6,711.6)=    0 ( -1.0, -1.0)=   -5 ( -1.0, -1.0)=   -5 ( -1.0, -1.0)=   -5 ( -1.0, -1.0)=   -5 ( -1.0, -1.0)=   -5 ( -1.0, -1.0)=   -5 ( -1.0, -1.0)=   -5 ( -1.0, -1.0)=   -5 ( -1.0, -1.0)=   -5 ( -1.0, -1.0)=   -5 ( -1.0, -1.0)=   -5 ( -1.0, -1.0)=   -5 ( -1.0, -1.0)=   -5 ( -1.0, -1.0)=   -5 ( -1.0, -1.0)=   -5 ( -1.0, -1.0)=   -5 ( -1.0, -1.0)=   -5 ( -1.0, -1.0)=   -5 ( -1.0, -1.0)=   -5 ( -1.0, -1.0)=   -5 ( -1.0, -1.0)=   -5 ( -1.0, -1.0)=   -5 
    483 | (322.0,531.0)= 1786 (326.9,524.8)=    0 (327.9,518.9)=    0 (331.2,511.5)=    0 (334.1,506.3)=    0 (330.9,506.0)=    0 (321.5,508.5)=    0 (309.1,510.2)=    0 (298.1,514.8)=    0 (282.6,520.0)=    0 (266.4,527.0)=    0 (249.5,532.8)=    0 (233.4,534.5)=    0 (212.8,534.3)=    0 ( -1.0, -1.0)=   -5 ( -1.0, -1.0)=   -5 ( -1.0, -1.0)=   -5 ( -1.0, -1.0)=   -5 ( -1.0, -1.0)=   -5 ( -1.0, -1.0)=   -5 ( -1.0, -1.0)=   -5 ( -1.0, -1.0)=   -5 ( -1.0, -1.0)=   -5 ( -1.0, -1.0)=   -5 ( -1.0, -1.0)=   -5 ( -1.0, -1.0)=   -5 ( -1.0, -1.0)=   -5 ( -1.0, -1.0)=   -5 ( -1.0, -1.0)=   -5 ( -1.0, -1.0)=   -5 ( -1.0, -1.0)=   -5 ( -1.0, -1.0)=   -5 ( -1.0, -1.0)=   -5 ( -1.0, -1.0)=   -5 ( -1.0, -1.0)=   -5 ( -1.0, -1.0)=   -5 ( -1.0, -1.0)=   -5 ( -1.0, -1.0)=   -5 ( -1.0, -1.0)=   -5 ( -1.0, -1.0)=   -5 ( -1.0, -1.0)=   -5 ( -1.0, -1.0)=   -5 ( -1.0, -1.0)=   -5 ( -1.0, -1.0)=   -5 
    484 | (166.0,298.0)= 1779 (170.8,289.3)=    0 (171.2,281.4)=    0 (174.2,272.3)=    0 (175.9,265.5)=    0 (170.2,263.7)=    0 (157.4,266.3)=    0 (140.4,266.4)=    0 (125.7,270.9)=    0 (105.8,275.6)=    0 ( 84.2,281.1)=    0 ( 63.0,287.3)=    0 ( 41.9,287.3)=    0 ( -1.0, -1.0)=   -4 ( -1.0, -1.0)=   -4 ( -1.0, -1.0)=   -4 ( -1.0, -1.0)=   -4 ( -1.0, -1.0)=   -4 ( -1.0, -1.0)=   -4 ( -1.0, -1.0)=   -4 ( -1.0, -1.0)=   -4 ( -1.0, -1.0)=   -4 ( -1.0, -1.0)=   -4 ( -1.0, -1.0)=   -4 ( -1.0, -1.0)=   -4 ( -1.0, -1.0)=   -4 ( -1.0, -1.0)=   -4 ( -1.0, -1.0)=   -4 ( -1.0, -1.0)=   -4 ( -1.0, -1.0)=   -4 ( -1.0, -1.0)=   -4 ( -1.0, -1.0)=   -4 ( -1.0, -1.0)=   -4 ( -1.0, -1.0)=   -4 ( -1.0, -1.0)=   -4 ( -1.0, -1.0)=   -4 ( -1.0, -1.0)=   -4 ( -1.0, -1.0)=   -4 ( -1.0, -1.0)=   -4 ( -1.0, -1.0)=   -4 ( -1.0, -1.0)=   -4 ( -1.0, -1.0)=   -4 ( -1.0, -1.0)=   -4 ( -1.0, -1.0)=   -4 
    485 | (317.0,362.0)= 1776 (322.9,354.8)=    0 (324.4,348.0)=    0 (328.3,339.6)=    0 (330.8,333.6)=    0 (328.2,331.5)=    0 (318.9,333.1)=    0 (306.6,332.8)=    0 (295.4,336.1)=    0 (280.7,339.8)=    0 (263.9,344.3)=    0 (247.7,349.3)=    0 (231.8,349.0)=    0 (211.7,346.2)=    0 (197.6,345.4)=    0 (184.3,345.1)=    0 (171.5,345.3)=    0 (162.5,348.0)=    0 (149.6,349.2)=    0 (134.4,351.5)=    0 (124.9,353.1)=    0 ( -1.0, -1.0)=   -5 ( -1.0, -1.0)=   -5 ( -1.0, -1.0)=   -5 ( -1.0, -1.0)=   -5 ( -1.0, -1.0)=   -5 ( -1.0, -1.0)=   -5 ( -1.0, -1.0)=   -5 ( -1.0, -1.0)=   -5 ( -1.0, -1.0)=   -5 ( -1.0, -1.0)=   -5 ( -1.0, -1.0)=   -5 ( -1.0, -1.0)=   -5 ( -1.0, -1.0)=   -5 ( -1.0, -1.0)=   -5 ( -1.0, -1.0)=   -5 ( -1.0, -1.0)=   -5 ( -1.0, -1.0)=   -5 ( -1.0, -1.0)=   -5 ( -1.0, -1.0)=   -5 ( -1.0, -1.0)=   -5 ( -1.0, -1.0)=   -5 ( -1.0, -1.0)=   -5 ( -1.0, -1.0)=   -5 
    486 | (321.0,601.0)= 1772 (325.8,594.8)=    0 (326.2,589.2)=    0 (328.8,581.9)=    0 (331.3,577.0)=    0 (327.2,577.8)=    0 (316.2,581.5)=    0 (302.0,584.5)=    0 (289.5,590.1)=    0 ( -1.0, -1.0)=   -5 ( -1.0, -1.0)=   -5 ( -1.0, -1.0)=   -5 ( -1.0, -1.0)=   -5 ( -1.0, -1.0)=   -5 ( -1.0, -1.0)=   -5 ( -1.0, -1.0)=   -5 ( -1.0, -1.0)=   -5 ( -1.0, -1.0)=   -5 ( -1.0, -1.0)=   -5 ( -1.0, -1.0)=   -5 ( -1.0, -1.0)=   -5 ( -1.0, -1.0)=   -5 ( -1.0, -1.0)=   -5 ( -1.0, -1.0)=   -5 ( -1.0, -1.0)=   -5 ( -1.0, -1.0)=   -5 ( -1.0, -1.0)=   -5 ( -1.0, -1.0)=   -5 ( -1.0, -1.0)=   -5 ( -1.0, -1.0)=   -5 ( -1.0, -1.0)=   -5 ( -1.0, -1.0)=   -5 ( -1.0, -1.0)=   -5 ( -1.0, -1.0)=   -5 ( -1.0, -1.0)=   -5 ( -1.0, -1.0)=   -5 ( -1.0, -1.0)=   -5 ( -1.0, -1.0)=   -5 ( -1.0, -1.0)=   -5 ( -1.0, -1.0)=   -5 ( -1.0, -1.0)=   -5 ( -1.0, -1.0)=   -5 ( -1.0, -1.0)=   -5 ( -1.0, -1.0)=   -5 
    487 | (409.0,1042.0)= 1768 (412.1,1037.7)=    0 (414.2,1033.5)=    0 (418.6,1026.8)=    0 (422.6,1022.4)=    0 (426.3,1020.6)=    0 (426.9,1019.9)=    0 ( -1.0, -1.0)=   -5 ( -1.0, -1.0)=   -5 ( -1.0, -1.0)=   -5 ( -1.0, -1.0)=   -5 ( -1.0, -1.0)=   -5 ( -1.0, -1.0)=   -5 ( -1.0, -1.0)=   -5 ( -1.0, -1.0)=   -5 ( -1.0, -1.0)=   -5 ( -1.0, -1.0)=   -5 ( -1.0, -1.0)=   -5 ( -1.0, -1.0)=   -5 ( -1.0, -1.0)=   -5 ( -1.0, -1.0)=   -5 ( -1.0, -1.0)=   -5 ( -1.0, -1.0)=   -5 ( -1.0, -1.0)=   -5 ( -1.0, -1.0)=   -5 ( -1.0, -1.0)=   -5 ( -1.0, -1.0)=   -5 ( -1.0, -1.0)=   -5 ( -1.0, -1.0)=   -5 ( -1.0, -1.0)=   -5 ( -1.0, -1.0)=   -5 ( -1.0, -1.0)=   -5 ( -1.0, -1.0)=   -5 ( -1.0, -1.0)=   -5 ( -1.0, -1.0)=   -5 ( -1.0, -1.0)=   -5 ( -1.0, -1.0)=   -5 ( -1.0, -1.0)=   -5 ( -1.0, -1.0)=   -5 ( -1.0, -1.0)=   -5 ( -1.0, -1.0)=   -5 ( -1.0, -1.0)=   -5 ( -1.0, -1.0)=   -5 ( -1.0, -1.0)=   -5 
    488 | (497.0,444.0)= 1764 (502.8,438.0)=    0 (506.0,432.2)=    0 (510.9,424.8)=    0 (515.2,419.1)=    0 (515.3,416.9)=    0 (508.8,417.8)=    0 (500.6,417.3)=    0 (493.0,419.5)=    0 (482.2,422.5)=    0 (470.4,426.6)=    0 (457.3,430.2)=    0 (445.9,429.7)=    0 (431.7,427.2)=    0 (422.2,426.2)=    0 (413.0,426.0)=    0 (404.2,426.5)=    0 (398.1,429.5)=    0 (389.5,431.4)=    0 (380.0,433.8)=    0 (374.9,436.0)=    0 (371.8,438.7)=    0 (366.6,443.0)=    0 (361.0,447.0)=    0 (351.6,454.3)=    0 (339.8,456.6)=    0 (333.4,450.9)=    0 (326.9,451.9)=    0 (324.0,452.8)=    0 (315.6,449.4)=    0 (307.4,446.8)=    0 (306.4,442.2)=    0 (307.2,443.9)=    0 (310.0,448.6)=    0 (310.3,453.6)=    0 (308.0,456.2)=    0 (303.8,456.6)=    0 (295.2,458.0)=    0 (285.9,459.1)=    0 (277.9,457.1)=    0 (270.7,454.3)=    0 (259.6,451.5)=    0 (252.1,450.0)=    0 (255.4,449.5)=    0 
    489 | (539.0,451.0)= 1761 (545.3,445.0)=    0 (548.6,439.4)=    0 (553.5,432.1)=    0 (558.1,426.4)=    0 (558.8,424.4)=    0 (552.7,425.1)=    0 (544.8,424.6)=    0 (537.3,426.7)=    0 (527.2,429.4)=    0 (515.8,433.7)=    0 (503.1,437.2)=    0 (492.4,436.7)=    0 (478.7,434.2)=    0 (469.4,433.2)=    0 (460.7,433.0)=    0 (452.2,433.7)=    0 (446.3,436.8)=    0 (438.1,438.6)=    0 (428.8,441.2)=    0 (424.3,443.4)=    0 (421.5,446.0)=    0 (416.7,450.5)=    0 (411.1,454.3)=    0 (401.4,461.5)=    0 (389.0,463.7)=    0 (382.8,458.0)=    0 (376.2,459.1)=    0 (373.1,460.0)=    0 (364.7,456.6)=    0 (356.7,454.4)=    0 (355.9,450.1)=    0 (356.1,451.9)=    0 (358.8,456.8)=    0 (358.6,462.1)=    0 (356.1,465.1)=    0 (351.8,465.8)=    0 (343.1,467.6)=    0 (333.6,469.1)=    0 (325.4,467.6)=    0 (318.0,464.8)=    0 (306.8,462.8)=    0 (299.2,461.4)=    0 (302.6,461.1)=    0 
    490 | (304.0,534.0)= 1758 (308.8,527.5)=    0 (309.6,521.6)=    0 (312.8,514.0)=    0 (315.3,508.8)=    0 (312.2,508.8)=    0 (302.6,511.5)=    0 (289.6,513.4)=    0 (278.1,518.0)=    0 (262.7,523.6)=    0 (256.5,526.9)=    0 (239.6,532.9)=    0 (243.6,526.7)=    0 (223.1,526.4)=    0 (209.1,527.1)=    0 (195.0,528.4)=    0 (181.5,530.1)=    0 (171.1,534.0)=    0 (157.1,537.1)=    0 (140.7,541.3)=    0 (130.6,545.3)=    0 (122.8,550.0)=    0 (114.0,556.1)=    0 (103.8,561.8)=    0 ( 91.6,569.8)=    0 ( 75.8,572.0)=    0 ( 65.8,565.6)=    0 ( 57.0,566.6)=    0 ( 52.2,567.2)=    0 ( 39.5,562.5)=    0 ( 26.1,558.8)=    0 ( -1.0, -1.0)=   -4 ( -1.0, -1.0)=   -4 ( -1.0, -1.0)=   -4 ( -1.0, -1.0)=   -4 ( -1.0, -1.0)=   -4 ( -1.0, -1.0)=   -4 ( -1.0, -1.0)=   -4 ( -1.0, -1.0)=   -4 ( -1.0, -1.0)=   -4 ( -1.0, -1.0)=   -4 ( -1.0, -1.0)=   -4 ( -1.0, -1.0)=   -4 ( -1.0, -1.0)=   -4 
    491 | (327.0,310.0)= 1756 (332.5,302.5)=    0 (334.3,295.3)=    0 (338.5,286.5)=    0 (341.6,279.9)=    0 (338.9,277.1)=    0 (329.3,278.6)=    0 (316.7,277.6)=    0 (305.5,280.4)=    0 (290.1,283.8)=    0 (273.4,288.1)=    0 (255.8,292.9)=    0 (239.4,292.3)=    0 (218.8,288.6)=    0 (204.7,287.1)=    0 (190.6,286.5)=    0 (178.0,286.0)=    0 (168.6,288.9)=    0 (155.4,289.5)=    0 (140.1,291.0)=    0 (130.5,292.7)=    0 (122.6,295.0)=    0 (114.3,300.6)=    0 (104.4,304.7)=    0 ( 93.0,313.7)=    0 ( 78.1,316.4)=    0 ( 69.0,308.8)=    0 ( 60.9,310.3)=    0 ( 57.3,311.3)=    0 ( 46.1,305.6)=    0 ( 34.7,300.7)=    0 ( 30.5,292.3)=    0 ( 30.9,292.9)=    0 ( 35.3,297.6)=    0 ( 37.0,302.6)=    0 ( 35.3,304.4)=    0 ( 31.1,303.2)=    0 ( -1.0, -1.0)=   -4 ( -1.0, -1.0)=   -4 ( -1.0, -1.0)=   -4 ( -1.0, -1.0)=   -4 ( -1.0, -1.0)=   -4 ( -1.0, -1.0)=   -4 ( -1.0, -1.0)=   -4 
    492 | (531.0,497.0)= 1754 (537.3,491.1)=    0 (539.9,485.6)=    0 (544.5,478.4)=    0 (548.8,473.1)=    0 (548.7,471.7)=    0 (541.6,473.3)=    0 (532.4,473.4)=    0 (523.9,476.4)=    0 (512.7,480.4)=    0 (523.2,475.8)=    0 (532.4,470.5)=    0 (521.0,470.4)=    0 ( -1.0, -1.0)=   -5 ( -1.0, -1.0)=   -5 ( -1.0, -1.0)=   -5 ( -1.0, -1.0)=   -5 ( -1.0, -1.0)=   -5 ( -1.0, -1.0)=   -5 ( -1.0, -1.0)=   -5 ( -1.0, -1.0)=   -5 ( -1.0, -1.0)=   -5 ( -1.0, -1.0)=   -5 ( -1.0, -1.0)=   -5 ( -1.0, -1.0)=   -5 ( -1.0, -1.0)=   -5 ( -1.0, -1.0)=   -5 ( -1.0, -1.0)=   -5 ( -1.0, -1.0)=   -5 ( -1.0, -1.0)=   -5 ( -1.0, -1.0)=   -5 ( -1.0, -1.0)=   -5 ( -1.0, -1.0)=   -5 ( -1.0, -1.0)=   -5 ( -1.0, -1.0)=   -5 ( -1.0, -1.0)=   -5 ( -1.0, -1.0)=   -5 ( -1.0, -1.0)=   -5 ( -1.0, -1.0)=   -5 ( -1.0, -1.0)=   -5 ( -1.0, -1.0)=   -5 ( -1.0, -1.0)=   -5 ( -1.0, -1.0)=   -5 ( -1.0, -1.0)=   -5 
    493 | (143.0,626.0)= 1738 (146.9,619.4)=    0 (146.3,613.4)=    0 (148.8,605.5)=    0 (150.2,600.7)=    0 (144.8,602.1)=    0 (132.5,606.3)=    0 (116.2,610.0)=    0 (102.2,616.5)=    0 ( 82.9,624.9)=    0 ( 61.7,634.5)=    0 ( 41.4,642.4)=    0 ( -1.0, -1.0)=   -4 ( -1.0, -1.0)=   -4 ( -1.0, -1.0)=   -4 ( -1.0, -1.0)=   -4 ( -1.0, -1.0)=   -4 ( -1.0, -1.0)=   -4 ( -1.0, -1.0)=   -4 ( -1.0, -1.0)=   -4 ( -1.0, -1.0)=   -4 ( -1.0, -1.0)=   -4 ( -1.0, -1.0)=   -4 ( -1.0, -1.0)=   -4 ( -1.0, -1.0)=   -4 ( -1.0, -1.0)=   -4 ( -1.0, -1.0)=   -4 ( -1.0, -1.0)=   -4 ( -1.0, -1.0)=   -4 ( -1.0, -1.0)=   -4 ( -1.0, -1.0)=   -4 ( -1.0, -1.0)=   -4 ( -1.0, -1.0)=   -4 ( -1.0, -1.0)=   -4 ( -1.0, -1.0)=   -4 ( -1.0, -1.0)=   -4 ( -1.0, -1.0)=   -4 ( -1.0, -1.0)=   -4 ( -1.0, -1.0)=   -4 ( -1.0, -1.0)=   -4 ( -1.0, -1.0)=   -4 ( -1.0, -1.0)=   -4 ( -1.0, -1.0)=   -4 ( -1.0, -1.0)=   -4 
    494 | (454.0,837.0)= 1733 (458.9,832.1)=    0 (458.3,828.1)=    0 (459.6,821.5)=    0 (461.5,817.6)=    0 (456.7,822.1)=    0 (443.3,828.9)=    0 (426.6,835.5)=    0 (411.9,844.4)=    0 (419.2,846.1)=    0 (425.1,843.3)=    0 (403.0,853.4)=    0 (382.2,859.5)=    0 (355.3,865.9)=    0 (361.4,852.9)=    0 (341.4,859.3)=    0 (321.8,865.9)=    0 (304.2,874.5)=    0 (283.1,883.6)=    0 (288.3,876.1)=    0 (299.7,865.7)=    0 (287.6,876.9)=    0 (273.2,887.0)=    0 (280.3,869.3)=    0 (260.3,880.5)=    0 (235.7,884.7)=    0 (220.4,879.9)=    0 (204.5,882.4)=    0 (194.3,884.0)=    0 (173.6,882.3)=    0 (152.5,882.0)=    0 (138.9,881.0)=    0 (131.3,883.8)=    0 (127.4,888.1)=    0 (121.4,891.5)=    0 (110.2,893.0)=    0 ( 97.2,892.1)=    0 ( 74.7,895.0)=    0 ( 52.6,896.9)=    0 ( 31.1,894.6)=    0 ( -1.0, -1.0)=   -4 ( -1.0, -1.0)=   -4 ( -1.0, -1.0)=   -4 ( -1.0, -1.0)=   -4 
    495 | (610.0,690.0)= 1720 (616.1,684.7)=    0 (617.9,680.6)=    0 (621.1,674.0)=    0 (625.4,669.8)=    0 (624.0,671.2)=    0 (614.3,675.2)=    0 (602.5,678.1)=    0 (591.9,683.6)=    0 (577.9,690.8)=    0 (561.7,699.2)=    0 (543.8,703.1)=    0 (527.3,704.9)=    0 (506.8,707.0)=    0 (491.5,709.9)=    0 (476.6,713.8)=    0 (461.5,718.2)=    0 (448.0,725.2)=    0 (432.6,731.6)=    0 (415.8,739.6)=    0 (405.2,747.0)=    0 (397.0,754.9)=    0 (385.7,762.8)=    0 (373.2,771.4)=    0 (354.8,781.3)=    0 ( -1.0, -1.0)=   -3 ( -1.0, -1.0)=   -3 ( -1.0, -1.0)=   -3 ( -1.0, -1.0)=   -3 ( -1.0, -1.0)=   -3 ( -1.0, -1.0)=   -3 ( -1.0, -1.0)=   -3 ( -1.0, -1.0)=   -3 ( -1.0, -1.0)=   -3 ( -1.0, -1.0)=   -3 ( -1.0, -1.0)=   -3 ( -1.0, -1.0)=   -3 ( -1.0, -1.0)=   -3 ( -1.0, -1.0)=   -3 ( -1.0, -1.0)=   -3 ( -1.0, -1.0)=   -3 ( -1.0, -1.0)=   -3 ( -1.0, -1.0)=   -3 ( -1.0, -1.0)=   -3 
    496 | (336.0,144.0)= 1694 (342.3,135.0)=    0 (344.2,126.1)=    0 (348.5,116.1)=    0 (351.4,108.2)=    0 (347.9,103.6)=    0 (337.1,104.1)=    0 (322.7,101.5)=    0 (309.6,103.4)=    0 (292.0,105.2)=    0 (273.2,107.9)=    0 (253.9,111.7)=    0 (235.4,109.3)=    0 ( -1.0, -1.0)=   -5 ( -1.0, -1.0)=   -5 ( -1.0, -1.0)=   -5 ( -1.0, -1.0)=   -5 ( -1.0, -1.0)=   -5 ( -1.0, -1.0)=   -5 ( -1.0, -1.0)=   -5 ( -1.0, -1.0)=   -5 ( -1.0, -1.0)=   -5 ( -1.0, -1.0)=   -5 ( -1.0, -1.0)=   -5 ( -1.0, -1.0)=   -5 ( -1.0, -1.0)=   -5 ( -1.0, -1.0)=   -5 ( -1.0, -1.0)=   -5 ( -1.0, -1.0)=   -5 ( -1.0, -1.0)=   -5 ( -1.0, -1.0)=   -5 ( -1.0, -1.0)=   -5 ( -1.0, -1.0)=   -5 ( -1.0, -1.0)=   -5 ( -1.0, -1.0)=   -5 ( -1.0, -1.0)=   -5 ( -1.0, -1.0)=   -5 ( -1.0, -1.0)=   -5 ( -1.0, -1.0)=   -5 ( -1.0, -1.0)=   -5 ( -1.0, -1.0)=   -5 ( -1.0, -1.0)=   -5 ( -1.0, -1.0)=   -5 ( -1.0, -1.0)=   -5 
    497 | (109.0,468.0)= 1687 (113.1,460.6)=    0 (112.9,453.7)=    0 (115.6,445.4)=    0 (117.2,439.8)=    0 (111.7,439.5)=    0 ( 99.7,443.1)=    0 ( 83.4,445.2)=    0 ( 69.3,450.4)=    0 ( 50.1,456.9)=    0 ( 29.0,464.4)=    0 ( -1.0, -1.0)=   -4 ( -1.0, -1.0)=   -4 ( -1.0, -1.0)=   -4 ( -1.0, -1.0)=   -4 ( -1.0, -1.0)=   -4 ( -1.0, -1.0)=   -4 ( -1.0, -1.0)=   -4 ( -1.0, -1.0)=   -4 ( -1.0, -1.0)=   -4 ( -1.0, -1.0)=   -4 ( -1.0, -1.0)=   -4 ( -1.0, -1.0)=   -4 ( -1.0, -1.0)=   -4 ( -1.0, -1.0)=   -4 ( -1.0, -1.0)=   -4 ( -1.0, -1.0)=   -4 ( -1.0, -1.0)=   -4 ( -1.0, -1.0)=   -4 ( -1.0, -1.0)=   -4 ( -1.0, -1.0)=   -4 ( -1.0, -1.0)=   -4 ( -1.0, -1.0)=   -4 ( -1.0, -1.0)=   -4 ( -1.0, -1.0)=   -4 ( -1.0, -1.0)=   -4 ( -1.0, -1.0)=   -4 ( -1.0, -1.0)=   -4 ( -1.0, -1.0)=   -4 ( -1.0, -1.0)=   -4 ( -1.0, -1.0)=   -4 ( -1.0, -1.0)=   -4 ( -1.0, -1.0)=   -4 ( -1.0, -1.0)=   -4 
    498 | (449.0,483.0)= 1677 (454.8,477.0)=    0 (457.1,471.2)=    0 (461.4,463.8)=    0 (464.9,458.4)=    0 (464.3,457.0)=    0 (456.8,458.7)=    0 (447.0,459.2)=    0 (437.9,462.3)=    0 (426.0,466.5)=    0 (412.4,471.6)=    0 (398.4,476.3)=    0 (385.4,476.7)=    0 (369.2,475.1)=    0 (358.0,475.1)=    0 (346.9,475.7)=    0 (336.6,476.9)=    0 (328.3,480.6)=    0 (317.8,483.1)=    0 (305.7,486.5)=    0 (298.7,489.6)=    0 (293.9,493.3)=    0 (287.3,498.4)=    0 (279.4,503.2)=    0 ( -1.0, -1.0)=   -5 ( -1.0, -1.0)=   -5 ( -1.0, -1.0)=   -5 ( -1.0, -1.0)=   -5 ( -1.0, -1.0)=   -5 ( -1.0, -1.0)=   -5 ( -1.0, -1.0)=   -5 ( -1.0, -1.0)=   -5 ( -1.0, -1.0)=   -5 ( -1.0, -1.0)=   -5 ( -1.0, -1.0)=   -5 ( -1.0, -1.0)=   -5 ( -1.0, -1.0)=   -5 ( -1.0, -1.0)=   -5 ( -1.0, -1.0)=   -5 ( -1.0, -1.0)=   -5 ( -1.0, -1.0)=   -5 ( -1.0, -1.0)=   -5 ( -1.0, -1.0)=   -5 ( -1.0, -1.0)=   -5 
    499 | ( 83.0,342.0)= 1677 ( 87.6,333.5)=    0 ( 87.1,325.9)=    0 ( 89.7,316.9)=    0 ( 90.9,310.7)=    0 ( 84.1,309.8)=    0 ( 70.5,313.1)=    0 ( -1.0, -1.0)=   -5 ( -1.0, -1.0)=   -5 ( -1.0, -1.0)=   -5 ( -1.0, -1.0)=   -5 ( -1.0, -1.0)=   -5 ( -1.0, -1.0)=   -5 ( -1.0, -1.0)=   -5 ( -1.0, -1.0)=   -5 ( -1.0, -1.0)=   -5 ( -1.0, -1.0)=   -5 ( -1.0, -1.0)=   -5 ( -1.0, -1.0)=   -5 ( -1.0, -1.0)=   -5 ( -1.0, -1.0)=   -5 ( -1.0, -1.0)=   -5 ( -1.0, -1.0)=   -5 ( -1.0, -1.0)=   -5 ( -1.0, -1.0)=   -5 ( -1.0, -1.0)=   -5 ( -1.0, -1.0)=   -5 ( -1.0, -1.0)=   -5 ( -1.0, -1.0)=   -5 ( -1.0, -1.0)=   -5 ( -1.0, -1.0)=   -5 ( -1.0, -1.0)=   -5 ( -1.0, -1.0)=   -5 ( -1.0, -1.0)=   -5 ( -1.0, -1.0)=   -5 ( -1.0, -1.0)=   -5 ( -1.0, -1.0)=   -5 ( -1.0, -1.0)=   -5 ( -1.0, -1.0)=   -5 ( -1.0, -1.0)=   -5 ( -1.0, -1.0)=   -5 ( -1.0, -1.0)=   -5 ( -1.0, -1.0)=   -5 ( -1.0, -1.0)=   -5 
