Feel free to place comments here.


!!!!!!!!!!!!!!!!!!!!!!!!!!!!!!!!!!!!!!!!!!!!!!!!!!!!!!!!!!!!!!!!!!!!!!!!!
!!! Warning:  This is a KLT data file.  Do not modify below this line !!!

------------------------------
KLT Feature Table
------------------------------

nFrames = 281, nFeatures = 150

feature |          frame
        |                   0                   1                   2                   3                   4                   5                   6                   7                   8                   9                  10                  11                  12                  13                  14                  15                  16                  17                  18                  19                  20                  21                  22                  23                  24                  25                  26                  27                  28                  29                  30                  31                  32                  33                  34                  35                  36                  37                  38                  39                  40                  41                  42                  43                  44                  45                  46                  47                  48                  49                  50                  51                  52                  53                  54                  55                  56                  57                  58                  59                  60                  61                  62                  63                  64                  65                  66                  67                  68                  69                  70                  71                  72                  73                  74                  75                  76                  77                  78                  79                  80                  81                  82                  83                  84                  85                  86                  87                  88                  89                  90                  91                  92                  93                  94                  95                  96                  97                  98                  99                 100                 101                 102                 103                 104                 105                 106                 107                 108                 109                 110                 111                 112                 113                 114                 115                 116                 117                 118                 119                 120                 121                 122                 123                 124                 125                 126                 127                 128                 129                 130                 131                 132                 133                 134                 135                 136                 137                 138                 139                 140                 141                 142                 143                 144                 145                 146                 147                 148                 149                 150                 151                 152                 153                 154                 155                 156                 157                 158                 159                 160                 161                 162                 163                 164                 165                 166                 167                 168                 169                 170                 171                 172                 173                 174                 175                 176                 177                 178                 179                 180                 181                 182                 183                 184                 185                 186                 187                 188                 189                 190                 191                 192                 193                 194                 195                 196                 197                 198                 199                 200                 201                 202                 203                 204                 205                 206                 207                 208                 209                 210                 211                 212                 213                 214                 215                 216                 217                 218                 219                 220                 221                 222                 223                 224                 225                 226                 227                 228                 229                 230                 231                 232                 233                 234                 235                 236                 237                 238                 239                 240                 241                 242                 243                 244                 245                 246                 247                 248                 249                 250                 251                 252                 253                 254                 255                 256                 257                 258                 259                 260                 261                 262                 263                 264                 265                 266                 267                 268                 269                 270                 271                 272                 273                 274                 275                 276                 277                 278                 279                 280
--------+-----------------------------------------------------------------------------------------------------------------------------------------------------------------------------------------------------------------------------------------------------------------------------------------------------------------------------------------------------------------------------------------------------------------------------------------------------------------------------------------------------------------------------------------------------------------------------------------------------------------------------------------------------------------------------------------------------------------------------------------------------------------------------------------------------------------------------------------------------------------------------------------------------------------------------------------------------------------------------------------------------------------------------------------------------------------------------------------------------------------------------------------------------------------------------------------------------------------------------------------------------------------------------------------------------------------------------------------------------------------------------------------------------------------------------------------------------------------------------------------------------------------------------------------------------------------------------------------------------------------------------------------------------------------------------------------------------------------------------------------------------------------------------------------------------------------------------------------------------------------------------------------------------------------------------------------------------------------------------------------------------------------------------------------------------------------------------------------------------------------------------------------------------------------------------------------------------------------------------------------------------------------------------------------------------------------------------------------------------------------------------------------------------------------------------------------------------------------------------------------------------------------------------------------------------------------------------------------------------------------------------------------------------------------------------------------------------------------------------------------------------------------------------------------------------------------------------------------------------------------------------------------------------------------------------------------------------------------------------------------------------------------------------------------------------------------------------------------------------------------------------------------------------------------------------------------------------------------------------------------------------------------------------------------------------------------------------------------------------------------------------------------------------------------------------------------------------------------------------------------------------------------------------------------------------------------------------------------------------------------------------------------------------------------------------------------------------------------------------------------------------------------------------------------------------------------------------------------------------------------------------------------------------------------------------------------------------------------------------------------------------------------------------------------------------------------------------------------------------------------------------------------------------------------------------------------------------------------------------------------------------------------------------------------------------------------------------------------------------------------------------------------------------------------------------------------------------------------------------------------------------------------------------------------------------------------------------------------------------------------------------------------------------------------------------------------------------------------------------------------------------------------------------------------------------------------------------------------------------------------------------------------------------------------------------------------------------------------------------------------------------------------------------------------------------------------------------------------------------------------------------------------------------------------------------------------------------------------------------------------------------------------------------------------------------------------------------------------------------------------------------------------------------------------------------------------------------------------------------------------------------------------------------------------------------------------------------------------------------------------------------------------------------------------------------------------------------------------------------------------------------------------------------------------------------------------------------------------------------
      0 | (199.0,245.0)=35869 (199.4,245.0)=    0 (200.0,245.3)=    0 (200.5,245.3)=    0 (201.0,245.0)=    0 (201.4,245.1)=    0 (202.1,245.1)=    0 (202.4,245.1)=    0 (202.7,245.3)=    0 (203.3,245.4)=    0 (203.8,245.4)=    0 (204.2,245.3)=    0 (204.7,245.1)=    0 (205.5,244.7)=    0 (205.8,244.5)=    0 (206.3,244.2)=    0 (206.7,243.6)=    0 (207.2,243.4)=    0 (207.4,243.1)=    0 (207.4,242.6)=    0 (207.5,242.4)=    0 (207.7,242.3)=    0 (207.9,241.8)=    0 (208.2,241.6)=    0 (208.4,241.4)=    0 (208.7,241.4)=    0 (209.2,241.4)=    0 (209.7,241.1)=    0 (210.2,241.1)=    0 (210.9,240.9)=    0 (211.6,240.9)=    0 (212.5,240.7)=    0 (213.4,240.4)=    0 (214.4,240.4)=    0 (215.1,240.6)=    0 (215.7,240.8)=    0 (216.4,241.1)=    0 (217.0,241.2)=    0 (217.6,241.4)=    0 (218.1,241.7)=    0 (218.8,241.7)=    0 (219.3,241.9)=    0 (219.7,241.9)=    0 (220.3,242.2)=    0 (220.6,242.5)=    0 (221.2,242.5)=    0 (221.9,242.5)=    0 (222.3,242.4)=    0 (222.7,242.7)=    0 (223.3,242.9)=    0 (223.5,243.1)=    0 (223.7,243.5)=    0 (224.2,243.9)=    0 (224.5,244.1)=    0 (225.1,244.3)=    0 (225.5,244.2)=    0 (225.9,243.7)=    0 (226.2,243.7)=    0 (226.5,243.7)=    0 (226.7,244.2)=    0 (226.9,244.2)=    0 (227.2,244.5)=    0 (227.5,244.5)=    0 (227.7,244.2)=    0 (227.9,243.9)=    0 (228.0,243.7)=    0 (228.3,243.6)=    0 (228.6,243.9)=    0 (228.9,244.2)=    0 (229.2,244.5)=    0 (229.5,244.7)=    0 (229.7,244.8)=    0 (230.3,245.0)=    0 (230.8,245.0)=    0 (231.3,244.8)=    0 (231.8,244.6)=    0 (232.3,244.6)=    0 (232.7,244.5)=    0 (233.3,244.7)=    0 (233.8,244.9)=    0 (234.2,245.0)=    0 (234.7,245.5)=    0 (235.1,245.5)=    0 (235.4,245.4)=    0 (235.7,245.4)=    0 (236.0,245.7)=    0 (236.5,245.7)=    0 (236.7,245.6)=    0 (237.0,245.6)=    0 (237.3,245.6)=    0 (237.5,245.4)=    0 (238.0,245.2)=    0 (238.3,245.1)=    0 (238.8,245.1)=    0 (239.2,244.8)=    0 (239.4,244.8)=    0 (239.7,245.1)=    0 (240.0,245.4)=    0 (240.5,246.1)=    0 (240.8,246.3)=    0 (241.4,246.6)=    0 (241.9,246.8)=    0 (242.4,247.2)=    0 (242.9,247.4)=    0 (243.4,247.6)=    0 (243.9,247.9)=    0 (244.5,248.1)=    0 (245.0,248.4)=    0 (245.6,248.6)=    0 (246.3,248.8)=    0 (246.7,249.1)=    0 (247.2,249.3)=    0 (247.7,249.5)=    0 (248.5,249.7)=    0 (249.2,250.1)=    0 (250.0,250.4)=    0 (250.7,250.7)=    0 (251.2,250.9)=    0 (251.9,250.7)=    0 (252.5,250.3)=    0 (253.1,250.3)=    0 (253.8,250.3)=    0 (254.5,250.4)=    0 (255.5,250.5)=    0 (256.4,250.5)=    0 (257.2,250.4)=    0 (257.8,250.3)=    0 (258.8,250.2)=    0 (259.6,250.2)=    0 (260.1,250.2)=    0 (260.7,250.2)=    0 (261.3,250.2)=    0 (261.8,250.2)=    0 (262.3,249.9)=    0 (262.8,249.6)=    0 (263.0,249.3)=    0 (263.5,248.6)=    0 (264.0,248.3)=    0 (264.4,248.1)=    0 (265.2,247.7)=    0 (265.9,247.5)=    0 (266.7,247.5)=    0 (267.4,247.7)=    0 (267.8,247.7)=    0 (268.8,247.7)=    0 (269.6,247.6)=    0 (270.4,247.5)=    0 (271.4,247.4)=    0 (272.3,248.1)=    0 (273.3,248.4)=    0 (274.2,249.2)=    0 (275.0,249.7)=    0 (275.9,249.9)=    0 (276.7,250.5)=    0 (277.5,251.0)=    0 (278.6,251.8)=    0 (279.6,252.8)=    0 (280.5,253.2)=    0 (281.5,254.1)=    0 (282.2,254.8)=    0 (282.8,255.4)=    0 (283.1,255.5)=    0 (283.3,255.2)=    0 (283.5,255.0)=    0 (283.8,255.0)=    0 (284.3,255.1)=    0 (284.7,255.3)=    0 (285.2,255.8)=    0 (285.5,255.8)=    0 (286.0,256.2)=    0 (286.4,256.3)=    0 (286.9,256.5)=    0 (287.5,256.8)=    0 (288.2,257.0)=    0 (288.7,257.3)=    0 (289.2,257.6)=    0 (289.9,258.3)=    0 (290.4,258.8)=    0 (290.9,259.0)=    0 (291.4,259.2)=    0 (291.7,259.2)=    0 (292.2,259.2)=    0 (292.7,259.4)=    0 (292.9,259.5)=    0 (293.2,259.7)=    0 (293.5,260.0)=    0 (293.7,260.0)=    0 (294.2,260.1)=    0 (294.4,260.0)=    0 (294.6,260.2)=    0 (294.9,260.2)=    0 (295.1,260.2)=    0 (295.4,260.5)=    0 (295.9,260.5)=    0 (296.4,260.5)=    0 (296.6,260.5)=    0 (296.9,260.2)=    0 (297.2,260.3)=    0 (297.5,260.4)=    0 (297.8,260.5)=    0 (298.0,260.7)=    0 (298.2,260.9)=    0 (298.3,261.0)=    0 (298.5,261.0)=    0 (298.7,261.0)=    0 (298.9,261.0)=    0 (299.0,261.2)=    0 (299.3,261.5)=    0 (299.5,261.5)=    0 (299.8,261.8)=    0 (300.1,262.0)=    0 (300.5,262.1)=    0 (300.8,262.2)=    0 (301.3,262.2)=    0 (301.6,261.9)=    0 (302.0,261.9)=    0 (302.5,262.0)=    0 (303.1,262.0)=    0 (303.5,262.2)=    0 (303.7,262.0)=    0 (304.4,262.0)=    0 (304.6,262.0)=    0 (305.1,261.9)=    0 (305.4,261.6)=    0 (305.7,261.6)=    0 (306.1,261.9)=    0 (306.3,261.9)=    0 (306.6,262.3)=    0 (306.9,262.3)=    0 (307.3,262.2)=    0 (307.5,262.2)=    0 (307.7,262.3)=    0 (308.3,262.2)=    0 (308.8,262.5)=    0 (309.3,262.8)=    0 (309.8,262.8)=    0 (310.4,262.9)=    0 (310.9,262.9)=    0 (311.5,262.8)=    0 (312.1,262.6)=    0 (312.8,262.6)=    0 (313.4,262.6)=    0 (313.7,262.4)=    0 (314.3,262.7)=    0 (314.8,263.0)=    0 (315.3,263.1)=    0 (315.8,263.2)=    0 (316.6,263.0)=    0 (317.1,263.1)=    0 (317.6,263.4)=    0 (318.3,263.4)=    0 (319.0,263.4)=    0 (319.7,263.5)=    0 (320.4,263.4)=    0 (320.9,263.3)=    0 (321.7,263.3)=    0 (322.4,263.3)=    0 (323.1,263.3)=    0 (323.6,263.2)=    0 (324.1,263.1)=    0 (324.8,263.1)=    0 (325.6,262.9)=    0 (326.3,262.8)=    0 (327.0,262.8)=    0 (327.6,262.6)=    0 (328.4,262.1)=    0 (329.2,261.8)=    0 (329.7,261.3)=    0 (330.4,261.0)=    0 (330.9,260.9)=    0 (331.4,260.6)=    0 (332.0,260.5)=    0 (332.5,260.4)=    0 (333.0,260.3)=    0 (333.4,260.3)=    0 (334.0,260.3)=    0 (334.8,260.0)=    0 (335.6,259.7)=    0 (336.4,259.6)=    0 (337.5,259.7)=    0 (338.4,259.6)=    0 
      1 | (405.0,463.0)=34460 (405.5,463.2)=    0 (406.1,463.5)=    0 (406.5,463.5)=    0 (406.9,463.5)=    0 (407.5,463.6)=    0 (408.0,463.6)=    0 (408.3,463.6)=    0 (408.7,463.9)=    0 (409.1,464.0)=    0 (409.8,464.2)=    0 (410.1,464.2)=    0 (410.6,464.1)=    0 (411.2,463.8)=    0 (411.7,463.6)=    0 (412.0,463.4)=    0 (412.5,462.9)=    0 (412.9,462.6)=    0 (413.0,462.3)=    0 (413.2,461.8)=    0 (413.3,461.7)=    0 (413.3,461.7)=    0 (413.3,461.4)=    0 (413.8,461.2)=    0 (414.0,461.2)=    0 (414.3,461.2)=    0 (414.5,461.1)=    0 (415.0,461.0)=    0 (415.6,461.1)=    0 (416.3,461.1)=    0 (416.9,461.1)=    0 (417.6,461.1)=    0 (418.6,460.9)=    0 (419.6,461.0)=    0 (420.3,461.1)=    0 (420.8,461.2)=    0 (421.4,461.5)=    0 (421.9,461.7)=    0 (422.5,461.9)=    0 (422.9,462.1)=    0 (423.4,462.1)=    0 (424.0,462.3)=    0 (424.4,462.5)=    0 (424.8,462.7)=    0 (425.1,463.0)=    0 (425.7,463.0)=    0 (426.3,463.1)=    0 (426.7,463.1)=    0 (427.0,463.3)=    0 (427.8,463.5)=    0 (427.8,463.8)=    0 (428.1,464.3)=    0 (428.4,464.6)=    0 (428.9,464.8)=    0 (429.3,465.1)=    0 (429.6,465.1)=    0 (430.1,464.8)=    0 (430.5,464.8)=    0 (430.7,464.8)=    0 (430.5,464.6)=    0 (430.6,464.7)=    0 (430.7,465.0)=    0 (430.9,464.9)=    0 (431.3,464.7)=    0 (431.7,464.7)=    0 (431.7,464.5)=    0 (432.1,464.5)=    0 (432.4,464.7)=    0 (432.7,465.0)=    0 (432.9,465.2)=    0 (433.3,465.4)=    0 (433.6,465.6)=    0 (434.1,465.8)=    0 (434.6,465.9)=    0 (435.0,465.9)=    0 (435.6,465.8)=    0 (436.1,465.6)=    0 (436.6,465.5)=    0 (437.1,465.7)=    0 (437.7,465.9)=    0 (438.0,466.0)=    0 (438.4,466.3)=    0 (438.8,466.4)=    0 (439.3,466.5)=    0 (439.5,466.5)=    0 (439.8,466.7)=    0 (440.1,466.7)=    0 (440.5,466.6)=    0 (440.8,466.7)=    0 (441.1,466.7)=    0 (441.5,466.5)=    0 (442.0,466.5)=    0 (442.5,466.3)=    0 (442.8,466.3)=    0 (443.4,466.2)=    0 (443.7,466.2)=    0 (444.1,466.3)=    0 (444.4,466.6)=    0 (444.7,467.1)=    0 (444.8,467.4)=    0 (445.3,467.7)=    0 (445.8,467.9)=    0 (446.3,468.3)=    0 (446.6,468.4)=    0 (447.2,468.7)=    0 (447.8,468.9)=    0 (448.2,469.3)=    0 (448.8,469.5)=    0 (449.3,469.8)=    0 ( -1.0, -1.0)=   -5 ( -1.0, -1.0)=   -5 ( -1.0, -1.0)=   -5 ( -1.0, -1.0)=   -5 ( -1.0, -1.0)=   -5 ( -1.0, -1.0)=   -5 ( -1.0, -1.0)=   -5 ( -1.0, -1.0)=   -5 ( -1.0, -1.0)=   -5 ( -1.0, -1.0)=   -5 ( -1.0, -1.0)=   -5 ( -1.0, -1.0)=   -5 ( -1.0, -1.0)=   -5 ( -1.0, -1.0)=   -5 ( -1.0, -1.0)=   -5 ( -1.0, -1.0)=   -5 ( -1.0, -1.0)=   -5 ( -1.0, -1.0)=   -5 ( -1.0, -1.0)=   -5 ( -1.0, -1.0)=   -5 ( -1.0, -1.0)=   -5 ( -1.0, -1.0)=   -5 ( -1.0, -1.0)=   -5 ( -1.0, -1.0)=   -5 ( -1.0, -1.0)=   -5 ( -1.0, -1.0)=   -5 ( -1.0, -1.0)=   -5 ( -1.0, -1.0)=   -5 ( -1.0, -1.0)=   -5 ( -1.0, -1.0)=   -5 ( -1.0, -1.0)=   -5 ( -1.0, -1.0)=   -5 ( -1.0, -1.0)=   -5 ( -1.0, -1.0)=   -5 ( -1.0, -1.0)=   -5 ( -1.0, -1.0)=   -5 ( -1.0, -1.0)=   -5 ( -1.0, -1.0)=   -5 ( -1.0, -1.0)=   -5 ( -1.0, -1.0)=   -5 ( -1.0, -1.0)=   -5 ( -1.0, -1.0)=   -5 ( -1.0, -1.0)=   -5 ( -1.0, -1.0)=   -5 ( -1.0, -1.0)=   -5 ( -1.0, -1.0)=   -5 ( -1.0, -1.0)=   -5 ( -1.0, -1.0)=   -5 ( -1.0, -1.0)=   -5 ( -1.0, -1.0)=   -5 ( -1.0, -1.0)=   -5 ( -1.0, -1.0)=   -5 ( -1.0, -1.0)=   -5 ( -1.0, -1.0)=   -5 ( -1.0, -1.0)=   -5 ( -1.0, -1.0)=   -5 ( -1.0, -1.0)=   -5 ( -1.0, -1.0)=   -5 ( -1.0, -1.0)=   -5 ( -1.0, -1.0)=   -5 ( -1.0, -1.0)=   -5 ( -1.0, -1.0)=   -5 ( -1.0, -1.0)=   -5 ( -1.0, -1.0)=   -5 ( -1.0, -1.0)=   -5 ( -1.0, -1.0)=   -5 ( -1.0, -1.0)=   -5 ( -1.0, -1.0)=   -5 ( -1.0, -1.0)=   -5 ( -1.0, -1.0)=   -5 ( -1.0, -1.0)=   -5 ( -1.0, -1.0)=   -5 ( -1.0, -1.0)=   -5 ( -1.0, -1.0)=   -5 ( -1.0, -1.0)=   -5 ( -1.0, -1.0)=   -5 ( -1.0, -1.0)=   -5 ( -1.0, -1.0)=   -5 ( -1.0, -1.0)=   -5 ( -1.0, -1.0)=   -5 ( -1.0, -1.0)=   -5 ( -1.0, -1.0)=   -5 ( -1.0, -1.0)=   -5 ( -1.0, -1.0)=   -5 ( -1.0, -1.0)=   -5 ( -1.0, -1.0)=   -5 ( -1.0, -1.0)=   -5 ( -1.0, -1.0)=   -5 ( -1.0, -1.0)=   -5 ( -1.0, -1.0)=   -5 ( -1.0, -1.0)=   -5 ( -1.0, -1.0)=   -5 ( -1.0, -1.0)=   -5 ( -1.0, -1.0)=   -5 ( -1.0, -1.0)=   -5 ( -1.0, -1.0)=   -5 ( -1.0, -1.0)=   -5 ( -1.0, -1.0)=   -5 ( -1.0, -1.0)=   -5 ( -1.0, -1.0)=   -5 ( -1.0, -1.0)=   -5 ( -1.0, -1.0)=   -5 ( -1.0, -1.0)=   -5 ( -1.0, -1.0)=   -5 ( -1.0, -1.0)=   -5 ( -1.0, -1.0)=   -5 ( -1.0, -1.0)=   -5 ( -1.0, -1.0)=   -5 ( -1.0, -1.0)=   -5 ( -1.0, -1.0)=   -5 ( -1.0, -1.0)=   -5 ( -1.0, -1.0)=   -5 ( -1.0, -1.0)=   -5 ( -1.0, -1.0)=   -5 ( -1.0, -1.0)=   -5 ( -1.0, -1.0)=   -5 ( -1.0, -1.0)=   -5 ( -1.0, -1.0)=   -5 ( -1.0, -1.0)=   -5 ( -1.0, -1.0)=   -5 ( -1.0, -1.0)=   -5 ( -1.0, -1.0)=   -5 ( -1.0, -1.0)=   -5 ( -1.0, -1.0)=   -5 ( -1.0, -1.0)=   -5 ( -1.0, -1.0)=   -5 ( -1.0, -1.0)=   -5 ( -1.0, -1.0)=   -5 ( -1.0, -1.0)=   -5 ( -1.0, -1.0)=   -5 ( -1.0, -1.0)=   -5 ( -1.0, -1.0)=   -5 ( -1.0, -1.0)=   -5 ( -1.0, -1.0)=   -5 ( -1.0, -1.0)=   -5 ( -1.0, -1.0)=   -5 ( -1.0, -1.0)=   -5 ( -1.0, -1.0)=   -5 ( -1.0, -1.0)=   -5 ( -1.0, -1.0)=   -5 ( -1.0, -1.0)=   -5 ( -1.0, -1.0)=   -5 ( -1.0, -1.0)=   -5 ( -1.0, -1.0)=   -5 ( -1.0, -1.0)=   -5 ( -1.0, -1.0)=   -5 ( -1.0, -1.0)=   -5 ( -1.0, -1.0)=   -5 ( -1.0, -1.0)=   -5 ( -1.0, -1.0)=   -5 ( -1.0, -1.0)=   -5 ( -1.0, -1.0)=   -5 ( -1.0, -1.0)=   -5 ( -1.0, -1.0)=   -5 ( -1.0, -1.0)=   -5 ( -1.0, -1.0)=   -5 ( -1.0, -1.0)=   -5 ( -1.0, -1.0)=   -5 ( -1.0, -1.0)=   -5 ( -1.0, -1.0)=   -5 ( -1.0, -1.0)=   -5 ( -1.0, -1.0)=   -5 ( -1.0, -1.0)=   -5 ( -1.0, -1.0)=   -5 ( -1.0, -1.0)=   -5 ( -1.0, -1.0)=   -5 ( -1.0, -1.0)=   -5 ( -1.0, -1.0)=   -5 ( -1.0, -1.0)=   -5 ( -1.0, -1.0)=   -5 ( -1.0, -1.0)=   -5 ( -1.0, -1.0)=   -5 
      2 | (199.0,259.0)=33773 (199.4,259.1)=    0 (200.0,259.4)=    0 (200.5,259.3)=    0 (201.0,259.1)=    0 (201.5,259.2)=    0 (202.1,259.2)=    0 (202.3,259.1)=    0 (202.8,259.4)=    0 (203.3,259.5)=    0 (204.0,259.6)=    0 (204.3,259.6)=    0 (205.0,259.3)=    0 (205.4,258.9)=    0 (205.9,258.6)=    0 (206.4,258.3)=    0 (206.7,257.7)=    0 (207.2,257.5)=    0 (207.5,257.3)=    0 (207.5,256.7)=    0 (207.6,256.5)=    0 (207.7,256.5)=    0 (207.9,256.2)=    0 (208.2,255.9)=    0 (208.5,255.7)=    0 (208.7,255.7)=    0 (209.1,255.6)=    0 (209.6,255.4)=    0 (210.2,255.4)=    0 (210.8,255.2)=    0 (211.6,255.2)=    0 (212.3,255.0)=    0 (213.3,254.8)=    0 (214.2,254.8)=    0 (215.0,255.0)=    0 (215.7,255.2)=    0 (216.3,255.4)=    0 (217.0,255.5)=    0 (217.4,255.7)=    0 (217.9,255.9)=    0 (218.6,256.0)=    0 (219.1,256.2)=    0 (219.4,256.2)=    0 (220.0,256.4)=    0 (220.4,256.8)=    0 (221.1,256.7)=    0 (221.7,256.8)=    0 (222.0,256.6)=    0 (222.5,256.9)=    0 (223.0,257.1)=    0 (223.1,257.4)=    0 (223.5,257.8)=    0 (223.9,258.0)=    0 (224.3,258.3)=    0 (224.9,258.6)=    0 (225.3,258.4)=    0 (225.6,258.1)=    0 (225.9,258.0)=    0 (226.2,258.0)=    0 (226.5,258.5)=    0 (226.7,258.6)=    0 (226.9,258.8)=    0 (227.2,258.8)=    0 (227.5,258.5)=    0 (227.8,258.3)=    0 (227.8,257.8)=    0 (228.0,257.8)=    0 (228.4,258.2)=    0 (228.7,258.5)=    0 (229.0,258.7)=    0 (229.3,259.0)=    0 (229.6,259.1)=    0 (230.1,259.3)=    0 (230.6,259.3)=    0 (231.1,259.1)=    0 (231.5,259.0)=    0 (232.1,258.8)=    0 (232.5,258.8)=    0 (233.1,259.0)=    0 (233.6,259.3)=    0 (233.9,259.4)=    0 (234.4,259.7)=    0 (234.9,259.7)=    0 (235.1,259.8)=    0 (235.4,259.7)=    0 (235.8,259.9)=    0 (236.1,259.9)=    0 (236.4,259.8)=    0 (236.7,259.8)=    0 (236.9,259.9)=    0 (237.2,259.7)=    0 (237.7,259.5)=    0 (238.0,259.5)=    0 (238.5,259.5)=    0 (239.0,259.3)=    0 (239.1,259.2)=    0 (239.6,259.4)=    0 (239.9,259.7)=    0 (240.4,260.2)=    0 (240.7,260.5)=    0 (241.2,260.6)=    0 (241.7,260.9)=    0 (242.2,261.2)=    0 (242.7,261.5)=    0 (243.3,261.7)=    0 (243.7,261.9)=    0 (244.2,262.3)=    0 (244.8,262.6)=    0 (245.3,262.6)=    0 (246.0,262.9)=    0 (246.7,263.2)=    0 (247.2,263.4)=    0 (247.7,263.7)=    0 (248.3,263.7)=    0 (249.1,264.4)=    0 (249.8,264.7)=    0 (250.5,265.0)=    0 (251.2,265.2)=    0 (251.6,264.9)=    0 (252.3,264.6)=    0 (253.0,264.6)=    0 (253.6,264.6)=    0 (254.4,264.6)=    0 (255.4,264.6)=    0 (256.3,264.7)=    0 (257.1,264.6)=    0 (257.7,264.5)=    0 (258.5,264.4)=    0 (259.3,264.3)=    0 (260.0,264.3)=    0 (260.4,264.3)=    0 (261.1,264.4)=    0 (261.5,264.2)=    0 (262.0,264.0)=    0 (262.4,263.8)=    0 (262.8,263.4)=    0 (263.2,262.7)=    0 (263.7,262.6)=    0 (264.2,262.4)=    0 (264.7,261.9)=    0 (265.5,261.7)=    0 (266.2,261.8)=    0 (267.0,262.0)=    0 (267.5,261.9)=    0 (268.3,261.9)=    0 (269.2,261.9)=    0 (270.0,261.7)=    0 (271.0,261.7)=    0 (271.8,262.4)=    0 (272.7,262.7)=    0 (273.7,263.5)=    0 (274.5,264.0)=    0 (275.4,264.3)=    0 (276.2,264.8)=    0 (277.0,265.3)=    0 (278.0,266.2)=    0 (279.1,267.0)=    0 (280.1,267.7)=    0 (280.9,268.4)=    0 (281.7,269.3)=    0 (282.3,269.7)=    0 (282.5,269.8)=    0 (282.8,269.6)=    0 (283.0,269.3)=    0 (283.3,269.4)=    0 (283.7,269.4)=    0 (284.3,269.6)=    0 (284.7,270.1)=    0 (285.0,270.2)=    0 (285.4,270.5)=    0 (285.9,270.7)=    0 (286.3,270.8)=    0 (286.8,271.1)=    0 (287.5,271.3)=    0 (288.0,271.6)=    0 (288.6,272.0)=    0 (289.3,272.6)=    0 (289.8,273.1)=    0 (290.3,273.4)=    0 (290.8,273.5)=    0 (291.3,273.5)=    0 (291.6,273.6)=    0 (292.1,273.8)=    0 (292.3,273.8)=    0 (292.5,273.8)=    0 (293.0,274.4)=    0 (293.2,274.4)=    0 (293.5,274.4)=    0 (293.7,274.4)=    0 (294.0,274.4)=    0 (294.2,274.5)=    0 (294.5,274.6)=    0 (294.7,274.7)=    0 (295.2,274.7)=    0 (295.6,274.7)=    0 (295.8,274.7)=    0 (296.2,274.5)=    0 (296.4,274.5)=    0 (296.9,274.6)=    0 (297.1,274.7)=    0 (297.2,275.0)=    0 (297.4,275.2)=    0 (297.4,275.2)=    0 (297.8,275.2)=    0 (298.0,275.2)=    0 (298.3,275.3)=    0 (298.4,275.5)=    0 (298.6,275.6)=    0 (298.9,275.8)=    0 (299.1,276.0)=    0 (299.4,276.3)=    0 (299.9,276.4)=    0 (300.2,276.4)=    0 (300.7,276.4)=    0 (301.0,276.0)=    0 (301.4,276.0)=    0 (302.0,276.0)=    0 (302.4,276.1)=    0 (302.8,276.2)=    0 (303.1,276.2)=    0 (303.7,276.2)=    0 (304.0,276.0)=    0 (304.3,275.9)=    0 (304.6,275.8)=    0 (304.9,275.8)=    0 (305.3,276.1)=    0 (305.5,276.2)=    0 (305.8,276.4)=    0 (306.1,276.5)=    0 (306.5,276.4)=    0 (306.7,276.4)=    0 (307.0,276.4)=    0 (307.5,276.4)=    0 (307.9,276.5)=    0 (308.5,276.8)=    0 (309.0,276.8)=    0 (309.5,276.8)=    0 (310.1,277.0)=    0 (310.6,276.9)=    0 (311.3,276.8)=    0 (312.0,276.8)=    0 (312.5,276.7)=    0 (312.8,276.5)=    0 (313.4,276.7)=    0 (314.0,277.0)=    0 (314.5,277.2)=    0 (315.1,277.2)=    0 (315.7,277.2)=    0 (316.2,277.2)=    0 (316.7,277.4)=    0 (317.5,277.4)=    0 (318.2,277.5)=    0 (318.8,277.4)=    0 (319.5,277.5)=    0 (320.1,277.5)=    0 (320.9,277.4)=    0 (321.5,277.4)=    0 (322.2,277.3)=    0 (322.8,277.3)=    0 (323.3,277.1)=    0 (324.0,277.1)=    0 (324.8,276.9)=    0 (325.5,276.8)=    0 (326.2,276.9)=    0 (326.9,276.6)=    0 (327.6,276.2)=    0 (328.2,275.9)=    0 (328.9,275.4)=    0 (329.7,275.2)=    0 (330.0,275.2)=    0 (330.5,274.7)=    0 (331.0,274.7)=    0 (331.6,274.6)=    0 (332.1,274.6)=    0 (332.6,274.6)=    0 (333.2,274.5)=    0 (333.9,274.3)=    0 (334.7,274.0)=    0 (335.6,274.0)=    0 (336.6,274.0)=    0 (337.5,273.9)=    0 
      3 | ( 98.0,598.0)=30882 ( 98.3,598.4)=    0 ( 99.0,598.4)=    0 ( 99.4,598.3)=    0 ( 99.8,598.3)=    0 (100.3,598.3)=    0 (100.9,598.0)=    0 (101.1,598.1)=    0 (101.4,598.3)=    0 (101.8,598.4)=    0 (102.3,598.5)=    0 (102.7,598.4)=    0 (103.2,598.1)=    0 (103.7,597.8)=    0 (103.9,597.5)=    0 (104.5,597.1)=    0 (104.7,596.6)=    0 (105.2,596.2)=    0 (105.4,595.7)=    0 (105.4,595.2)=    0 (105.3,595.0)=    0 (105.3,594.7)=    0 (105.5,594.5)=    0 (105.6,594.3)=    0 (105.7,594.3)=    0 (105.9,594.2)=    0 (106.3,593.8)=    0 (106.6,593.8)=    0 (107.0,593.8)=    0 (107.6,593.7)=    0 (108.3,593.6)=    0 (109.1,593.4)=    0 (110.0,593.1)=    0 (110.8,593.2)=    0 (111.7,593.2)=    0 (112.3,593.2)=    0 (112.9,593.4)=    0 (113.4,593.5)=    0 (113.9,593.6)=    0 (114.5,593.6)=    0 (115.1,593.6)=    0 (115.6,593.6)=    0 (115.9,593.7)=    0 (116.4,593.9)=    0 (116.9,593.9)=    0 (117.4,593.7)=    0 (118.0,593.7)=    0 (118.3,593.6)=    0 (118.7,593.9)=    0 (119.1,594.1)=    0 (119.2,594.4)=    0 (119.5,594.8)=    0 (120.0,594.9)=    0 (120.2,595.2)=    0 (120.6,595.2)=    0 (121.2,595.0)=    0 (121.4,594.9)=    0 (121.7,594.9)=    0 (122.0,594.7)=    0 (122.5,594.2)=    0 (122.7,594.5)=    0 (122.9,594.5)=    0 (123.2,594.3)=    0 (123.4,594.3)=    0 (123.4,594.3)=    0 (123.5,594.0)=    0 (123.7,594.1)=    0 (124.0,594.4)=    0 (124.4,594.5)=    0 (124.6,594.7)=    0 (125.0,595.0)=    0 (125.2,595.2)=    0 (125.8,595.4)=    0 (126.3,595.4)=    0 (126.8,595.1)=    0 (127.3,594.9)=    0 (127.7,594.8)=    0 (128.2,594.8)=    0 (128.7,595.0)=    0 (129.2,595.1)=    0 (129.5,595.4)=    0 (130.0,595.6)=    0 (130.5,595.6)=    0 (130.8,595.6)=    0 (131.1,595.6)=    0 (131.4,595.7)=    0 (131.9,595.5)=    0 (132.1,595.7)=    0 (132.3,595.7)=    0 (132.6,595.7)=    0 (133.1,595.7)=    0 (133.5,595.6)=    0 (133.8,595.5)=    0 (134.4,595.3)=    0 (134.8,595.1)=    0 (134.8,595.3)=    0 (135.4,595.4)=    0 (135.6,595.6)=    0 (136.1,595.9)=    0 (136.3,596.2)=    0 (136.8,596.5)=    0 (137.3,596.6)=    0 (137.8,596.8)=    0 (138.2,597.0)=    0 (138.8,597.2)=    0 (139.0,597.4)=    0 (139.5,597.7)=    0 (140.0,597.9)=    0 (140.5,598.2)=    0 (141.2,598.4)=    0 (141.7,598.6)=    0 (142.1,598.7)=    0 (142.6,599.0)=    0 (143.1,599.5)=    0 (143.9,600.0)=    0 (144.6,600.1)=    0 (145.4,600.5)=    0 (145.9,600.4)=    0 (146.4,600.1)=    0 (146.8,600.0)=    0 (147.4,600.0)=    0 (148.1,599.9)=    0 (148.7,600.0)=    0 (149.5,600.0)=    0 (150.4,600.2)=    0 (151.0,600.3)=    0 (151.7,600.3)=    0 (152.6,599.9)=    0 (153.3,599.6)=    0 (153.8,599.6)=    0 (154.4,599.5)=    0 (154.8,599.5)=    0 (155.4,599.4)=    0 (155.6,599.2)=    0 (156.2,598.9)=    0 (156.4,598.6)=    0 (156.6,598.2)=    0 (157.1,597.9)=    0 (157.5,597.7)=    0 (158.1,597.4)=    0 (158.7,597.4)=    0 (159.2,597.4)=    0 (160.1,597.3)=    0 (160.4,597.4)=    0 (161.2,597.4)=    0 (162.1,597.3)=    0 (162.8,597.1)=    0 (163.6,597.4)=    0 (164.4,597.8)=    0 (165.3,598.2)=    0 (166.3,598.7)=    0 (167.0,599.1)=    0 (167.6,599.3)=    0 (168.4,599.7)=    0 (169.1,600.3)=    0 (170.2,600.9)=    0 (171.2,601.4)=    0 (171.9,602.2)=    0 (172.7,602.8)=    0 (173.5,603.3)=    0 (174.0,603.5)=    0 (174.3,603.5)=    0 (174.4,603.2)=    0 (174.4,603.1)=    0 (174.7,603.1)=    0 (175.2,603.1)=    0 (175.4,603.4)=    0 (175.8,603.6)=    0 (176.1,603.8)=    0 (176.4,603.9)=    0 (176.8,603.9)=    0 (177.2,604.0)=    0 (177.7,604.3)=    0 (178.3,604.6)=    0 (178.8,605.1)=    0 (179.2,605.5)=    0 (179.9,605.9)=    0 (180.4,606.3)=    0 (180.9,606.6)=    0 (181.3,606.7)=    0 (181.5,606.7)=    0 (181.9,606.9)=    0 (182.2,606.9)=    0 (182.5,607.0)=    0 (182.5,607.4)=    0 (182.8,607.6)=    0 (183.0,607.6)=    0 (183.3,607.6)=    0 (183.4,607.7)=    0 (183.7,607.7)=    0 (183.9,607.7)=    0 (184.1,607.9)=    0 (184.3,607.9)=    0 (184.9,607.9)=    0 (185.2,607.8)=    0 (185.5,607.7)=    0 (185.8,607.6)=    0 (186.0,607.8)=    0 (186.4,607.8)=    0 (186.5,607.9)=    0 (186.6,608.1)=    0 (186.7,608.2)=    0 (186.8,608.2)=    0 (187.0,608.3)=    0 (187.3,608.3)=    0 (187.3,608.3)=    0 (187.5,608.4)=    0 (187.7,608.5)=    0 (187.9,608.6)=    0 (188.2,608.8)=    0 (188.6,608.9)=    0 (189.0,609.0)=    0 (189.2,609.0)=    0 (189.7,608.9)=    0 (189.9,608.9)=    0 (190.3,608.9)=    0 (190.8,608.9)=    0 (191.2,609.1)=    0 (191.4,609.1)=    0 (191.8,609.1)=    0 (192.3,609.1)=    0 (192.5,609.0)=    0 (193.0,609.0)=    0 (193.1,608.8)=    0 (193.4,608.9)=    0 (193.8,609.0)=    0 (194.0,609.1)=    0 (194.2,609.3)=    0 (194.6,609.2)=    0 (195.0,609.2)=    0 (195.0,609.1)=    0 (195.5,608.9)=    0 (195.8,608.7)=    0 (196.3,609.0)=    0 (197.0,609.0)=    0 (197.4,609.0)=    0 (197.9,609.2)=    0 (198.4,609.2)=    0 (199.0,609.2)=    0 (199.5,609.2)=    0 (200.2,609.1)=    0 (200.6,608.9)=    0 (201.0,608.9)=    0 (201.5,609.1)=    0 (202.1,609.1)=    0 (202.4,609.4)=    0 (203.0,609.4)=    0 (203.4,609.2)=    0 (203.9,609.4)=    0 (204.4,609.5)=    0 (205.1,609.5)=    0 (205.7,609.7)=    0 (206.2,609.7)=    0 (206.8,609.7)=    0 (207.3,609.7)=    0 (208.1,609.7)=    0 (208.7,609.6)=    0 (209.2,609.6)=    0 (209.7,609.5)=    0 (210.0,609.4)=    0 (210.8,609.3)=    0 (211.5,609.2)=    0 (212.1,609.2)=    0 (212.8,609.2)=    0 (213.5,608.9)=    0 (214.1,608.7)=    0 (214.7,608.5)=    0 (215.2,607.9)=    0 (216.0,607.9)=    0 (216.5,607.6)=    0 (216.7,607.6)=    0 (217.3,607.6)=    0 (217.7,607.7)=    0 (218.1,607.7)=    0 (218.6,607.6)=    0 (219.2,607.4)=    0 (220.0,607.2)=    0 (220.8,607.0)=    0 (221.5,607.0)=    0 (222.3,607.0)=    0 (223.3,607.0)=    0 
      4 | (184.0,588.0)=30369 (184.4,588.3)=    0 (184.9,588.5)=    0 (185.4,588.5)=    0 (185.8,588.4)=    0 (186.4,588.4)=    0 (186.9,588.1)=    0 (187.1,588.3)=    0 (187.5,588.5)=    0 (187.9,588.5)=    0 (188.5,588.6)=    0 (188.8,588.6)=    0 (189.3,588.4)=    0 (189.7,588.1)=    0 (190.0,587.7)=    0 (190.5,587.4)=    0 (190.8,586.8)=    0 (191.1,586.6)=    0 (191.4,586.1)=    0 (191.4,585.6)=    0 (191.4,585.4)=    0 (191.4,585.2)=    0 (191.7,585.0)=    0 (191.8,584.8)=    0 (191.9,584.7)=    0 (192.2,584.7)=    0 (192.4,584.4)=    0 (192.7,584.4)=    0 (193.1,584.4)=    0 (193.7,584.4)=    0 (194.4,584.3)=    0 (195.3,584.1)=    0 (196.3,583.8)=    0 (197.1,583.8)=    0 (197.8,583.9)=    0 (198.4,584.0)=    0 (199.0,584.2)=    0 (199.5,584.3)=    0 (199.9,584.5)=    0 (200.4,584.5)=    0 (201.0,584.6)=    0 (201.4,584.7)=    0 (201.8,584.9)=    0 (202.2,585.1)=    0 (202.6,585.2)=    0 (203.1,585.1)=    0 (203.7,585.1)=    0 (204.0,585.1)=    0 (204.3,585.4)=    0 (204.9,585.7)=    0 (205.1,586.0)=    0 (205.2,586.4)=    0 (205.6,586.5)=    0 (205.9,586.7)=    0 (206.4,586.7)=    0 (206.9,586.7)=    0 (207.2,586.6)=    0 (207.4,586.6)=    0 (207.6,586.4)=    0 (207.9,585.9)=    0 (208.2,586.2)=    0 (208.3,586.3)=    0 (208.6,586.1)=    0 (208.9,586.1)=    0 (209.1,586.1)=    0 (209.1,585.8)=    0 (209.3,585.9)=    0 (209.7,586.1)=    0 (209.9,586.2)=    0 (210.2,586.5)=    0 (210.5,586.8)=    0 (210.8,586.9)=    0 (211.3,587.2)=    0 (211.7,587.2)=    0 (212.3,587.0)=    0 (212.8,586.9)=    0 (213.3,586.8)=    0 (213.8,586.8)=    0 (214.3,587.0)=    0 (214.8,587.1)=    0 (215.1,587.4)=    0 (215.6,587.7)=    0 (216.1,587.7)=    0 (216.3,587.7)=    0 (216.6,587.7)=    0 (216.9,587.7)=    0 (217.2,587.7)=    0 (217.6,587.7)=    0 (217.8,587.8)=    0 (218.1,587.7)=    0 (218.4,587.7)=    0 (218.9,587.7)=    0 (219.3,587.6)=    0 (219.8,587.5)=    0 (220.3,587.4)=    0 (220.3,587.4)=    0 (220.8,587.5)=    0 (221.0,587.7)=    0 (221.4,588.3)=    0 (221.7,588.3)=    0 (222.2,588.6)=    0 (222.7,588.9)=    0 (223.1,589.0)=    0 (223.4,589.4)=    0 (224.0,589.6)=    0 (224.4,589.8)=    0 (224.8,590.1)=    0 (225.3,590.5)=    0 (225.8,590.6)=    0 (226.6,590.9)=    0 (227.2,591.1)=    0 (227.4,591.3)=    0 (228.0,591.6)=    0 (228.5,592.0)=    0 (229.3,592.6)=    0 (229.9,592.7)=    0 (230.7,592.9)=    0 (231.2,592.9)=    0 (231.7,592.7)=    0 (232.2,592.7)=    0 (232.8,592.7)=    0 (233.4,592.7)=    0 (234.0,592.8)=    0 (234.8,593.0)=    0 (235.7,593.2)=    0 (236.4,593.2)=    0 (237.0,593.2)=    0 (237.9,592.9)=    0 (238.6,592.7)=    0 (239.2,592.7)=    0 (239.6,592.5)=    0 (240.1,592.5)=    0 (240.5,592.5)=    0 (240.9,592.4)=    0 (241.3,592.2)=    0 (241.6,591.9)=    0 (241.9,591.5)=    0 (242.3,591.3)=    0 (242.8,591.0)=    0 (243.4,590.7)=    0 (244.1,590.7)=    0 (244.7,590.7)=    0 (245.5,590.7)=    0 (245.9,590.7)=    0 (246.6,590.8)=    0 (247.5,590.7)=    0 (248.2,590.6)=    0 (249.1,590.8)=    0 (249.8,591.3)=    0 (250.8,591.8)=    0 (251.7,592.5)=    0 (252.5,592.7)=    0 (253.2,593.0)=    0 (253.9,593.6)=    0 (254.6,594.1)=    0 (255.5,594.8)=    0 (256.5,595.4)=    0 (257.2,596.0)=    0 (258.1,596.9)=    0 (258.8,597.5)=    0 (259.2,597.7)=    0 (259.4,597.7)=    0 (259.6,597.5)=    0 (259.8,597.4)=    0 (260.0,597.4)=    0 (260.3,597.4)=    0 (260.7,597.7)=    0 (261.1,598.0)=    0 (261.3,598.1)=    0 (261.7,598.5)=    0 (261.9,598.5)=    0 (262.4,598.6)=    0 (262.9,598.8)=    0 (263.4,599.2)=    0 (264.0,599.6)=    0 (264.5,600.1)=    0 (265.1,600.6)=    0 (265.6,600.9)=    0 (266.0,601.4)=    0 (266.5,601.5)=    0 (266.8,601.5)=    0 (267.1,601.7)=    0 (267.4,601.8)=    0 (267.7,601.8)=    0 (267.9,602.1)=    0 (268.2,602.4)=    0 (268.4,602.4)=    0 (268.7,602.4)=    0 (268.8,602.6)=    0 (269.1,602.6)=    0 (269.3,602.7)=    0 (269.5,602.9)=    0 (269.7,602.9)=    0 (270.1,602.9)=    0 (270.4,603.0)=    0 (270.8,602.9)=    0 (271.1,602.8)=    0 (271.3,602.9)=    0 (271.6,603.0)=    0 (271.9,603.2)=    0 (272.0,603.5)=    0 (272.1,603.6)=    0 (272.2,603.6)=    0 (272.4,603.6)=    0 (272.7,603.6)=    0 (272.8,603.6)=    0 (272.9,603.7)=    0 (273.2,603.7)=    0 (273.4,604.0)=    0 (273.5,604.1)=    0 (273.8,604.4)=    0 (274.1,604.4)=    0 (274.4,604.4)=    0 (274.9,604.3)=    0 (275.2,604.3)=    0 (275.6,604.3)=    0 (275.9,604.3)=    0 (276.4,604.4)=    0 (276.7,604.5)=    0 (277.0,604.5)=    0 (277.6,604.6)=    0 (277.9,604.6)=    0 (278.3,604.6)=    0 (278.6,604.3)=    0 (278.7,604.3)=    0 (279.1,604.4)=    0 (279.2,604.6)=    0 (279.5,604.7)=    0 (279.8,604.7)=    0 (280.2,604.7)=    0 (280.4,604.7)=    0 (280.5,604.5)=    0 (281.0,604.4)=    0 (281.5,604.7)=    0 (281.9,604.7)=    0 (282.5,604.7)=    0 (283.0,605.0)=    0 (283.5,605.0)=    0 (284.1,604.9)=    0 (284.6,604.9)=    0 (285.3,604.9)=    0 (285.9,604.8)=    0 (286.2,604.8)=    0 (286.6,604.9)=    0 (287.2,605.0)=    0 (287.5,605.2)=    0 (288.0,605.4)=    0 (288.6,605.3)=    0 (289.0,605.4)=    0 (289.6,605.4)=    0 (290.1,605.5)=    0 (290.8,605.7)=    0 (291.4,605.8)=    0 (291.9,605.9)=    0 (292.6,605.9)=    0 (293.3,606.0)=    0 (293.8,606.0)=    0 (294.5,605.9)=    0 (295.0,605.9)=    0 (295.4,605.9)=    0 (296.1,605.8)=    0 (296.7,605.8)=    0 (297.4,605.8)=    0 (297.9,605.8)=    0 (298.7,605.6)=    0 (299.4,605.3)=    0 (300.0,605.2)=    0 (300.5,604.5)=    0 (301.3,604.5)=    0 (301.8,604.3)=    0 (302.2,604.3)=    0 (302.7,604.3)=    0 (303.1,604.4)=    0 (303.6,604.5)=    0 (304.0,604.5)=    0 (304.6,604.1)=    0 (305.4,604.0)=    0 (306.1,603.8)=    0 (306.8,603.8)=    0 (307.8,603.9)=    0 (308.7,603.9)=    0 
      5 | (190.0,614.0)=29839 (190.4,614.3)=    0 (190.9,614.5)=    0 (191.3,614.4)=    0 (191.8,614.3)=    0 (192.3,614.4)=    0 (192.7,614.1)=    0 (192.9,614.2)=    0 (193.3,614.4)=    0 (193.7,614.5)=    0 (194.3,614.6)=    0 (194.6,614.5)=    0 (195.1,614.3)=    0 (195.6,613.9)=    0 (195.9,613.7)=    0 (196.4,613.3)=    0 (196.6,612.8)=    0 (197.1,612.5)=    0 (197.3,612.0)=    0 (197.3,611.6)=    0 (197.2,611.4)=    0 (197.2,611.2)=    0 (197.3,610.9)=    0 (197.6,610.7)=    0 (197.6,610.7)=    0 (197.8,610.7)=    0 (198.2,610.4)=    0 (198.4,610.4)=    0 (198.8,610.3)=    0 (199.4,610.3)=    0 (200.0,610.3)=    0 (200.8,610.1)=    0 (201.7,609.9)=    0 (202.6,610.0)=    0 (203.4,610.1)=    0 (203.9,610.1)=    0 (204.5,610.3)=    0 (205.1,610.3)=    0 (205.6,610.6)=    0 (206.1,610.6)=    0 (206.6,610.6)=    0 (207.0,610.7)=    0 (207.4,610.9)=    0 (207.8,611.1)=    0 (208.2,611.2)=    0 (208.7,611.2)=    0 (209.3,611.2)=    0 (209.5,611.1)=    0 (209.9,611.3)=    0 (210.5,611.6)=    0 (210.6,611.9)=    0 (210.9,612.3)=    0 (211.3,612.5)=    0 (211.5,612.7)=    0 (212.2,612.8)=    0 (212.5,612.7)=    0 (212.8,612.6)=    0 (213.1,612.6)=    0 (213.3,612.3)=    0 (213.5,611.7)=    0 (213.7,612.1)=    0 (213.9,612.1)=    0 (214.4,611.9)=    0 (214.5,612.0)=    0 (214.7,612.0)=    0 (214.7,611.8)=    0 (214.9,611.9)=    0 (215.3,612.2)=    0 (215.5,612.2)=    0 (215.8,612.5)=    0 (216.1,612.8)=    0 (216.4,613.0)=    0 (216.9,613.3)=    0 (217.5,613.2)=    0 (218.0,613.0)=    0 (218.4,612.9)=    0 (218.9,612.7)=    0 (219.4,612.7)=    0 (219.9,613.0)=    0 (220.4,613.0)=    0 (220.7,613.3)=    0 (221.3,613.5)=    0 (221.7,613.6)=    0 (222.0,613.5)=    0 (222.2,613.7)=    0 (222.5,613.7)=    0 (222.9,613.6)=    0 (223.2,613.7)=    0 (223.4,613.8)=    0 (223.8,613.8)=    0 (224.3,613.7)=    0 (224.7,613.7)=    0 (225.0,613.5)=    0 (225.5,613.5)=    0 (226.0,613.3)=    0 (226.1,613.4)=    0 (226.5,613.6)=    0 (226.7,613.7)=    0 (227.0,614.2)=    0 (227.4,614.4)=    0 (227.8,614.7)=    0 (228.3,614.9)=    0 (228.7,615.1)=    0 (229.1,615.4)=    0 (229.6,615.6)=    0 (229.9,615.8)=    0 (230.5,616.3)=    0 (231.0,616.5)=    0 (231.5,616.7)=    0 (232.2,617.0)=    0 (232.7,617.3)=    0 (233.2,617.4)=    0 (233.6,617.7)=    0 (234.1,618.1)=    0 (234.9,618.7)=    0 (235.6,619.0)=    0 (236.3,619.3)=    0 (236.8,619.3)=    0 (237.4,619.0)=    0 (237.9,619.0)=    0 (238.4,619.1)=    0 (239.2,619.1)=    0 (239.8,619.3)=    0 (240.5,619.3)=    0 (241.4,619.5)=    0 (242.2,619.5)=    0 (242.7,619.5)=    0 (243.7,619.3)=    0 (244.4,619.0)=    0 (244.9,618.9)=    0 (245.4,618.9)=    0 (245.9,618.9)=    0 (246.3,618.8)=    0 (246.7,618.7)=    0 (247.1,618.6)=    0 (247.4,618.2)=    0 (247.7,617.7)=    0 (248.2,617.6)=    0 (248.7,617.3)=    0 (249.2,617.0)=    0 (250.0,617.0)=    0 (250.6,617.1)=    0 (251.4,617.1)=    0 (251.8,617.1)=    0 (252.5,617.1)=    0 (253.3,617.1)=    0 (254.1,617.0)=    0 (254.9,617.3)=    0 (255.7,617.8)=    0 (256.6,618.3)=    0 (257.5,618.8)=    0 (258.2,619.1)=    0 (258.9,619.6)=    0 (259.7,620.0)=    0 (260.4,620.6)=    0 (261.3,621.3)=    0 (262.2,621.8)=    0 (263.0,622.6)=    0 (263.8,623.5)=    0 (264.5,624.0)=    0 (265.0,624.4)=    0 (265.3,624.4)=    0 (265.5,624.2)=    0 (265.6,624.0)=    0 (265.8,624.0)=    0 (266.2,624.0)=    0 (266.5,624.4)=    0 (267.0,624.7)=    0 (267.2,624.9)=    0 (267.6,625.2)=    0 (267.8,625.2)=    0 (268.3,625.4)=    0 (268.7,625.6)=    0 (269.3,626.0)=    0 (269.8,626.4)=    0 (270.3,626.9)=    0 (270.9,627.5)=    0 (271.5,627.7)=    0 (271.9,628.1)=    0 (272.4,628.1)=    0 (272.6,628.4)=    0 (272.8,628.6)=    0 (273.3,628.6)=    0 (273.5,628.8)=    0 (273.6,629.0)=    0 (274.0,629.3)=    0 (274.3,629.3)=    0 (274.5,629.4)=    0 (274.6,629.5)=    0 (274.9,629.5)=    0 (275.1,629.5)=    0 (275.3,629.8)=    0 (275.6,629.7)=    0 (276.1,629.7)=    0 (276.4,629.7)=    0 (276.8,629.7)=    0 (277.2,629.6)=    0 (277.3,629.6)=    0 (277.7,629.7)=    0 (277.8,629.9)=    0 (277.9,630.1)=    0 (278.1,630.2)=    0 (278.2,630.3)=    0 (278.4,630.4)=    0 (278.6,630.4)=    0 (278.8,630.4)=    0 (278.9,630.6)=    0 (279.1,630.7)=    0 (279.4,630.8)=    0 (279.6,631.0)=    0 (279.9,631.2)=    0 (280.3,631.2)=    0 (280.5,631.3)=    0 (281.0,631.2)=    0 (281.2,631.2)=    0 (281.6,631.2)=    0 (282.1,631.2)=    0 (282.6,631.2)=    0 (282.9,631.5)=    0 (283.2,631.5)=    0 (283.8,631.6)=    0 (284.1,631.4)=    0 (284.5,631.4)=    0 (284.7,631.2)=    0 (285.0,631.2)=    0 (285.2,631.4)=    0 (285.5,631.5)=    0 (285.7,631.7)=    0 (286.0,631.7)=    0 (286.5,631.6)=    0 (286.6,631.5)=    0 (286.8,631.5)=    0 (287.3,631.2)=    0 (287.8,631.5)=    0 (288.3,631.6)=    0 (288.7,631.6)=    0 (289.3,631.7)=    0 (289.9,631.8)=    0 (290.4,631.7)=    0 (290.9,631.7)=    0 (291.7,631.7)=    0 (292.3,631.6)=    0 (292.5,631.6)=    0 (292.9,631.8)=    0 (293.6,631.8)=    0 (293.9,632.0)=    0 (294.5,632.2)=    0 (295.0,632.0)=    0 (295.5,632.2)=    0 (295.9,632.4)=    0 (296.5,632.3)=    0 (297.2,632.6)=    0 (297.7,632.7)=    0 (298.3,632.7)=    0 (298.9,632.8)=    0 (299.7,632.9)=    0 (300.2,632.9)=    0 (300.8,632.9)=    0 (301.3,632.9)=    0 (301.8,632.8)=    0 (302.5,632.8)=    0 (303.2,632.8)=    0 (303.9,632.8)=    0 (304.5,632.8)=    0 (305.1,632.6)=    0 (305.7,632.4)=    0 (306.4,632.2)=    0 (306.9,631.7)=    0 (307.7,631.7)=    0 (308.2,631.5)=    0 (308.6,631.4)=    0 (309.0,631.5)=    0 (309.5,631.6)=    0 (309.9,631.6)=    0 (310.4,631.6)=    0 (311.1,631.4)=    0 (311.8,631.2)=    0 (312.5,631.1)=    0 (313.3,631.1)=    0 (314.2,631.2)=    0 (315.1,631.1)=    0 
      6 | (254.0,625.0)=28774 (254.3,625.4)=    0 (254.9,625.6)=    0 (255.4,625.5)=    0 (255.9,625.5)=    0 (256.3,625.6)=    0 (256.7,625.4)=    0 (257.0,625.4)=    0 (257.4,625.6)=    0 (257.8,625.7)=    0 (258.5,625.9)=    0 (258.7,625.9)=    0 (259.2,625.8)=    0 (259.6,625.5)=    0 (260.0,625.3)=    0 (260.5,624.9)=    0 (260.8,624.5)=    0 (261.2,624.0)=    0 (261.4,623.6)=    0 (261.4,623.0)=    0 (261.4,622.9)=    0 (261.3,622.7)=    0 (261.4,622.5)=    0 (261.7,622.4)=    0 (261.8,622.4)=    0 (261.9,622.4)=    0 (262.2,622.1)=    0 (262.5,622.1)=    0 (263.1,622.1)=    0 (263.6,622.1)=    0 (264.3,622.1)=    0 (265.0,621.9)=    0 (265.9,621.8)=    0 (266.8,621.8)=    0 (267.6,621.9)=    0 (268.1,621.9)=    0 (268.6,622.2)=    0 (269.2,622.2)=    0 (269.6,622.5)=    0 (270.0,622.5)=    0 (270.6,622.6)=    0 (271.1,622.7)=    0 (271.5,622.8)=    0 (271.9,623.1)=    0 (272.3,623.2)=    0 (272.8,623.1)=    0 (273.4,623.1)=    0 (273.8,623.1)=    0 (274.2,623.5)=    0 (274.7,623.7)=    0 (274.8,624.1)=    0 (275.2,624.5)=    0 (275.5,624.7)=    0 (275.8,624.9)=    0 (276.3,625.0)=    0 (276.6,624.9)=    0 (277.0,624.9)=    0 (277.3,624.9)=    0 (277.5,624.8)=    0 (277.5,624.2)=    0 (277.7,624.5)=    0 (277.9,624.7)=    0 (278.3,624.4)=    0 (278.5,624.4)=    0 (278.7,624.5)=    0 (278.8,624.2)=    0 (279.0,624.4)=    0 (279.3,624.5)=    0 (279.5,624.6)=    0 (279.7,624.9)=    0 (280.2,625.3)=    0 (280.5,625.4)=    0 (280.9,625.6)=    0 (281.4,625.6)=    0 (281.7,625.5)=    0 (282.4,625.4)=    0 (282.9,625.4)=    0 (283.4,625.3)=    0 (284.0,625.5)=    0 (284.4,625.6)=    0 (284.7,625.8)=    0 (285.2,626.1)=    0 (285.6,626.2)=    0 (285.9,626.2)=    0 (286.1,626.4)=    0 (286.5,626.4)=    0 (286.8,626.3)=    0 (287.2,626.4)=    0 (287.4,626.5)=    0 (287.7,626.4)=    0 (288.2,626.4)=    0 (288.7,626.4)=    0 (289.1,626.2)=    0 (289.5,626.2)=    0 (289.9,626.0)=    0 (290.2,626.1)=    0 (290.4,626.3)=    0 (290.8,626.5)=    0 (291.1,626.9)=    0 (291.6,627.1)=    0 (291.9,627.4)=    0 (292.2,627.6)=    0 (292.7,627.7)=    0 (293.3,627.9)=    0 (293.7,628.2)=    0 (294.0,628.5)=    0 (294.6,628.8)=    0 (295.1,629.1)=    0 (295.6,629.4)=    0 (296.2,629.6)=    0 (296.8,629.9)=    0 (297.3,630.0)=    0 (297.7,630.4)=    0 (298.3,630.9)=    0 (299.0,631.4)=    0 (299.7,631.7)=    0 (300.5,632.0)=    0 (301.0,632.0)=    0 (301.5,631.8)=    0 (302.0,631.8)=    0 (302.7,632.0)=    0 (303.3,631.9)=    0 (304.0,632.1)=    0 (304.7,632.3)=    0 (305.7,632.5)=    0 (306.5,632.5)=    0 (307.1,632.5)=    0 (308.0,632.4)=    0 (308.7,632.1)=    0 (309.2,632.1)=    0 (309.7,632.0)=    0 (310.2,632.0)=    0 (310.7,632.0)=    0 (311.1,631.9)=    0 (311.5,631.7)=    0 (311.8,631.4)=    0 (312.0,631.0)=    0 (312.5,630.9)=    0 (313.0,630.6)=    0 (313.6,630.4)=    0 (314.2,630.4)=    0 (314.8,630.5)=    0 (315.5,630.5)=    0 (315.9,630.5)=    0 (316.7,630.7)=    0 (317.6,630.6)=    0 (318.4,630.6)=    0 (319.3,630.8)=    0 (320.0,631.4)=    0 (320.8,631.7)=    0 (321.8,632.5)=    0 (322.6,632.8)=    0 (323.3,633.2)=    0 (324.0,633.7)=    0 (324.8,634.2)=    0 (325.7,635.0)=    0 (326.5,635.7)=    0 (327.4,636.4)=    0 (328.3,637.3)=    0 (329.0,637.8)=    0 (329.4,638.1)=    0 (329.7,638.2)=    0 (329.9,637.9)=    0 (330.1,637.9)=    0 (330.2,637.9)=    0 (330.5,637.9)=    0 (330.9,638.3)=    0 (331.4,638.7)=    0 (331.6,638.9)=    0 (332.0,639.2)=    0 (332.4,639.3)=    0 (332.8,639.4)=    0 (333.1,639.7)=    0 (333.8,640.1)=    0 (334.3,640.6)=    0 (334.8,641.0)=    0 (335.4,641.6)=    0 (335.8,641.9)=    0 (336.3,642.4)=    0 (336.7,642.5)=    0 (337.0,642.7)=    0 (337.4,642.9)=    0 (337.8,643.2)=    0 (338.1,643.2)=    0 (338.3,643.5)=    0 (338.5,643.7)=    0 (338.6,643.8)=    0 (338.9,643.9)=    0 (339.1,644.1)=    0 (339.3,644.1)=    0 (339.6,644.1)=    0 (339.7,644.4)=    0 (340.0,644.4)=    0 (340.5,644.4)=    0 (340.8,644.5)=    0 (341.3,644.4)=    0 (341.7,644.4)=    0 (341.8,644.4)=    0 (342.1,644.5)=    0 (342.5,644.6)=    0 (342.5,644.9)=    0 (342.6,645.0)=    0 (342.7,645.0)=    0 (342.9,645.2)=    0 (343.1,645.2)=    0 (343.3,645.3)=    0 (343.4,645.4)=    0 (343.5,645.6)=    0 (343.7,645.7)=    0 (344.0,645.9)=    0 (344.3,646.0)=    0 (344.6,646.1)=    0 (344.9,646.2)=    0 (345.5,646.0)=    0 (345.9,646.1)=    0 (346.2,646.2)=    0 (346.5,646.1)=    0 (347.0,646.2)=    0 (347.3,646.5)=    0 (347.7,646.5)=    0 (348.2,646.5)=    0 (348.6,646.4)=    0 (349.0,646.4)=    0 (349.3,646.1)=    0 (349.5,646.2)=    0 (349.8,646.4)=    0 (349.9,646.5)=    0 (350.2,646.7)=    0 (350.6,646.8)=    0 (351.0,646.7)=    0 (351.2,646.6)=    0 (351.4,646.5)=    0 (351.8,646.3)=    0 (352.2,646.7)=    0 (352.7,646.9)=    0 (353.2,646.8)=    0 (353.8,647.0)=    0 (354.2,647.1)=    0 (354.8,647.0)=    0 (355.4,647.1)=    0 (356.1,647.1)=    0 (356.8,647.0)=    0 (357.1,647.0)=    0 (357.5,647.2)=    0 (358.0,647.3)=    0 (358.5,647.5)=    0 (359.0,647.7)=    0 (359.6,647.5)=    0 (360.1,647.7)=    0 (360.6,647.8)=    0 (361.1,647.9)=    0 (361.8,648.2)=    0 (362.3,648.4)=    0 (363.1,648.5)=    0 (363.5,648.5)=    0 (364.3,648.7)=    0 (365.0,648.7)=    0 (365.5,648.6)=    0 (366.0,648.6)=    0 (366.5,648.7)=    0 (367.2,648.6)=    0 (367.9,648.6)=    0 (368.6,648.6)=    0 (369.2,648.6)=    0 (370.0,648.4)=    0 (370.7,648.1)=    0 (371.3,647.9)=    0 (372.0,647.4)=    0 (372.7,647.4)=    0 (373.3,647.1)=    0 (373.6,647.0)=    0 (374.1,647.3)=    0 (374.7,647.4)=    0 (375.1,647.5)=    0 (375.5,647.5)=    0 (376.0,647.3)=    0 (376.9,647.2)=    0 (377.6,647.0)=    0 (378.4,647.0)=    0 (379.4,647.2)=    0 (380.3,647.2)=    0 
      7 | (128.0,603.0)=28631 (128.2,603.3)=    0 (128.8,603.5)=    0 (129.4,603.3)=    0 (129.7,603.3)=    0 (130.3,603.3)=    0 (130.7,603.0)=    0 (131.0,603.1)=    0 (131.3,603.4)=    0 (131.8,603.4)=    0 (132.3,603.5)=    0 (132.5,603.5)=    0 (133.1,603.2)=    0 (133.5,602.8)=    0 (133.8,602.5)=    0 (134.3,602.0)=    0 (134.6,601.6)=    0 (135.1,601.4)=    0 (135.4,600.8)=    0 (135.3,600.3)=    0 (135.2,600.1)=    0 (135.2,599.8)=    0 (135.3,599.6)=    0 (135.5,599.5)=    0 (135.5,599.4)=    0 (135.9,599.3)=    0 (136.2,599.0)=    0 (136.4,599.0)=    0 (136.8,599.0)=    0 (137.4,598.8)=    0 (138.0,598.8)=    0 (139.0,598.5)=    0 (139.7,598.3)=    0 (140.6,598.4)=    0 (141.4,598.4)=    0 (142.0,598.4)=    0 (142.6,598.6)=    0 (143.2,598.6)=    0 (143.7,598.8)=    0 (144.2,598.8)=    0 (144.7,598.8)=    0 (145.3,598.9)=    0 (145.5,599.1)=    0 (145.9,599.4)=    0 (146.4,599.4)=    0 (146.9,599.3)=    0 (147.6,599.3)=    0 (147.8,599.3)=    0 (148.3,599.5)=    0 (148.7,599.7)=    0 (148.9,599.9)=    0 (149.1,600.4)=    0 (149.6,600.5)=    0 (149.8,600.7)=    0 (150.3,600.8)=    0 (150.9,600.6)=    0 (151.1,600.6)=    0 (151.3,600.5)=    0 (151.6,600.3)=    0 (152.1,599.7)=    0 (152.2,599.9)=    0 (152.4,600.0)=    0 (152.6,599.8)=    0 (152.8,599.7)=    0 (153.0,599.7)=    0 (153.0,599.5)=    0 (153.2,599.6)=    0 (153.7,599.9)=    0 (153.9,600.0)=    0 (154.1,600.3)=    0 (154.5,600.6)=    0 (154.9,600.7)=    0 (155.4,600.9)=    0 (155.8,600.8)=    0 (156.3,600.6)=    0 (156.8,600.5)=    0 (157.3,600.3)=    0 (157.8,600.3)=    0 (158.3,600.6)=    0 (158.8,600.7)=    0 (159.2,600.9)=    0 (159.7,601.1)=    0 (160.0,601.1)=    0 (160.4,601.1)=    0 (160.6,601.2)=    0 (160.9,601.3)=    0 (161.3,601.2)=    0 (161.6,601.3)=    0 (161.9,601.4)=    0 (162.2,601.3)=    0 (162.6,601.2)=    0 (163.1,601.2)=    0 (163.4,601.0)=    0 (164.1,600.9)=    0 (164.4,600.7)=    0 (164.5,600.8)=    0 (164.8,600.9)=    0 (165.0,601.0)=    0 (165.5,601.4)=    0 (166.0,601.6)=    0 (166.4,601.9)=    0 (166.9,602.1)=    0 (167.4,602.3)=    0 (167.6,602.6)=    0 (168.2,602.6)=    0 (168.5,602.9)=    0 (169.0,603.4)=    0 (169.6,603.5)=    0 (170.2,603.8)=    0 (170.9,604.0)=    0 (171.4,604.3)=    0 (171.6,604.3)=    0 (172.1,604.5)=    0 (172.6,605.0)=    0 (173.4,605.5)=    0 (174.1,605.6)=    0 (174.9,605.9)=    0 (175.5,605.9)=    0 (175.9,605.7)=    0 (176.4,605.7)=    0 (177.0,605.7)=    0 (177.7,605.7)=    0 (178.3,605.8)=    0 (179.1,605.9)=    0 (179.9,605.9)=    0 (180.5,606.0)=    0 (181.2,605.9)=    0 (182.2,605.6)=    0 (182.9,605.4)=    0 (183.3,605.4)=    0 (183.8,605.3)=    0 (184.4,605.3)=    0 (184.9,605.2)=    0 (185.2,605.0)=    0 (185.5,604.7)=    0 (185.9,604.5)=    0 (186.1,604.1)=    0 (186.6,603.8)=    0 (187.1,603.5)=    0 (187.5,603.3)=    0 (188.3,603.3)=    0 (188.8,603.3)=    0 (189.5,603.2)=    0 (190.0,603.2)=    0 (190.7,603.2)=    0 (191.5,603.2)=    0 (192.4,602.9)=    0 (193.1,603.3)=    0 (193.9,603.7)=    0 (194.9,604.2)=    0 (195.6,604.7)=    0 (196.4,605.1)=    0 (197.1,605.4)=    0 (197.9,605.7)=    0 (198.6,606.2)=    0 (199.5,606.9)=    0 (200.5,607.5)=    0 (201.3,608.3)=    0 (202.2,609.0)=    0 (203.0,609.4)=    0 (203.5,609.7)=    0 (203.8,609.8)=    0 (204.0,609.6)=    0 (204.0,609.4)=    0 (204.3,609.5)=    0 (204.6,609.5)=    0 (204.9,609.8)=    0 (205.4,610.0)=    0 (205.6,610.2)=    0 (206.0,610.5)=    0 (206.3,610.5)=    0 (206.8,610.6)=    0 (207.3,610.8)=    0 (207.7,611.1)=    0 (208.2,611.6)=    0 (208.7,612.0)=    0 (209.3,612.5)=    0 (209.8,612.7)=    0 (210.4,613.1)=    0 (210.7,613.2)=    0 (211.1,613.2)=    0 (211.3,613.5)=    0 (211.8,613.5)=    0 (212.0,613.6)=    0 (212.1,613.9)=    0 (212.3,614.1)=    0 (212.6,614.1)=    0 (212.7,614.3)=    0 (212.9,614.3)=    0 (213.1,614.4)=    0 (213.3,614.4)=    0 (213.6,614.6)=    0 (213.9,614.5)=    0 (214.3,614.5)=    0 (214.6,614.5)=    0 (215.0,614.3)=    0 (215.3,614.2)=    0 (215.5,614.3)=    0 (215.8,614.3)=    0 (216.1,614.5)=    0 (216.1,614.8)=    0 (216.3,614.9)=    0 (216.5,614.9)=    0 (216.6,615.0)=    0 (216.8,615.0)=    0 (217.0,615.1)=    0 (217.1,615.3)=    0 (217.4,615.3)=    0 (217.5,615.4)=    0 (217.9,615.7)=    0 (218.1,615.7)=    0 (218.4,615.8)=    0 (218.8,615.8)=    0 (219.3,615.7)=    0 (219.5,615.7)=    0 (219.8,615.7)=    0 (220.4,615.7)=    0 (220.8,615.7)=    0 (221.1,615.9)=    0 (221.5,615.9)=    0 (222.1,615.9)=    0 (222.3,615.7)=    0 (222.8,615.7)=    0 (223.0,615.5)=    0 (223.2,615.5)=    0 (223.5,615.6)=    0 (223.7,615.7)=    0 (224.0,615.9)=    0 (224.3,615.9)=    0 (224.6,615.7)=    0 (224.7,615.7)=    0 (225.1,615.5)=    0 (225.6,615.4)=    0 (226.1,615.7)=    0 (226.6,615.7)=    0 (227.1,615.7)=    0 (227.6,615.9)=    0 (228.1,615.9)=    0 (228.6,615.8)=    0 (229.2,615.8)=    0 (229.9,615.8)=    0 (230.4,615.6)=    0 (230.6,615.7)=    0 (231.1,615.9)=    0 (231.8,616.0)=    0 (232.0,616.2)=    0 (232.7,616.2)=    0 (233.2,616.0)=    0 (233.6,616.2)=    0 (234.2,616.2)=    0 (234.8,616.2)=    0 (235.5,616.5)=    0 (236.0,616.6)=    0 (236.5,616.6)=    0 (237.0,616.6)=    0 (237.8,616.6)=    0 (238.4,616.6)=    0 (239.0,616.6)=    0 (239.4,616.6)=    0 (239.9,616.5)=    0 (240.6,616.5)=    0 (241.2,616.4)=    0 (241.9,616.4)=    0 (242.4,616.4)=    0 (243.2,616.1)=    0 (243.6,615.8)=    0 (244.4,615.6)=    0 (245.0,614.9)=    0 (245.7,615.0)=    0 (246.2,614.7)=    0 (246.5,614.7)=    0 (247.1,614.7)=    0 (247.5,614.8)=    0 (247.9,614.8)=    0 (248.4,614.7)=    0 (249.0,614.4)=    0 (249.7,614.3)=    0 (250.4,614.1)=    0 (251.2,614.1)=    0 (252.2,614.1)=    0 (253.1,614.1)=    0 
      8 | (153.0,630.0)=28379 (153.3,630.3)=    0 (154.0,630.6)=    0 (154.5,630.4)=    0 (154.8,630.3)=    0 (155.4,630.3)=    0 (155.9,630.0)=    0 (155.9,630.0)=    0 (156.5,630.4)=    0 (156.8,630.5)=    0 (157.5,630.6)=    0 (157.8,630.6)=    0 (158.1,630.4)=    0 (158.7,629.9)=    0 (159.0,629.7)=    0 (159.4,629.3)=    0 (159.7,628.8)=    0 (160.1,628.4)=    0 (160.4,627.9)=    0 (160.4,627.4)=    0 (160.4,627.2)=    0 (160.4,626.9)=    0 (160.5,626.7)=    0 (160.7,626.7)=    0 (160.7,626.6)=    0 (160.9,626.6)=    0 (161.2,626.2)=    0 (161.5,626.3)=    0 (162.0,626.2)=    0 (162.6,626.2)=    0 (163.2,626.2)=    0 (163.9,625.9)=    0 (164.8,625.6)=    0 (165.7,625.7)=    0 (166.4,625.7)=    0 (167.0,625.7)=    0 (167.6,625.8)=    0 (168.2,625.9)=    0 (168.6,626.1)=    0 (169.1,626.1)=    0 (169.7,626.1)=    0 (170.1,626.2)=    0 (170.5,626.4)=    0 (170.8,626.6)=    0 (171.3,626.7)=    0 (171.8,626.7)=    0 (172.5,626.6)=    0 (172.8,626.6)=    0 (173.1,626.8)=    0 (173.6,627.1)=    0 (173.6,627.5)=    0 (173.8,627.9)=    0 (174.3,628.1)=    0 (174.6,628.4)=    0 (175.2,628.4)=    0 (175.6,628.2)=    0 (175.8,628.2)=    0 (176.1,628.2)=    0 (176.4,627.9)=    0 (176.7,627.3)=    0 (176.8,627.5)=    0 (177.1,627.6)=    0 (177.5,627.3)=    0 (177.6,627.3)=    0 (177.8,627.3)=    0 (177.8,627.1)=    0 (177.9,627.3)=    0 (178.5,627.4)=    0 (178.7,627.5)=    0 (179.0,627.7)=    0 (179.2,628.0)=    0 (179.6,628.2)=    0 (180.2,628.5)=    0 (180.7,628.3)=    0 (181.1,628.2)=    0 (181.6,627.9)=    0 (182.1,627.9)=    0 (182.7,627.9)=    0 (183.2,628.2)=    0 (183.7,628.2)=    0 (183.9,628.4)=    0 (184.5,628.7)=    0 (185.0,628.6)=    0 (185.2,628.6)=    0 (185.5,628.8)=    0 (185.8,628.8)=    0 (186.2,628.7)=    0 (186.5,628.7)=    0 (186.7,628.9)=    0 (187.2,628.9)=    0 (187.4,628.8)=    0 (187.9,628.8)=    0 (188.3,628.6)=    0 (188.7,628.6)=    0 (189.2,628.4)=    0 (189.3,628.6)=    0 (189.7,628.7)=    0 (189.9,628.9)=    0 (190.4,629.4)=    0 (190.7,629.6)=    0 (191.2,629.8)=    0 (191.5,630.1)=    0 (192.0,630.3)=    0 (192.3,630.5)=    0 (192.9,630.6)=    0 (193.3,630.9)=    0 (193.8,631.4)=    0 (194.3,631.4)=    0 (194.8,631.6)=    0 (195.5,631.9)=    0 (196.0,632.2)=    0 (196.4,632.3)=    0 (196.8,632.5)=    0 (197.4,633.0)=    0 (198.1,633.5)=    0 (198.9,633.7)=    0 (199.7,634.0)=    0 (200.2,634.0)=    0 (200.7,633.6)=    0 (201.1,633.6)=    0 (201.8,633.6)=    0 (202.5,633.5)=    0 (203.1,633.6)=    0 (203.9,633.6)=    0 (204.9,633.7)=    0 (205.6,633.9)=    0 (206.0,633.8)=    0 (206.9,633.6)=    0 (207.7,633.4)=    0 (208.3,633.4)=    0 (208.7,633.2)=    0 (209.2,633.1)=    0 (209.7,633.1)=    0 (210.1,632.9)=    0 (210.5,632.7)=    0 (210.8,632.4)=    0 (211.0,632.0)=    0 (211.5,631.7)=    0 (212.0,631.4)=    0 (212.5,631.2)=    0 (213.2,631.2)=    0 (213.8,631.2)=    0 (214.5,631.2)=    0 (214.9,631.1)=    0 (215.6,631.3)=    0 (216.4,631.2)=    0 (217.3,631.1)=    0 (218.0,631.3)=    0 (218.9,631.9)=    0 (219.8,632.3)=    0 (220.6,632.8)=    0 (221.4,633.3)=    0 (222.1,633.5)=    0 (222.7,634.0)=    0 (223.5,634.5)=    0 (224.5,635.3)=    0 (225.4,635.8)=    0 (226.2,636.6)=    0 (226.9,637.5)=    0 (227.7,638.0)=    0 (228.2,638.3)=    0 (228.5,638.3)=    0 (228.6,638.1)=    0 (228.7,637.9)=    0 (229.0,638.0)=    0 (229.4,638.0)=    0 (229.6,638.3)=    0 (230.0,638.6)=    0 (230.3,638.8)=    0 (230.7,639.0)=    0 (231.0,639.0)=    0 (231.5,639.2)=    0 (231.9,639.3)=    0 (232.6,639.6)=    0 (233.0,640.1)=    0 (233.5,640.6)=    0 (234.1,641.1)=    0 (234.6,641.4)=    0 (235.0,641.8)=    0 (235.5,641.9)=    0 (235.7,641.9)=    0 (236.0,642.0)=    0 (236.4,642.2)=    0 (236.7,642.3)=    0 (236.8,642.5)=    0 (237.1,642.7)=    0 (237.4,642.7)=    0 (237.6,642.8)=    0 (237.7,642.9)=    0 (237.9,643.0)=    0 (238.2,643.0)=    0 (238.4,643.3)=    0 (238.6,643.3)=    0 (239.0,643.2)=    0 (239.3,643.3)=    0 (239.7,643.2)=    0 (240.1,643.0)=    0 (240.2,643.1)=    0 (240.6,643.1)=    0 (240.8,643.3)=    0 (240.8,643.6)=    0 (241.0,643.7)=    0 (241.3,643.7)=    0 (241.3,643.8)=    0 (241.6,643.8)=    0 (241.7,643.8)=    0 (241.8,644.0)=    0 (242.1,644.0)=    0 (242.4,644.2)=    0 (242.6,644.4)=    0 (242.9,644.5)=    0 (243.2,644.6)=    0 (243.6,644.6)=    0 (244.1,644.6)=    0 (244.3,644.6)=    0 (244.7,644.6)=    0 (245.1,644.5)=    0 (245.6,644.6)=    0 (245.9,644.9)=    0 (246.4,644.9)=    0 (246.9,644.9)=    0 (247.1,644.8)=    0 (247.6,644.8)=    0 (247.8,644.6)=    0 (248.0,644.6)=    0 (248.3,644.9)=    0 (248.5,644.9)=    0 (248.7,645.1)=    0 (249.1,645.1)=    0 (249.6,645.1)=    0 (249.6,645.0)=    0 (249.9,644.8)=    0 (250.4,644.5)=    0 (250.8,644.8)=    0 (251.3,645.0)=    0 (251.8,645.0)=    0 (252.3,645.2)=    0 (252.9,645.2)=    0 (253.4,645.1)=    0 (254.0,645.2)=    0 (254.7,645.2)=    0 (255.2,644.9)=    0 (255.5,644.9)=    0 (255.9,645.2)=    0 (256.5,645.2)=    0 (256.8,645.4)=    0 (257.4,645.5)=    0 (258.0,645.5)=    0 (258.3,645.7)=    0 (258.9,645.6)=    0 (259.5,645.6)=    0 (260.3,645.9)=    0 (260.7,646.0)=    0 (261.3,646.0)=    0 (261.8,646.1)=    0 (262.6,646.1)=    0 (263.3,646.0)=    0 (263.8,646.0)=    0 (264.3,645.9)=    0 (264.7,645.8)=    0 (265.4,645.7)=    0 (266.1,645.6)=    0 (266.8,645.6)=    0 (267.5,645.6)=    0 (268.2,645.3)=    0 (268.6,645.1)=    0 (269.3,644.8)=    0 (269.9,644.3)=    0 (270.6,644.4)=    0 (271.0,644.1)=    0 (271.4,644.1)=    0 (271.8,644.2)=    0 (272.2,644.3)=    0 (272.7,644.3)=    0 (273.1,644.3)=    0 (273.7,644.0)=    0 (274.5,643.9)=    0 (275.3,643.7)=    0 (276.0,643.6)=    0 (276.9,643.7)=    0 (277.9,643.6)=    0 
      9 | (154.0,583.0)=28318 (154.3,583.3)=    0 (154.9,583.4)=    0 (155.3,583.4)=    0 (155.7,583.4)=    0 (156.2,583.3)=    0 (156.8,583.0)=    0 (156.9,583.2)=    0 (157.4,583.3)=    0 (157.8,583.4)=    0 (158.4,583.5)=    0 (158.7,583.5)=    0 (159.2,583.3)=    0 (159.7,582.9)=    0 (160.0,582.6)=    0 (160.4,582.2)=    0 (160.8,581.8)=    0 (161.2,581.5)=    0 (161.4,581.0)=    0 (161.4,580.5)=    0 (161.3,580.3)=    0 (161.4,580.1)=    0 (161.5,579.8)=    0 (161.7,579.7)=    0 (161.8,579.6)=    0 (162.0,579.6)=    0 (162.3,579.4)=    0 (162.6,579.4)=    0 (163.1,579.3)=    0 (163.6,579.3)=    0 (164.3,579.1)=    0 (165.0,578.9)=    0 (165.9,578.7)=    0 (166.8,578.7)=    0 (167.5,578.9)=    0 (168.1,578.9)=    0 (168.6,579.1)=    0 (169.2,579.1)=    0 (169.7,579.4)=    0 (170.1,579.4)=    0 (170.7,579.4)=    0 (171.2,579.5)=    0 (171.5,579.6)=    0 (172.0,579.9)=    0 (172.5,579.9)=    0 (173.0,579.8)=    0 (173.6,579.8)=    0 (173.9,579.8)=    0 (174.3,580.0)=    0 (174.7,580.3)=    0 (174.7,580.6)=    0 (175.1,581.1)=    0 (175.4,581.2)=    0 (175.7,581.5)=    0 (176.3,581.5)=    0 (176.6,581.4)=    0 (176.9,581.3)=    0 (177.2,581.3)=    0 (177.5,581.0)=    0 (177.8,580.6)=    0 (178.0,580.9)=    0 (178.3,581.0)=    0 (178.5,580.7)=    0 (178.7,580.7)=    0 (179.0,580.8)=    0 (179.0,580.5)=    0 (179.1,580.7)=    0 (179.6,580.9)=    0 (179.8,580.9)=    0 (180.1,581.3)=    0 (180.3,581.5)=    0 (180.7,581.7)=    0 (181.2,581.9)=    0 (181.7,581.9)=    0 (182.2,581.8)=    0 (182.7,581.6)=    0 (183.2,581.6)=    0 (183.6,581.5)=    0 (184.1,581.8)=    0 (184.5,581.8)=    0 (184.8,582.0)=    0 (185.3,582.3)=    0 (185.8,582.3)=    0 (186.1,582.4)=    0 (186.4,582.5)=    0 (186.8,582.5)=    0 (187.2,582.4)=    0 (187.5,582.5)=    0 (187.7,582.6)=    0 (188.0,582.6)=    0 (188.4,582.5)=    0 (188.9,582.5)=    0 (189.3,582.4)=    0 (189.8,582.2)=    0 (190.2,582.0)=    0 (190.4,582.1)=    0 (190.6,582.3)=    0 (190.9,582.6)=    0 ( -1.0, -1.0)=   -3 ( -1.0, -1.0)=   -3 ( -1.0, -1.0)=   -3 ( -1.0, -1.0)=   -3 ( -1.0, -1.0)=   -3 ( -1.0, -1.0)=   -3 ( -1.0, -1.0)=   -3 ( -1.0, -1.0)=   -3 ( -1.0, -1.0)=   -3 ( -1.0, -1.0)=   -3 ( -1.0, -1.0)=   -3 ( -1.0, -1.0)=   -3 ( -1.0, -1.0)=   -3 ( -1.0, -1.0)=   -3 ( -1.0, -1.0)=   -3 ( -1.0, -1.0)=   -3 ( -1.0, -1.0)=   -3 ( -1.0, -1.0)=   -3 ( -1.0, -1.0)=   -3 ( -1.0, -1.0)=   -3 ( -1.0, -1.0)=   -3 ( -1.0, -1.0)=   -3 ( -1.0, -1.0)=   -3 ( -1.0, -1.0)=   -3 ( -1.0, -1.0)=   -3 ( -1.0, -1.0)=   -3 ( -1.0, -1.0)=   -3 ( -1.0, -1.0)=   -3 ( -1.0, -1.0)=   -3 ( -1.0, -1.0)=   -3 ( -1.0, -1.0)=   -3 ( -1.0, -1.0)=   -3 ( -1.0, -1.0)=   -3 ( -1.0, -1.0)=   -3 ( -1.0, -1.0)=   -3 ( -1.0, -1.0)=   -3 ( -1.0, -1.0)=   -3 ( -1.0, -1.0)=   -3 ( -1.0, -1.0)=   -3 ( -1.0, -1.0)=   -3 ( -1.0, -1.0)=   -3 ( -1.0, -1.0)=   -3 ( -1.0, -1.0)=   -3 ( -1.0, -1.0)=   -3 ( -1.0, -1.0)=   -3 ( -1.0, -1.0)=   -3 ( -1.0, -1.0)=   -3 ( -1.0, -1.0)=   -3 ( -1.0, -1.0)=   -3 ( -1.0, -1.0)=   -3 ( -1.0, -1.0)=   -3 ( -1.0, -1.0)=   -3 ( -1.0, -1.0)=   -3 ( -1.0, -1.0)=   -3 ( -1.0, -1.0)=   -3 ( -1.0, -1.0)=   -3 ( -1.0, -1.0)=   -3 ( -1.0, -1.0)=   -3 ( -1.0, -1.0)=   -3 ( -1.0, -1.0)=   -3 ( -1.0, -1.0)=   -3 ( -1.0, -1.0)=   -3 ( -1.0, -1.0)=   -3 ( -1.0, -1.0)=   -3 ( -1.0, -1.0)=   -3 ( -1.0, -1.0)=   -3 ( -1.0, -1.0)=   -3 ( -1.0, -1.0)=   -3 ( -1.0, -1.0)=   -3 ( -1.0, -1.0)=   -3 ( -1.0, -1.0)=   -3 ( -1.0, -1.0)=   -3 ( -1.0, -1.0)=   -3 ( -1.0, -1.0)=   -3 ( -1.0, -1.0)=   -3 ( -1.0, -1.0)=   -3 ( -1.0, -1.0)=   -3 ( -1.0, -1.0)=   -3 ( -1.0, -1.0)=   -3 ( -1.0, -1.0)=   -3 ( -1.0, -1.0)=   -3 ( -1.0, -1.0)=   -3 ( -1.0, -1.0)=   -3 ( -1.0, -1.0)=   -3 ( -1.0, -1.0)=   -3 ( -1.0, -1.0)=   -3 ( -1.0, -1.0)=   -3 ( -1.0, -1.0)=   -3 ( -1.0, -1.0)=   -3 ( -1.0, -1.0)=   -3 ( -1.0, -1.0)=   -3 ( -1.0, -1.0)=   -3 ( -1.0, -1.0)=   -3 ( -1.0, -1.0)=   -3 ( -1.0, -1.0)=   -3 ( -1.0, -1.0)=   -3 ( -1.0, -1.0)=   -3 ( -1.0, -1.0)=   -3 ( -1.0, -1.0)=   -3 ( -1.0, -1.0)=   -3 ( -1.0, -1.0)=   -3 ( -1.0, -1.0)=   -3 ( -1.0, -1.0)=   -3 ( -1.0, -1.0)=   -3 ( -1.0, -1.0)=   -3 ( -1.0, -1.0)=   -3 ( -1.0, -1.0)=   -3 ( -1.0, -1.0)=   -3 ( -1.0, -1.0)=   -3 ( -1.0, -1.0)=   -3 ( -1.0, -1.0)=   -3 ( -1.0, -1.0)=   -3 ( -1.0, -1.0)=   -3 ( -1.0, -1.0)=   -3 ( -1.0, -1.0)=   -3 ( -1.0, -1.0)=   -3 ( -1.0, -1.0)=   -3 ( -1.0, -1.0)=   -3 ( -1.0, -1.0)=   -3 ( -1.0, -1.0)=   -3 ( -1.0, -1.0)=   -3 ( -1.0, -1.0)=   -3 ( -1.0, -1.0)=   -3 ( -1.0, -1.0)=   -3 ( -1.0, -1.0)=   -3 ( -1.0, -1.0)=   -3 ( -1.0, -1.0)=   -3 ( -1.0, -1.0)=   -3 ( -1.0, -1.0)=   -3 ( -1.0, -1.0)=   -3 ( -1.0, -1.0)=   -3 ( -1.0, -1.0)=   -3 ( -1.0, -1.0)=   -3 ( -1.0, -1.0)=   -3 ( -1.0, -1.0)=   -3 ( -1.0, -1.0)=   -3 ( -1.0, -1.0)=   -3 ( -1.0, -1.0)=   -3 ( -1.0, -1.0)=   -3 ( -1.0, -1.0)=   -3 ( -1.0, -1.0)=   -3 ( -1.0, -1.0)=   -3 ( -1.0, -1.0)=   -3 ( -1.0, -1.0)=   -3 ( -1.0, -1.0)=   -3 ( -1.0, -1.0)=   -3 ( -1.0, -1.0)=   -3 ( -1.0, -1.0)=   -3 ( -1.0, -1.0)=   -3 ( -1.0, -1.0)=   -3 ( -1.0, -1.0)=   -3 ( -1.0, -1.0)=   -3 ( -1.0, -1.0)=   -3 ( -1.0, -1.0)=   -3 ( -1.0, -1.0)=   -3 ( -1.0, -1.0)=   -3 ( -1.0, -1.0)=   -3 ( -1.0, -1.0)=   -3 ( -1.0, -1.0)=   -3 ( -1.0, -1.0)=   -3 ( -1.0, -1.0)=   -3 ( -1.0, -1.0)=   -3 ( -1.0, -1.0)=   -3 ( -1.0, -1.0)=   -3 ( -1.0, -1.0)=   -3 ( -1.0, -1.0)=   -3 ( -1.0, -1.0)=   -3 ( -1.0, -1.0)=   -3 ( -1.0, -1.0)=   -3 ( -1.0, -1.0)=   -3 ( -1.0, -1.0)=   -3 ( -1.0, -1.0)=   -3 ( -1.0, -1.0)=   -3 ( -1.0, -1.0)=   -3 ( -1.0, -1.0)=   -3 ( -1.0, -1.0)=   -3 ( -1.0, -1.0)=   -3 ( -1.0, -1.0)=   -3 ( -1.0, -1.0)=   -3 ( -1.0, -1.0)=   -3 ( -1.0, -1.0)=   -3 ( -1.0, -1.0)=   -3 ( -1.0, -1.0)=   -3 
     10 | ( 99.0,552.0)=28185 ( 99.3,552.3)=    0 (100.0,552.4)=    0 (100.4,552.3)=    0 (100.7,552.2)=    0 (101.2,552.2)=    0 (101.9,552.0)=    0 (101.9,552.1)=    0 (102.4,552.3)=    0 (102.9,552.3)=    0 (103.4,552.3)=    0 (103.6,552.3)=    0 (104.1,552.0)=    0 (104.6,551.8)=    0 (104.9,551.5)=    0 (105.4,551.0)=    0 (105.6,550.6)=    0 (105.9,550.3)=    0 ( -1.0, -1.0)=   -3 ( -1.0, -1.0)=   -3 ( -1.0, -1.0)=   -3 ( -1.0, -1.0)=   -3 ( -1.0, -1.0)=   -3 ( -1.0, -1.0)=   -3 ( -1.0, -1.0)=   -3 ( -1.0, -1.0)=   -3 ( -1.0, -1.0)=   -3 ( -1.0, -1.0)=   -3 ( -1.0, -1.0)=   -3 ( -1.0, -1.0)=   -3 ( -1.0, -1.0)=   -3 ( -1.0, -1.0)=   -3 ( -1.0, -1.0)=   -3 ( -1.0, -1.0)=   -3 ( -1.0, -1.0)=   -3 ( -1.0, -1.0)=   -3 ( -1.0, -1.0)=   -3 ( -1.0, -1.0)=   -3 ( -1.0, -1.0)=   -3 ( -1.0, -1.0)=   -3 ( -1.0, -1.0)=   -3 ( -1.0, -1.0)=   -3 ( -1.0, -1.0)=   -3 ( -1.0, -1.0)=   -3 ( -1.0, -1.0)=   -3 ( -1.0, -1.0)=   -3 ( -1.0, -1.0)=   -3 ( -1.0, -1.0)=   -3 ( -1.0, -1.0)=   -3 ( -1.0, -1.0)=   -3 ( -1.0, -1.0)=   -3 ( -1.0, -1.0)=   -3 ( -1.0, -1.0)=   -3 ( -1.0, -1.0)=   -3 ( -1.0, -1.0)=   -3 ( -1.0, -1.0)=   -3 ( -1.0, -1.0)=   -3 ( -1.0, -1.0)=   -3 ( -1.0, -1.0)=   -3 ( -1.0, -1.0)=   -3 ( -1.0, -1.0)=   -3 ( -1.0, -1.0)=   -3 ( -1.0, -1.0)=   -3 ( -1.0, -1.0)=   -3 ( -1.0, -1.0)=   -3 ( -1.0, -1.0)=   -3 ( -1.0, -1.0)=   -3 ( -1.0, -1.0)=   -3 ( -1.0, -1.0)=   -3 ( -1.0, -1.0)=   -3 ( -1.0, -1.0)=   -3 ( -1.0, -1.0)=   -3 ( -1.0, -1.0)=   -3 ( -1.0, -1.0)=   -3 ( -1.0, -1.0)=   -3 ( -1.0, -1.0)=   -3 ( -1.0, -1.0)=   -3 ( -1.0, -1.0)=   -3 ( -1.0, -1.0)=   -3 ( -1.0, -1.0)=   -3 ( -1.0, -1.0)=   -3 ( -1.0, -1.0)=   -3 ( -1.0, -1.0)=   -3 ( -1.0, -1.0)=   -3 ( -1.0, -1.0)=   -3 ( -1.0, -1.0)=   -3 ( -1.0, -1.0)=   -3 ( -1.0, -1.0)=   -3 ( -1.0, -1.0)=   -3 ( -1.0, -1.0)=   -3 ( -1.0, -1.0)=   -3 ( -1.0, -1.0)=   -3 ( -1.0, -1.0)=   -3 ( -1.0, -1.0)=   -3 ( -1.0, -1.0)=   -3 ( -1.0, -1.0)=   -3 ( -1.0, -1.0)=   -3 ( -1.0, -1.0)=   -3 ( -1.0, -1.0)=   -3 ( -1.0, -1.0)=   -3 ( -1.0, -1.0)=   -3 ( -1.0, -1.0)=   -3 ( -1.0, -1.0)=   -3 ( -1.0, -1.0)=   -3 ( -1.0, -1.0)=   -3 ( -1.0, -1.0)=   -3 ( -1.0, -1.0)=   -3 ( -1.0, -1.0)=   -3 ( -1.0, -1.0)=   -3 ( -1.0, -1.0)=   -3 ( -1.0, -1.0)=   -3 ( -1.0, -1.0)=   -3 ( -1.0, -1.0)=   -3 ( -1.0, -1.0)=   -3 ( -1.0, -1.0)=   -3 ( -1.0, -1.0)=   -3 ( -1.0, -1.0)=   -3 ( -1.0, -1.0)=   -3 ( -1.0, -1.0)=   -3 ( -1.0, -1.0)=   -3 ( -1.0, -1.0)=   -3 ( -1.0, -1.0)=   -3 ( -1.0, -1.0)=   -3 ( -1.0, -1.0)=   -3 ( -1.0, -1.0)=   -3 ( -1.0, -1.0)=   -3 ( -1.0, -1.0)=   -3 ( -1.0, -1.0)=   -3 ( -1.0, -1.0)=   -3 ( -1.0, -1.0)=   -3 ( -1.0, -1.0)=   -3 ( -1.0, -1.0)=   -3 ( -1.0, -1.0)=   -3 ( -1.0, -1.0)=   -3 ( -1.0, -1.0)=   -3 ( -1.0, -1.0)=   -3 ( -1.0, -1.0)=   -3 ( -1.0, -1.0)=   -3 ( -1.0, -1.0)=   -3 ( -1.0, -1.0)=   -3 ( -1.0, -1.0)=   -3 ( -1.0, -1.0)=   -3 ( -1.0, -1.0)=   -3 ( -1.0, -1.0)=   -3 ( -1.0, -1.0)=   -3 ( -1.0, -1.0)=   -3 ( -1.0, -1.0)=   -3 ( -1.0, -1.0)=   -3 ( -1.0, -1.0)=   -3 ( -1.0, -1.0)=   -3 ( -1.0, -1.0)=   -3 ( -1.0, -1.0)=   -3 ( -1.0, -1.0)=   -3 ( -1.0, -1.0)=   -3 ( -1.0, -1.0)=   -3 ( -1.0, -1.0)=   -3 ( -1.0, -1.0)=   -3 ( -1.0, -1.0)=   -3 ( -1.0, -1.0)=   -3 ( -1.0, -1.0)=   -3 ( -1.0, -1.0)=   -3 ( -1.0, -1.0)=   -3 ( -1.0, -1.0)=   -3 ( -1.0, -1.0)=   -3 ( -1.0, -1.0)=   -3 ( -1.0, -1.0)=   -3 ( -1.0, -1.0)=   -3 ( -1.0, -1.0)=   -3 ( -1.0, -1.0)=   -3 ( -1.0, -1.0)=   -3 ( -1.0, -1.0)=   -3 ( -1.0, -1.0)=   -3 ( -1.0, -1.0)=   -3 ( -1.0, -1.0)=   -3 ( -1.0, -1.0)=   -3 ( -1.0, -1.0)=   -3 ( -1.0, -1.0)=   -3 ( -1.0, -1.0)=   -3 ( -1.0, -1.0)=   -3 ( -1.0, -1.0)=   -3 ( -1.0, -1.0)=   -3 ( -1.0, -1.0)=   -3 ( -1.0, -1.0)=   -3 ( -1.0, -1.0)=   -3 ( -1.0, -1.0)=   -3 ( -1.0, -1.0)=   -3 ( -1.0, -1.0)=   -3 ( -1.0, -1.0)=   -3 ( -1.0, -1.0)=   -3 ( -1.0, -1.0)=   -3 ( -1.0, -1.0)=   -3 ( -1.0, -1.0)=   -3 ( -1.0, -1.0)=   -3 ( -1.0, -1.0)=   -3 ( -1.0, -1.0)=   -3 ( -1.0, -1.0)=   -3 ( -1.0, -1.0)=   -3 ( -1.0, -1.0)=   -3 ( -1.0, -1.0)=   -3 ( -1.0, -1.0)=   -3 ( -1.0, -1.0)=   -3 ( -1.0, -1.0)=   -3 ( -1.0, -1.0)=   -3 ( -1.0, -1.0)=   -3 ( -1.0, -1.0)=   -3 ( -1.0, -1.0)=   -3 ( -1.0, -1.0)=   -3 ( -1.0, -1.0)=   -3 ( -1.0, -1.0)=   -3 ( -1.0, -1.0)=   -3 ( -1.0, -1.0)=   -3 ( -1.0, -1.0)=   -3 ( -1.0, -1.0)=   -3 ( -1.0, -1.0)=   -3 ( -1.0, -1.0)=   -3 ( -1.0, -1.0)=   -3 ( -1.0, -1.0)=   -3 ( -1.0, -1.0)=   -3 ( -1.0, -1.0)=   -3 ( -1.0, -1.0)=   -3 ( -1.0, -1.0)=   -3 ( -1.0, -1.0)=   -3 ( -1.0, -1.0)=   -3 ( -1.0, -1.0)=   -3 ( -1.0, -1.0)=   -3 ( -1.0, -1.0)=   -3 ( -1.0, -1.0)=   -3 ( -1.0, -1.0)=   -3 ( -1.0, -1.0)=   -3 ( -1.0, -1.0)=   -3 ( -1.0, -1.0)=   -3 ( -1.0, -1.0)=   -3 ( -1.0, -1.0)=   -3 ( -1.0, -1.0)=   -3 ( -1.0, -1.0)=   -3 ( -1.0, -1.0)=   -3 ( -1.0, -1.0)=   -3 ( -1.0, -1.0)=   -3 ( -1.0, -1.0)=   -3 ( -1.0, -1.0)=   -3 ( -1.0, -1.0)=   -3 ( -1.0, -1.0)=   -3 ( -1.0, -1.0)=   -3 ( -1.0, -1.0)=   -3 ( -1.0, -1.0)=   -3 ( -1.0, -1.0)=   -3 ( -1.0, -1.0)=   -3 ( -1.0, -1.0)=   -3 ( -1.0, -1.0)=   -3 ( -1.0, -1.0)=   -3 ( -1.0, -1.0)=   -3 ( -1.0, -1.0)=   -3 ( -1.0, -1.0)=   -3 ( -1.0, -1.0)=   -3 ( -1.0, -1.0)=   -3 ( -1.0, -1.0)=   -3 ( -1.0, -1.0)=   -3 ( -1.0, -1.0)=   -3 ( -1.0, -1.0)=   -3 ( -1.0, -1.0)=   -3 ( -1.0, -1.0)=   -3 ( -1.0, -1.0)=   -3 ( -1.0, -1.0)=   -3 ( -1.0, -1.0)=   -3 ( -1.0, -1.0)=   -3 ( -1.0, -1.0)=   -3 ( -1.0, -1.0)=   -3 ( -1.0, -1.0)=   -3 ( -1.0, -1.0)=   -3 ( -1.0, -1.0)=   -3 ( -1.0, -1.0)=   -3 ( -1.0, -1.0)=   -3 ( -1.0, -1.0)=   -3 ( -1.0, -1.0)=   -3 ( -1.0, -1.0)=   -3 ( -1.0, -1.0)=   -3 ( -1.0, -1.0)=   -3 ( -1.0, -1.0)=   -3 ( -1.0, -1.0)=   -3 ( -1.0, -1.0)=   -3 ( -1.0, -1.0)=   -3 
     11 | (185.0,565.0)=27955 (185.4,565.3)=    0 (186.0,565.4)=    0 (186.5,565.4)=    0 (186.8,565.3)=    0 (187.3,565.3)=    0 (187.8,565.1)=    0 (188.0,565.1)=    0 (188.4,565.3)=    0 (188.8,565.4)=    0 (189.3,565.5)=    0 (189.7,565.5)=    0 (190.2,565.2)=    0 (190.7,565.0)=    0 (190.9,564.7)=    0 (191.4,564.2)=    0 (191.7,563.8)=    0 (192.1,563.6)=    0 (192.3,563.1)=    0 (192.3,562.6)=    0 (192.4,562.4)=    0 (192.3,562.2)=    0 (192.4,562.0)=    0 (192.6,561.9)=    0 (192.7,561.8)=    0 (193.0,561.8)=    0 (193.3,561.5)=    0 (193.6,561.5)=    0 (194.1,561.6)=    0 (194.6,561.5)=    0 (195.2,561.5)=    0 (196.1,561.2)=    0 (197.0,561.0)=    0 (197.9,561.1)=    0 (198.6,561.1)=    0 (199.1,561.2)=    0 (199.6,561.4)=    0 (200.3,561.4)=    0 (200.6,561.6)=    0 (201.1,561.6)=    0 (201.6,561.7)=    0 (202.2,561.7)=    0 (202.5,561.8)=    0 (202.9,562.1)=    0 (203.3,562.2)=    0 (203.7,562.1)=    0 (204.4,562.2)=    0 (204.6,562.2)=    0 (205.1,562.4)=    0 (205.5,562.6)=    0 (205.6,562.8)=    0 (205.9,563.2)=    0 (206.3,563.4)=    0 (206.6,563.7)=    0 (207.1,563.7)=    0 (207.5,563.6)=    0 (207.8,563.4)=    0 (208.1,563.4)=    0 (208.4,563.4)=    0 (208.6,562.8)=    0 (208.8,563.1)=    0 (209.0,563.2)=    0 (209.3,563.0)=    0 (209.5,563.0)=    0 (209.7,563.0)=    0 (209.7,562.7)=    0 (210.0,562.8)=    0 (210.3,563.1)=    0 (210.5,563.1)=    0 (210.8,563.4)=    0 (211.1,563.7)=    0 (211.4,564.0)=    0 (211.9,564.2)=    0 (212.5,564.2)=    0 (213.0,564.0)=    0 (213.4,563.8)=    0 (213.9,563.8)=    0 (214.4,563.8)=    0 (214.9,563.9)=    0 (215.3,564.0)=    0 (215.5,564.3)=    0 (216.1,564.6)=    0 (216.5,564.5)=    0 (216.8,564.5)=    0 (217.0,564.6)=    0 (217.3,564.7)=    0 (217.8,564.6)=    0 (218.1,564.6)=    0 (218.3,564.7)=    0 (218.6,564.7)=    0 (218.9,564.6)=    0 (219.4,564.7)=    0 (219.8,564.4)=    0 (220.3,564.4)=    0 (220.7,564.3)=    0 (220.7,564.3)=    0 (221.1,564.4)=    0 (221.4,564.7)=    0 (221.9,565.0)=    0 (222.2,565.3)=    0 (222.7,565.5)=    0 (223.1,565.6)=    0 (223.5,565.8)=    0 (223.9,566.1)=    0 (224.5,566.4)=    0 (224.9,566.5)=    0 (225.3,566.8)=    0 (225.8,567.1)=    0 (226.3,567.3)=    0 (227.0,567.6)=    0 (227.5,567.8)=    0 (227.8,567.9)=    0 (228.4,568.1)=    0 (229.1,568.7)=    0 (229.7,569.2)=    0 (230.3,569.4)=    0 (231.1,569.7)=    0 (231.6,569.7)=    0 (232.1,569.5)=    0 (232.6,569.5)=    0 (233.2,569.6)=    0 (233.9,569.5)=    0 (234.5,569.6)=    0 (235.2,569.7)=    0 (236.2,569.9)=    0 (236.9,569.9)=    0 (237.5,569.8)=    0 (238.4,569.7)=    0 (239.1,569.4)=    0 (239.6,569.4)=    0 (240.1,569.3)=    0 (240.6,569.3)=    0 (241.1,569.2)=    0 (241.5,569.1)=    0 (241.7,568.9)=    0 (242.1,568.6)=    0 (242.4,568.2)=    0 (242.8,568.0)=    0 (243.3,567.7)=    0 (244.0,567.4)=    0 (244.7,567.4)=    0 (245.2,567.5)=    0 (245.9,567.4)=    0 (246.3,567.4)=    0 (247.1,567.5)=    0 (248.0,567.4)=    0 (248.7,567.2)=    0 (249.5,567.5)=    0 (250.3,567.9)=    0 (251.2,568.4)=    0 (252.2,569.0)=    0 (252.9,569.4)=    0 (253.6,569.7)=    0 (254.3,570.2)=    0 (255.0,570.6)=    0 (255.9,571.3)=    0 (256.9,571.8)=    0 (257.6,572.5)=    0 (258.4,573.3)=    0 (259.1,573.8)=    0 (259.6,574.1)=    0 (259.8,574.1)=    0 (260.0,573.9)=    0 (260.1,573.8)=    0 (260.4,573.8)=    0 (260.7,573.8)=    0 (261.1,574.2)=    0 (261.5,574.4)=    0 (261.7,574.5)=    0 (262.2,574.8)=    0 (262.5,574.8)=    0 (263.0,575.0)=    0 (263.5,575.2)=    0 (264.0,575.6)=    0 (264.5,576.1)=    0 (265.0,576.5)=    0 (265.7,577.0)=    0 (266.2,577.4)=    0 (266.6,577.7)=    0 (267.1,577.7)=    0 (267.4,577.8)=    0 (267.6,578.1)=    0 (268.1,578.2)=    0 (268.2,578.3)=    0 (268.5,578.5)=    0 (268.7,578.7)=    0 (268.9,578.7)=    0 (269.2,578.8)=    0 (269.3,578.8)=    0 (269.5,578.9)=    0 (269.8,578.9)=    0 (270.1,579.2)=    0 (270.3,579.2)=    0 (270.7,579.2)=    0 (271.0,579.2)=    0 (271.3,579.1)=    0 (271.8,579.0)=    0 (271.9,579.0)=    0 (272.3,579.1)=    0 (272.5,579.3)=    0 (272.5,579.5)=    0 (272.7,579.6)=    0 (272.7,579.7)=    0 (273.0,579.7)=    0 (273.2,579.7)=    0 (273.3,579.8)=    0 (273.4,580.0)=    0 (273.6,580.1)=    0 (273.8,580.2)=    0 (274.2,580.4)=    0 (274.5,580.5)=    0 (274.7,580.7)=    0 (275.1,580.7)=    0 (275.5,580.7)=    0 (275.9,580.6)=    0 (276.2,580.6)=    0 (276.6,580.6)=    0 (277.0,580.7)=    0 (277.2,580.8)=    0 (277.7,580.8)=    0 (278.2,580.8)=    0 (278.5,580.8)=    0 (278.9,580.7)=    0 (279.1,580.5)=    0 (279.4,580.6)=    0 (279.7,580.7)=    0 (280.0,580.8)=    0 (280.2,581.0)=    0 (280.4,581.1)=    0 (280.9,581.0)=    0 (281.0,580.9)=    0 (281.3,580.8)=    0 (281.7,580.7)=    0 (282.1,580.9)=    0 (282.7,580.9)=    0 (283.2,580.9)=    0 (283.7,581.2)=    0 (284.1,581.2)=    0 (284.8,581.2)=    0 (285.2,581.2)=    0 (285.9,581.2)=    0 (286.6,581.0)=    0 (286.8,581.0)=    0 (287.3,581.2)=    0 (287.8,581.3)=    0 (288.2,581.6)=    0 (288.8,581.6)=    0 (289.4,581.4)=    0 (289.8,581.5)=    0 (290.3,581.6)=    0 (290.9,581.6)=    0 (291.5,581.8)=    0 (292.1,581.9)=    0 (292.7,581.9)=    0 (293.3,582.0)=    0 (294.0,582.0)=    0 (294.5,582.0)=    0 (295.2,582.0)=    0 (295.7,582.0)=    0 (296.1,581.9)=    0 (296.8,581.9)=    0 (297.5,581.9)=    0 (298.2,581.8)=    0 (298.8,581.8)=    0 (299.5,581.6)=    0 (300.0,581.4)=    0 (300.7,581.3)=    0 (301.2,580.6)=    0 (302.1,580.6)=    0 (302.6,580.4)=    0 (302.9,580.4)=    0 (303.4,580.5)=    0 (303.9,580.5)=    0 (304.3,580.5)=    0 (304.9,580.5)=    0 (305.4,580.4)=    0 (306.2,580.2)=    0 (307.0,580.0)=    0 (307.7,580.0)=    0 (308.7,580.0)=    0 (309.5,580.1)=    0 
     12 | (240.0,619.0)=27760 (240.4,619.3)=    0 (240.9,619.6)=    0 (241.5,619.6)=    0 (241.8,619.5)=    0 (242.4,619.5)=    0 (242.9,619.3)=    0 (243.1,619.4)=    0 (243.4,619.7)=    0 (243.8,619.8)=    0 (244.3,619.9)=    0 (244.6,619.9)=    0 (245.2,619.8)=    0 (245.7,619.5)=    0 (246.0,619.3)=    0 (246.4,618.8)=    0 (246.7,618.3)=    0 (247.2,618.1)=    0 (247.3,617.6)=    0 (247.4,617.1)=    0 (247.3,616.9)=    0 (247.3,616.7)=    0 (247.3,616.5)=    0 (247.5,616.4)=    0 (247.6,616.4)=    0 (247.8,616.4)=    0 (248.1,616.1)=    0 (248.4,616.1)=    0 (248.9,616.1)=    0 (249.4,616.1)=    0 (250.1,616.1)=    0 (250.8,615.9)=    0 (251.7,615.8)=    0 (252.6,615.8)=    0 (253.3,615.9)=    0 (253.9,615.9)=    0 (254.5,616.2)=    0 (255.0,616.2)=    0 (255.5,616.4)=    0 (255.9,616.5)=    0 (256.4,616.5)=    0 (256.9,616.6)=    0 (257.2,616.8)=    0 (257.6,617.0)=    0 (258.1,617.2)=    0 (258.5,617.2)=    0 (259.1,617.1)=    0 (259.4,617.1)=    0 (259.7,617.4)=    0 (260.3,617.6)=    0 (260.3,617.9)=    0 (260.6,618.4)=    0 (260.9,618.6)=    0 (261.2,618.9)=    0 (261.7,618.9)=    0 (262.2,618.9)=    0 (262.5,618.9)=    0 (262.8,618.8)=    0 (263.0,618.5)=    0 (263.0,617.9)=    0 (263.3,618.2)=    0 (263.5,618.5)=    0 (263.8,618.2)=    0 (264.1,618.2)=    0 (264.3,618.1)=    0 (264.5,617.9)=    0 (264.6,618.1)=    0 (264.8,618.3)=    0 (265.1,618.4)=    0 (265.4,618.6)=    0 (265.7,618.9)=    0 (266.1,619.2)=    0 (266.6,619.4)=    0 (267.1,619.4)=    0 (267.4,619.2)=    0 (268.1,619.2)=    0 (268.4,619.0)=    0 (269.1,619.0)=    0 (269.6,619.3)=    0 (270.2,619.3)=    0 (270.4,619.6)=    0 (270.8,619.8)=    0 (271.3,619.9)=    0 (271.5,619.9)=    0 (271.9,620.0)=    0 (272.2,620.1)=    0 (272.6,620.0)=    0 (272.9,620.0)=    0 (273.2,620.2)=    0 (273.5,620.1)=    0 (274.0,620.2)=    0 (274.4,620.1)=    0 (274.8,620.0)=    0 (275.2,619.9)=    0 (275.7,619.7)=    0 (275.7,619.7)=    0 (276.1,619.9)=    0 (276.3,620.0)=    0 (276.6,620.5)=    0 (277.0,620.7)=    0 (277.5,621.0)=    0 (278.0,621.2)=    0 (278.5,621.5)=    0 (278.7,621.7)=    0 (279.3,621.9)=    0 (279.6,622.2)=    0 (280.1,622.7)=    0 (280.6,622.9)=    0 (281.1,623.2)=    0 (281.9,623.5)=    0 (282.4,623.7)=    0 (282.7,623.8)=    0 (283.2,624.2)=    0 (283.8,624.6)=    0 (284.5,625.2)=    0 (285.2,625.4)=    0 (286.0,625.7)=    0 (286.5,625.8)=    0 (287.0,625.5)=    0 (287.6,625.6)=    0 (288.1,625.7)=    0 (288.8,625.7)=    0 (289.5,625.9)=    0 (290.3,626.0)=    0 (291.3,626.2)=    0 (292.1,626.2)=    0 (292.6,626.2)=    0 (293.5,626.1)=    0 (294.2,625.8)=    0 (294.7,625.8)=    0 (295.2,625.7)=    0 (295.7,625.7)=    0 (296.2,625.7)=    0 (296.6,625.6)=    0 (297.0,625.4)=    0 (297.2,625.1)=    0 (297.5,624.8)=    0 (298.0,624.5)=    0 (298.5,624.3)=    0 (299.0,624.0)=    0 (299.8,624.0)=    0 (300.4,624.1)=    0 (301.2,624.1)=    0 (301.5,624.1)=    0 (302.3,624.3)=    0 (303.2,624.3)=    0 (304.0,624.1)=    0 (305.0,624.5)=    0 (305.7,625.0)=    0 (306.5,625.5)=    0 (307.4,626.3)=    0 (308.2,626.5)=    0 (308.9,626.8)=    0 (309.5,627.4)=    0 (310.2,627.8)=    0 (311.2,628.6)=    0 (312.1,629.4)=    0 (312.9,630.2)=    0 (313.7,631.1)=    0 (314.5,631.6)=    0 (315.0,631.9)=    0 (315.3,631.9)=    0 (315.4,631.8)=    0 (315.6,631.7)=    0 (315.8,631.8)=    0 (316.1,631.8)=    0 (316.3,632.0)=    0 (316.8,632.4)=    0 (317.0,632.5)=    0 (317.5,632.8)=    0 (317.9,632.9)=    0 (318.3,633.0)=    0 (318.8,633.3)=    0 (319.3,633.7)=    0 (319.8,634.2)=    0 (320.3,634.7)=    0 (321.0,635.2)=    0 (321.4,635.6)=    0 (321.9,636.1)=    0 (322.4,636.1)=    0 (322.7,636.3)=    0 (323.2,636.6)=    0 (323.4,636.7)=    0 (323.6,636.7)=    0 (323.7,637.1)=    0 (324.0,637.5)=    0 (324.3,637.5)=    0 (324.5,637.5)=    0 (324.6,637.7)=    0 (324.9,637.7)=    0 (325.1,637.7)=    0 (325.3,637.9)=    0 (325.6,637.9)=    0 (326.1,638.0)=    0 (326.4,638.0)=    0 (326.7,638.0)=    0 (327.1,637.9)=    0 (327.2,637.9)=    0 (327.5,638.0)=    0 (327.9,638.2)=    0 (328.0,638.4)=    0 (328.2,638.5)=    0 (328.3,638.5)=    0 (328.4,638.7)=    0 (328.6,638.7)=    0 (328.9,638.8)=    0 (329.0,638.9)=    0 (329.1,639.0)=    0 (329.2,639.2)=    0 (329.6,639.4)=    0 (329.9,639.5)=    0 (330.2,639.6)=    0 (330.5,639.7)=    0 (330.9,639.6)=    0 (331.2,639.5)=    0 (331.5,639.6)=    0 (332.0,639.6)=    0 (332.5,639.6)=    0 (332.9,639.8)=    0 (333.3,639.9)=    0 (333.8,639.9)=    0 (334.1,639.8)=    0 (334.5,639.8)=    0 (334.7,639.6)=    0 (334.9,639.7)=    0 (335.3,639.8)=    0 (335.4,639.9)=    0 (335.6,640.2)=    0 (336.1,640.2)=    0 (336.4,640.1)=    0 (336.5,640.1)=    0 (336.7,640.0)=    0 (337.1,639.8)=    0 (337.6,640.0)=    0 (338.1,640.3)=    0 (338.6,640.2)=    0 (339.2,640.4)=    0 (339.5,640.5)=    0 (340.2,640.5)=    0 (340.7,640.5)=    0 (341.5,640.5)=    0 (342.1,640.4)=    0 (342.4,640.4)=    0 (342.8,640.7)=    0 (343.3,640.7)=    0 (343.7,640.9)=    0 (344.2,641.0)=    0 (344.9,640.9)=    0 (345.3,641.2)=    0 (345.8,641.3)=    0 (346.4,641.3)=    0 (347.3,641.6)=    0 (347.6,641.7)=    0 (348.3,641.9)=    0 (349.0,641.9)=    0 (349.7,642.0)=    0 (350.3,642.0)=    0 (350.9,642.0)=    0 (351.3,641.9)=    0 (351.8,642.0)=    0 (352.5,641.9)=    0 (353.2,641.9)=    0 (353.8,641.9)=    0 (354.6,641.9)=    0 (355.4,641.8)=    0 (356.0,641.5)=    0 (356.6,641.3)=    0 (357.2,640.8)=    0 (357.9,640.8)=    0 (358.5,640.6)=    0 (358.9,640.5)=    0 (359.3,640.7)=    0 (359.9,640.8)=    0 (360.4,640.8)=    0 (360.8,640.8)=    0 (361.3,640.7)=    0 (362.1,640.5)=    0 (362.9,640.4)=    0 (363.6,640.4)=    0 (364.6,640.5)=    0 (365.5,640.5)=    0 
     13 | ( 64.0,565.0)=27655 ( 64.3,565.2)=    0 ( 65.0,565.3)=    0 ( 65.4,565.3)=    0 ( 65.7,565.2)=    0 ( 66.3,565.2)=    0 ( 66.8,564.9)=    0 ( 67.0,564.9)=    0 ( 67.4,565.2)=    0 ( 67.8,565.2)=    0 ( 68.4,565.2)=    0 ( 68.6,565.2)=    0 ( 69.1,564.9)=    0 ( 69.6,564.5)=    0 ( 69.9,564.3)=    0 ( 70.4,563.8)=    0 ( 70.7,563.3)=    0 ( 71.1,562.9)=    0 ( 71.4,562.4)=    0 ( 71.4,561.9)=    0 ( 71.4,561.8)=    0 ( 71.5,561.6)=    0 ( 71.6,561.2)=    0 ( 71.7,561.1)=    0 ( 71.8,561.0)=    0 ( 72.2,561.0)=    0 ( 72.6,560.6)=    0 ( 72.9,560.6)=    0 ( 73.4,560.5)=    0 ( 74.0,560.4)=    0 ( 74.7,560.3)=    0 ( 75.5,559.9)=    0 ( 76.4,559.8)=    0 ( 77.2,559.8)=    0 ( 78.0,559.9)=    0 ( 78.6,559.9)=    0 ( 79.2,560.2)=    0 ( 79.7,560.2)=    0 ( 80.2,560.3)=    0 ( 80.7,560.3)=    0 ( 81.4,560.2)=    0 ( 81.8,560.3)=    0 ( 82.2,560.3)=    0 ( 82.7,560.6)=    0 ( 83.2,560.5)=    0 ( 83.7,560.4)=    0 ( 84.4,560.4)=    0 ( 84.6,560.3)=    0 ( 85.1,560.5)=    0 ( 85.5,560.7)=    0 ( 85.5,561.0)=    0 ( 85.8,561.3)=    0 ( 86.3,561.5)=    0 ( 86.6,561.7)=    0 ( 87.1,561.7)=    0 ( 87.5,561.6)=    0 ( 87.7,561.5)=    0 ( 88.1,561.3)=    0 ( 88.5,561.2)=    0 ( 89.0,560.7)=    0 ( 89.1,561.0)=    0 ( 89.3,561.1)=    0 ( 89.6,560.8)=    0 ( 89.8,560.8)=    0 ( 89.9,560.8)=    0 ( 89.9,560.5)=    0 ( 90.1,560.7)=    0 ( 90.7,560.8)=    0 ( 90.9,560.9)=    0 ( 91.2,561.2)=    0 ( 91.5,561.4)=    0 ( 91.8,561.5)=    0 ( 92.3,561.6)=    0 ( 92.7,561.6)=    0 ( 93.2,561.4)=    0 ( 93.7,561.3)=    0 ( 94.1,561.3)=    0 ( 94.6,561.3)=    0 ( 95.2,561.4)=    0 ( 95.7,561.5)=    0 ( 96.0,561.7)=    0 ( 96.4,562.0)=    0 ( 96.9,562.0)=    0 ( 97.2,562.0)=    0 ( 97.5,562.0)=    0 ( 97.8,562.1)=    0 ( 98.3,561.9)=    0 ( 98.6,562.0)=    0 ( 98.8,562.1)=    0 ( 99.0,562.0)=    0 ( 99.5,562.0)=    0 (100.0,561.9)=    0 (100.3,561.6)=    0 (100.8,561.6)=    0 (101.2,561.4)=    0 (101.3,561.5)=    0 (101.7,561.6)=    0 (101.9,561.9)=    0 (102.5,562.3)=    0 (102.9,562.5)=    0 (103.3,562.7)=    0 (103.7,562.9)=    0 (104.2,563.0)=    0 (104.7,563.2)=    0 (105.2,563.3)=    0 (105.5,563.5)=    0 (106.1,563.8)=    0 (106.6,564.1)=    0 (107.1,564.3)=    0 (107.7,564.5)=    0 (108.3,564.6)=    0 (108.6,564.7)=    0 (109.1,565.1)=    0 (109.7,565.5)=    0 (110.4,566.0)=    0 (111.1,566.0)=    0 (111.8,566.3)=    0 (112.5,566.3)=    0 (112.9,565.9)=    0 (113.3,566.0)=    0 (114.0,565.9)=    0 (114.7,565.8)=    0 (115.4,565.9)=    0 (116.1,565.9)=    0 (116.9,565.9)=    0 (117.6,566.0)=    0 (118.2,565.9)=    0 (119.0,565.7)=    0 (119.8,565.4)=    0 (120.4,565.3)=    0 (120.8,565.2)=    0 (121.4,565.2)=    0 (121.8,565.0)=    0 (122.2,565.0)=    0 (122.7,564.7)=    0 (122.9,564.4)=    0 (123.1,563.8)=    0 (123.7,563.6)=    0 (124.2,563.4)=    0 (124.7,563.1)=    0 (125.4,563.0)=    0 (126.0,563.0)=    0 (126.8,562.8)=    0 (127.2,562.8)=    0 (127.9,562.8)=    0 (128.8,562.7)=    0 (129.6,562.6)=    0 (130.3,562.8)=    0 (131.2,563.2)=    0 (132.0,563.6)=    0 (132.9,564.1)=    0 (133.7,564.4)=    0 (134.4,564.6)=    0 (135.1,564.9)=    0 (135.9,565.5)=    0 (136.8,566.2)=    0 (137.8,566.6)=    0 (138.6,567.2)=    0 (139.4,568.0)=    0 (140.2,568.5)=    0 (140.7,568.7)=    0 (141.0,568.7)=    0 (141.2,568.4)=    0 (141.2,568.3)=    0 (141.5,568.2)=    0 (141.8,568.2)=    0 (142.3,568.5)=    0 (142.7,568.8)=    0 (142.9,568.8)=    0 (143.4,569.2)=    0 (143.6,569.2)=    0 (144.1,569.3)=    0 (144.6,569.5)=    0 (145.2,569.7)=    0 (145.6,570.2)=    0 (146.1,570.6)=    0 (146.6,571.0)=    0 (147.2,571.4)=    0 (147.7,571.6)=    0 (148.2,571.6)=    0 (148.4,571.6)=    0 (148.6,571.8)=    0 (148.8,571.8)=    0 (149.1,572.1)=    0 (149.2,572.3)=    0 (149.5,572.5)=    0 (149.7,572.5)=    0 (150.0,572.5)=    0 (150.1,572.6)=    0 (150.4,572.7)=    0 (150.7,572.7)=    0 (150.8,572.8)=    0 (151.1,572.8)=    0 (151.6,572.8)=    0 (151.8,572.8)=    0 (152.2,572.6)=    0 (152.4,572.6)=    0 (152.6,572.7)=    0 (153.1,572.7)=    0 (153.2,572.8)=    0 (153.2,573.0)=    0 (153.4,573.1)=    0 (153.4,573.0)=    0 (153.7,573.1)=    0 (153.9,573.1)=    0 (154.1,573.1)=    0 (154.2,573.3)=    0 (154.4,573.3)=    0 (154.7,573.6)=    0 (155.0,573.7)=    0 (155.3,573.7)=    0 (155.7,573.8)=    0 (156.1,573.8)=    0 (156.4,573.8)=    0 (156.6,573.7)=    0 (156.9,573.7)=    0 (157.4,573.7)=    0 (157.9,573.7)=    0 (158.1,573.8)=    0 (158.4,573.8)=    0 (159.1,573.8)=    0 (159.3,573.7)=    0 (159.6,573.6)=    0 (159.9,573.4)=    0 (160.1,573.5)=    0 (160.5,573.6)=    0 (160.7,573.6)=    0 (160.9,573.9)=    0 (161.3,573.9)=    0 (161.7,573.7)=    0 (161.7,573.7)=    0 (162.2,573.6)=    0 (162.7,573.4)=    0 (163.1,573.7)=    0 (163.7,573.7)=    0 (164.1,573.7)=    0 (164.7,573.9)=    0 (165.2,573.9)=    0 (165.7,573.9)=    0 (166.2,573.8)=    0 (166.9,573.7)=    0 (167.4,573.6)=    0 (167.7,573.6)=    0 (168.2,573.7)=    0 (168.7,573.7)=    0 (169.2,573.9)=    0 (169.7,573.9)=    0 (170.3,573.7)=    0 (170.6,573.9)=    0 (171.2,573.9)=    0 (171.9,573.8)=    0 (172.5,574.0)=    0 (173.0,574.0)=    0 (173.6,574.1)=    0 (174.2,574.1)=    0 (174.9,574.1)=    0 (175.5,574.0)=    0 (175.9,574.0)=    0 (176.4,573.9)=    0 (177.0,573.8)=    0 (177.7,573.7)=    0 (178.2,573.7)=    0 (178.9,573.7)=    0 (179.6,573.7)=    0 (180.3,573.5)=    0 (180.8,573.2)=    0 (181.5,572.9)=    0 (182.1,572.4)=    0 (182.8,572.4)=    0 (183.3,572.1)=    0 (183.5,572.1)=    0 (184.0,572.1)=    0 (184.4,572.1)=    0 (184.8,572.1)=    0 (185.4,572.1)=    0 (186.0,571.8)=    0 (186.7,571.7)=    0 (187.4,571.6)=    0 (188.1,571.5)=    0 (189.1,571.5)=    0 (190.0,571.4)=    0 
     14 | (185.0,258.0)=27637 (185.4,258.1)=    0 (186.0,258.4)=    0 (186.5,258.3)=    0 (187.0,258.1)=    0 (187.4,258.1)=    0 (188.0,258.2)=    0 (188.3,258.1)=    0 (188.8,258.3)=    0 (189.3,258.3)=    0 (189.9,258.4)=    0 (190.3,258.3)=    0 (190.8,258.1)=    0 (191.4,257.7)=    0 (191.8,257.4)=    0 (192.3,257.0)=    0 (192.7,256.6)=    0 (193.2,256.3)=    0 (193.5,256.0)=    0 (193.5,255.5)=    0 (193.5,255.3)=    0 (193.7,255.3)=    0 (193.9,255.0)=    0 (194.1,254.7)=    0 (194.3,254.4)=    0 (194.6,254.4)=    0 (195.0,254.4)=    0 (195.5,254.1)=    0 (196.1,254.1)=    0 (196.8,254.0)=    0 (197.5,253.9)=    0 (198.4,253.7)=    0 (199.4,253.4)=    0 (200.3,253.4)=    0 (201.0,253.6)=    0 (201.6,253.8)=    0 (202.2,254.1)=    0 (202.9,254.2)=    0 (203.4,254.4)=    0 (203.9,254.7)=    0 (204.5,254.7)=    0 (205.1,255.0)=    0 (205.4,254.9)=    0 (206.0,255.1)=    0 (206.4,255.4)=    0 (207.0,255.4)=    0 (207.7,255.5)=    0 (208.1,255.4)=    0 (208.6,255.6)=    0 (209.1,255.8)=    0 (209.2,256.0)=    0 (209.5,256.5)=    0 (210.0,256.8)=    0 (210.3,257.0)=    0 (210.9,257.4)=    0 (211.3,257.2)=    0 (211.6,256.7)=    0 (212.0,256.8)=    0 (212.2,256.8)=    0 (212.5,257.3)=    0 (212.8,257.3)=    0 (213.0,257.6)=    0 (213.3,257.5)=    0 (213.5,257.2)=    0 (213.8,257.1)=    0 (213.8,256.7)=    0 (214.1,256.7)=    0 (214.4,256.9)=    0 (214.7,257.3)=    0 (215.0,257.6)=    0 (215.4,257.8)=    0 (215.7,258.0)=    0 (216.2,258.2)=    0 (216.7,258.2)=    0 (217.2,258.0)=    0 (217.6,257.9)=    0 (218.2,257.8)=    0 (218.6,257.7)=    0 (219.1,257.7)=    0 (219.6,257.9)=    0 (219.9,258.2)=    0 (220.4,258.5)=    0 (220.9,258.7)=    0 (221.2,258.6)=    0 (221.4,258.6)=    0 (221.8,258.7)=    0 (222.2,258.7)=    0 (222.4,258.6)=    0 (222.6,258.7)=    0 (222.9,258.7)=    0 (223.3,258.6)=    0 (223.8,258.5)=    0 (224.1,258.3)=    0 (224.6,258.3)=    0 (225.0,258.1)=    0 (225.2,258.0)=    0 (225.6,258.2)=    0 (225.9,258.5)=    0 (226.4,259.0)=    0 (226.6,259.5)=    0 (227.2,259.7)=    0 (227.7,259.9)=    0 (228.2,260.2)=    0 (228.6,260.5)=    0 (229.2,260.7)=    0 (229.6,260.9)=    0 (230.1,261.1)=    0 (230.7,261.4)=    0 (231.2,261.5)=    0 (231.9,261.8)=    0 (232.5,262.0)=    0 (233.0,262.3)=    0 (233.5,262.4)=    0 (234.1,262.7)=    0 (234.9,263.2)=    0 (235.6,263.5)=    0 (236.4,263.7)=    0 (236.9,263.8)=    0 (237.4,263.6)=    0 (238.2,263.3)=    0 (238.8,263.4)=    0 (239.5,263.3)=    0 (240.2,263.4)=    0 (241.0,263.5)=    0 (242.0,263.5)=    0 (242.8,263.4)=    0 (243.5,263.4)=    0 (244.4,263.3)=    0 (245.2,263.3)=    0 (245.8,263.3)=    0 (246.3,263.3)=    0 (246.9,263.3)=    0 (247.4,263.1)=    0 (247.8,262.9)=    0 (248.3,262.6)=    0 (248.6,262.4)=    0 (249.0,261.7)=    0 (249.5,261.4)=    0 (250.1,261.1)=    0 (250.7,260.8)=    0 (251.4,260.7)=    0 (252.1,260.7)=    0 (252.8,260.8)=    0 (253.3,260.8)=    0 (254.0,260.8)=    0 (254.9,260.7)=    0 (255.7,260.6)=    0 (256.7,260.6)=    0 (257.6,261.1)=    0 (258.5,261.7)=    0 (259.5,262.4)=    0 (260.4,262.7)=    0 (261.3,263.2)=    0 (262.1,263.7)=    0 (262.9,264.2)=    0 (263.8,264.9)=    0 (264.8,266.0)=    0 (265.8,266.5)=    0 (266.7,267.2)=    0 (267.6,267.9)=    0 (268.1,268.5)=    0 (268.3,268.7)=    0 (268.7,268.4)=    0 (268.9,268.0)=    0 (269.2,268.1)=    0 (269.6,268.2)=    0 (270.1,268.5)=    0 (270.5,268.8)=    0 (270.8,268.9)=    0 (271.3,269.3)=    0 (271.8,269.5)=    0 (272.3,269.6)=    0 (272.8,269.9)=    0 (273.5,270.1)=    0 (274.0,270.4)=    0 (274.5,270.6)=    0 (275.2,271.3)=    0 (275.8,271.6)=    0 (276.4,272.0)=    0 (276.8,272.2)=    0 (277.2,272.1)=    0 (277.6,272.2)=    0 (278.1,272.5)=    0 (278.3,272.5)=    0 (278.5,272.6)=    0 (278.8,272.9)=    0 (279.1,273.1)=    0 (279.5,273.0)=    0 (279.7,273.0)=    0 (280.0,273.2)=    0 (280.2,273.2)=    0 (280.5,273.3)=    0 (280.8,273.5)=    0 (281.2,273.5)=    0 (281.6,273.5)=    0 (281.9,273.4)=    0 (282.2,273.1)=    0 (282.5,273.1)=    0 (282.8,273.4)=    0 (283.2,273.5)=    0 (283.3,273.5)=    0 (283.4,273.8)=    0 (283.6,273.9)=    0 (283.9,273.9)=    0 (284.1,274.0)=    0 (284.3,273.9)=    0 (284.4,274.2)=    0 (284.7,274.4)=    0 (285.0,274.6)=    0 (285.2,274.6)=    0 (285.5,274.9)=    0 (285.9,275.0)=    0 (286.3,275.1)=    0 (286.8,275.1)=    0 (287.0,274.8)=    0 (287.4,274.8)=    0 (287.9,274.8)=    0 (288.4,274.8)=    0 (288.8,275.0)=    0 (289.2,275.0)=    0 (289.7,275.0)=    0 (290.1,274.9)=    0 (290.4,274.8)=    0 (290.7,274.7)=    0 (291.0,274.6)=    0 (291.3,274.9)=    0 (291.6,274.8)=    0 (292.0,275.2)=    0 (292.3,275.2)=    0 (292.6,275.1)=    0 (292.8,275.1)=    0 (293.0,275.3)=    0 (293.5,275.2)=    0 (294.1,275.3)=    0 (294.6,275.5)=    0 (295.1,275.6)=    0 (295.6,275.6)=    0 (296.2,275.8)=    0 (296.7,275.6)=    0 (297.4,275.5)=    0 (298.1,275.5)=    0 (298.6,275.3)=    0 (299.1,275.3)=    0 (299.4,275.4)=    0 (300.1,275.7)=    0 (300.6,275.9)=    0 (301.2,276.0)=    0 (301.8,275.8)=    0 (302.3,275.7)=    0 (302.7,276.0)=    0 (303.4,276.1)=    0 (304.3,276.1)=    0 (304.8,276.2)=    0 (305.5,276.2)=    0 (306.2,276.0)=    0 (307.0,276.1)=    0 (307.6,276.0)=    0 (308.2,275.9)=    0 (308.7,275.9)=    0 (309.2,275.8)=    0 (310.0,275.7)=    0 (310.7,275.6)=    0 (311.5,275.5)=    0 (312.1,275.6)=    0 (312.8,275.3)=    0 (313.6,274.8)=    0 (314.2,274.5)=    0 (314.8,274.1)=    0 (315.6,273.8)=    0 (316.0,273.8)=    0 (316.4,273.4)=    0 (317.0,273.4)=    0 (317.5,273.3)=    0 (318.0,273.3)=    0 (318.4,273.2)=    0 (319.1,273.2)=    0 (319.9,272.8)=    0 (320.6,272.5)=    0 (321.4,272.4)=    0 (322.4,272.4)=    0 (323.4,272.4)=    0 
     15 | (213.0,246.0)=27546 (213.4,246.1)=    0 (214.1,246.3)=    0 (214.5,246.4)=    0 (215.0,246.1)=    0 (215.6,246.2)=    0 (216.2,246.2)=    0 (216.4,246.2)=    0 (217.0,246.3)=    0 (217.5,246.3)=    0 (218.2,246.4)=    0 (218.5,246.4)=    0 (218.9,246.1)=    0 (219.6,245.9)=    0 (220.1,245.6)=    0 (220.4,245.2)=    0 (220.8,244.7)=    0 (221.4,244.3)=    0 (221.7,244.2)=    0 (221.8,243.7)=    0 (221.8,243.5)=    0 (222.0,243.3)=    0 (222.2,243.0)=    0 (222.5,242.8)=    0 (222.6,242.5)=    0 (223.0,242.6)=    0 (223.3,242.5)=    0 (223.9,242.3)=    0 (224.5,242.3)=    0 (225.2,242.1)=    0 (225.9,242.1)=    0 (226.7,241.9)=    0 (227.7,241.6)=    0 (228.7,241.6)=    0 (229.4,241.9)=    0 (230.1,242.0)=    0 (230.6,242.3)=    0 (231.2,242.3)=    0 (231.7,242.6)=    0 (232.2,242.9)=    0 (232.7,243.0)=    0 (233.2,243.1)=    0 (233.7,243.1)=    0 (234.3,243.3)=    0 (234.8,243.8)=    0 (235.2,243.8)=    0 (236.0,243.8)=    0 (236.3,243.7)=    0 (236.7,244.0)=    0 (237.3,244.1)=    0 (237.6,244.3)=    0 (237.8,244.8)=    0 (238.2,245.1)=    0 (238.6,245.3)=    0 (239.1,245.6)=    0 (239.5,245.5)=    0 (239.8,245.1)=    0 (240.1,245.0)=    0 (240.4,245.0)=    0 (240.7,245.4)=    0 (240.9,245.4)=    0 (241.0,245.8)=    0 (241.4,245.7)=    0 (241.7,245.4)=    0 (241.9,245.3)=    0 (242.0,245.0)=    0 (242.1,244.9)=    0 (242.5,245.3)=    0 (242.8,245.4)=    0 (243.1,245.7)=    0 (243.4,246.0)=    0 (243.9,246.1)=    0 (244.2,246.3)=    0 (244.8,246.3)=    0 (245.2,246.1)=    0 (245.7,245.9)=    0 (246.3,245.9)=    0 (246.8,245.9)=    0 (247.3,246.0)=    0 (247.9,246.2)=    0 (248.3,246.3)=    0 (248.7,246.6)=    0 (249.1,246.8)=    0 (249.4,246.8)=    0 (249.7,246.8)=    0 (250.0,246.9)=    0 (250.4,246.9)=    0 (250.7,246.9)=    0 (251.0,246.9)=    0 (251.2,246.9)=    0 (251.5,246.7)=    0 (252.1,246.5)=    0 (252.4,246.4)=    0 (252.9,246.4)=    0 (253.3,246.1)=    0 (253.4,246.2)=    0 (253.9,246.3)=    0 (254.2,246.6)=    0 (254.7,247.2)=    0 (255.1,247.5)=    0 (255.5,247.8)=    0 (256.0,248.0)=    0 (256.5,248.3)=    0 (257.0,248.6)=    0 (257.5,248.9)=    0 (258.0,249.1)=    0 (258.5,249.3)=    0 (259.3,249.5)=    0 (259.7,249.8)=    0 (260.4,250.0)=    0 (260.9,250.3)=    0 (261.2,250.3)=    0 (261.8,250.8)=    0 (262.5,251.0)=    0 (263.2,251.4)=    0 (264.0,251.8)=    0 (264.7,252.1)=    0 (265.3,252.1)=    0 (265.9,252.1)=    0 (266.6,251.7)=    0 (267.3,251.7)=    0 (268.0,251.6)=    0 (268.6,251.7)=    0 (269.5,252.0)=    0 (270.5,251.9)=    0 (271.5,251.8)=    0 (272.0,251.7)=    0 (272.8,251.5)=    0 (273.5,251.4)=    0 (274.2,251.3)=    0 (274.7,251.3)=    0 (275.3,251.3)=    0 (275.8,251.3)=    0 (276.3,251.1)=    0 (276.7,250.8)=    0 (277.1,250.5)=    0 (277.4,249.9)=    0 (278.2,249.6)=    0 (278.6,249.4)=    0 (279.3,248.9)=    0 (280.0,248.8)=    0 (280.6,248.8)=    0 (281.3,249.0)=    0 (281.8,249.1)=    0 (282.6,249.0)=    0 (283.6,249.0)=    0 (284.4,248.7)=    0 (285.4,248.8)=    0 (286.4,249.4)=    0 (287.3,249.9)=    0 (288.3,250.5)=    0 (289.1,251.0)=    0 (290.0,251.2)=    0 (291.0,251.9)=    0 (291.7,252.4)=    0 (292.6,253.4)=    0 (293.5,254.2)=    0 (294.5,254.7)=    0 (295.5,255.5)=    0 (296.3,256.4)=    0 (296.7,256.9)=    0 (297.0,257.0)=    0 (297.4,256.8)=    0 (297.5,256.5)=    0 (297.8,256.5)=    0 (298.2,256.7)=    0 (298.6,257.0)=    0 (299.2,257.3)=    0 (299.4,257.3)=    0 (299.9,257.6)=    0 (300.3,257.8)=    0 (300.8,258.1)=    0 (301.4,258.2)=    0 (302.2,258.5)=    0 (302.7,258.8)=    0 (303.1,259.1)=    0 (303.9,259.9)=    0 (304.5,260.2)=    0 (304.9,260.7)=    0 (305.3,260.7)=    0 (305.8,260.7)=    0 (306.1,260.8)=    0 (306.6,261.1)=    0 (306.9,261.1)=    0 (307.2,261.1)=    0 (307.7,261.4)=    0 (307.9,261.6)=    0 (308.2,261.5)=    0 (308.4,261.6)=    0 (308.7,261.8)=    0 (309.0,261.8)=    0 (309.2,262.0)=    0 (309.4,262.1)=    0 (309.9,262.1)=    0 (310.3,262.1)=    0 (310.7,262.0)=    0 (311.1,261.8)=    0 (311.2,261.8)=    0 (311.6,262.0)=    0 (311.9,262.1)=    0 (312.0,262.2)=    0 (312.1,262.4)=    0 (312.4,262.5)=    0 (312.5,262.6)=    0 (312.9,262.5)=    0 (313.1,262.6)=    0 (313.2,262.8)=    0 (313.4,263.1)=    0 (313.6,263.1)=    0 (314.0,263.4)=    0 (314.3,263.6)=    0 (314.7,263.8)=    0 (315.0,263.9)=    0 (315.5,263.9)=    0 (315.8,263.4)=    0 (316.2,263.5)=    0 (316.6,263.5)=    0 (317.4,263.5)=    0 (317.7,263.8)=    0 (318.1,263.6)=    0 (318.6,263.7)=    0 (318.9,263.5)=    0 (319.3,263.5)=    0 (319.5,263.3)=    0 (319.8,263.3)=    0 (320.2,263.5)=    0 (320.4,263.7)=    0 (320.7,264.0)=    0 (321.1,264.0)=    0 (321.5,264.0)=    0 (321.7,263.9)=    0 (321.9,264.0)=    0 (322.4,264.0)=    0 (322.9,264.1)=    0 (323.3,264.4)=    0 (324.0,264.4)=    0 (324.5,264.4)=    0 (325.1,264.5)=    0 (325.6,264.5)=    0 (326.3,264.3)=    0 (327.0,264.3)=    0 (327.6,264.2)=    0 (328.0,264.0)=    0 (328.5,264.3)=    0 (329.2,264.5)=    0 (329.5,264.7)=    0 (330.0,264.9)=    0 (330.7,264.6)=    0 (331.2,264.6)=    0 (331.7,264.8)=    0 (332.5,264.9)=    0 (333.3,265.1)=    0 (333.9,265.1)=    0 (334.7,265.1)=    0 (335.3,265.0)=    0 (336.1,265.0)=    0 (336.7,265.0)=    0 (337.5,265.0)=    0 (337.9,264.9)=    0 (338.4,264.8)=    0 (339.2,264.6)=    0 (340.0,264.5)=    0 (340.8,264.3)=    0 (341.4,264.4)=    0 (342.2,264.2)=    0 (342.8,263.7)=    0 (343.6,263.6)=    0 (344.2,263.1)=    0 (344.9,262.8)=    0 (345.3,262.5)=    0 (345.9,262.3)=    0 (346.4,262.2)=    0 (347.0,262.2)=    0 (347.5,262.2)=    0 (347.9,262.2)=    0 (348.4,262.0)=    0 (349.3,261.7)=    0 (350.2,261.5)=    0 (350.9,261.3)=    0 (352.0,261.3)=    0 (353.0,261.3)=    0 
     16 | (233.0,248.0)=27497 (233.5,248.0)=    0 (234.0,248.3)=    0 (234.6,248.3)=    0 (235.1,248.1)=    0 (235.6,248.2)=    0 (236.2,248.2)=    0 (236.5,248.1)=    0 (237.0,248.4)=    0 (237.6,248.5)=    0 (238.2,248.6)=    0 (238.5,248.5)=    0 (239.1,248.2)=    0 (239.6,247.8)=    0 (240.1,247.5)=    0 (240.6,247.3)=    0 (240.9,246.6)=    0 (241.4,246.4)=    0 (241.8,246.2)=    0 (241.8,245.6)=    0 (241.9,245.5)=    0 (242.0,245.4)=    0 (242.2,245.0)=    0 (242.5,244.7)=    0 (242.8,244.5)=    0 (243.1,244.5)=    0 (243.4,244.5)=    0 (243.9,244.2)=    0 (244.7,244.2)=    0 (245.3,244.1)=    0 (246.0,244.0)=    0 (246.9,243.8)=    0 (247.9,243.5)=    0 (248.8,243.5)=    0 (249.5,243.7)=    0 (250.0,243.9)=    0 (250.8,244.3)=    0 (251.3,244.4)=    0 (251.9,244.5)=    0 (252.3,244.7)=    0 (253.0,244.8)=    0 (253.5,245.1)=    0 (253.9,245.1)=    0 (254.5,245.3)=    0 (255.0,245.7)=    0 (255.5,245.7)=    0 (256.2,245.7)=    0 (256.5,245.6)=    0 (256.9,245.8)=    0 (257.6,246.1)=    0 (257.6,246.3)=    0 (257.9,246.6)=    0 (258.3,247.0)=    0 (258.8,247.3)=    0 (259.3,247.4)=    0 (259.8,247.4)=    0 (260.0,247.0)=    0 (260.3,246.9)=    0 (260.7,246.9)=    0 (260.8,247.4)=    0 (261.0,247.4)=    0 (261.1,247.6)=    0 (261.4,247.6)=    0 (261.8,247.3)=    0 (261.9,247.1)=    0 (262.1,246.7)=    0 (262.2,246.7)=    0 (262.7,247.2)=    0 (263.0,247.4)=    0 (263.2,247.6)=    0 (263.5,247.9)=    0 (263.8,248.0)=    0 (264.4,248.3)=    0 (264.8,248.3)=    0 (265.2,248.1)=    0 (265.7,247.9)=    0 (266.2,247.9)=    0 (266.8,247.7)=    0 (267.4,247.8)=    0 (267.9,248.1)=    0 (268.2,248.3)=    0 (268.6,248.5)=    0 (268.9,248.7)=    0 (269.3,248.7)=    0 (269.7,248.6)=    0 ( -1.0, -1.0)=   -5 ( -1.0, -1.0)=   -5 ( -1.0, -1.0)=   -5 ( -1.0, -1.0)=   -5 ( -1.0, -1.0)=   -5 ( -1.0, -1.0)=   -5 ( -1.0, -1.0)=   -5 ( -1.0, -1.0)=   -5 ( -1.0, -1.0)=   -5 ( -1.0, -1.0)=   -5 ( -1.0, -1.0)=   -5 ( -1.0, -1.0)=   -5 ( -1.0, -1.0)=   -5 ( -1.0, -1.0)=   -5 ( -1.0, -1.0)=   -5 ( -1.0, -1.0)=   -5 ( -1.0, -1.0)=   -5 ( -1.0, -1.0)=   -5 ( -1.0, -1.0)=   -5 ( -1.0, -1.0)=   -5 ( -1.0, -1.0)=   -5 ( -1.0, -1.0)=   -5 ( -1.0, -1.0)=   -5 ( -1.0, -1.0)=   -5 ( -1.0, -1.0)=   -5 ( -1.0, -1.0)=   -5 ( -1.0, -1.0)=   -5 ( -1.0, -1.0)=   -5 ( -1.0, -1.0)=   -5 ( -1.0, -1.0)=   -5 ( -1.0, -1.0)=   -5 ( -1.0, -1.0)=   -5 ( -1.0, -1.0)=   -5 ( -1.0, -1.0)=   -5 ( -1.0, -1.0)=   -5 ( -1.0, -1.0)=   -5 ( -1.0, -1.0)=   -5 ( -1.0, -1.0)=   -5 ( -1.0, -1.0)=   -5 ( -1.0, -1.0)=   -5 ( -1.0, -1.0)=   -5 ( -1.0, -1.0)=   -5 ( -1.0, -1.0)=   -5 ( -1.0, -1.0)=   -5 ( -1.0, -1.0)=   -5 ( -1.0, -1.0)=   -5 ( -1.0, -1.0)=   -5 ( -1.0, -1.0)=   -5 ( -1.0, -1.0)=   -5 ( -1.0, -1.0)=   -5 ( -1.0, -1.0)=   -5 ( -1.0, -1.0)=   -5 ( -1.0, -1.0)=   -5 ( -1.0, -1.0)=   -5 ( -1.0, -1.0)=   -5 ( -1.0, -1.0)=   -5 ( -1.0, -1.0)=   -5 ( -1.0, -1.0)=   -5 ( -1.0, -1.0)=   -5 ( -1.0, -1.0)=   -5 ( -1.0, -1.0)=   -5 ( -1.0, -1.0)=   -5 ( -1.0, -1.0)=   -5 ( -1.0, -1.0)=   -5 ( -1.0, -1.0)=   -5 ( -1.0, -1.0)=   -5 ( -1.0, -1.0)=   -5 ( -1.0, -1.0)=   -5 ( -1.0, -1.0)=   -5 ( -1.0, -1.0)=   -5 ( -1.0, -1.0)=   -5 ( -1.0, -1.0)=   -5 ( -1.0, -1.0)=   -5 ( -1.0, -1.0)=   -5 ( -1.0, -1.0)=   -5 ( -1.0, -1.0)=   -5 ( -1.0, -1.0)=   -5 ( -1.0, -1.0)=   -5 ( -1.0, -1.0)=   -5 ( -1.0, -1.0)=   -5 ( -1.0, -1.0)=   -5 ( -1.0, -1.0)=   -5 ( -1.0, -1.0)=   -5 ( -1.0, -1.0)=   -5 ( -1.0, -1.0)=   -5 ( -1.0, -1.0)=   -5 ( -1.0, -1.0)=   -5 ( -1.0, -1.0)=   -5 ( -1.0, -1.0)=   -5 ( -1.0, -1.0)=   -5 ( -1.0, -1.0)=   -5 ( -1.0, -1.0)=   -5 ( -1.0, -1.0)=   -5 ( -1.0, -1.0)=   -5 ( -1.0, -1.0)=   -5 ( -1.0, -1.0)=   -5 ( -1.0, -1.0)=   -5 ( -1.0, -1.0)=   -5 ( -1.0, -1.0)=   -5 ( -1.0, -1.0)=   -5 ( -1.0, -1.0)=   -5 ( -1.0, -1.0)=   -5 ( -1.0, -1.0)=   -5 ( -1.0, -1.0)=   -5 ( -1.0, -1.0)=   -5 ( -1.0, -1.0)=   -5 ( -1.0, -1.0)=   -5 ( -1.0, -1.0)=   -5 ( -1.0, -1.0)=   -5 ( -1.0, -1.0)=   -5 ( -1.0, -1.0)=   -5 ( -1.0, -1.0)=   -5 ( -1.0, -1.0)=   -5 ( -1.0, -1.0)=   -5 ( -1.0, -1.0)=   -5 ( -1.0, -1.0)=   -5 ( -1.0, -1.0)=   -5 ( -1.0, -1.0)=   -5 ( -1.0, -1.0)=   -5 ( -1.0, -1.0)=   -5 ( -1.0, -1.0)=   -5 ( -1.0, -1.0)=   -5 ( -1.0, -1.0)=   -5 ( -1.0, -1.0)=   -5 ( -1.0, -1.0)=   -5 ( -1.0, -1.0)=   -5 ( -1.0, -1.0)=   -5 ( -1.0, -1.0)=   -5 ( -1.0, -1.0)=   -5 ( -1.0, -1.0)=   -5 ( -1.0, -1.0)=   -5 ( -1.0, -1.0)=   -5 ( -1.0, -1.0)=   -5 ( -1.0, -1.0)=   -5 ( -1.0, -1.0)=   -5 ( -1.0, -1.0)=   -5 ( -1.0, -1.0)=   -5 ( -1.0, -1.0)=   -5 ( -1.0, -1.0)=   -5 ( -1.0, -1.0)=   -5 ( -1.0, -1.0)=   -5 ( -1.0, -1.0)=   -5 ( -1.0, -1.0)=   -5 ( -1.0, -1.0)=   -5 ( -1.0, -1.0)=   -5 ( -1.0, -1.0)=   -5 ( -1.0, -1.0)=   -5 ( -1.0, -1.0)=   -5 ( -1.0, -1.0)=   -5 ( -1.0, -1.0)=   -5 ( -1.0, -1.0)=   -5 ( -1.0, -1.0)=   -5 ( -1.0, -1.0)=   -5 ( -1.0, -1.0)=   -5 ( -1.0, -1.0)=   -5 ( -1.0, -1.0)=   -5 ( -1.0, -1.0)=   -5 ( -1.0, -1.0)=   -5 ( -1.0, -1.0)=   -5 ( -1.0, -1.0)=   -5 ( -1.0, -1.0)=   -5 ( -1.0, -1.0)=   -5 ( -1.0, -1.0)=   -5 ( -1.0, -1.0)=   -5 ( -1.0, -1.0)=   -5 ( -1.0, -1.0)=   -5 ( -1.0, -1.0)=   -5 ( -1.0, -1.0)=   -5 ( -1.0, -1.0)=   -5 ( -1.0, -1.0)=   -5 ( -1.0, -1.0)=   -5 ( -1.0, -1.0)=   -5 ( -1.0, -1.0)=   -5 ( -1.0, -1.0)=   -5 ( -1.0, -1.0)=   -5 ( -1.0, -1.0)=   -5 ( -1.0, -1.0)=   -5 ( -1.0, -1.0)=   -5 ( -1.0, -1.0)=   -5 ( -1.0, -1.0)=   -5 ( -1.0, -1.0)=   -5 ( -1.0, -1.0)=   -5 ( -1.0, -1.0)=   -5 ( -1.0, -1.0)=   -5 ( -1.0, -1.0)=   -5 ( -1.0, -1.0)=   -5 ( -1.0, -1.0)=   -5 ( -1.0, -1.0)=   -5 ( -1.0, -1.0)=   -5 ( -1.0, -1.0)=   -5 ( -1.0, -1.0)=   -5 ( -1.0, -1.0)=   -5 ( -1.0, -1.0)=   -5 ( -1.0, -1.0)=   -5 ( -1.0, -1.0)=   -5 ( -1.0, -1.0)=   -5 
     17 | (272.0,624.0)=27113 (272.4,624.2)=    0 (273.0,624.5)=    0 (273.4,624.5)=    0 (273.9,624.4)=    0 (274.4,624.4)=    0 (274.9,624.2)=    0 (275.0,624.3)=    0 (275.4,624.6)=    0 (275.8,624.7)=    0 (276.4,624.8)=    0 (276.7,624.8)=    0 (277.3,624.7)=    0 (277.8,624.5)=    0 (278.1,624.2)=    0 (278.4,623.8)=    0 (278.7,623.3)=    0 (279.2,623.1)=    0 (279.3,622.5)=    0 (279.3,622.0)=    0 (279.3,621.8)=    0 (279.3,621.6)=    0 (279.3,621.4)=    0 (279.5,621.4)=    0 (279.7,621.3)=    0 (279.8,621.4)=    0 (280.0,621.2)=    0 (280.4,621.2)=    0 (280.9,621.1)=    0 (281.5,621.1)=    0 (282.1,621.2)=    0 (282.8,621.1)=    0 (283.8,620.9)=    0 (284.6,620.9)=    0 (285.4,621.1)=    0 (285.9,621.1)=    0 (286.4,621.3)=    0 (286.9,621.4)=    0 (287.4,621.6)=    0 (287.9,621.7)=    0 (288.4,621.7)=    0 (288.8,621.9)=    0 (289.1,622.1)=    0 (289.7,622.4)=    0 (289.9,622.6)=    0 (290.4,622.5)=    0 (291.0,622.5)=    0 (291.3,622.5)=    0 (291.7,622.9)=    0 (292.3,623.1)=    0 (292.5,623.4)=    0 (292.7,623.9)=    0 (292.9,624.1)=    0 (293.4,624.4)=    0 (293.9,624.5)=    0 (294.2,624.5)=    0 (294.6,624.4)=    0 (294.9,624.4)=    0 (295.2,624.2)=    0 (295.2,623.5)=    0 (295.4,623.8)=    0 (295.5,624.0)=    0 (295.8,623.7)=    0 (296.1,623.7)=    0 (296.4,623.7)=    0 (296.6,623.4)=    0 (296.7,623.5)=    0 (297.0,623.8)=    0 (297.4,623.9)=    0 (297.6,624.2)=    0 (297.9,624.5)=    0 (298.2,624.6)=    0 (298.7,624.9)=    0 (299.1,624.8)=    0 (299.6,624.6)=    0 (300.1,624.6)=    0 (300.7,624.4)=    0 (301.2,624.4)=    0 (301.7,624.6)=    0 (302.3,624.7)=    0 (302.5,625.0)=    0 (303.0,625.3)=    0 (303.4,625.3)=    0 (303.7,625.4)=    0 (304.0,625.4)=    0 (304.3,625.6)=    0 (304.8,625.4)=    0 (305.1,625.5)=    0 (305.4,625.6)=    0 (305.7,625.6)=    0 (306.1,625.6)=    0 (306.7,625.6)=    0 (307.1,625.5)=    0 (307.4,625.3)=    0 (308.0,625.3)=    0 (308.2,625.3)=    0 (308.5,625.5)=    0 (308.9,625.6)=    0 (309.1,626.1)=    0 (309.4,626.4)=    0 (309.9,626.6)=    0 (310.2,626.9)=    0 (310.7,627.2)=    0 (311.1,627.4)=    0 (311.7,627.6)=    0 (312.2,627.9)=    0 (312.7,628.4)=    0 (313.2,628.6)=    0 (313.7,628.9)=    0 (314.5,629.2)=    0 (315.0,629.5)=    0 (315.4,629.7)=    0 (315.8,630.0)=    0 (316.5,630.6)=    0 (317.3,631.2)=    0 (318.0,631.5)=    0 (318.7,631.8)=    0 (319.1,631.8)=    0 (319.6,631.6)=    0 (320.2,631.6)=    0 (320.7,631.7)=    0 (321.5,631.7)=    0 (322.2,632.0)=    0 (322.9,632.0)=    0 (323.9,632.1)=    0 (324.8,632.2)=    0 (325.3,632.3)=    0 (326.2,632.1)=    0 (326.9,631.8)=    0 (327.4,631.9)=    0 (327.9,631.7)=    0 (328.3,631.8)=    0 (328.8,631.8)=    0 (329.3,631.8)=    0 (329.6,631.5)=    0 (330.0,631.3)=    0 (330.2,630.9)=    0 (330.7,630.7)=    0 (331.2,630.5)=    0 (331.9,630.2)=    0 (332.6,630.2)=    0 (333.2,630.4)=    0 (333.9,630.3)=    0 (334.3,630.4)=    0 (335.1,630.6)=    0 (336.0,630.6)=    0 (336.7,630.5)=    0 (337.6,630.7)=    0 (338.5,631.2)=    0 (339.3,631.7)=    0 (340.2,632.4)=    0 (340.9,632.9)=    0 (341.6,633.3)=    0 (342.3,633.8)=    0 (343.0,634.3)=    0 (344.0,635.1)=    0 (344.8,635.8)=    0 (345.7,636.5)=    0 (346.5,637.5)=    0 (347.2,638.1)=    0 (347.7,638.4)=    0 (348.0,638.5)=    0 (348.1,638.4)=    0 (348.2,638.3)=    0 (348.5,638.3)=    0 (348.8,638.3)=    0 (349.1,638.6)=    0 (349.4,638.9)=    0 (349.7,639.1)=    0 (350.2,639.4)=    0 (350.4,639.5)=    0 (350.8,639.6)=    0 (351.3,640.0)=    0 (351.9,640.3)=    0 (352.5,640.8)=    0 (353.0,641.3)=    0 (353.5,641.7)=    0 (353.9,642.1)=    0 (354.4,642.5)=    0 (354.9,642.7)=    0 (355.2,642.8)=    0 (355.7,643.1)=    0 (355.9,643.2)=    0 (356.2,643.3)=    0 (356.4,643.6)=    0 (356.6,643.9)=    0 (356.8,644.0)=    0 (357.1,644.1)=    0 (357.3,644.3)=    0 (357.4,644.3)=    0 (357.6,644.3)=    0 (357.9,644.5)=    0 (358.1,644.5)=    0 (358.6,644.5)=    0 (358.9,644.6)=    0 (359.4,644.6)=    0 (359.7,644.5)=    0 (359.8,644.5)=    0 (360.1,644.6)=    0 (360.4,644.8)=    0 (360.4,645.1)=    0 (360.6,645.3)=    0 (360.7,645.4)=    0 (360.9,645.4)=    0 (361.1,645.4)=    0 (361.4,645.6)=    0 (361.4,645.7)=    0 (361.6,645.7)=    0 (361.9,645.9)=    0 (362.1,646.2)=    0 (362.4,646.3)=    0 (362.8,646.3)=    0 (363.1,646.4)=    0 (363.5,646.4)=    0 (363.8,646.3)=    0 (364.2,646.4)=    0 (364.7,646.4)=    0 (365.2,646.5)=    0 (365.5,646.7)=    0 (365.9,646.7)=    0 (366.5,646.7)=    0 (366.9,646.7)=    0 (367.3,646.7)=    0 (367.5,646.4)=    0 (367.7,646.5)=    0 (368.1,646.6)=    0 (368.2,646.8)=    0 (368.4,647.0)=    0 (368.8,647.0)=    0 (369.1,647.0)=    0 (369.4,646.9)=    0 (369.6,646.9)=    0 (369.9,646.6)=    0 (370.5,646.9)=    0 (370.9,647.0)=    0 (371.4,647.0)=    0 (371.9,647.3)=    0 (372.5,647.3)=    0 (373.1,647.3)=    0 (373.6,647.3)=    0 (374.4,647.3)=    0 (375.0,647.2)=    0 (375.5,647.2)=    0 (375.7,647.4)=    0 (376.3,647.5)=    0 (376.7,647.7)=    0 (377.3,648.1)=    0 (377.9,647.9)=    0 (378.3,648.1)=    0 (378.8,648.2)=    0 (379.3,648.3)=    0 (380.2,648.6)=    0 (380.6,648.6)=    0 (381.4,648.9)=    0 (382.0,648.9)=    0 (382.8,649.0)=    0 (383.3,649.0)=    0 (384.0,648.9)=    0 (384.5,648.9)=    0 (385.0,648.9)=    0 (385.7,648.9)=    0 (386.4,648.9)=    0 (387.1,648.9)=    0 (387.6,649.0)=    0 (388.4,648.7)=    0 (389.1,648.5)=    0 (389.8,648.4)=    0 (390.4,648.0)=    0 (391.2,648.0)=    0 (391.8,647.8)=    0 (392.1,647.7)=    0 (392.7,647.9)=    0 (393.2,648.1)=    0 (393.7,648.2)=    0 (394.2,648.1)=    0 (394.7,647.9)=    0 (395.4,647.8)=    0 (396.3,647.6)=    0 (397.1,647.6)=    0 (398.1,647.8)=    0 (399.0,647.8)=    0 
     18 | ( 92.0,570.0)=27108 ( 92.4,570.3)=    0 ( 93.1,570.4)=    0 ( 93.5,570.2)=    0 ( 93.8,570.2)=    0 ( 94.4,570.1)=    0 ( 94.9,569.9)=    0 ( 95.0,570.0)=    0 ( 95.4,570.3)=    0 ( 95.9,570.3)=    0 ( 96.4,570.3)=    0 ( 96.7,570.2)=    0 ( 97.2,570.0)=    0 ( 97.7,569.6)=    0 ( 98.1,569.3)=    0 ( 98.5,568.9)=    0 ( 98.8,568.5)=    0 ( 99.2,568.2)=    0 ( 99.4,567.6)=    0 ( 99.4,567.2)=    0 ( 99.4,566.9)=    0 ( 99.5,566.7)=    0 ( 99.6,566.5)=    0 ( 99.8,566.4)=    0 ( 99.8,566.3)=    0 (100.1,566.3)=    0 (100.5,565.8)=    0 (100.8,565.8)=    0 (101.3,565.7)=    0 (101.9,565.7)=    0 (102.5,565.7)=    0 (103.4,565.5)=    0 (104.2,565.2)=    0 (105.0,565.2)=    0 (105.8,565.3)=    0 (106.5,565.3)=    0 (107.0,565.6)=    0 (107.7,565.6)=    0 (108.2,565.7)=    0 (108.6,565.7)=    0 (109.3,565.7)=    0 (109.7,565.8)=    0 (110.0,565.8)=    0 (110.4,566.1)=    0 (110.9,566.1)=    0 (111.4,566.0)=    0 (112.1,566.1)=    0 (112.3,566.0)=    0 (112.8,566.3)=    0 (113.2,566.4)=    0 (113.2,566.8)=    0 (113.6,567.2)=    0 (113.9,567.3)=    0 (114.3,567.6)=    0 (115.0,567.7)=    0 (115.2,567.6)=    0 (115.4,567.5)=    0 (115.7,567.4)=    0 (116.1,567.1)=    0 (116.7,566.7)=    0 (116.6,566.9)=    0 (116.9,566.9)=    0 (117.3,566.8)=    0 (117.3,566.8)=    0 (117.6,566.7)=    0 (117.6,566.4)=    0 (117.7,566.5)=    0 (118.3,566.6)=    0 (118.5,566.7)=    0 (118.7,567.0)=    0 (119.0,567.2)=    0 (119.4,567.4)=    0 (119.8,567.6)=    0 (120.3,567.6)=    0 (120.7,567.4)=    0 (121.1,567.2)=    0 (121.7,567.2)=    0 (122.1,567.2)=    0 (122.6,567.4)=    0 (123.2,567.4)=    0 (123.5,567.7)=    0 (124.0,567.9)=    0 (124.5,567.9)=    0 (124.7,567.9)=    0 (125.0,568.0)=    0 (125.4,568.1)=    0 (125.7,568.0)=    0 (126.0,568.1)=    0 (126.2,568.2)=    0 (126.6,568.1)=    0 (126.9,568.0)=    0 (127.4,568.0)=    0 (127.7,567.8)=    0 (128.2,567.8)=    0 (128.5,567.7)=    0 (128.7,567.7)=    0 (129.1,567.8)=    0 (129.3,568.1)=    0 (129.9,568.4)=    0 (130.2,568.6)=    0 (130.7,568.8)=    0 (131.2,569.0)=    0 (131.7,569.1)=    0 (132.2,569.4)=    0 (132.7,569.4)=    0 (133.0,569.6)=    0 (133.4,570.0)=    0 (133.9,570.2)=    0 (134.5,570.4)=    0 (135.3,570.6)=    0 (135.7,570.9)=    0 (136.0,570.9)=    0 (136.5,571.2)=    0 (137.1,571.6)=    0 (137.8,572.1)=    0 (138.6,572.3)=    0 (139.4,572.6)=    0 (139.9,572.6)=    0 (140.3,572.3)=    0 (140.8,572.3)=    0 (141.5,572.3)=    0 (142.2,572.3)=    0 (142.7,572.3)=    0 (143.5,572.3)=    0 (144.3,572.4)=    0 (144.9,572.4)=    0 (145.6,572.4)=    0 (146.5,572.0)=    0 (147.3,571.8)=    0 (147.8,571.8)=    0 (148.3,571.5)=    0 (148.8,571.5)=    0 (149.3,571.5)=    0 (149.6,571.3)=    0 (150.1,571.0)=    0 (150.4,570.8)=    0 (150.6,570.3)=    0 (151.2,570.0)=    0 (151.7,569.7)=    0 (152.3,569.5)=    0 (153.0,569.5)=    0 (153.5,569.6)=    0 (154.2,569.5)=    0 (154.6,569.4)=    0 (155.4,569.5)=    0 (156.3,569.4)=    0 (157.0,569.2)=    0 (157.7,569.5)=    0 (158.7,569.8)=    0 (159.5,570.3)=    0 (160.5,570.8)=    0 (161.3,571.1)=    0 (162.1,571.4)=    0 (162.7,571.7)=    0 (163.5,572.3)=    0 (164.4,573.0)=    0 (165.5,573.5)=    0 (166.3,574.2)=    0 (167.0,574.9)=    0 (167.7,575.3)=    0 (168.3,575.5)=    0 (168.5,575.5)=    0 (168.7,575.3)=    0 (168.7,575.1)=    0 (169.0,575.2)=    0 (169.3,575.2)=    0 (169.8,575.4)=    0 (170.2,575.6)=    0 (170.4,575.8)=    0 (170.8,576.0)=    0 (171.1,576.1)=    0 (171.6,576.2)=    0 (172.1,576.4)=    0 (172.6,576.7)=    0 (173.1,577.1)=    0 (173.5,577.6)=    0 (174.1,578.0)=    0 (174.7,578.3)=    0 (175.2,578.6)=    0 (175.6,578.6)=    0 (175.8,578.6)=    0 (176.1,578.8)=    0 (176.5,578.9)=    0 (176.6,579.0)=    0 (176.9,579.2)=    0 (177.1,579.5)=    0 (177.4,579.6)=    0 (177.6,579.6)=    0 (177.7,579.7)=    0 (178.0,579.7)=    0 (178.3,579.7)=    0 (178.4,579.9)=    0 (178.6,579.9)=    0 (179.1,579.9)=    0 (179.4,579.9)=    0 (179.8,579.8)=    0 (180.1,579.7)=    0 (180.3,579.7)=    0 (180.6,579.8)=    0 (180.7,580.0)=    0 (180.8,580.2)=    0 (181.1,580.3)=    0 (181.1,580.3)=    0 (181.3,580.3)=    0 (181.5,580.3)=    0 (181.6,580.4)=    0 (181.7,580.6)=    0 (182.0,580.6)=    0 (182.2,580.7)=    0 (182.4,581.0)=    0 (182.7,581.0)=    0 (183.2,581.1)=    0 (183.5,581.1)=    0 (183.9,581.0)=    0 (184.1,581.0)=    0 (184.4,581.0)=    0 (184.9,581.0)=    0 (185.5,581.0)=    0 (185.7,581.1)=    0 (186.0,581.1)=    0 (186.5,581.1)=    0 (186.8,581.0)=    0 (187.3,580.9)=    0 (187.5,580.7)=    0 (187.7,580.7)=    0 (188.0,580.7)=    0 (188.2,581.0)=    0 (188.5,581.2)=    0 (188.9,581.1)=    0 (189.3,581.0)=    0 (189.3,580.9)=    0 (189.8,580.8)=    0 (190.3,580.7)=    0 (190.6,580.9)=    0 (191.1,581.1)=    0 (191.6,581.1)=    0 (192.0,581.2)=    0 (192.5,581.2)=    0 (193.1,581.2)=    0 (193.6,581.2)=    0 (194.3,581.1)=    0 (194.8,580.9)=    0 (195.1,581.0)=    0 (195.5,581.1)=    0 (196.1,581.1)=    0 (196.6,581.4)=    0 (197.1,581.3)=    0 (197.6,581.3)=    0 (198.1,581.4)=    0 (198.6,581.4)=    0 (199.1,581.5)=    0 (199.9,581.7)=    0 (200.4,581.7)=    0 (200.9,581.7)=    0 (201.5,581.7)=    0 (202.3,581.7)=    0 (202.8,581.6)=    0 (203.4,581.6)=    0 (203.9,581.5)=    0 (204.3,581.4)=    0 (205.1,581.3)=    0 (205.6,581.3)=    0 (206.3,581.3)=    0 (206.8,581.2)=    0 (207.5,581.0)=    0 (208.1,580.7)=    0 (208.9,580.4)=    0 (209.3,579.9)=    0 (210.1,579.8)=    0 (210.6,579.6)=    0 (210.9,579.5)=    0 (211.4,579.6)=    0 (211.8,579.6)=    0 (212.2,579.6)=    0 (212.7,579.5)=    0 (213.3,579.4)=    0 (214.0,579.2)=    0 (214.7,579.0)=    0 (215.5,579.0)=    0 (216.5,579.0)=    0 (217.4,579.0)=    0 
     19 | (214.0,593.0)=26984 (214.5,593.4)=    0 (215.0,593.6)=    0 (215.4,593.5)=    0 (215.8,593.5)=    0 (216.4,593.5)=    0 (216.9,593.3)=    0 (217.1,593.4)=    0 (217.5,593.7)=    0 (217.9,593.7)=    0 (218.5,593.9)=    0 (218.7,593.8)=    0 (219.2,593.7)=    0 (219.7,593.4)=    0 (219.9,593.1)=    0 (220.4,592.8)=    0 (220.7,592.4)=    0 (221.2,592.0)=    0 (221.3,591.6)=    0 (221.4,591.0)=    0 (221.3,590.8)=    0 (221.3,590.7)=    0 (221.4,590.4)=    0 (221.6,590.4)=    0 (221.7,590.3)=    0 (222.0,590.3)=    0 (222.3,590.0)=    0 (222.5,590.0)=    0 (223.0,590.0)=    0 (223.5,590.0)=    0 (224.2,589.9)=    0 (224.9,589.7)=    0 (225.8,589.5)=    0 (226.7,589.6)=    0 (227.4,589.7)=    0 (228.0,589.7)=    0 (228.6,589.9)=    0 (229.1,589.9)=    0 (229.5,590.2)=    0 (230.0,590.2)=    0 (230.5,590.2)=    0 (231.0,590.4)=    0 (231.3,590.5)=    0 (231.7,590.7)=    0 (232.1,590.8)=    0 (232.6,590.7)=    0 (233.2,590.7)=    0 (233.5,590.8)=    0 (233.9,591.0)=    0 (234.4,591.3)=    0 (234.5,591.6)=    0 (234.8,592.0)=    0 (235.2,592.2)=    0 (235.4,592.5)=    0 (236.0,592.5)=    0 (236.4,592.4)=    0 (236.6,592.5)=    0 (237.0,592.3)=    0 (237.3,592.1)=    0 (237.3,591.7)=    0 (237.6,591.9)=    0 (237.7,592.1)=    0 (238.0,591.9)=    0 (238.2,591.9)=    0 (238.5,591.9)=    0 (238.5,591.7)=    0 (238.6,591.7)=    0 (239.1,591.9)=    0 (239.3,592.0)=    0 (239.5,592.4)=    0 (239.8,592.6)=    0 (240.2,592.7)=    0 (240.6,593.0)=    0 (241.1,593.0)=    0 (241.4,592.9)=    0 (241.9,592.8)=    0 (242.5,592.7)=    0 (243.0,592.7)=    0 (243.7,592.8)=    0 (244.2,592.9)=    0 (244.4,593.3)=    0 (245.0,593.4)=    0 (245.3,593.5)=    0 (245.6,593.5)=    0 (245.8,593.6)=    0 (246.1,593.7)=    0 (246.4,593.5)=    0 (246.8,593.6)=    0 (247.0,593.9)=    0 (247.4,593.8)=    0 (247.8,593.7)=    0 (248.2,593.7)=    0 (248.5,593.5)=    0 (249.0,593.4)=    0 (249.4,593.4)=    0 (249.5,593.4)=    0 (250.0,593.5)=    0 (250.2,593.7)=    0 (250.6,594.1)=    0 (250.8,594.3)=    0 (251.3,594.6)=    0 (251.8,594.8)=    0 (252.2,595.0)=    0 (252.6,595.3)=    0 (253.1,595.4)=    0 (253.4,595.7)=    0 (253.9,596.1)=    0 (254.5,596.3)=    0 (255.0,596.6)=    0 (255.7,597.0)=    0 (256.2,597.2)=    0 (256.4,597.3)=    0 (257.0,597.6)=    0 (257.6,598.0)=    0 (258.4,598.6)=    0 (259.0,598.8)=    0 (259.8,599.1)=    0 (260.3,599.1)=    0 (260.8,598.8)=    0 (261.3,598.8)=    0 (261.9,598.9)=    0 (262.6,599.0)=    0 (263.3,599.2)=    0 (264.1,599.3)=    0 (265.0,599.4)=    0 (265.7,599.5)=    0 (266.2,599.4)=    0 (267.2,599.1)=    0 (267.9,598.9)=    0 (268.3,598.9)=    0 (268.7,598.9)=    0 (269.3,598.9)=    0 (269.7,598.9)=    0 (270.1,598.8)=    0 (270.4,598.6)=    0 (270.8,598.3)=    0 (271.0,597.9)=    0 (271.5,597.8)=    0 (272.0,597.5)=    0 (272.6,597.2)=    0 (273.3,597.2)=    0 (273.8,597.1)=    0 (274.6,597.1)=    0 (275.1,597.1)=    0 (275.8,597.2)=    0 (276.5,597.3)=    0 (277.4,597.2)=    0 (278.2,597.6)=    0 (279.0,598.0)=    0 (279.9,598.5)=    0 (280.7,599.1)=    0 (281.5,599.4)=    0 (282.3,599.7)=    0 (283.0,600.2)=    0 (283.7,600.7)=    0 (284.6,601.5)=    0 (285.5,602.0)=    0 (286.3,602.8)=    0 (287.1,603.6)=    0 (287.9,604.2)=    0 (288.3,604.4)=    0 (288.5,604.5)=    0 (288.8,604.3)=    0 (288.9,604.2)=    0 (289.1,604.2)=    0 (289.5,604.2)=    0 (289.8,604.4)=    0 (290.3,604.7)=    0 (290.4,604.9)=    0 (290.8,605.2)=    0 (291.1,605.2)=    0 (291.5,605.5)=    0 (292.0,605.7)=    0 (292.5,606.1)=    0 (293.1,606.6)=    0 (293.6,606.9)=    0 (294.1,607.5)=    0 (294.7,607.8)=    0 (295.2,608.2)=    0 (295.6,608.3)=    0 (295.9,608.5)=    0 (296.2,608.7)=    0 (296.5,608.8)=    0 (296.8,608.9)=    0 (297.0,609.2)=    0 (297.3,609.5)=    0 (297.5,609.6)=    0 (297.8,609.7)=    0 (298.0,609.8)=    0 (298.2,609.9)=    0 (298.4,609.8)=    0 (298.6,610.1)=    0 (298.9,610.0)=    0 (299.4,610.1)=    0 (299.6,610.0)=    0 (299.9,610.0)=    0 (300.3,610.0)=    0 (300.4,610.0)=    0 (300.8,610.0)=    0 (301.1,610.3)=    0 (301.1,610.5)=    0 (301.3,610.5)=    0 (301.4,610.6)=    0 (301.6,610.6)=    0 (301.8,610.6)=    0 (302.0,610.7)=    0 (302.1,610.9)=    0 (302.3,611.0)=    0 (302.6,611.1)=    0 (302.8,611.4)=    0 (303.1,611.4)=    0 (303.4,611.6)=    0 (303.7,611.6)=    0 (304.2,611.6)=    0 (304.4,611.5)=    0 (304.9,611.5)=    0 (305.3,611.5)=    0 (305.8,611.7)=    0 (306.1,611.9)=    0 (306.3,612.0)=    0 (306.9,611.9)=    0 (307.2,611.8)=    0 (307.6,611.7)=    0 (307.8,611.4)=    0 (308.1,611.5)=    0 (308.4,611.6)=    0 (308.6,611.8)=    0 (308.8,612.1)=    0 (309.3,612.0)=    0 (309.6,612.0)=    0 (309.8,612.0)=    0 (310.0,611.9)=    0 (310.3,611.7)=    0 (310.9,611.9)=    0 (311.4,611.9)=    0 (311.9,611.9)=    0 (312.4,612.1)=    0 (312.9,612.2)=    0 (313.5,612.2)=    0 (314.0,612.2)=    0 (314.8,612.2)=    0 (315.3,612.0)=    0 (315.6,612.0)=    0 (316.0,612.3)=    0 (316.5,612.4)=    0 (317.0,612.6)=    0 (317.5,612.7)=    0 (318.1,612.7)=    0 (318.5,612.8)=    0 (319.0,612.9)=    0 (319.7,612.9)=    0 (320.3,613.3)=    0 (320.8,613.3)=    0 (321.5,613.4)=    0 (322.1,613.4)=    0 (322.8,613.5)=    0 (323.3,613.5)=    0 (324.0,613.4)=    0 (324.4,613.4)=    0 (324.9,613.4)=    0 (325.7,613.4)=    0 (326.4,613.4)=    0 (327.0,613.4)=    0 (327.7,613.4)=    0 (328.4,613.2)=    0 (329.0,612.9)=    0 (329.6,612.8)=    0 (330.3,612.4)=    0 (331.0,612.3)=    0 (331.6,612.0)=    0 (331.9,612.0)=    0 (332.5,612.0)=    0 (333.0,612.0)=    0 (333.5,612.0)=    0 (333.9,612.0)=    0 (334.4,611.8)=    0 (335.1,611.8)=    0 (335.8,611.6)=    0 (336.6,611.6)=    0 (337.6,611.7)=    0 (338.5,611.7)=    0 
     20 | (125.0,578.0)=26848 (125.2,578.3)=    0 (125.8,578.3)=    0 (126.3,578.3)=    0 (126.6,578.3)=    0 (127.2,578.3)=    0 (127.7,578.1)=    0 (127.8,578.0)=    0 (128.2,578.3)=    0 (128.7,578.3)=    0 (129.2,578.4)=    0 (129.5,578.3)=    0 (129.9,578.0)=    0 (130.4,577.6)=    0 (130.7,577.4)=    0 (131.2,576.9)=    0 (131.4,576.4)=    0 (131.9,576.1)=    0 (132.2,575.6)=    0 (132.2,575.2)=    0 (132.2,574.9)=    0 (132.2,574.7)=    0 (132.3,574.5)=    0 (132.4,574.4)=    0 (132.5,574.3)=    0 (132.7,574.3)=    0 (133.1,573.9)=    0 (133.4,573.9)=    0 (133.8,573.9)=    0 (134.5,573.8)=    0 (135.1,573.7)=    0 (136.0,573.4)=    0 (136.8,573.1)=    0 (137.6,573.2)=    0 (138.4,573.2)=    0 (138.9,573.3)=    0 (139.5,573.3)=    0 (140.0,573.5)=    0 (140.5,573.6)=    0 (141.0,573.6)=    0 (141.7,573.5)=    0 (142.1,573.6)=    0 (142.5,573.7)=    0 (143.0,573.9)=    0 (143.4,573.9)=    0 (143.9,573.9)=    0 (144.6,573.8)=    0 (144.8,573.8)=    0 (145.3,574.0)=    0 (145.7,574.3)=    0 (145.8,574.6)=    0 (146.2,574.9)=    0 (146.6,575.1)=    0 (146.8,575.4)=    0 (147.4,575.4)=    0 (147.7,575.2)=    0 (148.0,575.2)=    0 (148.4,575.2)=    0 (148.6,574.9)=    0 (149.0,574.4)=    0 (149.2,574.7)=    0 (149.3,574.8)=    0 (149.6,574.6)=    0 (149.8,574.5)=    0 (150.0,574.5)=    0 (150.0,574.3)=    0 (150.3,574.3)=    0 (150.7,574.6)=    0 (151.0,574.6)=    0 (151.3,574.9)=    0 (151.6,575.2)=    0 (151.9,575.4)=    0 (152.3,575.5)=    0 (152.8,575.5)=    0 (153.3,575.2)=    0 (153.8,575.1)=    0 (154.2,575.0)=    0 (154.8,575.0)=    0 (155.3,575.1)=    0 (155.8,575.3)=    0 (156.0,575.6)=    0 (156.6,575.8)=    0 (157.1,575.8)=    0 (157.3,575.8)=    0 (157.6,575.9)=    0 (157.9,575.9)=    0 (158.2,575.8)=    0 (158.6,575.9)=    0 (158.7,576.0)=    0 (159.0,575.9)=    0 (159.4,575.8)=    0 (159.9,575.8)=    0 (160.3,575.6)=    0 (160.8,575.7)=    0 (161.2,575.5)=    0 (161.3,575.5)=    0 (161.7,575.6)=    0 (161.9,575.9)=    0 (162.3,576.3)=    0 (162.7,576.4)=    0 (163.2,576.6)=    0 (163.6,576.9)=    0 (164.1,577.1)=    0 (164.5,577.3)=    0 (164.9,577.4)=    0 (165.2,577.8)=    0 (165.8,578.1)=    0 (166.3,578.3)=    0 (166.8,578.5)=    0 (167.5,578.7)=    0 (168.0,579.0)=    0 (168.4,579.1)=    0 (169.0,579.4)=    0 (169.5,579.8)=    0 (170.2,580.3)=    0 (170.9,580.5)=    0 (171.6,580.6)=    0 (172.3,580.6)=    0 (172.7,580.4)=    0 (173.2,580.4)=    0 (173.8,580.3)=    0 (174.5,580.3)=    0 (175.1,580.3)=    0 (175.9,580.3)=    0 (176.7,580.5)=    0 (177.4,580.5)=    0 (178.0,580.5)=    0 (178.9,580.2)=    0 (179.7,579.9)=    0 (180.2,579.9)=    0 (180.6,579.8)=    0 (181.2,579.8)=    0 (181.6,579.8)=    0 (182.0,579.6)=    0 (182.5,579.4)=    0 (182.7,579.1)=    0 ( -1.0, -1.0)=   -3 ( -1.0, -1.0)=   -3 ( -1.0, -1.0)=   -3 ( -1.0, -1.0)=   -3 ( -1.0, -1.0)=   -3 ( -1.0, -1.0)=   -3 ( -1.0, -1.0)=   -3 ( -1.0, -1.0)=   -3 ( -1.0, -1.0)=   -3 ( -1.0, -1.0)=   -3 ( -1.0, -1.0)=   -3 ( -1.0, -1.0)=   -3 ( -1.0, -1.0)=   -3 ( -1.0, -1.0)=   -3 ( -1.0, -1.0)=   -3 ( -1.0, -1.0)=   -3 ( -1.0, -1.0)=   -3 ( -1.0, -1.0)=   -3 ( -1.0, -1.0)=   -3 ( -1.0, -1.0)=   -3 ( -1.0, -1.0)=   -3 ( -1.0, -1.0)=   -3 ( -1.0, -1.0)=   -3 ( -1.0, -1.0)=   -3 ( -1.0, -1.0)=   -3 ( -1.0, -1.0)=   -3 ( -1.0, -1.0)=   -3 ( -1.0, -1.0)=   -3 ( -1.0, -1.0)=   -3 ( -1.0, -1.0)=   -3 ( -1.0, -1.0)=   -3 ( -1.0, -1.0)=   -3 ( -1.0, -1.0)=   -3 ( -1.0, -1.0)=   -3 ( -1.0, -1.0)=   -3 ( -1.0, -1.0)=   -3 ( -1.0, -1.0)=   -3 ( -1.0, -1.0)=   -3 ( -1.0, -1.0)=   -3 ( -1.0, -1.0)=   -3 ( -1.0, -1.0)=   -3 ( -1.0, -1.0)=   -3 ( -1.0, -1.0)=   -3 ( -1.0, -1.0)=   -3 ( -1.0, -1.0)=   -3 ( -1.0, -1.0)=   -3 ( -1.0, -1.0)=   -3 ( -1.0, -1.0)=   -3 ( -1.0, -1.0)=   -3 ( -1.0, -1.0)=   -3 ( -1.0, -1.0)=   -3 ( -1.0, -1.0)=   -3 ( -1.0, -1.0)=   -3 ( -1.0, -1.0)=   -3 ( -1.0, -1.0)=   -3 ( -1.0, -1.0)=   -3 ( -1.0, -1.0)=   -3 ( -1.0, -1.0)=   -3 ( -1.0, -1.0)=   -3 ( -1.0, -1.0)=   -3 ( -1.0, -1.0)=   -3 ( -1.0, -1.0)=   -3 ( -1.0, -1.0)=   -3 ( -1.0, -1.0)=   -3 ( -1.0, -1.0)=   -3 ( -1.0, -1.0)=   -3 ( -1.0, -1.0)=   -3 ( -1.0, -1.0)=   -3 ( -1.0, -1.0)=   -3 ( -1.0, -1.0)=   -3 ( -1.0, -1.0)=   -3 ( -1.0, -1.0)=   -3 ( -1.0, -1.0)=   -3 ( -1.0, -1.0)=   -3 ( -1.0, -1.0)=   -3 ( -1.0, -1.0)=   -3 ( -1.0, -1.0)=   -3 ( -1.0, -1.0)=   -3 ( -1.0, -1.0)=   -3 ( -1.0, -1.0)=   -3 ( -1.0, -1.0)=   -3 ( -1.0, -1.0)=   -3 ( -1.0, -1.0)=   -3 ( -1.0, -1.0)=   -3 ( -1.0, -1.0)=   -3 ( -1.0, -1.0)=   -3 ( -1.0, -1.0)=   -3 ( -1.0, -1.0)=   -3 ( -1.0, -1.0)=   -3 ( -1.0, -1.0)=   -3 ( -1.0, -1.0)=   -3 ( -1.0, -1.0)=   -3 ( -1.0, -1.0)=   -3 ( -1.0, -1.0)=   -3 ( -1.0, -1.0)=   -3 ( -1.0, -1.0)=   -3 ( -1.0, -1.0)=   -3 ( -1.0, -1.0)=   -3 ( -1.0, -1.0)=   -3 ( -1.0, -1.0)=   -3 ( -1.0, -1.0)=   -3 ( -1.0, -1.0)=   -3 ( -1.0, -1.0)=   -3 ( -1.0, -1.0)=   -3 ( -1.0, -1.0)=   -3 ( -1.0, -1.0)=   -3 ( -1.0, -1.0)=   -3 ( -1.0, -1.0)=   -3 ( -1.0, -1.0)=   -3 ( -1.0, -1.0)=   -3 ( -1.0, -1.0)=   -3 ( -1.0, -1.0)=   -3 ( -1.0, -1.0)=   -3 ( -1.0, -1.0)=   -3 ( -1.0, -1.0)=   -3 ( -1.0, -1.0)=   -3 ( -1.0, -1.0)=   -3 ( -1.0, -1.0)=   -3 ( -1.0, -1.0)=   -3 ( -1.0, -1.0)=   -3 ( -1.0, -1.0)=   -3 ( -1.0, -1.0)=   -3 ( -1.0, -1.0)=   -3 ( -1.0, -1.0)=   -3 ( -1.0, -1.0)=   -3 ( -1.0, -1.0)=   -3 ( -1.0, -1.0)=   -3 ( -1.0, -1.0)=   -3 ( -1.0, -1.0)=   -3 ( -1.0, -1.0)=   -3 ( -1.0, -1.0)=   -3 ( -1.0, -1.0)=   -3 ( -1.0, -1.0)=   -3 ( -1.0, -1.0)=   -3 ( -1.0, -1.0)=   -3 ( -1.0, -1.0)=   -3 ( -1.0, -1.0)=   -3 ( -1.0, -1.0)=   -3 ( -1.0, -1.0)=   -3 ( -1.0, -1.0)=   -3 ( -1.0, -1.0)=   -3 ( -1.0, -1.0)=   -3 ( -1.0, -1.0)=   -3 ( -1.0, -1.0)=   -3 ( -1.0, -1.0)=   -3 
     21 | (127.0,556.0)=26740 (127.5,556.3)=    0 (128.0,556.4)=    0 (128.4,556.3)=    0 (128.8,556.3)=    0 (129.3,556.2)=    0 (129.8,555.9)=    0 (130.0,556.0)=    0 (130.4,556.3)=    0 (130.9,556.3)=    0 (131.4,556.4)=    0 (131.7,556.3)=    0 (132.2,556.1)=    0 (132.6,555.7)=    0 (132.9,555.5)=    0 (133.4,555.0)=    0 (133.6,554.7)=    0 (133.9,554.4)=    0 (134.4,553.9)=    0 ( -1.0, -1.0)=   -3 ( -1.0, -1.0)=   -3 ( -1.0, -1.0)=   -3 ( -1.0, -1.0)=   -3 ( -1.0, -1.0)=   -3 ( -1.0, -1.0)=   -3 ( -1.0, -1.0)=   -3 ( -1.0, -1.0)=   -3 ( -1.0, -1.0)=   -3 ( -1.0, -1.0)=   -3 ( -1.0, -1.0)=   -3 ( -1.0, -1.0)=   -3 ( -1.0, -1.0)=   -3 ( -1.0, -1.0)=   -3 ( -1.0, -1.0)=   -3 ( -1.0, -1.0)=   -3 ( -1.0, -1.0)=   -3 ( -1.0, -1.0)=   -3 ( -1.0, -1.0)=   -3 ( -1.0, -1.0)=   -3 ( -1.0, -1.0)=   -3 ( -1.0, -1.0)=   -3 ( -1.0, -1.0)=   -3 ( -1.0, -1.0)=   -3 ( -1.0, -1.0)=   -3 ( -1.0, -1.0)=   -3 ( -1.0, -1.0)=   -3 ( -1.0, -1.0)=   -3 ( -1.0, -1.0)=   -3 ( -1.0, -1.0)=   -3 ( -1.0, -1.0)=   -3 ( -1.0, -1.0)=   -3 ( -1.0, -1.0)=   -3 ( -1.0, -1.0)=   -3 ( -1.0, -1.0)=   -3 ( -1.0, -1.0)=   -3 ( -1.0, -1.0)=   -3 ( -1.0, -1.0)=   -3 ( -1.0, -1.0)=   -3 ( -1.0, -1.0)=   -3 ( -1.0, -1.0)=   -3 ( -1.0, -1.0)=   -3 ( -1.0, -1.0)=   -3 ( -1.0, -1.0)=   -3 ( -1.0, -1.0)=   -3 ( -1.0, -1.0)=   -3 ( -1.0, -1.0)=   -3 ( -1.0, -1.0)=   -3 ( -1.0, -1.0)=   -3 ( -1.0, -1.0)=   -3 ( -1.0, -1.0)=   -3 ( -1.0, -1.0)=   -3 ( -1.0, -1.0)=   -3 ( -1.0, -1.0)=   -3 ( -1.0, -1.0)=   -3 ( -1.0, -1.0)=   -3 ( -1.0, -1.0)=   -3 ( -1.0, -1.0)=   -3 ( -1.0, -1.0)=   -3 ( -1.0, -1.0)=   -3 ( -1.0, -1.0)=   -3 ( -1.0, -1.0)=   -3 ( -1.0, -1.0)=   -3 ( -1.0, -1.0)=   -3 ( -1.0, -1.0)=   -3 ( -1.0, -1.0)=   -3 ( -1.0, -1.0)=   -3 ( -1.0, -1.0)=   -3 ( -1.0, -1.0)=   -3 ( -1.0, -1.0)=   -3 ( -1.0, -1.0)=   -3 ( -1.0, -1.0)=   -3 ( -1.0, -1.0)=   -3 ( -1.0, -1.0)=   -3 ( -1.0, -1.0)=   -3 ( -1.0, -1.0)=   -3 ( -1.0, -1.0)=   -3 ( -1.0, -1.0)=   -3 ( -1.0, -1.0)=   -3 ( -1.0, -1.0)=   -3 ( -1.0, -1.0)=   -3 ( -1.0, -1.0)=   -3 ( -1.0, -1.0)=   -3 ( -1.0, -1.0)=   -3 ( -1.0, -1.0)=   -3 ( -1.0, -1.0)=   -3 ( -1.0, -1.0)=   -3 ( -1.0, -1.0)=   -3 ( -1.0, -1.0)=   -3 ( -1.0, -1.0)=   -3 ( -1.0, -1.0)=   -3 ( -1.0, -1.0)=   -3 ( -1.0, -1.0)=   -3 ( -1.0, -1.0)=   -3 ( -1.0, -1.0)=   -3 ( -1.0, -1.0)=   -3 ( -1.0, -1.0)=   -3 ( -1.0, -1.0)=   -3 ( -1.0, -1.0)=   -3 ( -1.0, -1.0)=   -3 ( -1.0, -1.0)=   -3 ( -1.0, -1.0)=   -3 ( -1.0, -1.0)=   -3 ( -1.0, -1.0)=   -3 ( -1.0, -1.0)=   -3 ( -1.0, -1.0)=   -3 ( -1.0, -1.0)=   -3 ( -1.0, -1.0)=   -3 ( -1.0, -1.0)=   -3 ( -1.0, -1.0)=   -3 ( -1.0, -1.0)=   -3 ( -1.0, -1.0)=   -3 ( -1.0, -1.0)=   -3 ( -1.0, -1.0)=   -3 ( -1.0, -1.0)=   -3 ( -1.0, -1.0)=   -3 ( -1.0, -1.0)=   -3 ( -1.0, -1.0)=   -3 ( -1.0, -1.0)=   -3 ( -1.0, -1.0)=   -3 ( -1.0, -1.0)=   -3 ( -1.0, -1.0)=   -3 ( -1.0, -1.0)=   -3 ( -1.0, -1.0)=   -3 ( -1.0, -1.0)=   -3 ( -1.0, -1.0)=   -3 ( -1.0, -1.0)=   -3 ( -1.0, -1.0)=   -3 ( -1.0, -1.0)=   -3 ( -1.0, -1.0)=   -3 ( -1.0, -1.0)=   -3 ( -1.0, -1.0)=   -3 ( -1.0, -1.0)=   -3 ( -1.0, -1.0)=   -3 ( -1.0, -1.0)=   -3 ( -1.0, -1.0)=   -3 ( -1.0, -1.0)=   -3 ( -1.0, -1.0)=   -3 ( -1.0, -1.0)=   -3 ( -1.0, -1.0)=   -3 ( -1.0, -1.0)=   -3 ( -1.0, -1.0)=   -3 ( -1.0, -1.0)=   -3 ( -1.0, -1.0)=   -3 ( -1.0, -1.0)=   -3 ( -1.0, -1.0)=   -3 ( -1.0, -1.0)=   -3 ( -1.0, -1.0)=   -3 ( -1.0, -1.0)=   -3 ( -1.0, -1.0)=   -3 ( -1.0, -1.0)=   -3 ( -1.0, -1.0)=   -3 ( -1.0, -1.0)=   -3 ( -1.0, -1.0)=   -3 ( -1.0, -1.0)=   -3 ( -1.0, -1.0)=   -3 ( -1.0, -1.0)=   -3 ( -1.0, -1.0)=   -3 ( -1.0, -1.0)=   -3 ( -1.0, -1.0)=   -3 ( -1.0, -1.0)=   -3 ( -1.0, -1.0)=   -3 ( -1.0, -1.0)=   -3 ( -1.0, -1.0)=   -3 ( -1.0, -1.0)=   -3 ( -1.0, -1.0)=   -3 ( -1.0, -1.0)=   -3 ( -1.0, -1.0)=   -3 ( -1.0, -1.0)=   -3 ( -1.0, -1.0)=   -3 ( -1.0, -1.0)=   -3 ( -1.0, -1.0)=   -3 ( -1.0, -1.0)=   -3 ( -1.0, -1.0)=   -3 ( -1.0, -1.0)=   -3 ( -1.0, -1.0)=   -3 ( -1.0, -1.0)=   -3 ( -1.0, -1.0)=   -3 ( -1.0, -1.0)=   -3 ( -1.0, -1.0)=   -3 ( -1.0, -1.0)=   -3 ( -1.0, -1.0)=   -3 ( -1.0, -1.0)=   -3 ( -1.0, -1.0)=   -3 ( -1.0, -1.0)=   -3 ( -1.0, -1.0)=   -3 ( -1.0, -1.0)=   -3 ( -1.0, -1.0)=   -3 ( -1.0, -1.0)=   -3 ( -1.0, -1.0)=   -3 ( -1.0, -1.0)=   -3 ( -1.0, -1.0)=   -3 ( -1.0, -1.0)=   -3 ( -1.0, -1.0)=   -3 ( -1.0, -1.0)=   -3 ( -1.0, -1.0)=   -3 ( -1.0, -1.0)=   -3 ( -1.0, -1.0)=   -3 ( -1.0, -1.0)=   -3 ( -1.0, -1.0)=   -3 ( -1.0, -1.0)=   -3 ( -1.0, -1.0)=   -3 ( -1.0, -1.0)=   -3 ( -1.0, -1.0)=   -3 ( -1.0, -1.0)=   -3 ( -1.0, -1.0)=   -3 ( -1.0, -1.0)=   -3 ( -1.0, -1.0)=   -3 ( -1.0, -1.0)=   -3 ( -1.0, -1.0)=   -3 ( -1.0, -1.0)=   -3 ( -1.0, -1.0)=   -3 ( -1.0, -1.0)=   -3 ( -1.0, -1.0)=   -3 ( -1.0, -1.0)=   -3 ( -1.0, -1.0)=   -3 ( -1.0, -1.0)=   -3 ( -1.0, -1.0)=   -3 ( -1.0, -1.0)=   -3 ( -1.0, -1.0)=   -3 ( -1.0, -1.0)=   -3 ( -1.0, -1.0)=   -3 ( -1.0, -1.0)=   -3 ( -1.0, -1.0)=   -3 ( -1.0, -1.0)=   -3 ( -1.0, -1.0)=   -3 ( -1.0, -1.0)=   -3 ( -1.0, -1.0)=   -3 ( -1.0, -1.0)=   -3 ( -1.0, -1.0)=   -3 ( -1.0, -1.0)=   -3 ( -1.0, -1.0)=   -3 ( -1.0, -1.0)=   -3 ( -1.0, -1.0)=   -3 ( -1.0, -1.0)=   -3 ( -1.0, -1.0)=   -3 ( -1.0, -1.0)=   -3 ( -1.0, -1.0)=   -3 ( -1.0, -1.0)=   -3 ( -1.0, -1.0)=   -3 ( -1.0, -1.0)=   -3 ( -1.0, -1.0)=   -3 ( -1.0, -1.0)=   -3 ( -1.0, -1.0)=   -3 ( -1.0, -1.0)=   -3 ( -1.0, -1.0)=   -3 ( -1.0, -1.0)=   -3 ( -1.0, -1.0)=   -3 ( -1.0, -1.0)=   -3 ( -1.0, -1.0)=   -3 ( -1.0, -1.0)=   -3 ( -1.0, -1.0)=   -3 ( -1.0, -1.0)=   -3 ( -1.0, -1.0)=   -3 ( -1.0, -1.0)=   -3 ( -1.0, -1.0)=   -3 ( -1.0, -1.0)=   -3 ( -1.0, -1.0)=   -3 ( -1.0, -1.0)=   -3 ( -1.0, -1.0)=   -3 ( -1.0, -1.0)=   -3 ( -1.0, -1.0)=   -3 
     22 | (239.0,593.0)=26597 (239.4,593.3)=    0 (240.0,593.6)=    0 (240.4,593.5)=    0 (240.8,593.5)=    0 (241.3,593.5)=    0 (241.7,593.3)=    0 (242.0,593.4)=    0 (242.3,593.6)=    0 (242.8,593.6)=    0 (243.4,593.8)=    0 (243.6,593.9)=    0 (244.2,593.6)=    0 (244.6,593.4)=    0 (245.0,593.1)=    0 (245.4,592.6)=    0 (245.8,592.2)=    0 (246.1,591.9)=    0 (246.4,591.5)=    0 (246.4,591.0)=    0 (246.4,590.8)=    0 (246.3,590.6)=    0 (246.4,590.5)=    0 (246.6,590.4)=    0 (246.8,590.4)=    0 (246.9,590.3)=    0 (247.2,590.0)=    0 (247.6,590.0)=    0 (248.1,590.0)=    0 (248.6,590.0)=    0 (249.3,589.9)=    0 (249.9,589.8)=    0 (250.9,589.6)=    0 (251.7,589.6)=    0 (252.5,589.7)=    0 (253.1,589.8)=    0 (253.6,590.1)=    0 (254.1,590.2)=    0 (254.6,590.4)=    0 (255.1,590.4)=    0 (255.6,590.4)=    0 (256.1,590.6)=    0 (256.4,590.7)=    0 (256.8,591.0)=    0 (257.1,591.2)=    0 (257.7,591.1)=    0 (258.3,591.1)=    0 (258.6,591.0)=    0 (259.0,591.3)=    0 (259.6,591.6)=    0 (259.7,591.9)=    0 (259.9,592.4)=    0 (260.3,592.5)=    0 (260.6,592.8)=    0 (261.1,592.9)=    0 (261.5,592.8)=    0 (261.8,592.7)=    0 (262.2,592.7)=    0 (262.5,592.5)=    0 (262.6,592.0)=    0 (262.8,592.2)=    0 (263.0,592.3)=    0 (263.2,592.1)=    0 (263.4,592.2)=    0 (263.7,592.1)=    0 (263.7,591.8)=    0 (264.0,591.9)=    0 (264.2,592.2)=    0 (264.5,592.3)=    0 (264.7,592.6)=    0 (265.2,592.9)=    0 (265.5,593.0)=    0 (266.0,593.4)=    0 (266.4,593.3)=    0 (266.8,593.1)=    0 (267.3,593.0)=    0 (267.9,592.9)=    0 (268.3,592.9)=    0 (268.9,593.1)=    0 (269.4,593.3)=    0 (269.7,593.4)=    0 (270.2,593.7)=    0 (270.6,593.8)=    0 (270.8,593.8)=    0 (271.2,593.9)=    0 (271.4,593.9)=    0 (271.9,593.8)=    0 (272.2,593.9)=    0 (272.4,594.1)=    0 (272.7,594.0)=    0 (273.1,594.0)=    0 (273.6,593.9)=    0 (274.1,593.9)=    0 (274.5,593.8)=    0 (275.0,593.5)=    0 (275.1,593.5)=    0 (275.4,593.7)=    0 (275.6,594.0)=    0 (276.1,594.4)=    0 (276.4,594.7)=    0 (276.8,594.9)=    0 (277.3,595.2)=    0 (277.7,595.4)=    0 (278.0,595.6)=    0 (278.6,595.8)=    0 (278.9,596.1)=    0 (279.4,596.5)=    0 (279.9,596.6)=    0 (280.4,596.9)=    0 (281.1,597.1)=    0 (281.6,597.3)=    0 (282.1,597.5)=    0 (282.5,597.7)=    0 (283.2,598.3)=    0 (283.9,598.8)=    0 (284.5,599.1)=    0 (285.2,599.3)=    0 (285.8,599.4)=    0 (286.3,599.1)=    0 (286.8,599.2)=    0 (287.4,599.3)=    0 (288.0,599.2)=    0 (288.7,599.3)=    0 (289.5,599.5)=    0 (290.5,599.5)=    0 (291.3,599.6)=    0 (291.8,599.6)=    0 (292.8,599.5)=    0 (293.5,599.2)=    0 (294.0,599.2)=    0 (294.4,599.1)=    0 (294.9,599.1)=    0 (295.4,599.1)=    0 (295.9,599.1)=    0 (296.3,598.8)=    0 (296.6,598.6)=    0 (296.9,598.1)=    0 (297.4,597.9)=    0 (297.9,597.7)=    0 (298.4,597.5)=    0 (299.1,597.5)=    0 (299.7,597.6)=    0 (300.4,597.6)=    0 (300.8,597.6)=    0 (301.6,597.7)=    0 (302.4,597.6)=    0 (303.3,597.6)=    0 (304.2,597.9)=    0 (304.9,598.4)=    0 (305.7,598.9)=    0 (306.7,599.5)=    0 (307.4,599.8)=    0 (308.2,600.1)=    0 (308.9,600.6)=    0 (309.6,601.2)=    0 (310.5,602.0)=    0 (311.5,602.6)=    0 (312.3,603.3)=    0 (313.1,604.2)=    0 (313.8,604.7)=    0 (314.2,604.9)=    0 (314.3,605.0)=    0 (314.6,604.9)=    0 (314.7,604.7)=    0 (314.9,604.7)=    0 (315.2,604.7)=    0 (315.6,605.1)=    0 (316.1,605.3)=    0 (316.4,605.4)=    0 (316.8,605.7)=    0 (317.1,605.9)=    0 (317.4,606.2)=    0 (318.0,606.3)=    0 (318.5,606.7)=    0 (319.0,607.2)=    0 (319.5,607.6)=    0 (320.0,608.1)=    0 (320.7,608.5)=    0 (321.1,609.0)=    0 (321.6,609.1)=    0 (321.9,609.3)=    0 (322.2,609.4)=    0 (322.5,609.5)=    0 (322.8,609.6)=    0 (322.9,609.9)=    0 (323.1,610.2)=    0 (323.4,610.3)=    0 (323.6,610.4)=    0 (323.8,610.4)=    0 (324.0,610.6)=    0 (324.2,610.5)=    0 (324.5,610.7)=    0 (324.7,610.7)=    0 (325.2,610.8)=    0 (325.6,610.7)=    0 (325.9,610.7)=    0 (326.4,610.7)=    0 (326.5,610.7)=    0 (326.8,610.7)=    0 (327.0,610.9)=    0 (327.1,611.1)=    0 (327.3,611.3)=    0 (327.5,611.2)=    0 (327.6,611.3)=    0 (327.8,611.3)=    0 (328.0,611.4)=    0 (328.1,611.6)=    0 (328.3,611.6)=    0 (328.5,611.8)=    0 (328.8,612.1)=    0 (329.1,612.1)=    0 (329.4,612.2)=    0 (329.7,612.4)=    0 (330.1,612.4)=    0 (330.4,612.3)=    0 (330.9,612.4)=    0 (331.3,612.3)=    0 (331.8,612.4)=    0 (332.0,612.6)=    0 (332.5,612.6)=    0 (333.0,612.6)=    0 (333.2,612.6)=    0 (333.7,612.6)=    0 (333.9,612.4)=    0 (334.0,612.4)=    0 (334.5,612.6)=    0 (334.6,612.6)=    0 (334.8,612.9)=    0 (335.1,612.9)=    0 (335.4,612.8)=    0 (335.7,612.8)=    0 (335.8,612.8)=    0 (336.2,612.5)=    0 (336.7,612.7)=    0 (337.1,613.0)=    0 (337.6,613.0)=    0 (338.2,613.1)=    0 (338.6,613.2)=    0 (339.2,613.2)=    0 (339.8,613.2)=    0 (340.5,613.3)=    0 (341.2,613.2)=    0 (341.4,613.2)=    0 (341.8,613.4)=    0 (342.3,613.4)=    0 (342.8,613.6)=    0 (343.3,613.7)=    0 (343.8,613.6)=    0 (344.4,613.9)=    0 (344.8,613.9)=    0 (345.4,613.9)=    0 (346.2,614.2)=    0 (346.6,614.3)=    0 (347.4,614.3)=    0 (348.0,614.4)=    0 (348.6,614.5)=    0 (349.2,614.4)=    0 (349.9,614.4)=    0 (350.3,614.4)=    0 (350.7,614.4)=    0 (351.5,614.3)=    0 (352.2,614.3)=    0 (352.7,614.3)=    0 (353.5,614.3)=    0 (354.2,614.1)=    0 (354.9,613.8)=    0 (355.6,613.6)=    0 (356.1,613.2)=    0 (356.8,613.1)=    0 (357.4,612.9)=    0 (357.7,612.8)=    0 (358.3,612.9)=    0 (358.9,613.1)=    0 (359.4,613.1)=    0 (359.8,613.1)=    0 (360.3,612.8)=    0 (361.1,612.8)=    0 (361.9,612.5)=    0 (362.6,612.6)=    0 (363.6,612.6)=    0 (364.5,612.6)=    0 
     23 | ( 68.0,593.0)=26363 ( 68.4,593.3)=    0 ( 69.0,593.4)=    0 ( 69.5,593.2)=    0 ( 69.7,593.1)=    0 ( 70.4,593.1)=    0 ( 70.9,592.9)=    0 ( 71.0,593.0)=    0 ( 71.5,593.2)=    0 ( 71.9,593.2)=    0 ( 72.4,593.3)=    0 ( 72.8,593.2)=    0 ( 73.3,592.9)=    0 ( 73.7,592.5)=    0 ( 73.9,592.3)=    0 ( 74.5,591.8)=    0 ( 74.7,591.4)=    0 ( 75.1,591.0)=    0 ( 75.5,590.5)=    0 ( 75.5,590.0)=    0 ( 75.4,589.8)=    0 ( 75.5,589.6)=    0 ( 75.5,589.4)=    0 ( 75.7,589.2)=    0 ( 75.8,589.1)=    0 ( 76.2,589.0)=    0 ( 76.5,588.6)=    0 ( 76.8,588.5)=    0 ( 77.3,588.5)=    0 ( 77.9,588.4)=    0 ( 78.6,588.3)=    0 ( 79.5,588.0)=    0 ( 80.2,587.7)=    0 ( 81.1,587.8)=    0 ( 81.9,587.9)=    0 ( 82.6,587.9)=    0 ( 83.2,588.0)=    0 ( 83.7,588.1)=    0 ( 84.3,588.2)=    0 ( 84.8,588.2)=    0 ( 85.5,588.2)=    0 ( 85.8,588.3)=    0 ( 86.1,588.4)=    0 ( 86.6,588.5)=    0 ( 87.1,588.5)=    0 ( 87.8,588.4)=    0 ( 88.4,588.4)=    0 ( 88.6,588.4)=    0 ( 89.0,588.6)=    0 ( 89.5,588.7)=    0 ( 89.6,589.0)=    0 ( 89.9,589.4)=    0 ( 90.4,589.6)=    0 ( 90.6,589.8)=    0 ( 91.2,589.8)=    0 ( 91.6,589.5)=    0 ( 91.8,589.5)=    0 ( 92.1,589.5)=    0 ( 92.4,589.2)=    0 ( 93.1,588.7)=    0 ( 93.1,589.0)=    0 ( 93.4,589.1)=    0 ( 93.8,588.7)=    0 ( 93.8,588.8)=    0 ( 94.1,588.8)=    0 ( 94.0,588.5)=    0 ( 94.2,588.7)=    0 ( 94.6,588.8)=    0 ( 95.0,588.9)=    0 ( 95.2,589.2)=    0 ( 95.5,589.4)=    0 ( 95.8,589.6)=    0 ( 96.3,589.8)=    0 ( 96.9,589.7)=    0 ( 97.3,589.4)=    0 ( 97.9,589.4)=    0 ( 98.3,589.3)=    0 ( 98.7,589.2)=    0 ( 99.3,589.4)=    0 ( 99.8,589.5)=    0 (100.1,589.7)=    0 (100.6,589.8)=    0 (101.1,589.9)=    0 (101.4,589.9)=    0 (101.6,589.9)=    0 (102.0,590.0)=    0 (102.5,589.8)=    0 (102.7,590.0)=    0 (103.0,590.1)=    0 (103.2,590.0)=    0 (103.7,590.0)=    0 (104.1,589.9)=    0 (104.5,589.8)=    0 (104.9,589.8)=    0 (105.2,589.5)=    0 (105.4,589.7)=    0 (105.8,589.7)=    0 (106.1,590.0)=    0 (106.6,590.3)=    0 (107.0,590.5)=    0 (107.4,590.7)=    0 (108.0,590.8)=    0 (108.4,591.1)=    0 (108.9,591.2)=    0 (109.3,591.4)=    0 (109.8,591.6)=    0 (110.2,591.9)=    0 (110.7,592.2)=    0 (111.2,592.4)=    0 (111.9,592.7)=    0 (112.4,592.9)=    0 (112.8,592.9)=    0 (113.3,593.2)=    0 (113.8,593.6)=    0 (114.6,594.1)=    0 (115.3,594.1)=    0 (116.0,594.5)=    0 (116.6,594.5)=    0 (117.0,594.1)=    0 (117.5,594.1)=    0 (118.0,594.1)=    0 (118.7,594.0)=    0 (119.3,594.1)=    0 (120.1,594.1)=    0 (121.0,594.2)=    0 (121.7,594.2)=    0 (122.3,594.2)=    0 (123.2,593.7)=    0 (123.9,593.6)=    0 (124.5,593.5)=    0 (124.9,593.4)=    0 (125.5,593.3)=    0 (125.9,593.2)=    0 (126.3,593.1)=    0 (126.7,592.8)=    0 (127.0,592.3)=    0 (127.2,591.9)=    0 (127.7,591.7)=    0 (128.2,591.4)=    0 (128.9,591.1)=    0 (129.6,591.2)=    0 (130.1,591.2)=    0 (131.0,591.1)=    0 (131.3,591.0)=    0 (132.1,591.1)=    0 (133.1,591.0)=    0 (133.8,590.8)=    0 (134.5,591.1)=    0 (135.3,591.5)=    0 (136.2,591.9)=    0 (137.1,592.4)=    0 (138.0,592.6)=    0 (138.7,592.8)=    0 (139.4,593.3)=    0 (140.2,593.8)=    0 (141.2,594.5)=    0 (142.1,594.9)=    0 (142.9,595.6)=    0 (143.7,596.4)=    0 (144.4,596.7)=    0 (145.0,597.0)=    0 (145.2,597.0)=    0 (145.4,596.8)=    0 (145.4,596.7)=    0 (145.7,596.7)=    0 (146.1,596.7)=    0 (146.4,597.0)=    0 (146.8,597.2)=    0 (147.1,597.5)=    0 (147.5,597.5)=    0 (147.8,597.5)=    0 (148.3,597.5)=    0 (148.8,597.8)=    0 (149.3,598.1)=    0 (149.8,598.5)=    0 (150.2,598.8)=    0 (150.9,599.4)=    0 (151.4,599.7)=    0 (151.9,600.0)=    0 (152.3,600.0)=    0 (152.5,600.1)=    0 (152.7,600.2)=    0 (153.2,600.3)=    0 (153.3,600.4)=    0 (153.6,600.6)=    0 (153.8,600.7)=    0 (154.0,600.7)=    0 (154.3,600.8)=    0 (154.4,600.9)=    0 (154.6,601.0)=    0 (154.8,600.9)=    0 (155.0,601.1)=    0 (155.2,601.1)=    0 (155.7,601.1)=    0 (156.1,601.1)=    0 (156.3,601.0)=    0 (156.6,600.9)=    0 (156.8,600.9)=    0 (157.2,600.9)=    0 (157.3,601.1)=    0 (157.4,601.3)=    0 (157.6,601.4)=    0 (157.6,601.3)=    0 (157.9,601.4)=    0 (158.1,601.4)=    0 (158.2,601.4)=    0 (158.4,601.6)=    0 (158.6,601.6)=    0 (158.8,601.8)=    0 (159.0,601.9)=    0 (159.4,602.0)=    0 (159.7,602.1)=    0 (160.0,602.1)=    0 (160.5,602.0)=    0 (160.8,601.9)=    0 (161.0,601.9)=    0 (161.7,601.8)=    0 (162.1,601.9)=    0 (162.4,602.0)=    0 (162.6,602.0)=    0 (163.2,602.0)=    0 (163.5,601.9)=    0 (163.7,601.9)=    0 (164.0,601.7)=    0 (164.2,601.7)=    0 (164.7,601.8)=    0 (164.7,601.9)=    0 (165.1,602.1)=    0 (165.5,602.1)=    0 (165.7,601.9)=    0 (166.0,601.9)=    0 (166.3,601.8)=    0 (166.8,601.7)=    0 (167.1,602.0)=    0 (167.7,602.0)=    0 (168.2,602.0)=    0 (168.7,602.1)=    0 (169.2,602.2)=    0 (169.7,602.2)=    0 (170.3,602.1)=    0 (171.0,602.0)=    0 (171.4,601.8)=    0 (171.7,601.8)=    0 (172.2,602.1)=    0 (172.7,602.0)=    0 (173.2,602.3)=    0 (173.7,602.3)=    0 (174.4,602.2)=    0 (174.6,602.3)=    0 (175.1,602.3)=    0 (175.8,602.3)=    0 (176.4,602.5)=    0 (176.9,602.6)=    0 (177.5,602.5)=    0 (178.1,602.5)=    0 (178.9,602.5)=    0 (179.5,602.3)=    0 (180.1,602.3)=    0 (180.5,602.2)=    0 (181.0,602.0)=    0 (181.7,602.0)=    0 (182.3,601.9)=    0 (182.8,601.9)=    0 (183.6,601.8)=    0 (184.3,601.5)=    0 (184.7,601.2)=    0 (185.5,601.0)=    0 (186.0,600.5)=    0 (186.7,600.5)=    0 (187.2,600.3)=    0 (187.5,600.2)=    0 (188.0,600.2)=    0 (188.4,600.3)=    0 (188.8,600.2)=    0 (189.4,600.2)=    0 (190.1,600.0)=    0 (190.8,599.7)=    0 (191.5,599.5)=    0 (192.2,599.5)=    0 (193.2,599.6)=    0 (194.1,599.6)=    0 
     24 | ( 39.0,588.0)=26038 ( 39.2,588.3)=    0 ( 39.9,588.4)=    0 ( 40.4,588.2)=    0 ( 40.7,588.2)=    0 ( 41.4,588.1)=    0 ( 41.9,587.8)=    0 ( 42.1,587.9)=    0 ( 42.6,588.2)=    0 ( 43.1,588.2)=    0 ( 43.5,588.2)=    0 ( 43.8,588.1)=    0 ( 44.3,587.9)=    0 ( 44.8,587.4)=    0 ( 45.0,587.1)=    0 ( 45.5,586.7)=    0 ( 45.8,586.3)=    0 ( 46.3,585.7)=    0 ( 46.5,585.2)=    0 ( 46.5,584.7)=    0 ( 46.5,584.5)=    0 ( 46.5,584.3)=    0 ( 46.7,584.0)=    0 ( 46.8,583.9)=    0 ( 46.8,583.8)=    0 ( 47.2,583.7)=    0 ( 47.6,583.3)=    0 ( 47.9,583.3)=    0 ( 48.4,583.2)=    0 ( 49.0,583.1)=    0 ( 49.7,582.9)=    0 ( 50.6,582.7)=    0 ( 51.3,582.4)=    0 ( 52.3,582.5)=    0 ( 53.0,582.5)=    0 ( 53.8,582.5)=    0 ( 54.3,582.6)=    0 ( 54.8,582.5)=    0 ( 55.5,582.7)=    0 ( 55.9,582.7)=    0 ( 56.6,582.7)=    0 ( 57.1,582.7)=    0 ( 57.3,582.8)=    0 ( 57.8,583.0)=    0 ( 58.4,583.0)=    0 ( 58.9,582.8)=    0 ( 59.6,582.8)=    0 ( 59.7,582.8)=    0 ( 60.2,582.9)=    0 ( 60.5,583.1)=    0 ( 60.6,583.4)=    0 ( 60.9,583.8)=    0 ( 61.4,583.9)=    0 ( 61.7,584.2)=    0 ( 62.4,584.2)=    0 ( 62.7,583.9)=    0 ( 62.9,583.9)=    0 ( 63.3,583.8)=    0 ( 63.5,583.6)=    0 ( 64.2,583.1)=    0 ( 64.3,583.5)=    0 ( 64.5,583.5)=    0 ( 64.9,583.3)=    0 ( 64.9,583.3)=    0 ( 65.1,583.2)=    0 ( 65.1,583.0)=    0 ( 65.3,583.2)=    0 ( 65.7,583.3)=    0 ( 66.0,583.5)=    0 ( 66.4,583.8)=    0 ( 66.8,584.1)=    0 ( 67.1,584.2)=    0 ( 67.5,584.4)=    0 ( 68.1,584.3)=    0 ( 68.6,584.1)=    0 ( 69.1,583.9)=    0 ( 69.6,583.8)=    0 ( 70.0,583.9)=    0 ( 70.5,584.0)=    0 ( 71.0,584.1)=    0 ( 71.4,584.3)=    0 ( 71.8,584.4)=    0 ( 72.3,584.5)=    0 ( 72.5,584.5)=    0 ( 72.8,584.6)=    0 ( 73.3,584.6)=    0 ( 73.6,584.5)=    0 ( 73.8,584.6)=    0 ( 74.1,584.7)=    0 ( 74.4,584.7)=    0 ( 74.7,584.6)=    0 ( 75.2,584.6)=    0 ( 75.5,584.5)=    0 ( 76.1,584.4)=    0 ( 76.5,584.1)=    0 ( 76.6,584.3)=    0 ( 77.0,584.4)=    0 ( 77.3,584.7)=    0 ( 77.8,584.9)=    0 ( 78.3,585.2)=    0 ( 78.7,585.4)=    0 ( 79.1,585.5)=    0 ( 79.5,585.7)=    0 ( 80.0,585.9)=    0 ( 80.6,586.0)=    0 ( 81.0,586.2)=    0 ( 81.4,586.6)=    0 ( 81.9,586.7)=    0 ( 82.4,587.0)=    0 ( 83.1,587.3)=    0 ( 83.6,587.6)=    0 ( 84.0,587.7)=    0 ( 84.5,588.0)=    0 ( 85.0,588.5)=    0 ( 85.8,588.8)=    0 ( 86.5,588.9)=    0 ( 87.3,589.2)=    0 ( 88.0,589.1)=    0 ( 88.4,588.8)=    0 ( 88.7,588.8)=    0 ( 89.5,588.9)=    0 ( 90.1,588.8)=    0 ( 90.8,588.8)=    0 ( 91.5,588.9)=    0 ( 92.4,588.9)=    0 ( 93.0,588.9)=    0 ( 93.6,588.8)=    0 ( 94.5,588.5)=    0 ( 95.4,588.3)=    0 ( 96.0,588.1)=    0 ( 96.4,587.9)=    0 ( 96.9,587.9)=    0 ( 97.4,587.8)=    0 ( 97.7,587.7)=    0 ( 98.2,587.5)=    0 ( 98.5,586.9)=    0 ( 98.6,586.6)=    0 ( 99.0,586.4)=    0 ( 99.6,586.1)=    0 (100.1,585.8)=    0 (100.9,585.8)=    0 (101.6,585.8)=    0 (102.3,585.7)=    0 (102.6,585.7)=    0 (103.5,585.8)=    0 (104.4,585.6)=    0 (105.0,585.5)=    0 (105.8,585.8)=    0 (106.7,586.2)=    0 (107.6,586.6)=    0 (108.5,587.1)=    0 (109.3,587.4)=    0 (110.0,587.7)=    0 (110.8,588.0)=    0 (111.6,588.6)=    0 (112.6,589.2)=    0 (113.6,589.7)=    0 (114.4,590.4)=    0 (115.2,591.1)=    0 (116.0,591.5)=    0 (116.6,591.8)=    0 (116.8,591.7)=    0 (117.0,591.4)=    0 (117.0,591.3)=    0 (117.3,591.2)=    0 (117.8,591.2)=    0 (117.9,591.6)=    0 (118.3,591.8)=    0 (118.7,591.9)=    0 (119.2,592.1)=    0 (119.6,592.1)=    0 (120.0,592.2)=    0 (120.4,592.3)=    0 (121.0,592.7)=    0 (121.5,593.1)=    0 (122.0,593.5)=    0 (122.5,593.9)=    0 (123.0,594.2)=    0 (123.5,594.5)=    0 (124.0,594.5)=    0 (124.2,594.5)=    0 (124.5,594.7)=    0 (124.8,594.8)=    0 (125.0,594.9)=    0 (125.3,595.1)=    0 (125.4,595.2)=    0 (125.7,595.2)=    0 (125.9,595.3)=    0 (126.0,595.4)=    0 (126.3,595.4)=    0 (126.5,595.4)=    0 (126.7,595.7)=    0 (127.0,595.7)=    0 (127.5,595.7)=    0 (127.8,595.7)=    0 (128.1,595.6)=    0 (128.4,595.6)=    0 (128.6,595.6)=    0 (129.1,595.6)=    0 (129.1,595.8)=    0 (129.1,596.0)=    0 (129.4,596.0)=    0 (129.4,596.0)=    0 (129.7,596.1)=    0 (129.9,596.1)=    0 (130.0,596.1)=    0 (130.3,596.3)=    0 (130.5,596.3)=    0 (130.7,596.5)=    0 (131.0,596.7)=    0 (131.3,596.7)=    0 (131.7,596.7)=    0 (132.1,596.6)=    0 (132.5,596.4)=    0 (132.8,596.4)=    0 (133.0,596.4)=    0 (133.5,596.4)=    0 (134.1,596.6)=    0 (134.3,596.6)=    0 (134.6,596.6)=    0 (135.1,596.5)=    0 (135.5,596.4)=    0 (135.9,596.4)=    0 (136.1,596.0)=    0 (136.3,596.1)=    0 (136.6,596.1)=    0 (136.8,596.3)=    0 (137.1,596.5)=    0 (137.5,596.4)=    0 (137.8,596.3)=    0 (137.9,596.3)=    0 (138.4,596.1)=    0 (138.9,595.9)=    0 (139.2,596.3)=    0 (139.7,596.3)=    0 (140.3,596.3)=    0 (140.7,596.4)=    0 (141.3,596.4)=    0 (142.0,596.3)=    0 (142.5,596.3)=    0 (143.1,596.3)=    0 (143.6,595.9)=    0 (143.9,596.0)=    0 (144.4,596.1)=    0 (145.1,596.2)=    0 (145.3,596.4)=    0 (146.1,596.4)=    0 (146.6,596.3)=    0 (146.8,596.4)=    0 (147.6,596.4)=    0 (148.1,596.4)=    0 (148.8,596.6)=    0 (149.3,596.6)=    0 (149.8,596.6)=    0 (150.5,596.6)=    0 (151.3,596.7)=    0 (151.8,596.6)=    0 (152.4,596.6)=    0 (152.8,596.4)=    0 (153.3,596.3)=    0 (154.0,596.3)=    0 (154.7,596.1)=    0 (155.4,596.1)=    0 (156.0,596.0)=    0 (156.6,595.7)=    0 (157.1,595.5)=    0 (157.9,595.1)=    0 (158.5,594.6)=    0 (159.2,594.6)=    0 (159.7,594.4)=    0 (160.0,594.3)=    0 (160.5,594.3)=    0 (161.0,594.3)=    0 (161.4,594.4)=    0 (161.9,594.2)=    0 (162.4,593.9)=    0 (163.2,593.7)=    0 (163.9,593.6)=    0 (164.6,593.5)=    0 (165.6,593.5)=    0 (166.6,593.5)=    0 
     25 | (159.0,608.0)=25796 (159.3,608.3)=    0 (159.9,608.5)=    0 (160.3,608.4)=    0 (160.7,608.4)=    0 (161.2,608.4)=    0 (161.7,608.1)=    0 (161.9,608.2)=    0 (162.3,608.4)=    0 (162.7,608.4)=    0 (163.2,608.6)=    0 (163.6,608.5)=    0 (164.0,608.3)=    0 (164.5,608.0)=    0 (164.8,607.7)=    0 (165.3,607.3)=    0 (165.6,606.8)=    0 (166.0,606.4)=    0 (166.1,605.9)=    0 (166.3,605.5)=    0 (166.2,605.3)=    0 (166.3,605.0)=    0 (166.4,604.8)=    0 (166.5,604.8)=    0 (166.6,604.7)=    0 (166.8,604.6)=    0 (167.1,604.2)=    0 (167.4,604.2)=    0 (167.9,604.2)=    0 (168.4,604.2)=    0 (169.1,604.1)=    0 (169.8,603.9)=    0 (170.7,603.6)=    0 (171.6,603.7)=    0 (172.4,603.7)=    0 (172.9,603.8)=    0 (173.5,604.0)=    0 (174.1,604.0)=    0 (174.5,604.2)=    0 (175.0,604.2)=    0 (175.5,604.3)=    0 (176.0,604.4)=    0 (176.3,604.5)=    0 (176.7,604.6)=    0 (177.2,604.6)=    0 (177.8,604.6)=    0 (178.4,604.6)=    0 (178.6,604.6)=    0 (179.1,604.7)=    0 (179.6,605.0)=    0 (179.6,605.4)=    0 (179.9,605.8)=    0 (180.2,605.8)=    0 (180.6,606.2)=    0 (181.2,606.2)=    0 (181.6,606.0)=    0 (181.9,605.9)=    0 (182.2,605.9)=    0 (182.4,605.7)=    0 (182.8,605.2)=    0 (182.9,605.5)=    0 (183.1,605.6)=    0 (183.4,605.3)=    0 (183.6,605.3)=    0 (183.9,605.3)=    0 (183.9,605.1)=    0 (184.0,605.2)=    0 (184.3,605.5)=    0 (184.5,605.5)=    0 (185.0,605.9)=    0 (185.3,606.2)=    0 (185.6,606.2)=    0 (186.1,606.5)=    0 (186.7,606.4)=    0 (187.1,606.2)=    0 (187.6,606.1)=    0 (188.1,606.0)=    0 (188.6,606.0)=    0 (189.2,606.3)=    0 (189.7,606.3)=    0 (189.9,606.5)=    0 (190.6,606.7)=    0 (191.0,606.7)=    0 (191.3,606.7)=    0 (191.3,606.8)=    0 (191.6,606.8)=    0 (192.2,606.7)=    0 (192.3,606.8)=    0 (192.5,607.0)=    0 (192.9,606.8)=    0 (193.3,606.8)=    0 (193.8,606.7)=    0 (194.2,606.6)=    0 (194.7,606.5)=    0 (195.1,606.3)=    0 (195.2,606.5)=    0 (195.5,606.6)=    0 (195.8,606.8)=    0 (196.4,607.2)=    0 (196.6,607.4)=    0 (197.1,607.6)=    0 (197.6,607.8)=    0 (198.1,608.0)=    0 (198.4,608.2)=    0 (199.0,608.4)=    0 (199.2,608.6)=    0 (199.7,609.0)=    0 (200.3,609.2)=    0 (200.7,609.5)=    0 (201.3,609.7)=    0 (201.9,610.1)=    0 (202.3,610.1)=    0 (202.6,610.4)=    0 (203.2,610.9)=    0 (204.0,611.4)=    0 (204.8,611.6)=    0 (205.5,611.9)=    0 (206.0,611.9)=    0 (206.5,611.6)=    0 (207.0,611.6)=    0 (207.5,611.6)=    0 (208.2,611.6)=    0 (208.8,611.6)=    0 (209.6,611.7)=    0 (210.6,611.9)=    0 (211.2,611.9)=    0 (211.8,611.9)=    0 (212.8,611.7)=    0 (213.4,611.5)=    0 (214.0,611.4)=    0 (214.5,611.3)=    0 (215.0,611.3)=    0 (215.5,611.3)=    0 (215.8,611.0)=    0 (216.2,610.9)=    0 (216.4,610.5)=    0 (216.6,610.1)=    0 (217.1,609.9)=    0 (217.6,609.6)=    0 (218.2,609.4)=    0 (218.8,609.3)=    0 (219.6,609.4)=    0 (220.2,609.3)=    0 (220.6,609.3)=    0 (221.4,609.4)=    0 (222.2,609.4)=    0 (223.1,609.2)=    0 (223.8,609.6)=    0 (224.6,609.9)=    0 (225.6,610.3)=    0 (226.4,610.9)=    0 (227.1,611.3)=    0 (227.9,611.7)=    0 (228.5,612.0)=    0 (229.4,612.6)=    0 (230.3,613.3)=    0 (231.3,613.7)=    0 (232.0,614.6)=    0 (232.8,615.4)=    0 (233.6,615.9)=    0 (234.1,616.1)=    0 (234.3,616.2)=    0 (234.5,615.9)=    0 (234.5,615.9)=    0 (234.8,615.9)=    0 (235.3,615.8)=    0 (235.5,616.1)=    0 (236.0,616.4)=    0 (236.3,616.6)=    0 (236.7,616.9)=    0 (237.0,616.9)=    0 (237.5,617.0)=    0 (237.8,617.3)=    0 (238.4,617.6)=    0 (238.9,618.1)=    0 (239.3,618.5)=    0 (240.1,619.0)=    0 (240.5,619.3)=    0 (241.0,619.6)=    0 (241.3,619.7)=    0 (241.6,619.7)=    0 (242.0,620.0)=    0 (242.3,620.1)=    0 (242.6,620.2)=    0 (242.8,620.5)=    0 (243.1,620.7)=    0 (243.3,620.7)=    0 (243.6,620.8)=    0 (243.7,620.9)=    0 (243.9,621.0)=    0 (244.1,621.0)=    0 (244.3,621.2)=    0 (244.6,621.2)=    0 (245.1,621.2)=    0 (245.4,621.3)=    0 (245.8,621.1)=    0 (246.1,621.0)=    0 (246.2,621.1)=    0 (246.5,621.2)=    0 (246.7,621.3)=    0 (246.7,621.5)=    0 (247.0,621.6)=    0 (247.1,621.6)=    0 (247.3,621.7)=    0 (247.5,621.7)=    0 (247.7,621.8)=    0 (247.9,622.0)=    0 (248.0,622.0)=    0 (248.2,622.2)=    0 (248.4,622.4)=    0 (248.8,622.5)=    0 (249.1,622.5)=    0 (249.5,622.6)=    0 (250.0,622.5)=    0 (250.2,622.5)=    0 (250.4,622.5)=    0 (250.9,622.4)=    0 (251.5,622.5)=    0 (251.7,622.7)=    0 (252.2,622.7)=    0 (252.7,622.7)=    0 (252.9,622.5)=    0 (253.3,622.5)=    0 (253.6,622.3)=    0 (253.8,622.3)=    0 (254.0,622.4)=    0 (254.3,622.5)=    0 (254.5,622.7)=    0 (254.8,622.6)=    0 (255.2,622.5)=    0 (255.4,622.6)=    0 (255.6,622.5)=    0 (256.1,622.3)=    0 (256.6,622.6)=    0 (257.0,622.7)=    0 (257.5,622.7)=    0 (258.0,622.9)=    0 (258.5,622.9)=    0 (259.2,622.8)=    0 (259.6,622.8)=    0 (260.3,622.8)=    0 (260.9,622.6)=    0 (261.2,622.6)=    0 (261.5,622.7)=    0 (262.2,622.8)=    0 (262.5,623.1)=    0 (263.1,623.1)=    0 (263.7,622.9)=    0 (264.0,623.2)=    0 (264.6,623.2)=    0 (265.3,623.3)=    0 (266.0,623.5)=    0 (266.4,623.6)=    0 (267.1,623.6)=    0 (267.7,623.6)=    0 (268.4,623.7)=    0 (269.0,623.6)=    0 (269.5,623.5)=    0 (269.9,623.5)=    0 (270.3,623.4)=    0 (271.1,623.4)=    0 (271.8,623.4)=    0 (272.4,623.3)=    0 (273.1,623.4)=    0 (273.7,623.1)=    0 (274.4,622.8)=    0 (275.1,622.6)=    0 (275.6,622.0)=    0 (276.3,622.0)=    0 (276.8,621.9)=    0 (277.2,621.8)=    0 (277.7,621.9)=    0 (278.1,622.0)=    0 (278.5,622.0)=    0 (278.9,621.9)=    0 (279.5,621.7)=    0 (280.3,621.6)=    0 (281.0,621.5)=    0 (281.7,621.5)=    0 (282.6,621.5)=    0 (283.5,621.5)=    0 
     26 | ( 37.0,560.0)=25514 ( 37.4,560.2)=    0 ( 38.0,560.4)=    0 ( 38.5,560.1)=    0 ( 38.7,560.1)=    0 ( 39.4,560.0)=    0 ( 40.0,559.8)=    0 ( 40.1,559.9)=    0 ( 40.5,560.1)=    0 ( 41.0,560.0)=    0 ( 41.5,560.1)=    0 ( 41.8,560.1)=    0 ( 42.3,559.8)=    0 ( 42.7,559.4)=    0 ( 43.0,559.2)=    0 ( 43.5,558.6)=    0 ( 43.7,558.2)=    0 ( 44.1,557.8)=    0 ( 44.5,557.3)=    0 ( 44.5,556.9)=    0 ( 44.5,556.7)=    0 ( 44.6,556.4)=    0 ( 44.7,556.1)=    0 ( 44.9,556.0)=    0 ( 44.9,556.0)=    0 ( 45.3,555.8)=    0 ( 45.8,555.4)=    0 ( 46.1,555.4)=    0 ( 46.7,555.3)=    0 ( 47.2,555.2)=    0 ( 47.9,555.0)=    0 ( 48.8,554.7)=    0 ( 49.5,554.5)=    0 ( 50.5,554.5)=    0 ( 51.3,554.5)=    0 ( 52.0,554.5)=    0 ( 52.5,554.6)=    0 ( 53.0,554.6)=    0 ( 53.6,554.8)=    0 ( 54.1,554.8)=    0 ( 54.6,554.8)=    0 ( 55.1,554.8)=    0 ( 55.4,554.8)=    0 ( 55.9,555.1)=    0 ( 56.4,555.1)=    0 ( 57.0,555.1)=    0 ( 57.7,555.0)=    0 ( 57.9,555.0)=    0 ( 58.4,555.1)=    0 ( 58.7,555.3)=    0 ( 58.8,555.5)=    0 ( 59.3,555.8)=    0 ( 59.5,556.0)=    0 ( 59.8,556.2)=    0 ( 60.5,556.3)=    0 ( 60.7,556.1)=    0 ( 60.9,556.1)=    0 ( 61.3,555.9)=    0 ( 61.6,555.7)=    0 ( 62.3,555.4)=    0 ( 62.4,555.7)=    0 ( 62.6,555.7)=    0 ( 63.0,555.4)=    0 ( 63.1,555.5)=    0 ( 63.2,555.5)=    0 ( 63.2,555.2)=    0 ( 63.4,555.3)=    0 ( 63.9,555.4)=    0 ( 64.1,555.5)=    0 ( 64.5,555.8)=    0 ( 64.7,556.0)=    0 ( 65.0,556.2)=    0 ( 65.6,556.3)=    0 ( 66.1,556.2)=    0 ( 66.5,556.0)=    0 ( 67.0,555.9)=    0 ( 67.5,555.7)=    0 ( 68.0,555.7)=    0 ( 68.5,556.0)=    0 ( 69.0,556.0)=    0 ( 69.4,556.3)=    0 ( 70.0,556.6)=    0 ( 70.5,556.6)=    0 ( 70.7,556.5)=    0 ( 70.9,556.7)=    0 ( 71.4,556.7)=    0 ( 71.7,556.5)=    0 ( 71.9,556.6)=    0 ( 72.2,556.8)=    0 ( 72.5,556.7)=    0 ( 72.8,556.7)=    0 ( 73.3,556.7)=    0 ( 73.7,556.5)=    0 ( 74.2,556.4)=    0 ( 74.5,556.3)=    0 ( 74.6,556.3)=    0 ( 75.1,556.4)=    0 ( 75.3,556.6)=    0 ( 75.8,556.9)=    0 ( 76.1,557.2)=    0 ( 76.6,557.4)=    0 ( 77.1,557.6)=    0 ( 77.7,557.8)=    0 ( 78.0,558.0)=    0 ( 78.7,558.1)=    0 ( 79.0,558.3)=    0 ( 79.5,558.6)=    0 ( 80.0,558.9)=    0 ( 80.5,559.1)=    0 ( 81.3,559.3)=    0 ( 81.7,559.5)=    0 ( 82.1,559.5)=    0 ( 82.6,559.8)=    0 ( 83.0,560.3)=    0 ( 83.9,560.6)=    0 ( 84.6,560.9)=    0 ( 85.3,561.1)=    0 ( 86.0,561.1)=    0 ( 86.4,560.7)=    0 ( 86.8,560.7)=    0 ( 87.6,560.7)=    0 ( 88.3,560.6)=    0 ( 89.0,560.7)=    0 ( 89.7,560.7)=    0 ( 90.6,560.7)=    0 ( 91.4,560.7)=    0 ( 91.8,560.7)=    0 ( 92.7,560.3)=    0 ( 93.4,560.2)=    0 ( 93.9,560.1)=    0 ( 94.5,559.9)=    0 ( 95.1,559.9)=    0 ( 95.6,559.7)=    0 ( 95.9,559.6)=    0 ( 96.4,559.4)=    0 ( 96.6,559.0)=    0 ( 96.9,558.6)=    0 ( 97.4,558.4)=    0 ( 97.8,558.0)=    0 ( 98.4,557.8)=    0 ( 99.0,557.8)=    0 ( 99.7,557.9)=    0 (100.6,557.7)=    0 (100.8,557.8)=    0 (101.8,557.7)=    0 (102.5,557.5)=    0 (103.3,557.3)=    0 (104.1,557.6)=    0 (105.0,557.8)=    0 (105.9,558.2)=    0 (106.8,558.7)=    0 (107.5,559.1)=    0 (108.3,559.3)=    0 (109.1,559.6)=    0 (109.9,560.1)=    0 (110.8,560.8)=    0 (111.8,561.3)=    0 (112.6,561.9)=    0 (113.4,562.6)=    0 (114.2,563.1)=    0 (114.7,563.3)=    0 (115.0,563.2)=    0 (115.2,563.0)=    0 (115.3,562.8)=    0 (115.5,562.7)=    0 (116.0,562.7)=    0 (116.3,563.0)=    0 (116.7,563.2)=    0 (117.0,563.2)=    0 (117.6,563.5)=    0 (117.8,563.5)=    0 (118.4,563.6)=    0 (118.9,563.8)=    0 (119.4,564.1)=    0 (119.8,564.4)=    0 (120.3,564.9)=    0 (121.0,565.2)=    0 (121.6,565.5)=    0 (122.1,565.7)=    0 (122.6,565.7)=    0 (122.7,565.8)=    0 (123.0,566.0)=    0 (123.2,566.1)=    0 (123.5,566.1)=    0 (123.5,566.3)=    0 (123.9,566.5)=    0 (124.2,566.5)=    0 (124.5,566.5)=    0 (124.5,566.7)=    0 (124.8,566.7)=    0 (125.1,566.7)=    0 (125.3,567.0)=    0 (125.6,566.9)=    0 (126.2,567.0)=    0 (126.4,567.0)=    0 (126.8,566.8)=    0 (127.1,566.6)=    0 (127.3,566.7)=    0 (127.6,566.7)=    0 (127.8,566.8)=    0 (127.8,567.1)=    0 (128.0,567.1)=    0 (128.2,567.2)=    0 (128.4,567.2)=    0 (128.6,567.1)=    0 (128.7,567.2)=    0 (128.8,567.4)=    0 (129.1,567.4)=    0 (129.3,567.6)=    0 (129.6,567.8)=    0 (130.0,567.8)=    0 (130.3,567.9)=    0 (130.6,567.9)=    0 (131.0,567.7)=    0 (131.2,567.7)=    0 (131.6,567.7)=    0 (132.0,567.6)=    0 (132.6,567.6)=    0 (132.8,567.7)=    0 (133.1,567.7)=    0 (133.6,567.7)=    0 (133.8,567.6)=    0 (134.2,567.5)=    0 (134.4,567.3)=    0 (134.6,567.3)=    0 (135.0,567.4)=    0 (135.2,567.6)=    0 (135.6,567.8)=    0 (135.9,567.7)=    0 (136.3,567.6)=    0 (136.3,567.6)=    0 (136.7,567.5)=    0 (137.2,567.3)=    0 (137.7,567.6)=    0 (138.3,567.6)=    0 (138.8,567.6)=    0 (139.2,567.8)=    0 (139.6,567.8)=    0 (140.2,567.8)=    0 (140.7,567.7)=    0 (141.5,567.6)=    0 (142.0,567.4)=    0 (142.2,567.4)=    0 (142.7,567.5)=    0 (143.3,567.6)=    0 (143.7,567.7)=    0 (144.2,567.7)=    0 (144.7,567.5)=    0 (145.2,567.6)=    0 (145.7,567.6)=    0 (146.4,567.6)=    0 (147.0,567.8)=    0 (147.5,567.8)=    0 (148.0,567.8)=    0 (148.6,567.7)=    0 (149.5,567.7)=    0 (150.0,567.6)=    0 (150.5,567.6)=    0 (150.9,567.5)=    0 (151.4,567.4)=    0 (152.1,567.3)=    0 (152.7,567.2)=    0 (153.4,567.2)=    0 (154.1,567.0)=    0 (154.8,566.8)=    0 (155.3,566.6)=    0 (155.9,566.3)=    0 (156.6,565.9)=    0 (157.4,565.9)=    0 (157.8,565.6)=    0 (158.1,565.6)=    0 (158.6,565.6)=    0 (159.1,565.6)=    0 (159.5,565.6)=    0 (160.0,565.5)=    0 (160.6,565.2)=    0 (161.4,565.0)=    0 (162.1,564.9)=    0 (162.9,564.9)=    0 (163.8,564.8)=    0 (164.8,564.7)=    0 
     27 | (121.0,624.0)=25460 (121.3,624.3)=    0 (121.9,624.5)=    0 (122.5,624.3)=    0 (122.8,624.3)=    0 (123.3,624.2)=    0 (123.9,623.9)=    0 (124.0,624.1)=    0 (124.4,624.3)=    0 (124.9,624.3)=    0 (125.4,624.4)=    0 (125.9,624.3)=    0 (126.3,624.0)=    0 (126.8,623.7)=    0 (127.1,623.4)=    0 (127.5,623.0)=    0 (127.8,622.6)=    0 (128.2,622.3)=    0 (128.5,621.8)=    0 (128.4,621.3)=    0 (128.4,621.0)=    0 (128.4,620.7)=    0 (128.4,620.5)=    0 (128.7,620.3)=    0 (128.7,620.3)=    0 (129.0,620.2)=    0 (129.3,619.8)=    0 (129.6,619.8)=    0 (130.1,619.8)=    0 (130.7,619.8)=    0 (131.3,619.7)=    0 (132.2,619.5)=    0 (132.9,619.3)=    0 (133.7,619.3)=    0 (134.5,619.4)=    0 (135.1,619.5)=    0 (135.7,619.6)=    0 (136.2,619.7)=    0 (136.7,619.8)=    0 (137.2,619.9)=    0 (137.7,619.9)=    0 (138.2,619.9)=    0 (138.6,620.0)=    0 (139.0,620.3)=    0 (139.5,620.3)=    0 (140.0,620.2)=    0 (140.6,620.2)=    0 (140.8,620.1)=    0 (141.2,620.3)=    0 (141.7,620.6)=    0 (141.8,620.8)=    0 (142.1,621.3)=    0 (142.5,621.4)=    0 (142.9,621.7)=    0 (143.4,621.7)=    0 (143.8,621.6)=    0 (144.1,621.5)=    0 (144.3,621.5)=    0 (144.6,621.2)=    0 (145.1,620.6)=    0 (145.2,620.9)=    0 (145.4,621.0)=    0 (145.8,620.8)=    0 (145.8,620.8)=    0 (146.1,620.8)=    0 (146.1,620.6)=    0 (146.2,620.7)=    0 (146.7,620.8)=    0 (146.9,620.9)=    0 (147.3,621.2)=    0 (147.6,621.4)=    0 (147.9,621.6)=    0 (148.4,621.8)=    0 (148.9,621.7)=    0 (149.4,621.6)=    0 (149.8,621.4)=    0 (150.3,621.3)=    0 (150.8,621.3)=    0 (151.4,621.5)=    0 (151.8,621.6)=    0 (152.1,621.8)=    0 (152.6,622.0)=    0 (153.1,622.0)=    0 (153.4,622.0)=    0 (153.6,622.2)=    0 (154.0,622.2)=    0 (154.4,622.0)=    0 (154.7,622.2)=    0 (155.0,622.3)=    0 (155.3,622.2)=    0 (155.6,622.1)=    0 (156.1,622.1)=    0 (156.4,621.9)=    0 (157.0,621.8)=    0 (157.3,621.6)=    0 (157.4,621.8)=    0 (157.8,621.9)=    0 (158.0,622.1)=    0 (158.6,622.4)=    0 (158.9,622.7)=    0 (159.4,622.9)=    0 (159.8,623.1)=    0 (160.2,623.4)=    0 (160.6,623.6)=    0 (161.2,623.6)=    0 (161.4,623.9)=    0 (161.9,624.3)=    0 (162.5,624.5)=    0 (163.0,624.7)=    0 (163.7,625.0)=    0 (164.3,625.3)=    0 (164.6,625.4)=    0 (165.1,625.7)=    0 (165.6,626.2)=    0 (166.4,626.7)=    0 (167.2,626.9)=    0 (167.8,627.2)=    0 (168.4,627.2)=    0 (168.8,626.8)=    0 (169.1,626.9)=    0 (169.9,626.8)=    0 (170.6,626.7)=    0 (171.2,626.8)=    0 (172.0,626.8)=    0 (173.0,627.1)=    0 (173.6,627.1)=    0 (174.2,627.1)=    0 (175.0,626.7)=    0 (175.8,626.5)=    0 (176.3,626.4)=    0 (176.8,626.3)=    0 (177.2,626.3)=    0 (177.8,626.2)=    0 (178.1,626.1)=    0 (178.6,625.8)=    0 (178.8,625.3)=    0 (179.1,625.0)=    0 (179.6,624.6)=    0 (180.1,624.4)=    0 (180.7,624.1)=    0 (181.4,624.1)=    0 (182.0,624.2)=    0 (182.7,624.0)=    0 (183.1,624.1)=    0 (183.8,624.2)=    0 (184.7,624.0)=    0 (185.5,623.9)=    0 (186.2,624.2)=    0 (187.0,624.6)=    0 (187.9,625.0)=    0 (188.8,625.6)=    0 (189.6,625.9)=    0 (190.2,626.3)=    0 (191.0,626.6)=    0 (191.7,627.2)=    0 (192.6,627.9)=    0 (193.7,628.5)=    0 (194.4,629.3)=    0 (195.2,630.1)=    0 (195.9,630.5)=    0 (196.6,630.7)=    0 (196.8,630.7)=    0 (196.9,630.5)=    0 (196.9,630.4)=    0 (197.2,630.3)=    0 (197.6,630.3)=    0 (197.8,630.6)=    0 (198.3,630.8)=    0 (198.6,631.0)=    0 (199.0,631.2)=    0 (199.3,631.2)=    0 (199.7,631.4)=    0 (200.2,631.6)=    0 (200.7,631.9)=    0 (201.2,632.4)=    0 (201.7,632.9)=    0 (202.4,633.4)=    0 (202.9,633.6)=    0 (203.3,634.0)=    0 (203.7,634.1)=    0 (204.0,634.2)=    0 (204.3,634.5)=    0 (204.8,634.5)=    0 (205.0,634.5)=    0 (205.0,634.8)=    0 (205.3,635.1)=    0 (205.5,635.1)=    0 (205.8,635.1)=    0 (205.9,635.3)=    0 (206.0,635.4)=    0 (206.3,635.4)=    0 (206.6,635.6)=    0 (206.9,635.5)=    0 (207.4,635.5)=    0 (207.7,635.6)=    0 (208.1,635.5)=    0 (208.4,635.4)=    0 (208.5,635.3)=    0 (209.0,635.4)=    0 (209.2,635.5)=    0 (209.2,635.7)=    0 (209.4,635.8)=    0 (209.5,635.9)=    0 (209.6,636.0)=    0 (209.9,636.0)=    0 (210.0,636.0)=    0 (210.2,636.2)=    0 (210.4,636.2)=    0 (210.6,636.4)=    0 (210.9,636.6)=    0 (211.2,636.6)=    0 (211.6,636.6)=    0 (211.8,636.6)=    0 (212.4,636.6)=    0 (212.6,636.6)=    0 (212.9,636.6)=    0 (213.4,636.6)=    0 (213.9,636.6)=    0 (214.1,636.8)=    0 (214.5,636.8)=    0 (215.0,636.8)=    0 (215.3,636.6)=    0 (215.8,636.6)=    0 (216.0,636.4)=    0 (216.2,636.5)=    0 (216.5,636.5)=    0 (216.7,636.6)=    0 (217.0,636.9)=    0 (217.3,636.9)=    0 (217.8,636.8)=    0 (217.8,636.7)=    0 (218.2,636.5)=    0 (218.6,636.3)=    0 (219.0,636.6)=    0 (219.6,636.7)=    0 (220.1,636.7)=    0 (220.5,636.8)=    0 (221.1,636.9)=    0 (221.6,636.8)=    0 (222.2,636.8)=    0 (223.0,636.8)=    0 (223.5,636.7)=    0 (223.7,636.6)=    0 (224.3,636.9)=    0 (224.7,636.9)=    0 (225.1,637.1)=    0 (225.6,637.1)=    0 (226.3,637.1)=    0 (226.6,637.2)=    0 (227.1,637.2)=    0 (227.8,637.2)=    0 (228.5,637.4)=    0 (229.0,637.5)=    0 (229.5,637.5)=    0 (230.1,637.5)=    0 (230.8,637.5)=    0 (231.4,637.4)=    0 (232.0,637.4)=    0 (232.4,637.4)=    0 (232.9,637.3)=    0 (233.6,637.2)=    0 (234.1,637.1)=    0 (234.9,637.1)=    0 (235.5,637.0)=    0 (236.3,636.7)=    0 (236.8,636.6)=    0 (237.5,636.3)=    0 (238.1,635.8)=    0 (238.7,635.8)=    0 (239.2,635.5)=    0 (239.5,635.5)=    0 (239.9,635.5)=    0 (240.4,635.6)=    0 (240.8,635.6)=    0 (241.3,635.6)=    0 (241.7,635.4)=    0 (242.4,635.3)=    0 (243.2,635.1)=    0 (244.0,635.1)=    0 (244.9,635.0)=    0 (245.9,635.0)=    0 
     28 | (147.0,603.0)=25433 (147.3,603.4)=    0 (147.9,603.6)=    0 (148.4,603.5)=    0 (148.7,603.4)=    0 (149.2,603.4)=    0 (149.7,603.1)=    0 (149.9,603.2)=    0 (150.3,603.5)=    0 (150.8,603.5)=    0 (151.3,603.5)=    0 (151.6,603.5)=    0 (152.1,603.3)=    0 (152.5,603.0)=    0 (152.9,602.7)=    0 (153.4,602.2)=    0 (153.7,601.7)=    0 (154.1,601.4)=    0 (154.3,600.9)=    0 (154.4,600.3)=    0 (154.2,600.1)=    0 (154.2,599.9)=    0 (154.4,599.7)=    0 (154.6,599.7)=    0 (154.7,599.5)=    0 (154.9,599.5)=    0 (155.2,599.0)=    0 (155.5,599.0)=    0 (156.0,599.0)=    0 (156.5,599.0)=    0 (157.1,598.9)=    0 (158.0,598.7)=    0 (158.9,598.5)=    0 (159.7,598.5)=    0 (160.5,598.5)=    0 (161.0,598.6)=    0 (161.6,598.8)=    0 (162.2,598.7)=    0 (162.7,599.0)=    0 (163.1,598.9)=    0 (163.6,599.0)=    0 (164.2,599.1)=    0 (164.4,599.1)=    0 (164.8,599.3)=    0 (165.3,599.5)=    0 (165.8,599.4)=    0 (166.5,599.4)=    0 (166.7,599.4)=    0 (167.1,599.6)=    0 (167.6,599.7)=    0 (167.6,600.0)=    0 (167.9,600.4)=    0 (168.3,600.6)=    0 (168.6,600.8)=    0 (169.2,600.9)=    0 (169.7,600.8)=    0 (169.9,600.7)=    0 (170.2,600.6)=    0 (170.5,600.4)=    0 (170.9,599.9)=    0 (170.9,600.1)=    0 (171.3,600.2)=    0 (171.5,600.0)=    0 (171.7,600.0)=    0 (171.9,600.0)=    0 (172.0,599.7)=    0 (172.1,599.9)=    0 (172.5,600.1)=    0 (172.8,600.2)=    0 (173.0,600.4)=    0 (173.4,600.7)=    0 (173.6,600.9)=    0 (174.2,601.1)=    0 (174.7,601.1)=    0 (175.2,600.9)=    0 (175.7,600.8)=    0 (176.2,600.7)=    0 (176.6,600.6)=    0 (177.1,600.8)=    0 (177.6,600.9)=    0 (177.9,601.2)=    0 (178.4,601.4)=    0 (178.9,601.4)=    0 (179.2,601.4)=    0 (179.4,601.5)=    0 (179.7,601.6)=    0 (180.1,601.5)=    0 (180.4,601.7)=    0 (180.6,601.7)=    0 (180.9,601.7)=    0 (181.4,601.6)=    0 (181.8,601.6)=    0 (182.2,601.5)=    0 (182.8,601.4)=    0 (183.2,601.2)=    0 (183.3,601.3)=    0 (183.5,601.5)=    0 (183.8,601.7)=    0 (184.2,602.0)=    0 (184.5,602.2)=    0 (185.0,602.5)=    0 (185.6,602.6)=    0 (186.1,602.9)=    0 (186.4,603.1)=    0 (186.9,603.2)=    0 (187.2,603.4)=    0 (187.7,603.7)=    0 (188.1,604.0)=    0 (188.7,604.4)=    0 (189.4,604.6)=    0 (189.9,604.9)=    0 (190.3,604.9)=    0 (190.8,605.2)=    0 (191.3,605.7)=    0 (192.0,606.3)=    0 (192.8,606.4)=    0 (193.6,606.8)=    0 (194.1,606.7)=    0 (194.6,606.4)=    0 (195.1,606.4)=    0 (195.7,606.5)=    0 (196.3,606.4)=    0 (196.9,606.6)=    0 (197.7,606.6)=    0 (198.6,606.7)=    0 (199.3,606.7)=    0 (199.9,606.7)=    0 (200.7,606.5)=    0 (201.4,606.3)=    0 (202.0,606.2)=    0 (202.5,606.0)=    0 (203.0,606.0)=    0 (203.4,605.9)=    0 (203.7,605.8)=    0 (204.2,605.6)=    0 (204.5,605.3)=    0 (204.7,604.8)=    0 (205.2,604.7)=    0 (205.6,604.4)=    0 (206.2,604.1)=    0 (207.0,604.1)=    0 (207.4,604.1)=    0 (208.2,604.1)=    0 (208.7,604.1)=    0 (209.4,604.1)=    0 (210.3,604.1)=    0 (211.0,603.9)=    0 (211.8,604.2)=    0 (212.7,604.6)=    0 (213.5,605.1)=    0 (214.4,605.7)=    0 (215.2,605.9)=    0 (215.8,606.2)=    0 (216.6,606.7)=    0 (217.3,607.2)=    0 (218.2,607.9)=    0 (219.3,608.5)=    0 (220.0,609.1)=    0 (220.8,610.1)=    0 (221.6,610.5)=    0 (222.1,610.7)=    0 (222.4,610.7)=    0 (222.6,610.5)=    0 (222.6,610.3)=    0 (222.8,610.3)=    0 (223.1,610.3)=    0 (223.5,610.6)=    0 (223.9,610.9)=    0 (224.1,611.1)=    0 (224.5,611.3)=    0 (224.8,611.3)=    0 (225.3,611.5)=    0 (225.8,611.7)=    0 (226.3,612.0)=    0 (226.8,612.5)=    0 (227.3,613.0)=    0 (228.0,613.6)=    0 (228.5,613.9)=    0 (228.9,614.2)=    0 (229.4,614.2)=    0 (229.6,614.3)=    0 (229.9,614.5)=    0 (230.2,614.5)=    0 (230.5,614.7)=    0 (230.6,614.9)=    0 (230.8,615.1)=    0 (231.1,615.2)=    0 (231.4,615.2)=    0 (231.5,615.4)=    0 (231.8,615.4)=    0 (232.0,615.4)=    0 (232.2,615.6)=    0 (232.5,615.7)=    0 (232.9,615.7)=    0 (233.3,615.7)=    0 (233.6,615.6)=    0 (234.0,615.6)=    0 (234.1,615.7)=    0 (234.5,615.7)=    0 (234.7,615.8)=    0 (234.7,616.1)=    0 (234.8,616.1)=    0 (235.0,616.2)=    0 (235.1,616.2)=    0 (235.3,616.2)=    0 (235.5,616.3)=    0 (235.6,616.5)=    0 (235.9,616.5)=    0 (236.1,616.7)=    0 (236.4,617.0)=    0 (236.7,617.1)=    0 (237.0,617.1)=    0 (237.4,617.2)=    0 (237.9,617.1)=    0 (238.1,617.1)=    0 (238.4,617.1)=    0 (238.8,617.0)=    0 (239.3,617.0)=    0 (239.5,617.2)=    0 (239.8,617.3)=    0 (240.4,617.3)=    0 (240.7,617.2)=    0 (241.1,617.2)=    0 (241.4,616.9)=    0 (241.6,616.9)=    0 (241.9,617.1)=    0 (242.0,617.2)=    0 (242.3,617.3)=    0 (242.6,617.3)=    0 (243.1,617.2)=    0 (243.2,617.3)=    0 (243.5,617.1)=    0 (243.9,616.9)=    0 (244.4,617.2)=    0 (244.8,617.3)=    0 (245.3,617.3)=    0 (245.8,617.5)=    0 (246.4,617.5)=    0 (247.0,617.4)=    0 (247.4,617.4)=    0 (248.2,617.3)=    0 (248.8,617.2)=    0 (249.1,617.1)=    0 (249.4,617.4)=    0 (249.9,617.4)=    0 (250.4,617.6)=    0 (250.9,617.7)=    0 (251.5,617.6)=    0 (251.9,617.7)=    0 (252.4,617.8)=    0 (253.0,617.8)=    0 (253.6,618.1)=    0 (254.2,618.1)=    0 (254.8,618.2)=    0 (255.4,618.2)=    0 (256.1,618.2)=    0 (256.7,618.2)=    0 (257.3,618.2)=    0 (257.8,618.1)=    0 (258.3,618.1)=    0 (258.9,618.0)=    0 (259.5,618.0)=    0 (260.1,617.9)=    0 (260.8,618.0)=    0 (261.5,617.7)=    0 (262.1,617.4)=    0 (262.8,617.2)=    0 (263.3,616.7)=    0 (264.0,616.7)=    0 (264.5,616.4)=    0 (264.7,616.4)=    0 (265.2,616.5)=    0 (265.8,616.5)=    0 (266.3,616.5)=    0 (266.7,616.5)=    0 (267.3,616.2)=    0 (268.1,616.1)=    0 (268.8,615.9)=    0 (269.5,615.9)=    0 (270.4,615.9)=    0 (271.4,615.9)=    0 
     29 | ( 71.0,547.0)=25398 ( 71.3,547.3)=    0 ( 71.9,547.3)=    0 ( 72.5,547.3)=    0 ( 72.8,547.2)=    0 ( 73.3,547.2)=    0 ( 73.8,546.9)=    0 ( 74.1,547.0)=    0 ( 74.4,547.2)=    0 ( 74.9,547.2)=    0 ( 75.4,547.2)=    0 ( 75.7,547.2)=    0 ( 76.2,546.9)=    0 ( -1.0, -1.0)=   -3 ( -1.0, -1.0)=   -3 ( -1.0, -1.0)=   -3 ( -1.0, -1.0)=   -3 ( -1.0, -1.0)=   -3 ( -1.0, -1.0)=   -3 ( -1.0, -1.0)=   -3 ( -1.0, -1.0)=   -3 ( -1.0, -1.0)=   -3 ( -1.0, -1.0)=   -3 ( -1.0, -1.0)=   -3 ( -1.0, -1.0)=   -3 ( -1.0, -1.0)=   -3 ( -1.0, -1.0)=   -3 ( -1.0, -1.0)=   -3 ( -1.0, -1.0)=   -3 ( -1.0, -1.0)=   -3 ( -1.0, -1.0)=   -3 ( -1.0, -1.0)=   -3 ( -1.0, -1.0)=   -3 ( -1.0, -1.0)=   -3 ( -1.0, -1.0)=   -3 ( -1.0, -1.0)=   -3 ( -1.0, -1.0)=   -3 ( -1.0, -1.0)=   -3 ( -1.0, -1.0)=   -3 ( -1.0, -1.0)=   -3 ( -1.0, -1.0)=   -3 ( -1.0, -1.0)=   -3 ( -1.0, -1.0)=   -3 ( -1.0, -1.0)=   -3 ( -1.0, -1.0)=   -3 ( -1.0, -1.0)=   -3 ( -1.0, -1.0)=   -3 ( -1.0, -1.0)=   -3 ( -1.0, -1.0)=   -3 ( -1.0, -1.0)=   -3 ( -1.0, -1.0)=   -3 ( -1.0, -1.0)=   -3 ( -1.0, -1.0)=   -3 ( -1.0, -1.0)=   -3 ( -1.0, -1.0)=   -3 ( -1.0, -1.0)=   -3 ( -1.0, -1.0)=   -3 ( -1.0, -1.0)=   -3 ( -1.0, -1.0)=   -3 ( -1.0, -1.0)=   -3 ( -1.0, -1.0)=   -3 ( -1.0, -1.0)=   -3 ( -1.0, -1.0)=   -3 ( -1.0, -1.0)=   -3 ( -1.0, -1.0)=   -3 ( -1.0, -1.0)=   -3 ( -1.0, -1.0)=   -3 ( -1.0, -1.0)=   -3 ( -1.0, -1.0)=   -3 ( -1.0, -1.0)=   -3 ( -1.0, -1.0)=   -3 ( -1.0, -1.0)=   -3 ( -1.0, -1.0)=   -3 ( -1.0, -1.0)=   -3 ( -1.0, -1.0)=   -3 ( -1.0, -1.0)=   -3 ( -1.0, -1.0)=   -3 ( -1.0, -1.0)=   -3 ( -1.0, -1.0)=   -3 ( -1.0, -1.0)=   -3 ( -1.0, -1.0)=   -3 ( -1.0, -1.0)=   -3 ( -1.0, -1.0)=   -3 ( -1.0, -1.0)=   -3 ( -1.0, -1.0)=   -3 ( -1.0, -1.0)=   -3 ( -1.0, -1.0)=   -3 ( -1.0, -1.0)=   -3 ( -1.0, -1.0)=   -3 ( -1.0, -1.0)=   -3 ( -1.0, -1.0)=   -3 ( -1.0, -1.0)=   -3 ( -1.0, -1.0)=   -3 ( -1.0, -1.0)=   -3 ( -1.0, -1.0)=   -3 ( -1.0, -1.0)=   -3 ( -1.0, -1.0)=   -3 ( -1.0, -1.0)=   -3 ( -1.0, -1.0)=   -3 ( -1.0, -1.0)=   -3 ( -1.0, -1.0)=   -3 ( -1.0, -1.0)=   -3 ( -1.0, -1.0)=   -3 ( -1.0, -1.0)=   -3 ( -1.0, -1.0)=   -3 ( -1.0, -1.0)=   -3 ( -1.0, -1.0)=   -3 ( -1.0, -1.0)=   -3 ( -1.0, -1.0)=   -3 ( -1.0, -1.0)=   -3 ( -1.0, -1.0)=   -3 ( -1.0, -1.0)=   -3 ( -1.0, -1.0)=   -3 ( -1.0, -1.0)=   -3 ( -1.0, -1.0)=   -3 ( -1.0, -1.0)=   -3 ( -1.0, -1.0)=   -3 ( -1.0, -1.0)=   -3 ( -1.0, -1.0)=   -3 ( -1.0, -1.0)=   -3 ( -1.0, -1.0)=   -3 ( -1.0, -1.0)=   -3 ( -1.0, -1.0)=   -3 ( -1.0, -1.0)=   -3 ( -1.0, -1.0)=   -3 ( -1.0, -1.0)=   -3 ( -1.0, -1.0)=   -3 ( -1.0, -1.0)=   -3 ( -1.0, -1.0)=   -3 ( -1.0, -1.0)=   -3 ( -1.0, -1.0)=   -3 ( -1.0, -1.0)=   -3 ( -1.0, -1.0)=   -3 ( -1.0, -1.0)=   -3 ( -1.0, -1.0)=   -3 ( -1.0, -1.0)=   -3 ( -1.0, -1.0)=   -3 ( -1.0, -1.0)=   -3 ( -1.0, -1.0)=   -3 ( -1.0, -1.0)=   -3 ( -1.0, -1.0)=   -3 ( -1.0, -1.0)=   -3 ( -1.0, -1.0)=   -3 ( -1.0, -1.0)=   -3 ( -1.0, -1.0)=   -3 ( -1.0, -1.0)=   -3 ( -1.0, -1.0)=   -3 ( -1.0, -1.0)=   -3 ( -1.0, -1.0)=   -3 ( -1.0, -1.0)=   -3 ( -1.0, -1.0)=   -3 ( -1.0, -1.0)=   -3 ( -1.0, -1.0)=   -3 ( -1.0, -1.0)=   -3 ( -1.0, -1.0)=   -3 ( -1.0, -1.0)=   -3 ( -1.0, -1.0)=   -3 ( -1.0, -1.0)=   -3 ( -1.0, -1.0)=   -3 ( -1.0, -1.0)=   -3 ( -1.0, -1.0)=   -3 ( -1.0, -1.0)=   -3 ( -1.0, -1.0)=   -3 ( -1.0, -1.0)=   -3 ( -1.0, -1.0)=   -3 ( -1.0, -1.0)=   -3 ( -1.0, -1.0)=   -3 ( -1.0, -1.0)=   -3 ( -1.0, -1.0)=   -3 ( -1.0, -1.0)=   -3 ( -1.0, -1.0)=   -3 ( -1.0, -1.0)=   -3 ( -1.0, -1.0)=   -3 ( -1.0, -1.0)=   -3 ( -1.0, -1.0)=   -3 ( -1.0, -1.0)=   -3 ( -1.0, -1.0)=   -3 ( -1.0, -1.0)=   -3 ( -1.0, -1.0)=   -3 ( -1.0, -1.0)=   -3 ( -1.0, -1.0)=   -3 ( -1.0, -1.0)=   -3 ( -1.0, -1.0)=   -3 ( -1.0, -1.0)=   -3 ( -1.0, -1.0)=   -3 ( -1.0, -1.0)=   -3 ( -1.0, -1.0)=   -3 ( -1.0, -1.0)=   -3 ( -1.0, -1.0)=   -3 ( -1.0, -1.0)=   -3 ( -1.0, -1.0)=   -3 ( -1.0, -1.0)=   -3 ( -1.0, -1.0)=   -3 ( -1.0, -1.0)=   -3 ( -1.0, -1.0)=   -3 ( -1.0, -1.0)=   -3 ( -1.0, -1.0)=   -3 ( -1.0, -1.0)=   -3 ( -1.0, -1.0)=   -3 ( -1.0, -1.0)=   -3 ( -1.0, -1.0)=   -3 ( -1.0, -1.0)=   -3 ( -1.0, -1.0)=   -3 ( -1.0, -1.0)=   -3 ( -1.0, -1.0)=   -3 ( -1.0, -1.0)=   -3 ( -1.0, -1.0)=   -3 ( -1.0, -1.0)=   -3 ( -1.0, -1.0)=   -3 ( -1.0, -1.0)=   -3 ( -1.0, -1.0)=   -3 ( -1.0, -1.0)=   -3 ( -1.0, -1.0)=   -3 ( -1.0, -1.0)=   -3 ( -1.0, -1.0)=   -3 ( -1.0, -1.0)=   -3 ( -1.0, -1.0)=   -3 ( -1.0, -1.0)=   -3 ( -1.0, -1.0)=   -3 ( -1.0, -1.0)=   -3 ( -1.0, -1.0)=   -3 ( -1.0, -1.0)=   -3 ( -1.0, -1.0)=   -3 ( -1.0, -1.0)=   -3 ( -1.0, -1.0)=   -3 ( -1.0, -1.0)=   -3 ( -1.0, -1.0)=   -3 ( -1.0, -1.0)=   -3 ( -1.0, -1.0)=   -3 ( -1.0, -1.0)=   -3 ( -1.0, -1.0)=   -3 ( -1.0, -1.0)=   -3 ( -1.0, -1.0)=   -3 ( -1.0, -1.0)=   -3 ( -1.0, -1.0)=   -3 ( -1.0, -1.0)=   -3 ( -1.0, -1.0)=   -3 ( -1.0, -1.0)=   -3 ( -1.0, -1.0)=   -3 ( -1.0, -1.0)=   -3 ( -1.0, -1.0)=   -3 ( -1.0, -1.0)=   -3 ( -1.0, -1.0)=   -3 ( -1.0, -1.0)=   -3 ( -1.0, -1.0)=   -3 ( -1.0, -1.0)=   -3 ( -1.0, -1.0)=   -3 ( -1.0, -1.0)=   -3 ( -1.0, -1.0)=   -3 ( -1.0, -1.0)=   -3 ( -1.0, -1.0)=   -3 ( -1.0, -1.0)=   -3 ( -1.0, -1.0)=   -3 ( -1.0, -1.0)=   -3 ( -1.0, -1.0)=   -3 ( -1.0, -1.0)=   -3 ( -1.0, -1.0)=   -3 ( -1.0, -1.0)=   -3 ( -1.0, -1.0)=   -3 ( -1.0, -1.0)=   -3 ( -1.0, -1.0)=   -3 ( -1.0, -1.0)=   -3 ( -1.0, -1.0)=   -3 ( -1.0, -1.0)=   -3 ( -1.0, -1.0)=   -3 ( -1.0, -1.0)=   -3 ( -1.0, -1.0)=   -3 ( -1.0, -1.0)=   -3 ( -1.0, -1.0)=   -3 ( -1.0, -1.0)=   -3 ( -1.0, -1.0)=   -3 ( -1.0, -1.0)=   -3 ( -1.0, -1.0)=   -3 ( -1.0, -1.0)=   -3 ( -1.0, -1.0)=   -3 ( -1.0, -1.0)=   -3 ( -1.0, -1.0)=   -3 ( -1.0, -1.0)=   -3 ( -1.0, -1.0)=   -3 ( -1.0, -1.0)=   -3 ( -1.0, -1.0)=   -3 
     30 | (337.0,590.0)=25113 (337.4,590.3)=    0 (338.0,590.6)=    0 (338.4,590.6)=    0 (338.8,590.6)=    0 (339.4,590.6)=    0 (339.8,590.6)=    0 (340.1,590.6)=    0 (340.4,590.8)=    0 (340.9,590.8)=    0 (341.4,591.1)=    0 (341.8,591.1)=    0 (342.3,590.9)=    0 (342.9,590.7)=    0 (343.3,590.5)=    0 (343.5,590.3)=    0 (343.9,589.8)=    0 (344.4,589.6)=    0 (344.4,589.1)=    0 (344.5,588.7)=    0 (344.4,588.5)=    0 (344.5,588.4)=    0 (344.5,588.2)=    0 (344.9,588.0)=    0 (345.1,588.0)=    0 (345.1,588.0)=    0 (345.4,587.8)=    0 (345.8,587.9)=    0 (346.3,588.0)=    0 (346.8,588.1)=    0 (347.4,588.1)=    0 (348.3,588.1)=    0 (349.2,587.8)=    0 (350.1,588.0)=    0 (350.9,588.2)=    0 (351.4,588.3)=    0 (351.9,588.5)=    0 (352.5,588.6)=    0 (353.0,588.7)=    0 (353.4,588.8)=    0 (354.0,588.9)=    0 (354.4,589.2)=    0 (354.7,589.3)=    0 (355.2,589.5)=    0 (355.5,589.7)=    0 (356.0,589.8)=    0 (356.6,589.8)=    0 (357.1,589.8)=    0 (357.3,590.1)=    0 (358.0,590.5)=    0 (358.1,590.7)=    0 (358.3,591.2)=    0 (358.5,591.5)=    0 (359.0,591.7)=    0 (359.3,591.8)=    0 (359.8,591.8)=    0 (360.3,591.7)=    0 (360.6,591.8)=    0 (360.8,591.7)=    0 (360.6,591.1)=    0 (360.8,591.4)=    0 (361.0,591.6)=    0 (361.2,591.5)=    0 (361.5,591.4)=    0 (361.8,591.4)=    0 (362.1,591.2)=    0 (362.2,591.2)=    0 (362.5,591.6)=    0 (362.7,591.7)=    0 (363.0,592.0)=    0 (363.3,592.4)=    0 (363.7,592.6)=    0 (364.1,592.8)=    0 (364.6,592.7)=    0 (365.1,592.6)=    0 (365.6,592.5)=    0 (366.3,592.4)=    0 (366.7,592.4)=    0 (367.3,592.6)=    0 (367.9,592.8)=    0 (368.1,592.9)=    0 (368.6,593.3)=    0 (369.1,593.3)=    0 (369.3,593.4)=    0 (369.6,593.4)=    0 (370.0,593.5)=    0 (370.3,593.4)=    0 (370.5,593.5)=    0 (370.8,593.5)=    0 (371.1,593.5)=    0 (371.5,593.4)=    0 (372.2,593.4)=    0 (372.5,593.3)=    0 (373.0,593.3)=    0 (373.5,593.0)=    0 (373.7,593.2)=    0 (374.1,593.4)=    0 (374.3,593.6)=    0 (374.5,594.0)=    0 (374.9,594.3)=    0 (375.4,594.5)=    0 (375.8,594.8)=    0 (376.3,595.0)=    0 (376.7,595.3)=    0 (377.1,595.6)=    0 (377.5,595.8)=    0 (378.2,596.3)=    0 (378.7,596.6)=    0 (379.3,596.8)=    0 (380.0,597.1)=    0 (380.5,597.5)=    0 (381.0,597.6)=    0 (381.4,597.8)=    0 (382.1,598.3)=    0 (382.9,598.8)=    0 (383.6,599.1)=    0 (384.3,599.4)=    0 (384.9,599.6)=    0 (385.4,599.4)=    0 (386.1,599.4)=    0 (386.7,599.5)=    0 (387.4,599.5)=    0 (388.1,599.7)=    0 (388.9,599.9)=    0 (389.9,600.1)=    0 (390.6,600.2)=    0 (391.4,600.3)=    0 (392.3,600.1)=    0 (392.9,599.9)=    0 (393.4,599.9)=    0 (393.7,599.9)=    0 (394.4,599.9)=    0 (394.9,600.0)=    0 (395.4,600.0)=    0 (395.8,599.8)=    0 (396.2,599.7)=    0 (396.4,599.3)=    0 (396.9,599.2)=    0 (397.5,598.8)=    0 (398.2,598.7)=    0 (399.0,598.7)=    0 (399.5,598.7)=    0 (400.3,598.7)=    0 (400.7,598.7)=    0 (401.4,598.9)=    0 (402.2,598.9)=    0 (403.2,598.8)=    0 (404.1,599.1)=    0 (404.9,599.8)=    0 (405.7,600.2)=    0 (406.7,600.9)=    0 (407.4,601.6)=    0 (408.3,602.0)=    0 (408.9,602.5)=    0 (409.6,603.0)=    0 (410.5,603.8)=    0 (411.3,604.6)=    0 (412.2,605.4)=    0 (413.0,606.3)=    0 (413.7,606.8)=    0 (414.2,607.1)=    0 (414.4,607.3)=    0 (414.7,606.9)=    0 (414.8,606.8)=    0 (415.0,606.9)=    0 (415.4,607.0)=    0 (415.7,607.4)=    0 (416.1,607.7)=    0 (416.3,607.9)=    0 (416.8,608.2)=    0 (417.2,608.4)=    0 (417.5,608.6)=    0 (418.1,608.8)=    0 (418.6,609.3)=    0 (419.3,609.9)=    0 (419.8,610.3)=    0 (420.3,610.7)=    0 (420.8,611.3)=    0 (421.3,611.6)=    0 (421.7,611.9)=    0 (422.2,611.9)=    0 (422.5,612.3)=    0 (422.9,612.5)=    0 (423.1,612.6)=    0 (423.4,612.8)=    0 (423.6,613.1)=    0 (423.8,613.4)=    0 (424.1,613.4)=    0 (424.3,613.5)=    0 (424.5,613.7)=    0 (424.7,613.7)=    0 (425.0,613.9)=    0 (425.3,613.8)=    0 (425.6,613.9)=    0 (426.1,613.9)=    0 (426.5,613.9)=    0 (426.8,613.8)=    0 (427.1,613.8)=    0 (427.4,613.9)=    0 (427.6,614.0)=    0 (427.7,614.4)=    0 (427.8,614.5)=    0 (428.0,614.5)=    0 (428.2,614.6)=    0 (428.5,614.6)=    0 (428.6,614.6)=    0 (428.7,614.8)=    0 (428.8,614.9)=    0 (429.0,615.0)=    0 (429.3,615.3)=    0 (429.5,615.5)=    0 (429.9,615.7)=    0 (430.4,615.8)=    0 (430.8,615.6)=    0 (431.2,615.6)=    0 (431.6,615.7)=    0 (432.0,615.7)=    0 (432.5,615.8)=    0 (432.8,616.0)=    0 (433.2,616.0)=    0 (433.7,616.1)=    0 (434.2,616.1)=    0 (434.6,616.0)=    0 (434.8,615.8)=    0 (435.0,615.9)=    0 (435.4,616.1)=    0 (435.5,616.2)=    0 (435.8,616.5)=    0 (436.2,616.6)=    0 (436.4,616.5)=    0 (436.7,616.5)=    0 (436.7,616.5)=    0 (437.2,616.3)=    0 (437.7,616.6)=    0 (438.3,616.8)=    0 (438.7,616.8)=    0 (439.4,617.0)=    0 (439.8,617.2)=    0 (440.3,617.1)=    0 (440.9,617.2)=    0 (441.7,617.2)=    0 (442.3,617.1)=    0 (442.8,617.1)=    0 (443.2,617.4)=    0 (443.7,617.5)=    0 (444.1,617.7)=    0 (444.6,617.9)=    0 (445.4,617.8)=    0 (445.9,617.9)=    0 (446.4,618.1)=    0 (446.9,618.2)=    0 (447.8,618.6)=    0 (448.4,618.7)=    0 (449.0,618.8)=    0 (449.7,618.8)=    0 (450.5,618.9)=    0 (451.0,618.9)=    0 (451.7,619.0)=    0 (452.2,618.9)=    0 (452.7,618.9)=    0 ( -1.0, -1.0)=   -4 ( -1.0, -1.0)=   -4 ( -1.0, -1.0)=   -4 ( -1.0, -1.0)=   -4 ( -1.0, -1.0)=   -4 ( -1.0, -1.0)=   -4 ( -1.0, -1.0)=   -4 ( -1.0, -1.0)=   -4 ( -1.0, -1.0)=   -4 ( -1.0, -1.0)=   -4 ( -1.0, -1.0)=   -4 ( -1.0, -1.0)=   -4 ( -1.0, -1.0)=   -4 ( -1.0, -1.0)=   -4 ( -1.0, -1.0)=   -4 ( -1.0, -1.0)=   -4 ( -1.0, -1.0)=   -4 ( -1.0, -1.0)=   -4 ( -1.0, -1.0)=   -4 ( -1.0, -1.0)=   -4 ( -1.0, -1.0)=   -4 
     31 | (209.0,614.0)=25067 (209.4,614.3)=    0 (209.9,614.5)=    0 (210.3,614.3)=    0 (210.8,614.3)=    0 (211.2,614.3)=    0 (211.7,614.1)=    0 (211.9,614.2)=    0 (212.2,614.4)=    0 (212.8,614.6)=    0 (213.4,614.7)=    0 (213.6,614.7)=    0 (214.1,614.5)=    0 (214.6,614.2)=    0 (214.9,613.9)=    0 (215.3,613.5)=    0 (215.6,613.0)=    0 (216.1,612.7)=    0 (216.3,612.2)=    0 (216.3,611.7)=    0 (216.2,611.6)=    0 (216.2,611.4)=    0 (216.2,611.2)=    0 (216.5,611.2)=    0 (216.7,611.1)=    0 (216.9,611.1)=    0 (217.2,610.7)=    0 (217.5,610.8)=    0 (217.9,610.7)=    0 (218.6,610.7)=    0 (219.3,610.7)=    0 (220.0,610.4)=    0 (220.9,610.2)=    0 (221.7,610.3)=    0 (222.4,610.4)=    0 (223.0,610.4)=    0 (223.5,610.6)=    0 (224.0,610.6)=    0 (224.5,610.8)=    0 (224.9,610.9)=    0 (225.4,610.9)=    0 (225.9,610.9)=    0 (226.2,611.1)=    0 (226.7,611.3)=    0 (227.1,611.5)=    0 (227.6,611.3)=    0 (228.2,611.3)=    0 (228.5,611.3)=    0 (228.8,611.5)=    0 (229.3,611.7)=    0 (229.4,612.0)=    0 (229.7,612.5)=    0 (230.0,612.6)=    0 (230.3,613.0)=    0 (230.9,613.0)=    0 (231.3,613.0)=    0 (231.7,612.9)=    0 (231.9,612.9)=    0 (232.2,612.7)=    0 (232.4,612.1)=    0 (232.7,612.4)=    0 (232.8,612.4)=    0 (233.1,612.2)=    0 (233.3,612.2)=    0 (233.6,612.2)=    0 (233.5,611.9)=    0 (233.7,612.0)=    0 (234.1,612.2)=    0 (234.3,612.3)=    0 (234.6,612.6)=    0 (234.8,612.8)=    0 (235.2,613.1)=    0 (235.7,613.3)=    0 (236.2,613.3)=    0 (236.6,613.1)=    0 (237.1,612.9)=    0 (237.6,612.8)=    0 (238.1,612.8)=    0 (238.6,613.1)=    0 (239.2,613.1)=    0 (239.4,613.3)=    0 (239.9,613.5)=    0 (240.4,613.5)=    0 (240.7,613.5)=    0 (240.9,613.6)=    0 (241.3,613.6)=    0 (241.7,613.5)=    0 (242.0,613.6)=    0 (242.3,613.7)=    0 (242.5,613.7)=    0 (242.9,613.5)=    0 (243.6,613.5)=    0 (243.8,613.4)=    0 (244.3,613.4)=    0 (244.8,613.3)=    0 (244.9,613.3)=    0 (245.3,613.4)=    0 (245.5,613.6)=    0 (245.9,614.1)=    0 (246.2,614.3)=    0 (246.7,614.6)=    0 (247.0,614.7)=    0 (247.5,614.9)=    0 (248.0,615.2)=    0 (248.5,615.5)=    0 (248.8,615.7)=    0 (249.3,616.1)=    0 (249.9,616.4)=    0 (250.4,616.7)=    0 (251.0,616.9)=    0 (251.6,617.2)=    0 (251.9,617.3)=    0 (252.5,617.6)=    0 (253.1,618.1)=    0 (253.8,618.6)=    0 (254.5,618.8)=    0 (255.2,619.1)=    0 (255.9,619.1)=    0 (256.2,618.9)=    0 (256.7,618.9)=    0 (257.2,618.9)=    0 (257.9,618.8)=    0 (258.5,619.0)=    0 (259.3,619.2)=    0 (260.4,619.3)=    0 (261.2,619.3)=    0 (261.6,619.3)=    0 (262.6,619.2)=    0 (263.3,618.9)=    0 (263.8,618.8)=    0 (264.2,618.8)=    0 (264.7,618.8)=    0 (265.2,618.8)=    0 (265.6,618.7)=    0 (265.9,618.5)=    0 (266.3,618.2)=    0 (266.5,617.7)=    0 (267.1,617.7)=    0 (267.5,617.3)=    0 (268.2,617.0)=    0 (268.8,617.0)=    0 (269.4,617.1)=    0 (270.1,617.1)=    0 (270.6,617.1)=    0 (271.3,617.3)=    0 (272.2,617.2)=    0 (273.0,617.1)=    0 (273.9,617.4)=    0 (274.6,617.9)=    0 (275.4,618.4)=    0 (276.3,619.1)=    0 (277.1,619.4)=    0 (277.8,619.7)=    0 (278.6,620.2)=    0 (279.3,620.7)=    0 (280.2,621.5)=    0 (281.1,622.1)=    0 (281.9,622.7)=    0 (282.8,623.7)=    0 (283.6,624.3)=    0 (284.0,624.5)=    0 (284.3,624.5)=    0 (284.5,624.4)=    0 (284.5,624.3)=    0 (284.8,624.3)=    0 (285.0,624.3)=    0 (285.4,624.5)=    0 (285.8,624.9)=    0 (286.0,625.0)=    0 (286.5,625.4)=    0 (286.8,625.4)=    0 (287.1,625.5)=    0 (287.6,625.8)=    0 (288.2,626.1)=    0 (288.8,626.5)=    0 (289.2,627.0)=    0 (289.7,627.5)=    0 (290.3,627.8)=    0 (290.8,628.4)=    0 (291.2,628.4)=    0 (291.5,628.5)=    0 (291.8,628.7)=    0 (292.2,628.8)=    0 (292.4,628.9)=    0 (292.6,629.2)=    0 (292.8,629.5)=    0 (293.1,629.5)=    0 (293.3,629.6)=    0 (293.4,629.8)=    0 (293.6,629.8)=    0 (293.9,629.8)=    0 (294.2,630.1)=    0 (294.4,630.0)=    0 (294.9,630.0)=    0 (295.2,630.0)=    0 (295.5,629.9)=    0 (295.8,629.8)=    0 (296.1,629.9)=    0 (296.4,630.0)=    0 (296.7,630.2)=    0 (296.7,630.4)=    0 (296.8,630.5)=    0 (297.0,630.5)=    0 (297.2,630.6)=    0 (297.4,630.6)=    0 (297.6,630.6)=    0 (297.6,630.8)=    0 (297.9,630.9)=    0 (298.1,631.1)=    0 (298.4,631.3)=    0 (298.7,631.4)=    0 (298.9,631.3)=    0 (299.3,631.5)=    0 (299.8,631.2)=    0 (300.1,631.2)=    0 (300.4,631.4)=    0 (300.9,631.3)=    0 (301.3,631.4)=    0 (301.7,631.6)=    0 (302.1,631.6)=    0 (302.6,631.7)=    0 (302.9,631.6)=    0 (303.3,631.6)=    0 (303.6,631.4)=    0 (303.8,631.3)=    0 (304.1,631.5)=    0 (304.3,631.6)=    0 (304.5,631.8)=    0 (304.8,631.8)=    0 (305.2,631.8)=    0 (305.4,631.7)=    0 (305.7,631.6)=    0 (306.1,631.4)=    0 (306.6,631.7)=    0 (307.1,631.8)=    0 (307.6,631.8)=    0 (308.0,632.1)=    0 (308.5,632.1)=    0 (309.1,632.0)=    0 (309.7,632.0)=    0 (310.4,632.0)=    0 (311.1,631.9)=    0 (311.3,631.9)=    0 (311.6,632.2)=    0 (312.1,632.2)=    0 (312.5,632.5)=    0 (313.0,632.6)=    0 (313.7,632.5)=    0 (314.1,632.7)=    0 (314.6,632.7)=    0 (315.3,632.7)=    0 (315.9,633.0)=    0 (316.3,633.1)=    0 (317.0,633.1)=    0 (317.6,633.1)=    0 (318.3,633.2)=    0 (318.9,633.1)=    0 (319.5,633.1)=    0 (319.9,633.1)=    0 (320.4,633.0)=    0 (321.2,633.0)=    0 (321.8,633.0)=    0 (322.4,633.0)=    0 (323.1,633.0)=    0 (323.8,632.7)=    0 (324.5,632.5)=    0 (325.1,632.3)=    0 (325.7,631.8)=    0 (326.5,631.8)=    0 (327.0,631.6)=    0 (327.3,631.5)=    0 (327.8,631.6)=    0 (328.3,631.8)=    0 (328.7,631.9)=    0 (329.1,631.8)=    0 (329.7,631.6)=    0 (330.4,631.4)=    0 (331.2,631.4)=    0 (331.9,631.4)=    0 (332.9,631.4)=    0 (333.7,631.4)=    0 
     32 | ( 44.0,543.0)=24984 ( 44.3,543.3)=    0 ( 45.0,543.3)=    0 ( 45.5,543.2)=    0 ( 45.8,543.1)=    0 ( 46.4,543.1)=    0 ( 46.9,542.8)=    0 ( 47.1,542.9)=    0 ( 47.5,543.1)=    0 ( 48.0,543.1)=    0 ( 48.4,543.1)=    0 ( 48.7,543.0)=    0 ( 49.3,542.8)=    0 ( 49.7,542.4)=    0 ( 50.0,542.1)=    0 ( -1.0, -1.0)=   -3 ( -1.0, -1.0)=   -3 ( -1.0, -1.0)=   -3 ( -1.0, -1.0)=   -3 ( -1.0, -1.0)=   -3 ( -1.0, -1.0)=   -3 ( -1.0, -1.0)=   -3 ( -1.0, -1.0)=   -3 ( -1.0, -1.0)=   -3 ( -1.0, -1.0)=   -3 ( -1.0, -1.0)=   -3 ( -1.0, -1.0)=   -3 ( -1.0, -1.0)=   -3 ( -1.0, -1.0)=   -3 ( -1.0, -1.0)=   -3 ( -1.0, -1.0)=   -3 ( -1.0, -1.0)=   -3 ( -1.0, -1.0)=   -3 ( -1.0, -1.0)=   -3 ( -1.0, -1.0)=   -3 ( -1.0, -1.0)=   -3 ( -1.0, -1.0)=   -3 ( -1.0, -1.0)=   -3 ( -1.0, -1.0)=   -3 ( -1.0, -1.0)=   -3 ( -1.0, -1.0)=   -3 ( -1.0, -1.0)=   -3 ( -1.0, -1.0)=   -3 ( -1.0, -1.0)=   -3 ( -1.0, -1.0)=   -3 ( -1.0, -1.0)=   -3 ( -1.0, -1.0)=   -3 ( -1.0, -1.0)=   -3 ( -1.0, -1.0)=   -3 ( -1.0, -1.0)=   -3 ( -1.0, -1.0)=   -3 ( -1.0, -1.0)=   -3 ( -1.0, -1.0)=   -3 ( -1.0, -1.0)=   -3 ( -1.0, -1.0)=   -3 ( -1.0, -1.0)=   -3 ( -1.0, -1.0)=   -3 ( -1.0, -1.0)=   -3 ( -1.0, -1.0)=   -3 ( -1.0, -1.0)=   -3 ( -1.0, -1.0)=   -3 ( -1.0, -1.0)=   -3 ( -1.0, -1.0)=   -3 ( -1.0, -1.0)=   -3 ( -1.0, -1.0)=   -3 ( -1.0, -1.0)=   -3 ( -1.0, -1.0)=   -3 ( -1.0, -1.0)=   -3 ( -1.0, -1.0)=   -3 ( -1.0, -1.0)=   -3 ( -1.0, -1.0)=   -3 ( -1.0, -1.0)=   -3 ( -1.0, -1.0)=   -3 ( -1.0, -1.0)=   -3 ( -1.0, -1.0)=   -3 ( -1.0, -1.0)=   -3 ( -1.0, -1.0)=   -3 ( -1.0, -1.0)=   -3 ( -1.0, -1.0)=   -3 ( -1.0, -1.0)=   -3 ( -1.0, -1.0)=   -3 ( -1.0, -1.0)=   -3 ( -1.0, -1.0)=   -3 ( -1.0, -1.0)=   -3 ( -1.0, -1.0)=   -3 ( -1.0, -1.0)=   -3 ( -1.0, -1.0)=   -3 ( -1.0, -1.0)=   -3 ( -1.0, -1.0)=   -3 ( -1.0, -1.0)=   -3 ( -1.0, -1.0)=   -3 ( -1.0, -1.0)=   -3 ( -1.0, -1.0)=   -3 ( -1.0, -1.0)=   -3 ( -1.0, -1.0)=   -3 ( -1.0, -1.0)=   -3 ( -1.0, -1.0)=   -3 ( -1.0, -1.0)=   -3 ( -1.0, -1.0)=   -3 ( -1.0, -1.0)=   -3 ( -1.0, -1.0)=   -3 ( -1.0, -1.0)=   -3 ( -1.0, -1.0)=   -3 ( -1.0, -1.0)=   -3 ( -1.0, -1.0)=   -3 ( -1.0, -1.0)=   -3 ( -1.0, -1.0)=   -3 ( -1.0, -1.0)=   -3 ( -1.0, -1.0)=   -3 ( -1.0, -1.0)=   -3 ( -1.0, -1.0)=   -3 ( -1.0, -1.0)=   -3 ( -1.0, -1.0)=   -3 ( -1.0, -1.0)=   -3 ( -1.0, -1.0)=   -3 ( -1.0, -1.0)=   -3 ( -1.0, -1.0)=   -3 ( -1.0, -1.0)=   -3 ( -1.0, -1.0)=   -3 ( -1.0, -1.0)=   -3 ( -1.0, -1.0)=   -3 ( -1.0, -1.0)=   -3 ( -1.0, -1.0)=   -3 ( -1.0, -1.0)=   -3 ( -1.0, -1.0)=   -3 ( -1.0, -1.0)=   -3 ( -1.0, -1.0)=   -3 ( -1.0, -1.0)=   -3 ( -1.0, -1.0)=   -3 ( -1.0, -1.0)=   -3 ( -1.0, -1.0)=   -3 ( -1.0, -1.0)=   -3 ( -1.0, -1.0)=   -3 ( -1.0, -1.0)=   -3 ( -1.0, -1.0)=   -3 ( -1.0, -1.0)=   -3 ( -1.0, -1.0)=   -3 ( -1.0, -1.0)=   -3 ( -1.0, -1.0)=   -3 ( -1.0, -1.0)=   -3 ( -1.0, -1.0)=   -3 ( -1.0, -1.0)=   -3 ( -1.0, -1.0)=   -3 ( -1.0, -1.0)=   -3 ( -1.0, -1.0)=   -3 ( -1.0, -1.0)=   -3 ( -1.0, -1.0)=   -3 ( -1.0, -1.0)=   -3 ( -1.0, -1.0)=   -3 ( -1.0, -1.0)=   -3 ( -1.0, -1.0)=   -3 ( -1.0, -1.0)=   -3 ( -1.0, -1.0)=   -3 ( -1.0, -1.0)=   -3 ( -1.0, -1.0)=   -3 ( -1.0, -1.0)=   -3 ( -1.0, -1.0)=   -3 ( -1.0, -1.0)=   -3 ( -1.0, -1.0)=   -3 ( -1.0, -1.0)=   -3 ( -1.0, -1.0)=   -3 ( -1.0, -1.0)=   -3 ( -1.0, -1.0)=   -3 ( -1.0, -1.0)=   -3 ( -1.0, -1.0)=   -3 ( -1.0, -1.0)=   -3 ( -1.0, -1.0)=   -3 ( -1.0, -1.0)=   -3 ( -1.0, -1.0)=   -3 ( -1.0, -1.0)=   -3 ( -1.0, -1.0)=   -3 ( -1.0, -1.0)=   -3 ( -1.0, -1.0)=   -3 ( -1.0, -1.0)=   -3 ( -1.0, -1.0)=   -3 ( -1.0, -1.0)=   -3 ( -1.0, -1.0)=   -3 ( -1.0, -1.0)=   -3 ( -1.0, -1.0)=   -3 ( -1.0, -1.0)=   -3 ( -1.0, -1.0)=   -3 ( -1.0, -1.0)=   -3 ( -1.0, -1.0)=   -3 ( -1.0, -1.0)=   -3 ( -1.0, -1.0)=   -3 ( -1.0, -1.0)=   -3 ( -1.0, -1.0)=   -3 ( -1.0, -1.0)=   -3 ( -1.0, -1.0)=   -3 ( -1.0, -1.0)=   -3 ( -1.0, -1.0)=   -3 ( -1.0, -1.0)=   -3 ( -1.0, -1.0)=   -3 ( -1.0, -1.0)=   -3 ( -1.0, -1.0)=   -3 ( -1.0, -1.0)=   -3 ( -1.0, -1.0)=   -3 ( -1.0, -1.0)=   -3 ( -1.0, -1.0)=   -3 ( -1.0, -1.0)=   -3 ( -1.0, -1.0)=   -3 ( -1.0, -1.0)=   -3 ( -1.0, -1.0)=   -3 ( -1.0, -1.0)=   -3 ( -1.0, -1.0)=   -3 ( -1.0, -1.0)=   -3 ( -1.0, -1.0)=   -3 ( -1.0, -1.0)=   -3 ( -1.0, -1.0)=   -3 ( -1.0, -1.0)=   -3 ( -1.0, -1.0)=   -3 ( -1.0, -1.0)=   -3 ( -1.0, -1.0)=   -3 ( -1.0, -1.0)=   -3 ( -1.0, -1.0)=   -3 ( -1.0, -1.0)=   -3 ( -1.0, -1.0)=   -3 ( -1.0, -1.0)=   -3 ( -1.0, -1.0)=   -3 ( -1.0, -1.0)=   -3 ( -1.0, -1.0)=   -3 ( -1.0, -1.0)=   -3 ( -1.0, -1.0)=   -3 ( -1.0, -1.0)=   -3 ( -1.0, -1.0)=   -3 ( -1.0, -1.0)=   -3 ( -1.0, -1.0)=   -3 ( -1.0, -1.0)=   -3 ( -1.0, -1.0)=   -3 ( -1.0, -1.0)=   -3 ( -1.0, -1.0)=   -3 ( -1.0, -1.0)=   -3 ( -1.0, -1.0)=   -3 ( -1.0, -1.0)=   -3 ( -1.0, -1.0)=   -3 ( -1.0, -1.0)=   -3 ( -1.0, -1.0)=   -3 ( -1.0, -1.0)=   -3 ( -1.0, -1.0)=   -3 ( -1.0, -1.0)=   -3 ( -1.0, -1.0)=   -3 ( -1.0, -1.0)=   -3 ( -1.0, -1.0)=   -3 ( -1.0, -1.0)=   -3 ( -1.0, -1.0)=   -3 ( -1.0, -1.0)=   -3 ( -1.0, -1.0)=   -3 ( -1.0, -1.0)=   -3 ( -1.0, -1.0)=   -3 ( -1.0, -1.0)=   -3 ( -1.0, -1.0)=   -3 ( -1.0, -1.0)=   -3 ( -1.0, -1.0)=   -3 ( -1.0, -1.0)=   -3 ( -1.0, -1.0)=   -3 ( -1.0, -1.0)=   -3 ( -1.0, -1.0)=   -3 ( -1.0, -1.0)=   -3 ( -1.0, -1.0)=   -3 ( -1.0, -1.0)=   -3 ( -1.0, -1.0)=   -3 ( -1.0, -1.0)=   -3 ( -1.0, -1.0)=   -3 ( -1.0, -1.0)=   -3 ( -1.0, -1.0)=   -3 ( -1.0, -1.0)=   -3 ( -1.0, -1.0)=   -3 ( -1.0, -1.0)=   -3 ( -1.0, -1.0)=   -3 ( -1.0, -1.0)=   -3 ( -1.0, -1.0)=   -3 ( -1.0, -1.0)=   -3 ( -1.0, -1.0)=   -3 ( -1.0, -1.0)=   -3 ( -1.0, -1.0)=   -3 ( -1.0, -1.0)=   -3 ( -1.0, -1.0)=   -3 ( -1.0, -1.0)=   -3 ( -1.0, -1.0)=   -3 ( -1.0, -1.0)=   -3 ( -1.0, -1.0)=   -3 
     33 | (287.0,631.0)=24852 (287.4,631.3)=    0 (288.0,631.6)=    0 (288.4,631.6)=    0 (288.8,631.6)=    0 (289.3,631.6)=    0 (289.7,631.4)=    0 (289.7,631.5)=    0 (290.3,631.8)=    0 (290.8,631.9)=    0 (291.4,632.1)=    0 (291.6,632.0)=    0 (292.2,631.9)=    0 (292.7,631.7)=    0 (292.9,631.5)=    0 (293.4,631.2)=    0 (293.6,630.6)=    0 (294.1,630.4)=    0 (294.4,629.8)=    0 (294.4,629.4)=    0 (294.3,629.2)=    0 (294.2,629.0)=    0 (294.2,628.8)=    0 (294.5,628.7)=    0 (294.7,628.7)=    0 (294.8,628.7)=    0 (295.0,628.4)=    0 (295.5,628.4)=    0 (295.9,628.5)=    0 (296.4,628.4)=    0 (297.2,628.5)=    0 (297.9,628.4)=    0 (298.8,628.1)=    0 (299.7,628.2)=    0 (300.4,628.4)=    0 (301.0,628.4)=    0 (301.5,628.6)=    0 (302.1,628.7)=    0 (302.6,628.9)=    0 (303.0,629.0)=    0 (303.6,629.0)=    0 (304.0,629.3)=    0 (304.4,629.3)=    0 (304.7,629.6)=    0 (305.0,629.7)=    0 (305.6,629.7)=    0 (306.1,629.7)=    0 (306.6,629.7)=    0 (306.8,629.9)=    0 (307.5,630.2)=    0 (307.6,630.5)=    0 (307.8,631.0)=    0 (308.1,631.2)=    0 (308.4,631.5)=    0 (308.9,631.6)=    0 (309.3,631.5)=    0 (309.8,631.5)=    0 (310.0,631.5)=    0 (310.3,631.3)=    0 (310.3,630.6)=    0 (310.6,630.9)=    0 (310.7,631.1)=    0 (311.1,630.9)=    0 (311.3,630.8)=    0 (311.6,630.9)=    0 (311.6,630.7)=    0 (311.9,630.8)=    0 (312.2,631.0)=    0 (312.5,631.1)=    0 (312.6,631.4)=    0 (312.9,631.6)=    0 (313.3,631.9)=    0 (313.7,632.2)=    0 (314.2,632.2)=    0 (314.7,632.0)=    0 (315.2,632.0)=    0 (315.7,631.8)=    0 (316.2,631.8)=    0 (316.7,632.1)=    0 (317.2,632.2)=    0 (317.5,632.4)=    0 (318.0,632.6)=    0 (318.4,632.7)=    0 (318.7,632.7)=    0 (319.0,632.9)=    0 (319.4,632.9)=    0 (319.7,632.8)=    0 (319.9,632.9)=    0 (320.3,633.0)=    0 (320.6,633.0)=    0 (321.0,632.9)=    0 (321.5,632.9)=    0 (322.0,632.8)=    0 (322.4,632.7)=    0 (322.9,632.5)=    0 (323.1,632.7)=    0 (323.4,632.8)=    0 (323.6,633.0)=    0 (323.8,633.4)=    0 (324.3,633.7)=    0 (324.7,633.9)=    0 (325.2,634.2)=    0 (325.5,634.5)=    0 (325.9,634.7)=    0 (326.4,634.9)=    0 (326.7,635.2)=    0 (327.3,635.6)=    0 (327.8,635.8)=    0 (328.4,636.1)=    0 (329.0,636.5)=    0 (329.6,636.7)=    0 (330.1,636.8)=    0 (330.5,637.0)=    0 (331.2,637.7)=    0 (331.9,638.2)=    0 (332.6,638.5)=    0 (333.4,638.8)=    0 (333.9,638.9)=    0 (334.4,638.7)=    0 (334.9,638.6)=    0 (335.6,638.9)=    0 (336.2,638.8)=    0 (336.8,638.9)=    0 (337.7,639.1)=    0 (338.6,639.4)=    0 (339.5,639.5)=    0 (340.1,639.4)=    0 (340.9,639.2)=    0 (341.7,638.9)=    0 (342.2,638.9)=    0 (342.5,638.9)=    0 (343.0,638.9)=    0 (343.5,638.9)=    0 (343.9,638.8)=    0 (344.4,638.6)=    0 (344.7,638.4)=    0 (345.0,638.0)=    0 (345.4,637.8)=    0 (345.9,637.5)=    0 (346.6,637.3)=    0 (347.4,637.3)=    0 (347.9,637.3)=    0 (348.6,637.3)=    0 (349.1,637.3)=    0 (349.8,637.6)=    0 (350.6,637.6)=    0 (351.5,637.5)=    0 (352.3,637.8)=    0 (353.2,638.4)=    0 (354.0,638.8)=    0 (355.0,639.5)=    0 (355.7,639.9)=    0 (356.5,640.3)=    0 (357.1,640.8)=    0 (357.8,641.4)=    0 (358.7,642.1)=    0 (359.7,642.9)=    0 (360.5,643.6)=    0 (361.5,644.6)=    0 (362.2,645.1)=    0 (362.5,645.5)=    0 (362.7,645.5)=    0 (363.1,645.4)=    0 (363.2,645.2)=    0 (363.4,645.3)=    0 (363.6,645.4)=    0 (364.0,645.6)=    0 (364.4,646.0)=    0 (364.7,646.3)=    0 (365.2,646.6)=    0 (365.5,646.7)=    0 (365.8,646.8)=    0 (366.3,647.1)=    0 (367.0,647.6)=    0 (367.5,648.0)=    0 (367.8,648.5)=    0 (368.6,649.1)=    0 (369.1,649.5)=    0 (369.5,649.8)=    0 (370.0,650.0)=    0 (370.4,650.1)=    0 (370.8,650.4)=    0 (371.1,650.6)=    0 (371.4,650.8)=    0 (371.6,651.0)=    0 (371.8,651.3)=    0 (372.0,651.4)=    0 (372.3,651.5)=    0 (372.5,651.7)=    0 (372.7,651.7)=    0 (372.9,651.7)=    0 (373.2,651.9)=    0 (373.5,651.9)=    0 (373.7,651.9)=    0 (374.2,652.0)=    0 (374.6,652.0)=    0 (375.0,651.9)=    0 (375.1,651.9)=    0 (375.4,652.1)=    0 (375.7,652.2)=    0 (375.8,652.5)=    0 (376.0,652.7)=    0 (376.0,652.7)=    0 (376.2,652.8)=    0 (376.5,652.8)=    0 (376.6,652.9)=    0 (376.6,653.0)=    0 (376.8,653.2)=    0 (377.0,653.3)=    0 (377.3,653.5)=    0 (377.5,653.6)=    0 (377.9,653.7)=    0 (378.2,653.8)=    0 (378.6,653.8)=    0 (379.0,653.7)=    0 (379.4,653.8)=    0 (379.8,653.7)=    0 (380.3,653.9)=    0 (380.7,654.2)=    0 (381.0,654.2)=    0 (381.5,654.3)=    0 (381.9,654.2)=    0 (382.4,654.2)=    0 (382.6,653.9)=    0 (382.8,653.9)=    0 (383.2,654.1)=    0 (383.2,654.2)=    0 (383.5,654.5)=    0 (383.8,654.5)=    0 (384.2,654.5)=    0 (384.4,654.5)=    0 (384.6,654.4)=    0 (384.9,654.2)=    0 (385.5,654.5)=    0 (386.0,654.7)=    0 (386.5,654.6)=    0 (387.2,654.9)=    0 (387.7,655.0)=    0 (388.2,655.0)=    0 (388.8,655.0)=    0 (389.4,655.0)=    0 (390.1,654.9)=    0 (390.5,654.9)=    0 (390.9,655.2)=    0 (391.4,655.3)=    0 (391.8,655.5)=    0 (392.3,655.6)=    0 (392.9,655.6)=    0 (393.5,655.8)=    0 (393.8,655.9)=    0 (394.5,656.0)=    0 (395.2,656.3)=    0 (395.7,656.4)=    0 (396.4,656.6)=    0 (397.2,656.7)=    0 (397.8,656.7)=    0 (398.4,656.7)=    0 (399.1,656.7)=    0 (399.5,656.7)=    0 (400.0,656.7)=    0 (400.7,656.7)=    0 (401.4,656.7)=    0 (402.1,656.8)=    0 (402.7,656.8)=    0 (403.4,656.6)=    0 (404.2,656.3)=    0 (404.8,656.2)=    0 (405.4,655.6)=    0 (406.2,655.6)=    0 (406.8,655.5)=    0 (407.3,655.4)=    0 (407.7,655.6)=    0 (408.4,655.8)=    0 (408.7,655.8)=    0 (409.2,655.8)=    0 (409.7,655.7)=    0 (410.4,655.5)=    0 (411.2,655.4)=    0 (411.9,655.4)=    0 (413.0,655.6)=    0 (413.9,655.6)=    0 
     34 | (270.0,598.0)=24798 (270.4,598.3)=    0 (270.9,598.5)=    0 (271.3,598.5)=    0 (271.8,598.5)=    0 (272.3,598.5)=    0 (272.8,598.3)=    0 (272.9,598.4)=    0 (273.3,598.7)=    0 (273.9,598.7)=    0 (274.4,598.9)=    0 (274.7,598.9)=    0 (275.2,598.8)=    0 (275.7,598.5)=    0 (276.0,598.3)=    0 (276.4,598.0)=    0 (276.7,597.4)=    0 (277.2,597.2)=    0 (277.4,596.6)=    0 (277.4,596.3)=    0 (277.3,596.0)=    0 (277.3,595.8)=    0 (277.4,595.5)=    0 (277.7,595.5)=    0 (277.9,595.4)=    0 (277.9,595.4)=    0 (278.2,595.2)=    0 (278.7,595.2)=    0 (279.1,595.2)=    0 (279.6,595.2)=    0 (280.3,595.2)=    0 (281.0,595.1)=    0 (282.0,594.9)=    0 (282.7,594.9)=    0 (283.6,595.1)=    0 (284.1,595.1)=    0 (284.7,595.4)=    0 (285.2,595.4)=    0 (285.7,595.7)=    0 (286.1,595.7)=    0 (286.6,595.8)=    0 (287.1,596.0)=    0 (287.4,596.0)=    0 (287.8,596.3)=    0 (288.2,596.6)=    0 (288.7,596.6)=    0 (289.2,596.5)=    0 (289.7,596.6)=    0 (289.9,596.7)=    0 (290.5,596.9)=    0 (290.6,597.3)=    0 (290.9,597.8)=    0 (291.2,598.0)=    0 (291.6,598.3)=    0 (292.1,598.3)=    0 (292.5,598.3)=    0 (292.9,598.3)=    0 (293.1,598.2)=    0 (293.4,598.0)=    0 (293.4,597.4)=    0 (293.6,597.6)=    0 (293.8,597.8)=    0 (294.1,597.6)=    0 (294.3,597.6)=    0 (294.5,597.6)=    0 (294.6,597.4)=    0 (294.9,597.5)=    0 (295.1,597.8)=    0 (295.4,597.9)=    0 (295.6,598.2)=    0 (295.9,598.4)=    0 (296.4,598.6)=    0 (296.9,598.9)=    0 (297.4,598.9)=    0 (297.8,598.8)=    0 (298.3,598.6)=    0 (298.8,598.6)=    0 (299.3,598.6)=    0 (299.9,598.6)=    0 (300.4,598.8)=    0 (300.7,599.0)=    0 (301.3,599.3)=    0 (301.7,599.3)=    0 (302.0,599.3)=    0 (302.2,599.4)=    0 (302.4,599.5)=    0 (302.8,599.4)=    0 (303.1,599.4)=    0 (303.4,599.6)=    0 (303.6,599.6)=    0 (304.0,599.5)=    0 (304.6,599.5)=    0 (305.0,599.4)=    0 (305.4,599.3)=    0 (305.9,599.2)=    0 (306.1,599.2)=    0 (306.5,599.4)=    0 (306.7,599.6)=    0 (307.0,600.0)=    0 (307.4,600.3)=    0 (307.8,600.5)=    0 (308.3,600.7)=    0 (308.8,601.0)=    0 (309.1,601.2)=    0 (309.6,601.4)=    0 (310.0,601.6)=    0 (310.7,602.1)=    0 (311.0,602.3)=    0 (311.5,602.6)=    0 (312.3,603.0)=    0 (312.8,603.2)=    0 (313.2,603.3)=    0 (313.7,603.6)=    0 (314.3,604.2)=    0 (315.0,604.8)=    0 (315.7,605.0)=    0 (316.5,605.3)=    0 (317.0,605.3)=    0 (317.5,605.1)=    0 (318.0,605.1)=    0 (318.7,605.3)=    0 (319.3,605.2)=    0 (320.0,605.4)=    0 (320.8,605.5)=    0 (321.8,605.7)=    0 (322.6,605.7)=    0 (323.2,605.7)=    0 (324.0,605.6)=    0 (324.8,605.3)=    0 (325.3,605.3)=    0 (325.8,605.2)=    0 (326.3,605.2)=    0 (326.7,605.2)=    0 (327.2,605.1)=    0 (327.6,604.9)=    0 (327.9,604.5)=    0 (328.1,604.2)=    0 (328.7,604.0)=    0 (329.2,603.7)=    0 (329.9,603.5)=    0 (330.6,603.5)=    0 (331.2,603.5)=    0 (331.9,603.5)=    0 (332.4,603.5)=    0 (333.1,603.8)=    0 (334.0,603.7)=    0 (334.7,603.6)=    0 (335.7,603.9)=    0 (336.5,604.4)=    0 (337.3,604.9)=    0 (338.2,605.5)=    0 (338.9,605.9)=    0 (339.9,606.3)=    0 (340.4,606.9)=    0 (341.1,607.4)=    0 (342.0,608.2)=    0 (342.8,608.9)=    0 (343.8,609.6)=    0 (344.6,610.6)=    0 (345.3,611.1)=    0 (345.8,611.3)=    0 (345.9,611.4)=    0 (346.2,611.3)=    0 (346.2,611.2)=    0 (346.4,611.1)=    0 (346.7,611.2)=    0 (347.2,611.5)=    0 (347.5,611.8)=    0 (347.8,612.1)=    0 (348.3,612.4)=    0 (348.5,612.5)=    0 (348.8,612.7)=    0 (349.4,613.0)=    0 (350.0,613.4)=    0 (350.6,613.9)=    0 (351.0,614.4)=    0 (351.5,615.0)=    0 (352.1,615.5)=    0 (352.5,615.8)=    0 (353.0,616.0)=    0 (353.4,616.1)=    0 (353.6,616.3)=    0 (354.1,616.4)=    0 (354.3,616.6)=    0 (354.5,616.7)=    0 (354.7,617.2)=    0 (354.9,617.2)=    0 (355.2,617.3)=    0 (355.3,617.4)=    0 (355.6,617.5)=    0 (355.9,617.5)=    0 (356.1,617.7)=    0 (356.3,617.7)=    0 (356.6,617.8)=    0 (357.0,617.8)=    0 (357.4,617.8)=    0 (357.8,617.7)=    0 (357.9,617.8)=    0 (358.3,617.8)=    0 (358.6,617.9)=    0 (358.7,618.2)=    0 (358.8,618.2)=    0 (358.9,618.3)=    0 (359.2,618.4)=    0 (359.4,618.4)=    0 (359.5,618.4)=    0 (359.6,618.7)=    0 (359.7,618.7)=    0 (360.0,619.0)=    0 (360.3,619.1)=    0 (360.5,619.2)=    0 (360.8,619.3)=    0 (361.2,619.5)=    0 (361.7,619.4)=    0 (362.0,619.4)=    0 (362.4,619.4)=    0 (362.8,619.4)=    0 (363.4,619.4)=    0 (363.7,619.6)=    0 (364.1,619.6)=    0 (364.6,619.7)=    0 (364.9,619.6)=    0 (365.4,619.6)=    0 (365.6,619.4)=    0 (365.7,619.4)=    0 (366.2,619.6)=    0 (366.3,619.7)=    0 (366.5,620.0)=    0 (366.9,620.0)=    0 (367.2,620.0)=    0 (367.4,619.9)=    0 (367.6,619.8)=    0 (367.9,619.6)=    0 (368.5,620.0)=    0 (368.9,620.2)=    0 (369.4,620.1)=    0 (370.0,620.2)=    0 (370.5,620.3)=    0 (371.2,620.3)=    0 (371.6,620.3)=    0 (372.4,620.3)=    0 (373.0,620.2)=    0 (373.5,620.2)=    0 (373.8,620.4)=    0 (374.3,620.4)=    0 (374.8,620.6)=    0 (375.3,620.8)=    0 (376.0,620.7)=    0 (376.4,620.9)=    0 (376.8,621.0)=    0 (377.5,621.0)=    0 (378.3,621.3)=    0 (378.8,621.4)=    0 (379.5,621.5)=    0 (380.0,621.6)=    0 (380.8,621.7)=    0 (381.3,621.6)=    0 (382.0,621.6)=    0 (382.5,621.6)=    0 (382.9,621.6)=    0 (383.7,621.6)=    0 (384.4,621.6)=    0 (385.1,621.7)=    0 (385.6,621.7)=    0 (386.4,621.4)=    0 (387.1,621.2)=    0 (387.7,621.1)=    0 (388.3,620.5)=    0 (389.2,620.5)=    0 (389.7,620.3)=    0 (390.1,620.2)=    0 (390.6,620.2)=    0 (391.1,620.4)=    0 (391.6,620.4)=    0 (391.9,620.4)=    0 (392.6,620.3)=    0 (393.4,620.1)=    0 (394.1,620.0)=    0 (394.9,620.0)=    0 (395.9,620.0)=    0 (396.9,620.1)=    0 
     35 | (275.0,579.0)=24612 (275.5,579.4)=    0 (276.0,579.6)=    0 (276.4,579.5)=    0 (276.9,579.5)=    0 (277.4,579.6)=    0 (277.9,579.4)=    0 (278.1,579.4)=    0 (278.5,579.6)=    0 (279.0,579.7)=    0 (279.6,579.8)=    0 (279.8,579.8)=    0 (280.3,579.7)=    0 (280.8,579.5)=    0 (281.3,579.2)=    0 (281.6,578.8)=    0 (281.8,578.4)=    0 (282.3,578.1)=    0 (282.5,577.6)=    0 (282.5,577.2)=    0 (282.5,576.9)=    0 (282.5,576.7)=    0 (282.6,576.5)=    0 (282.9,576.5)=    0 (283.0,576.4)=    0 (283.3,576.4)=    0 (283.5,576.1)=    0 (283.8,576.0)=    0 (284.3,576.1)=    0 (284.8,576.1)=    0 (285.5,576.1)=    0 (286.3,576.0)=    0 (287.2,575.8)=    0 (288.1,575.8)=    0 (288.8,575.9)=    0 (289.4,576.0)=    0 (289.9,576.2)=    0 (290.4,576.4)=    0 (290.9,576.5)=    0 (291.4,576.6)=    0 (291.9,576.6)=    0 (292.4,576.7)=    0 (292.6,576.8)=    0 (293.0,577.0)=    0 (293.4,577.2)=    0 (293.9,577.2)=    0 (294.4,577.2)=    0 (294.9,577.2)=    0 (295.2,577.6)=    0 (295.8,577.8)=    0 (295.9,578.1)=    0 (296.1,578.6)=    0 (296.4,578.6)=    0 (296.9,578.9)=    0 (297.4,579.1)=    0 (297.8,579.1)=    0 (298.2,578.9)=    0 (298.5,578.9)=    0 (298.7,578.7)=    0 (298.7,578.3)=    0 (298.9,578.6)=    0 (299.2,578.7)=    0 (299.3,578.6)=    0 (299.6,578.6)=    0 (299.9,578.6)=    0 (299.9,578.3)=    0 (300.2,578.4)=    0 (300.5,578.6)=    0 (300.7,578.7)=    0 (301.0,578.9)=    0 (301.4,579.3)=    0 (301.7,579.4)=    0 (302.3,579.7)=    0 (302.8,579.6)=    0 (303.2,579.5)=    0 (303.7,579.5)=    0 (304.2,579.4)=    0 (304.7,579.4)=    0 (305.1,579.5)=    0 (305.6,579.6)=    0 (306.0,579.8)=    0 (306.5,580.0)=    0 (306.9,580.1)=    0 (307.2,580.1)=    0 (307.4,580.2)=    0 (307.7,580.3)=    0 (308.0,580.2)=    0 (308.3,580.2)=    0 (308.5,580.4)=    0 (308.9,580.4)=    0 (309.4,580.3)=    0 (310.0,580.3)=    0 (310.4,580.2)=    0 (310.9,580.0)=    0 (311.3,580.0)=    0 (311.3,580.0)=    0 (311.7,580.2)=    0 (311.9,580.4)=    0 (312.2,580.7)=    0 (312.5,581.0)=    0 (313.0,581.3)=    0 (313.5,581.5)=    0 (314.0,581.8)=    0 (314.3,582.0)=    0 (314.7,582.3)=    0 (315.2,582.5)=    0 (315.7,582.9)=    0 (316.2,583.2)=    0 (316.7,583.4)=    0 (317.5,583.7)=    0 (318.0,583.9)=    0 (318.5,584.1)=    0 (318.9,584.4)=    0 (319.5,584.9)=    0 (320.3,585.5)=    0 (321.0,585.7)=    0 (321.7,586.0)=    0 (322.3,586.0)=    0 (322.7,585.9)=    0 (323.3,585.9)=    0 (323.9,585.9)=    0 (324.6,585.9)=    0 (325.4,586.0)=    0 (326.1,586.3)=    0 (327.0,586.4)=    0 (327.8,586.5)=    0 (328.4,586.5)=    0 (329.3,586.3)=    0 (330.0,586.1)=    0 (330.6,586.1)=    0 (330.9,586.0)=    0 (331.4,586.0)=    0 (331.9,586.0)=    0 (332.5,586.0)=    0 (332.9,585.7)=    0 (333.2,585.5)=    0 (333.6,585.1)=    0 (334.0,585.0)=    0 (334.5,584.8)=    0 (335.1,584.5)=    0 (335.8,584.5)=    0 (336.4,584.6)=    0 (337.1,584.6)=    0 (337.5,584.6)=    0 (338.3,584.8)=    0 (339.1,584.8)=    0 (339.8,584.6)=    0 (340.8,584.8)=    0 (341.5,585.4)=    0 (342.4,585.8)=    0 (343.2,586.5)=    0 (343.9,586.9)=    0 (344.7,587.3)=    0 (345.5,587.8)=    0 (346.2,588.3)=    0 (347.1,589.0)=    0 (348.0,589.7)=    0 (348.8,590.4)=    0 (349.6,591.3)=    0 (350.3,591.8)=    0 (350.8,592.2)=    0 (350.9,592.2)=    0 (351.3,592.0)=    0 (351.4,591.9)=    0 (351.6,591.9)=    0 (351.9,591.9)=    0 (352.3,592.3)=    0 (352.8,592.7)=    0 (353.0,592.8)=    0 (353.5,593.2)=    0 (353.8,593.3)=    0 (354.1,593.4)=    0 (354.6,593.7)=    0 (355.2,594.1)=    0 (355.7,594.5)=    0 (356.2,594.8)=    0 (356.8,595.5)=    0 (357.3,595.9)=    0 (357.8,596.5)=    0 (358.3,596.6)=    0 (358.6,596.6)=    0 (358.9,596.8)=    0 (359.2,597.1)=    0 (359.5,597.1)=    0 (359.8,597.4)=    0 (360.0,597.6)=    0 (360.2,597.7)=    0 (360.6,597.8)=    0 (360.7,597.9)=    0 (360.9,598.0)=    0 (361.1,598.0)=    0 (361.4,598.3)=    0 (361.6,598.4)=    0 (362.1,598.4)=    0 (362.4,598.4)=    0 (362.7,598.3)=    0 (363.1,598.2)=    0 (363.3,598.3)=    0 (363.6,598.4)=    0 (363.9,598.5)=    0 (364.0,598.8)=    0 (364.1,598.9)=    0 (364.3,599.0)=    0 (364.6,599.1)=    0 (364.7,599.1)=    0 (364.9,599.1)=    0 (365.0,599.5)=    0 (365.2,599.6)=    0 (365.5,599.7)=    0 (365.7,599.9)=    0 (366.0,600.1)=    0 (366.3,600.1)=    0 (366.8,600.3)=    0 (367.2,600.1)=    0 (367.5,600.1)=    0 (367.8,600.2)=    0 (368.3,600.1)=    0 (368.7,600.3)=    0 (369.1,600.5)=    0 (369.5,600.5)=    0 (370.0,600.5)=    0 (370.3,600.5)=    0 (370.8,600.5)=    0 (370.9,600.2)=    0 (371.2,600.3)=    0 (371.5,600.4)=    0 (371.7,600.6)=    0 (372.0,600.8)=    0 (372.4,600.8)=    0 (372.6,600.7)=    0 (372.8,600.7)=    0 (373.1,600.7)=    0 (373.3,600.6)=    0 (373.8,600.8)=    0 (374.3,601.0)=    0 (374.7,601.0)=    0 (375.4,601.3)=    0 (375.8,601.3)=    0 (376.4,601.3)=    0 (377.0,601.3)=    0 (377.7,601.3)=    0 (378.3,601.2)=    0 (378.6,601.2)=    0 (379.1,601.4)=    0 (379.6,601.5)=    0 (380.1,601.7)=    0 (380.6,601.8)=    0 (381.3,601.8)=    0 (381.8,602.0)=    0 (382.3,602.1)=    0 (382.8,602.1)=    0 (383.6,602.5)=    0 (384.1,602.6)=    0 (384.8,602.7)=    0 (385.4,602.7)=    0 (386.2,602.8)=    0 (386.8,602.7)=    0 (387.5,602.7)=    0 (387.9,602.7)=    0 (388.5,602.7)=    0 (389.2,602.7)=    0 (390.0,602.7)=    0 (390.6,602.7)=    0 (391.3,602.7)=    0 (392.0,602.6)=    0 (392.7,602.3)=    0 (393.4,602.1)=    0 (393.9,601.5)=    0 (394.9,601.6)=    0 (395.4,601.3)=    0 (395.7,601.2)=    0 (396.5,601.3)=    0 (396.9,601.4)=    0 (397.4,601.5)=    0 (397.8,601.5)=    0 (398.3,601.3)=    0 (399.2,601.1)=    0 (400.0,601.1)=    0 (400.8,601.1)=    0 (401.8,601.1)=    0 (402.7,601.2)=    0 
     36 | (304.0,630.0)=24550 (304.5,630.3)=    0 (305.1,630.6)=    0 (305.5,630.6)=    0 (305.9,630.6)=    0 (306.4,630.6)=    0 (306.8,630.5)=    0 (307.0,630.6)=    0 (307.5,630.8)=    0 (307.8,630.9)=    0 (308.4,631.1)=    0 (308.8,631.2)=    0 (309.3,631.0)=    0 (309.8,630.7)=    0 (310.1,630.4)=    0 (310.4,630.1)=    0 (311.0,629.6)=    0 (311.3,629.4)=    0 (311.5,628.9)=    0 (311.5,628.4)=    0 (311.5,628.2)=    0 (311.4,628.0)=    0 (311.5,627.7)=    0 (311.7,627.7)=    0 (311.9,627.7)=    0 (312.0,627.7)=    0 (312.2,627.4)=    0 (312.6,627.4)=    0 (313.1,627.5)=    0 (313.7,627.5)=    0 (314.3,627.5)=    0 (315.1,627.4)=    0 (316.0,627.1)=    0 (316.9,627.3)=    0 (317.7,627.5)=    0 (318.2,627.6)=    0 (318.7,627.7)=    0 (319.3,627.8)=    0 (319.7,628.1)=    0 (320.2,628.2)=    0 (320.7,628.2)=    0 (321.2,628.3)=    0 (321.5,628.4)=    0 (322.0,628.7)=    0 (322.2,629.0)=    0 (322.7,629.0)=    0 (323.2,629.1)=    0 (323.6,629.1)=    0 (324.0,629.4)=    0 (324.5,629.7)=    0 (324.7,630.0)=    0 (324.9,630.4)=    0 (325.2,630.6)=    0 (325.4,631.0)=    0 (326.0,631.1)=    0 (326.3,631.1)=    0 (326.6,631.0)=    0 (327.0,631.1)=    0 (327.2,630.8)=    0 (327.2,630.2)=    0 (327.5,630.5)=    0 (327.6,630.6)=    0 (327.9,630.3)=    0 (328.2,630.3)=    0 (328.5,630.3)=    0 (328.6,630.2)=    0 (328.8,630.3)=    0 (329.1,630.5)=    0 (329.4,630.5)=    0 (329.6,630.8)=    0 (329.9,631.0)=    0 (330.2,631.3)=    0 (330.7,631.6)=    0 (331.3,631.6)=    0 (331.7,631.5)=    0 (332.2,631.3)=    0 (332.7,631.3)=    0 (333.3,631.2)=    0 (333.9,631.4)=    0 ( -1.0, -1.0)=   -3 ( -1.0, -1.0)=   -3 ( -1.0, -1.0)=   -3 ( -1.0, -1.0)=   -3 ( -1.0, -1.0)=   -3 ( -1.0, -1.0)=   -3 ( -1.0, -1.0)=   -3 ( -1.0, -1.0)=   -3 ( -1.0, -1.0)=   -3 ( -1.0, -1.0)=   -3 ( -1.0, -1.0)=   -3 ( -1.0, -1.0)=   -3 ( -1.0, -1.0)=   -3 ( -1.0, -1.0)=   -3 ( -1.0, -1.0)=   -3 ( -1.0, -1.0)=   -3 ( -1.0, -1.0)=   -3 ( -1.0, -1.0)=   -3 ( -1.0, -1.0)=   -3 ( -1.0, -1.0)=   -3 ( -1.0, -1.0)=   -3 ( -1.0, -1.0)=   -3 ( -1.0, -1.0)=   -3 ( -1.0, -1.0)=   -3 ( -1.0, -1.0)=   -3 ( -1.0, -1.0)=   -3 ( -1.0, -1.0)=   -3 ( -1.0, -1.0)=   -3 ( -1.0, -1.0)=   -3 ( -1.0, -1.0)=   -3 ( -1.0, -1.0)=   -3 ( -1.0, -1.0)=   -3 ( -1.0, -1.0)=   -3 ( -1.0, -1.0)=   -3 ( -1.0, -1.0)=   -3 ( -1.0, -1.0)=   -3 ( -1.0, -1.0)=   -3 ( -1.0, -1.0)=   -3 ( -1.0, -1.0)=   -3 ( -1.0, -1.0)=   -3 ( -1.0, -1.0)=   -3 ( -1.0, -1.0)=   -3 ( -1.0, -1.0)=   -3 ( -1.0, -1.0)=   -3 ( -1.0, -1.0)=   -3 ( -1.0, -1.0)=   -3 ( -1.0, -1.0)=   -3 ( -1.0, -1.0)=   -3 ( -1.0, -1.0)=   -3 ( -1.0, -1.0)=   -3 ( -1.0, -1.0)=   -3 ( -1.0, -1.0)=   -3 ( -1.0, -1.0)=   -3 ( -1.0, -1.0)=   -3 ( -1.0, -1.0)=   -3 ( -1.0, -1.0)=   -3 ( -1.0, -1.0)=   -3 ( -1.0, -1.0)=   -3 ( -1.0, -1.0)=   -3 ( -1.0, -1.0)=   -3 ( -1.0, -1.0)=   -3 ( -1.0, -1.0)=   -3 ( -1.0, -1.0)=   -3 ( -1.0, -1.0)=   -3 ( -1.0, -1.0)=   -3 ( -1.0, -1.0)=   -3 ( -1.0, -1.0)=   -3 ( -1.0, -1.0)=   -3 ( -1.0, -1.0)=   -3 ( -1.0, -1.0)=   -3 ( -1.0, -1.0)=   -3 ( -1.0, -1.0)=   -3 ( -1.0, -1.0)=   -3 ( -1.0, -1.0)=   -3 ( -1.0, -1.0)=   -3 ( -1.0, -1.0)=   -3 ( -1.0, -1.0)=   -3 ( -1.0, -1.0)=   -3 ( -1.0, -1.0)=   -3 ( -1.0, -1.0)=   -3 ( -1.0, -1.0)=   -3 ( -1.0, -1.0)=   -3 ( -1.0, -1.0)=   -3 ( -1.0, -1.0)=   -3 ( -1.0, -1.0)=   -3 ( -1.0, -1.0)=   -3 ( -1.0, -1.0)=   -3 ( -1.0, -1.0)=   -3 ( -1.0, -1.0)=   -3 ( -1.0, -1.0)=   -3 ( -1.0, -1.0)=   -3 ( -1.0, -1.0)=   -3 ( -1.0, -1.0)=   -3 ( -1.0, -1.0)=   -3 ( -1.0, -1.0)=   -3 ( -1.0, -1.0)=   -3 ( -1.0, -1.0)=   -3 ( -1.0, -1.0)=   -3 ( -1.0, -1.0)=   -3 ( -1.0, -1.0)=   -3 ( -1.0, -1.0)=   -3 ( -1.0, -1.0)=   -3 ( -1.0, -1.0)=   -3 ( -1.0, -1.0)=   -3 ( -1.0, -1.0)=   -3 ( -1.0, -1.0)=   -3 ( -1.0, -1.0)=   -3 ( -1.0, -1.0)=   -3 ( -1.0, -1.0)=   -3 ( -1.0, -1.0)=   -3 ( -1.0, -1.0)=   -3 ( -1.0, -1.0)=   -3 ( -1.0, -1.0)=   -3 ( -1.0, -1.0)=   -3 ( -1.0, -1.0)=   -3 ( -1.0, -1.0)=   -3 ( -1.0, -1.0)=   -3 ( -1.0, -1.0)=   -3 ( -1.0, -1.0)=   -3 ( -1.0, -1.0)=   -3 ( -1.0, -1.0)=   -3 ( -1.0, -1.0)=   -3 ( -1.0, -1.0)=   -3 ( -1.0, -1.0)=   -3 ( -1.0, -1.0)=   -3 ( -1.0, -1.0)=   -3 ( -1.0, -1.0)=   -3 ( -1.0, -1.0)=   -3 ( -1.0, -1.0)=   -3 ( -1.0, -1.0)=   -3 ( -1.0, -1.0)=   -3 ( -1.0, -1.0)=   -3 ( -1.0, -1.0)=   -3 ( -1.0, -1.0)=   -3 ( -1.0, -1.0)=   -3 ( -1.0, -1.0)=   -3 ( -1.0, -1.0)=   -3 ( -1.0, -1.0)=   -3 ( -1.0, -1.0)=   -3 ( -1.0, -1.0)=   -3 ( -1.0, -1.0)=   -3 ( -1.0, -1.0)=   -3 ( -1.0, -1.0)=   -3 ( -1.0, -1.0)=   -3 ( -1.0, -1.0)=   -3 ( -1.0, -1.0)=   -3 ( -1.0, -1.0)=   -3 ( -1.0, -1.0)=   -3 ( -1.0, -1.0)=   -3 ( -1.0, -1.0)=   -3 ( -1.0, -1.0)=   -3 ( -1.0, -1.0)=   -3 ( -1.0, -1.0)=   -3 ( -1.0, -1.0)=   -3 ( -1.0, -1.0)=   -3 ( -1.0, -1.0)=   -3 ( -1.0, -1.0)=   -3 ( -1.0, -1.0)=   -3 ( -1.0, -1.0)=   -3 ( -1.0, -1.0)=   -3 ( -1.0, -1.0)=   -3 ( -1.0, -1.0)=   -3 ( -1.0, -1.0)=   -3 ( -1.0, -1.0)=   -3 ( -1.0, -1.0)=   -3 ( -1.0, -1.0)=   -3 ( -1.0, -1.0)=   -3 ( -1.0, -1.0)=   -3 ( -1.0, -1.0)=   -3 ( -1.0, -1.0)=   -3 ( -1.0, -1.0)=   -3 ( -1.0, -1.0)=   -3 ( -1.0, -1.0)=   -3 ( -1.0, -1.0)=   -3 ( -1.0, -1.0)=   -3 ( -1.0, -1.0)=   -3 ( -1.0, -1.0)=   -3 ( -1.0, -1.0)=   -3 ( -1.0, -1.0)=   -3 ( -1.0, -1.0)=   -3 ( -1.0, -1.0)=   -3 ( -1.0, -1.0)=   -3 ( -1.0, -1.0)=   -3 ( -1.0, -1.0)=   -3 ( -1.0, -1.0)=   -3 ( -1.0, -1.0)=   -3 ( -1.0, -1.0)=   -3 ( -1.0, -1.0)=   -3 ( -1.0, -1.0)=   -3 ( -1.0, -1.0)=   -3 ( -1.0, -1.0)=   -3 ( -1.0, -1.0)=   -3 ( -1.0, -1.0)=   -3 ( -1.0, -1.0)=   -3 ( -1.0, -1.0)=   -3 ( -1.0, -1.0)=   -3 ( -1.0, -1.0)=   -3 ( -1.0, -1.0)=   -3 ( -1.0, -1.0)=   -3 ( -1.0, -1.0)=   -3 ( -1.0, -1.0)=   -3 ( -1.0, -1.0)=   -3 
     37 | (117.0,598.0)=24529 (117.3,598.3)=    0 (118.0,598.5)=    0 (118.4,598.3)=    0 (118.7,598.2)=    0 (119.2,598.2)=    0 (119.8,597.9)=    0 (119.9,598.0)=    0 (120.4,598.3)=    0 (120.9,598.3)=    0 (121.4,598.3)=    0 (121.7,598.3)=    0 (122.2,598.0)=    0 (122.7,597.7)=    0 (123.0,597.3)=    0 (123.5,596.8)=    0 (123.7,596.4)=    0 (124.2,596.1)=    0 (124.5,595.6)=    0 (124.4,595.1)=    0 (124.4,594.9)=    0 (124.4,594.6)=    0 (124.5,594.4)=    0 (124.7,594.3)=    0 (124.7,594.2)=    0 (125.1,594.1)=    0 (125.4,593.8)=    0 (125.7,593.8)=    0 (126.2,593.8)=    0 (126.9,593.7)=    0 (127.5,593.7)=    0 (128.3,593.5)=    0 (129.1,593.3)=    0 (129.9,593.3)=    0 (130.7,593.4)=    0 (131.3,593.4)=    0 (131.9,593.5)=    0 (132.4,593.6)=    0 (132.9,593.7)=    0 (133.4,593.7)=    0 (134.1,593.7)=    0 (134.5,593.7)=    0 (134.7,593.8)=    0 (135.2,594.0)=    0 (135.6,594.1)=    0 (136.2,593.9)=    0 (136.9,593.9)=    0 (137.2,593.9)=    0 (137.5,594.1)=    0 (138.0,594.3)=    0 (138.1,594.6)=    0 (138.3,595.0)=    0 (138.7,595.1)=    0 (139.2,595.5)=    0 (139.7,595.4)=    0 (140.0,595.2)=    0 (140.3,595.2)=    0 (140.5,595.2)=    0 (140.8,594.9)=    0 (141.4,594.4)=    0 (141.4,594.6)=    0 (141.7,594.7)=    0 (142.0,594.5)=    0 (142.1,594.5)=    0 (142.4,594.5)=    0 (142.4,594.2)=    0 (142.5,594.4)=    0 (142.9,594.5)=    0 (143.2,594.7)=    0 (143.5,595.0)=    0 (143.7,595.3)=    0 (144.1,595.4)=    0 (144.6,595.7)=    0 (145.0,595.6)=    0 (145.5,595.4)=    0 (146.0,595.3)=    0 (146.5,595.1)=    0 (147.0,595.1)=    0 (147.5,595.4)=    0 (148.0,595.5)=    0 (148.3,595.7)=    0 (148.8,596.0)=    0 (149.3,596.0)=    0 (149.6,596.1)=    0 (149.8,596.1)=    0 (150.2,596.1)=    0 (150.6,596.0)=    0 (150.9,596.1)=    0 (151.2,596.3)=    0 (151.4,596.2)=    0 (151.8,596.2)=    0 (152.2,596.1)=    0 (152.5,595.9)=    0 (153.2,595.9)=    0 (153.5,595.6)=    0 (153.6,595.6)=    0 (153.9,595.8)=    0 (154.2,596.1)=    0 (154.7,596.4)=    0 (155.1,596.6)=    0 (155.6,596.7)=    0 (156.0,597.0)=    0 (156.5,597.2)=    0 (156.9,597.4)=    0 (157.4,597.5)=    0 (157.7,597.7)=    0 (158.2,598.2)=    0 (158.7,598.4)=    0 (159.2,598.6)=    0 (159.9,598.8)=    0 (160.4,599.1)=    0 (160.7,599.2)=    0 (161.2,599.5)=    0 (161.7,600.0)=    0 (162.5,600.5)=    0 (163.2,600.5)=    0 (164.0,600.8)=    0 (164.6,600.8)=    0 (165.0,600.5)=    0 (165.5,600.5)=    0 (166.2,600.5)=    0 (166.7,600.4)=    0 (167.4,600.5)=    0 (168.3,600.6)=    0 (169.1,600.6)=    0 (169.8,600.6)=    0 (170.3,600.7)=    0 (171.2,600.4)=    0 (171.9,600.2)=    0 (172.5,600.1)=    0 (173.0,599.8)=    0 (173.5,599.9)=    0 (174.0,599.8)=    0 (174.3,599.8)=    0 (174.7,599.5)=    0 (174.9,599.2)=    0 (175.1,598.8)=    0 (175.7,598.5)=    0 (176.1,598.3)=    0 (176.6,598.0)=    0 (177.4,598.1)=    0 (177.8,598.1)=    0 (178.6,598.0)=    0 (179.0,598.0)=    0 (179.8,598.0)=    0 (180.6,597.9)=    0 (181.5,597.7)=    0 (182.2,598.0)=    0 (183.1,598.5)=    0 (183.9,598.9)=    0 (184.8,599.5)=    0 (185.5,599.8)=    0 (186.3,600.0)=    0 (187.0,600.3)=    0 (187.8,600.8)=    0 ( -1.0, -1.0)=   -3 ( -1.0, -1.0)=   -3 ( -1.0, -1.0)=   -3 ( -1.0, -1.0)=   -3 ( -1.0, -1.0)=   -3 ( -1.0, -1.0)=   -3 ( -1.0, -1.0)=   -3 ( -1.0, -1.0)=   -3 ( -1.0, -1.0)=   -3 ( -1.0, -1.0)=   -3 ( -1.0, -1.0)=   -3 ( -1.0, -1.0)=   -3 ( -1.0, -1.0)=   -3 ( -1.0, -1.0)=   -3 ( -1.0, -1.0)=   -3 ( -1.0, -1.0)=   -3 ( -1.0, -1.0)=   -3 ( -1.0, -1.0)=   -3 ( -1.0, -1.0)=   -3 ( -1.0, -1.0)=   -3 ( -1.0, -1.0)=   -3 ( -1.0, -1.0)=   -3 ( -1.0, -1.0)=   -3 ( -1.0, -1.0)=   -3 ( -1.0, -1.0)=   -3 ( -1.0, -1.0)=   -3 ( -1.0, -1.0)=   -3 ( -1.0, -1.0)=   -3 ( -1.0, -1.0)=   -3 ( -1.0, -1.0)=   -3 ( -1.0, -1.0)=   -3 ( -1.0, -1.0)=   -3 ( -1.0, -1.0)=   -3 ( -1.0, -1.0)=   -3 ( -1.0, -1.0)=   -3 ( -1.0, -1.0)=   -3 ( -1.0, -1.0)=   -3 ( -1.0, -1.0)=   -3 ( -1.0, -1.0)=   -3 ( -1.0, -1.0)=   -3 ( -1.0, -1.0)=   -3 ( -1.0, -1.0)=   -3 ( -1.0, -1.0)=   -3 ( -1.0, -1.0)=   -3 ( -1.0, -1.0)=   -3 ( -1.0, -1.0)=   -3 ( -1.0, -1.0)=   -3 ( -1.0, -1.0)=   -3 ( -1.0, -1.0)=   -3 ( -1.0, -1.0)=   -3 ( -1.0, -1.0)=   -3 ( -1.0, -1.0)=   -3 ( -1.0, -1.0)=   -3 ( -1.0, -1.0)=   -3 ( -1.0, -1.0)=   -3 ( -1.0, -1.0)=   -3 ( -1.0, -1.0)=   -3 ( -1.0, -1.0)=   -3 ( -1.0, -1.0)=   -3 ( -1.0, -1.0)=   -3 ( -1.0, -1.0)=   -3 ( -1.0, -1.0)=   -3 ( -1.0, -1.0)=   -3 ( -1.0, -1.0)=   -3 ( -1.0, -1.0)=   -3 ( -1.0, -1.0)=   -3 ( -1.0, -1.0)=   -3 ( -1.0, -1.0)=   -3 ( -1.0, -1.0)=   -3 ( -1.0, -1.0)=   -3 ( -1.0, -1.0)=   -3 ( -1.0, -1.0)=   -3 ( -1.0, -1.0)=   -3 ( -1.0, -1.0)=   -3 ( -1.0, -1.0)=   -3 ( -1.0, -1.0)=   -3 ( -1.0, -1.0)=   -3 ( -1.0, -1.0)=   -3 ( -1.0, -1.0)=   -3 ( -1.0, -1.0)=   -3 ( -1.0, -1.0)=   -3 ( -1.0, -1.0)=   -3 ( -1.0, -1.0)=   -3 ( -1.0, -1.0)=   -3 ( -1.0, -1.0)=   -3 ( -1.0, -1.0)=   -3 ( -1.0, -1.0)=   -3 ( -1.0, -1.0)=   -3 ( -1.0, -1.0)=   -3 ( -1.0, -1.0)=   -3 ( -1.0, -1.0)=   -3 ( -1.0, -1.0)=   -3 ( -1.0, -1.0)=   -3 ( -1.0, -1.0)=   -3 ( -1.0, -1.0)=   -3 ( -1.0, -1.0)=   -3 ( -1.0, -1.0)=   -3 ( -1.0, -1.0)=   -3 ( -1.0, -1.0)=   -3 ( -1.0, -1.0)=   -3 ( -1.0, -1.0)=   -3 ( -1.0, -1.0)=   -3 ( -1.0, -1.0)=   -3 ( -1.0, -1.0)=   -3 ( -1.0, -1.0)=   -3 ( -1.0, -1.0)=   -3 ( -1.0, -1.0)=   -3 ( -1.0, -1.0)=   -3 ( -1.0, -1.0)=   -3 ( -1.0, -1.0)=   -3 ( -1.0, -1.0)=   -3 ( -1.0, -1.0)=   -3 ( -1.0, -1.0)=   -3 ( -1.0, -1.0)=   -3 ( -1.0, -1.0)=   -3 ( -1.0, -1.0)=   -3 ( -1.0, -1.0)=   -3 ( -1.0, -1.0)=   -3 ( -1.0, -1.0)=   -3 ( -1.0, -1.0)=   -3 ( -1.0, -1.0)=   -3 ( -1.0, -1.0)=   -3 ( -1.0, -1.0)=   -3 ( -1.0, -1.0)=   -3 ( -1.0, -1.0)=   -3 ( -1.0, -1.0)=   -3 
     38 | (302.0,604.0)=24373 (302.4,604.3)=    0 (302.9,604.5)=    0 (303.4,604.6)=    0 (303.8,604.5)=    0 (304.3,604.6)=    0 (304.8,604.5)=    0 (305.0,604.4)=    0 (305.5,604.7)=    0 (305.9,604.9)=    0 (306.4,605.1)=    0 (306.7,605.0)=    0 (307.2,605.0)=    0 (307.8,604.7)=    0 (308.1,604.4)=    0 (308.4,604.1)=    0 (308.8,603.6)=    0 (309.3,603.4)=    0 (309.5,602.9)=    0 (309.5,602.3)=    0 (309.4,602.2)=    0 (309.4,601.9)=    0 (309.5,601.7)=    0 (309.7,601.7)=    0 (310.0,601.7)=    0 (310.2,601.7)=    0 (310.4,601.4)=    0 (310.8,601.4)=    0 (311.3,601.5)=    0 (311.8,601.5)=    0 (312.4,601.5)=    0 (313.2,601.4)=    0 (314.1,601.2)=    0 (315.0,601.2)=    0 (315.7,601.3)=    0 (316.2,601.4)=    0 (316.7,601.6)=    0 (317.3,601.8)=    0 (317.8,602.0)=    0 (318.2,602.1)=    0 (318.7,602.1)=    0 (319.2,602.2)=    0 (319.5,602.3)=    0 (320.0,602.6)=    0 (320.3,602.9)=    0 (320.7,602.9)=    0 (321.3,602.9)=    0 (321.7,602.9)=    0 (322.0,603.0)=    0 (322.6,603.3)=    0 (322.7,603.8)=    0 (323.0,604.2)=    0 (323.3,604.3)=    0 (323.6,604.6)=    0 (324.1,604.8)=    0 (324.5,604.7)=    0 (324.9,604.6)=    0 (325.2,604.6)=    0 (325.5,604.3)=    0 (325.5,603.8)=    0 (325.6,604.0)=    0 (325.8,604.3)=    0 (326.2,604.1)=    0 (326.4,604.1)=    0 (326.6,604.1)=    0 (326.9,603.8)=    0 (326.9,603.9)=    0 (327.3,604.2)=    0 (327.6,604.3)=    0 (327.8,604.6)=    0 (328.1,604.9)=    0 (328.5,605.1)=    0 (329.0,605.3)=    0 (329.5,605.4)=    0 (330.0,605.3)=    0 (330.4,605.1)=    0 (330.9,605.1)=    0 (331.4,605.0)=    0 (331.9,605.3)=    0 (332.5,605.4)=    0 (332.8,605.7)=    0 (333.3,606.0)=    0 (333.6,606.0)=    0 (333.9,606.0)=    0 (334.2,606.1)=    0 (334.5,606.3)=    0 (334.9,606.2)=    0 (335.2,606.2)=    0 (335.5,606.3)=    0 (335.8,606.2)=    0 (336.2,606.2)=    0 (336.8,606.3)=    0 (337.2,606.1)=    0 (337.6,606.1)=    0 (338.1,605.9)=    0 (338.3,606.0)=    0 (338.6,606.2)=    0 (338.9,606.5)=    0 (339.2,606.8)=    0 (339.5,607.1)=    0 (340.0,607.4)=    0 (340.4,607.6)=    0 (340.9,607.9)=    0 (341.3,608.1)=    0 (341.8,608.2)=    0 (342.3,608.5)=    0 (342.7,608.9)=    0 (343.2,609.2)=    0 (343.8,609.5)=    0 (344.4,609.8)=    0 (344.9,610.0)=    0 (345.4,610.3)=    0 (345.9,610.5)=    0 (346.6,611.0)=    0 (347.4,611.6)=    0 (348.1,611.8)=    0 (348.8,612.1)=    0 (349.3,612.2)=    0 (349.8,612.1)=    0 (350.4,612.0)=    0 (351.1,612.1)=    0 (351.7,612.1)=    0 (352.5,612.3)=    0 (353.2,612.4)=    0 (354.2,612.6)=    0 (355.1,612.7)=    0 (355.7,612.7)=    0 (356.5,612.7)=    0 (357.2,612.4)=    0 (357.6,612.4)=    0 (358.2,612.4)=    0 (358.6,612.4)=    0 (359.2,612.4)=    0 (359.6,612.4)=    0 (360.1,612.1)=    0 (360.4,611.9)=    0 (360.6,611.5)=    0 (361.2,611.3)=    0 (361.7,611.1)=    0 (362.4,610.8)=    0 (363.1,610.8)=    0 (363.6,610.8)=    0 (364.3,610.8)=    0 (364.8,610.8)=    0 (365.6,611.1)=    0 (366.4,611.1)=    0 (367.3,611.1)=    0 (368.1,611.3)=    0 (368.9,611.9)=    0 (369.7,612.4)=    0 (370.7,613.1)=    0 (371.4,613.5)=    0 (372.2,613.8)=    0 (372.9,614.5)=    0 (373.6,615.0)=    0 (374.4,615.7)=    0 (375.3,616.4)=    0 (376.2,617.3)=    0 (377.0,618.2)=    0 (377.8,618.7)=    0 (378.1,619.0)=    0 (378.3,619.0)=    0 (378.5,619.0)=    0 (378.8,618.8)=    0 (379.0,618.8)=    0 (379.3,618.8)=    0 (379.8,619.1)=    0 (380.1,619.4)=    0 (380.4,619.6)=    0 (380.8,620.0)=    0 (381.1,620.2)=    0 (381.4,620.3)=    0 (381.9,620.6)=    0 (382.6,621.0)=    0 (383.2,621.5)=    0 (383.5,622.0)=    0 (384.2,622.5)=    0 (384.7,623.0)=    0 (385.2,623.3)=    0 (385.6,623.4)=    0 (386.1,623.6)=    0 (386.3,623.8)=    0 (386.7,624.1)=    0 (387.0,624.2)=    0 (387.3,624.4)=    0 (387.5,624.6)=    0 (387.6,624.8)=    0 (387.9,624.9)=    0 (388.1,625.1)=    0 (388.2,625.1)=    0 (388.5,625.1)=    0 (388.8,625.3)=    0 (389.1,625.4)=    0 (389.4,625.4)=    0 (389.8,625.4)=    0 (390.2,625.4)=    0 (390.6,625.3)=    0 (390.7,625.3)=    0 (391.0,625.4)=    0 (391.3,625.5)=    0 (391.4,625.7)=    0 (391.4,626.0)=    0 (391.7,626.0)=    0 (391.7,626.0)=    0 (392.0,626.0)=    0 (392.1,626.1)=    0 (392.2,626.4)=    0 (392.4,626.4)=    0 (392.7,626.5)=    0 (392.9,626.7)=    0 (393.2,626.9)=    0 (393.5,626.9)=    0 (393.8,627.1)=    0 (394.3,627.0)=    0 (394.8,627.0)=    0 (395.1,627.1)=    0 (395.5,627.1)=    0 (396.0,627.1)=    0 (396.3,627.3)=    0 (396.7,627.4)=    0 (397.2,627.5)=    0 (397.6,627.5)=    0 (398.0,627.5)=    0 (398.3,627.2)=    0 (398.5,627.2)=    0 (398.8,627.5)=    0 (399.0,627.5)=    0 (399.2,627.8)=    0 (399.7,627.8)=    0 (399.9,627.8)=    0 (400.2,627.8)=    0 (400.3,627.7)=    0 (400.6,627.5)=    0 (401.1,627.8)=    0 (401.6,628.1)=    0 (402.1,628.0)=    0 (402.8,628.2)=    0 (403.3,628.3)=    0 (403.7,628.3)=    0 (404.4,628.4)=    0 (405.1,628.3)=    0 (405.8,628.2)=    0 (406.2,628.3)=    0 (406.5,628.5)=    0 (407.0,628.6)=    0 (407.5,629.0)=    0 (408.0,629.0)=    0 (408.6,629.0)=    0 (409.1,629.1)=    0 (409.5,629.2)=    0 (410.1,629.3)=    0 (410.9,629.6)=    0 (411.4,629.8)=    0 (412.2,629.8)=    0 (412.9,630.0)=    0 (413.6,630.1)=    0 (414.1,630.0)=    0 (414.9,630.0)=    0 (415.3,630.0)=    0 (415.7,630.0)=    0 (416.4,630.0)=    0 (417.1,630.0)=    0 (417.8,630.0)=    0 (418.4,630.0)=    0 (419.2,630.1)=    0 (419.9,629.7)=    0 (420.6,629.5)=    0 (421.3,629.1)=    0 (422.0,629.1)=    0 (422.7,628.9)=    0 (423.1,628.7)=    0 (423.6,628.9)=    0 (424.1,629.0)=    0 (424.6,629.1)=    0 (425.1,629.1)=    0 (425.5,629.0)=    0 (426.3,628.9)=    0 (427.1,628.6)=    0 (427.9,628.7)=    0 (428.9,628.8)=    0 (429.9,628.8)=    0 
     39 | (178.0,608.0)=24331 (178.4,608.3)=    0 (179.0,608.5)=    0 (179.4,608.4)=    0 (179.8,608.4)=    0 (180.3,608.3)=    0 (180.7,608.1)=    0 (180.9,608.1)=    0 (181.4,608.4)=    0 (181.8,608.4)=    0 (182.4,608.5)=    0 (182.7,608.6)=    0 (183.1,608.3)=    0 (183.7,608.0)=    0 (184.0,607.7)=    0 (184.4,607.3)=    0 (184.7,606.8)=    0 (185.0,606.5)=    0 (185.3,605.9)=    0 (185.3,605.5)=    0 (185.2,605.3)=    0 (185.2,605.1)=    0 (185.3,604.9)=    0 (185.5,604.8)=    0 (185.6,604.7)=    0 (185.8,604.7)=    0 (186.1,604.4)=    0 (186.4,604.4)=    0 (186.9,604.3)=    0 (187.5,604.2)=    0 (188.1,604.2)=    0 (188.9,603.9)=    0 (189.9,603.6)=    0 (190.7,603.8)=    0 (191.4,603.8)=    0 (192.0,603.9)=    0 (192.5,604.1)=    0 (193.1,604.2)=    0 (193.5,604.4)=    0 (194.1,604.4)=    0 (194.6,604.4)=    0 (195.1,604.4)=    0 (195.3,604.6)=    0 (195.8,604.8)=    0 (196.1,604.9)=    0 (196.7,604.8)=    0 (197.4,604.8)=    0 (197.6,604.7)=    0 (198.0,604.9)=    0 (198.5,605.2)=    0 (198.6,605.6)=    0 (198.9,606.1)=    0 (199.3,606.3)=    0 (199.6,606.5)=    0 (200.1,606.5)=    0 (200.4,606.5)=    0 (200.7,606.4)=    0 (201.0,606.3)=    0 (201.3,606.1)=    0 (201.6,605.5)=    0 (201.8,605.8)=    0 (201.9,605.9)=    0 (202.3,605.7)=    0 (202.5,605.7)=    0 (202.8,605.7)=    0 (202.8,605.4)=    0 (202.9,605.7)=    0 (203.3,605.8)=    0 (203.5,605.9)=    0 (203.8,606.2)=    0 (204.2,606.5)=    0 (204.4,606.7)=    0 (205.0,607.0)=    0 (205.4,606.9)=    0 (205.9,606.8)=    0 (206.4,606.6)=    0 (206.9,606.5)=    0 (207.4,606.5)=    0 (207.9,606.7)=    0 (208.4,606.7)=    0 (208.7,607.0)=    0 (209.2,607.2)=    0 (209.7,607.2)=    0 (209.9,607.2)=    0 (210.1,607.3)=    0 (210.5,607.4)=    0 (210.9,607.3)=    0 (211.2,607.4)=    0 (211.4,607.4)=    0 (211.7,607.4)=    0 (212.1,607.3)=    0 (212.6,607.4)=    0 (212.9,607.2)=    0 (213.4,607.1)=    0 (213.8,606.9)=    0 (214.0,607.0)=    0 (214.4,607.1)=    0 (214.6,607.4)=    0 (215.0,607.8)=    0 (215.3,608.0)=    0 (215.9,608.2)=    0 (216.4,608.4)=    0 (216.7,608.6)=    0 (217.1,608.9)=    0 (217.7,609.1)=    0 (218.0,609.4)=    0 (218.5,609.7)=    0 (219.0,609.9)=    0 (219.5,610.2)=    0 (220.3,610.4)=    0 (220.8,610.7)=    0 (221.1,610.8)=    0 (221.6,611.1)=    0 (222.2,611.6)=    0 (222.9,612.2)=    0 (223.7,612.4)=    0 (224.4,612.6)=    0 (224.9,612.6)=    0 (225.4,612.4)=    0 (225.9,612.4)=    0 (226.4,612.4)=    0 (227.2,612.5)=    0 (227.8,612.6)=    0 (228.6,612.7)=    0 (229.6,612.9)=    0 (230.3,612.9)=    0 (230.8,612.9)=    0 (231.6,612.7)=    0 (232.4,612.5)=    0 (232.9,612.4)=    0 (233.4,612.4)=    0 (233.9,612.4)=    0 (234.4,612.4)=    0 (234.8,612.3)=    0 (235.1,612.0)=    0 (235.4,611.6)=    0 (235.7,611.4)=    0 (236.1,611.1)=    0 (236.6,610.8)=    0 (237.2,610.6)=    0 (237.9,610.6)=    0 (238.4,610.7)=    0 (239.1,610.6)=    0 (239.5,610.6)=    0 (240.4,610.6)=    0 (241.2,610.6)=    0 (242.0,610.5)=    0 (242.8,610.8)=    0 (243.5,611.2)=    0 (244.5,611.7)=    0 (245.3,612.3)=    0 (246.1,612.5)=    0 (246.8,612.8)=    0 (247.5,613.4)=    0 (248.2,613.9)=    0 (249.1,614.6)=    0 (250.0,615.2)=    0 (251.0,615.8)=    0 (251.6,616.8)=    0 (252.4,617.3)=    0 (253.0,617.6)=    0 (253.2,617.6)=    0 (253.4,617.4)=    0 (253.4,617.3)=    0 (253.6,617.3)=    0 (254.0,617.3)=    0 (254.4,617.7)=    0 (254.8,617.9)=    0 (255.0,618.1)=    0 (255.4,618.3)=    0 (255.7,618.3)=    0 (256.1,618.4)=    0 (256.6,618.6)=    0 (257.1,619.1)=    0 (257.6,619.4)=    0 (258.0,620.0)=    0 (258.8,620.4)=    0 (259.2,620.7)=    0 (259.7,621.0)=    0 (260.0,621.1)=    0 (260.4,621.3)=    0 (260.6,621.6)=    0 (261.1,621.7)=    0 (261.4,621.8)=    0 (261.4,622.1)=    0 (261.7,622.3)=    0 (262.0,622.3)=    0 (262.2,622.4)=    0 (262.3,622.5)=    0 (262.5,622.6)=    0 (262.8,622.6)=    0 (263.0,622.8)=    0 (263.2,622.8)=    0 (263.7,622.8)=    0 (264.0,622.8)=    0 (264.4,622.7)=    0 (264.8,622.6)=    0 (264.8,622.7)=    0 (265.3,622.8)=    0 (265.6,623.0)=    0 (265.6,623.2)=    0 (265.8,623.3)=    0 (265.9,623.3)=    0 (266.0,623.4)=    0 (266.3,623.4)=    0 (266.3,623.4)=    0 (266.4,623.6)=    0 (266.7,623.6)=    0 (267.0,623.8)=    0 (267.2,624.0)=    0 (267.5,624.2)=    0 (267.9,624.2)=    0 (268.3,624.3)=    0 (268.7,624.2)=    0 (269.0,624.1)=    0 (269.4,624.2)=    0 (269.8,624.1)=    0 (270.2,624.2)=    0 (270.5,624.3)=    0 (270.9,624.4)=    0 (271.4,624.4)=    0 (271.8,624.3)=    0 (272.2,624.3)=    0 (272.4,624.0)=    0 (272.6,624.0)=    0 (273.0,624.1)=    0 (273.2,624.2)=    0 (273.4,624.4)=    0 (273.8,624.4)=    0 (274.2,624.3)=    0 (274.2,624.3)=    0 (274.5,624.1)=    0 (275.0,623.9)=    0 (275.5,624.2)=    0 (275.9,624.4)=    0 (276.5,624.4)=    0 (277.0,624.6)=    0 (277.5,624.6)=    0 (278.1,624.6)=    0 (278.6,624.7)=    0 (279.3,624.6)=    0 (279.9,624.4)=    0 (280.2,624.4)=    0 (280.5,624.7)=    0 (281.1,624.6)=    0 (281.5,624.8)=    0 (282.0,624.9)=    0 (282.7,624.9)=    0 (283.0,625.1)=    0 (283.6,625.1)=    0 (284.1,625.1)=    0 (284.9,625.3)=    0 (285.4,625.4)=    0 (286.1,625.4)=    0 (286.6,625.5)=    0 (287.3,625.5)=    0 (288.0,625.5)=    0 (288.5,625.4)=    0 (289.0,625.4)=    0 (289.5,625.3)=    0 (290.2,625.3)=    0 (290.8,625.2)=    0 (291.5,625.3)=    0 (292.0,625.3)=    0 (292.9,625.0)=    0 (293.5,624.8)=    0 (294.0,624.6)=    0 (294.8,624.0)=    0 (295.5,624.0)=    0 (295.9,623.7)=    0 (296.2,623.7)=    0 (296.8,623.7)=    0 (297.3,623.8)=    0 (297.7,623.9)=    0 (298.1,623.8)=    0 (298.6,623.6)=    0 (299.4,623.5)=    0 (300.2,623.4)=    0 (301.0,623.4)=    0 (301.9,623.4)=    0 (302.8,623.4)=    0 
     40 | (292.0,578.0)=24093 (292.5,578.2)=    0 (293.1,578.5)=    0 (293.5,578.4)=    0 (293.9,578.4)=    0 (294.5,578.4)=    0 (294.9,578.2)=    0 (295.1,578.2)=    0 (295.5,578.5)=    0 (295.9,578.6)=    0 (296.5,578.7)=    0 (296.7,578.7)=    0 (297.3,578.7)=    0 (297.9,578.4)=    0 (298.2,578.2)=    0 (298.6,577.8)=    0 (298.8,577.4)=    0 (299.3,577.1)=    0 (299.4,576.6)=    0 (299.5,576.2)=    0 (299.5,576.1)=    0 (299.4,576.0)=    0 (299.6,575.7)=    0 (299.8,575.7)=    0 (300.0,575.6)=    0 (300.2,575.6)=    0 (300.5,575.3)=    0 (300.8,575.3)=    0 (301.3,575.3)=    0 (301.8,575.3)=    0 (302.6,575.3)=    0 (303.4,575.2)=    0 (304.2,575.1)=    0 (305.1,575.2)=    0 (305.8,575.3)=    0 (306.4,575.3)=    0 (306.9,575.6)=    0 (307.4,575.7)=    0 (307.8,576.0)=    0 (308.3,576.0)=    0 (308.8,576.0)=    0 (309.4,576.1)=    0 (309.6,576.4)=    0 (310.2,576.6)=    0 (310.4,576.8)=    0 (310.9,576.8)=    0 (311.5,576.8)=    0 (311.9,576.7)=    0 (312.2,577.0)=    0 (312.7,577.2)=    0 (312.9,577.5)=    0 (313.2,578.0)=    0 (313.6,578.1)=    0 (313.9,578.4)=    0 (314.4,578.6)=    0 (314.7,578.4)=    0 (315.2,578.4)=    0 (315.5,578.4)=    0 (315.7,578.4)=    0 (315.7,577.8)=    0 (315.8,578.0)=    0 (316.0,578.2)=    0 (316.4,578.0)=    0 (316.7,578.0)=    0 (317.0,578.0)=    0 (317.1,577.7)=    0 (317.3,577.7)=    0 (317.7,578.1)=    0 (317.8,578.1)=    0 (318.1,578.4)=    0 (318.4,578.6)=    0 (318.7,578.8)=    0 (319.3,579.1)=    0 (319.7,579.1)=    0 (320.1,578.9)=    0 (320.7,578.9)=    0 (321.2,578.7)=    0 (321.7,578.8)=    0 (322.3,579.1)=    0 (322.7,579.0)=    0 (323.0,579.4)=    0 (323.5,579.6)=    0 (323.9,579.6)=    0 (324.2,579.6)=    0 (324.5,579.8)=    0 (324.8,579.9)=    0 (325.3,579.7)=    0 (325.5,579.8)=    0 (325.7,580.0)=    0 (326.0,579.9)=    0 (326.4,579.9)=    0 (326.9,579.9)=    0 (327.4,579.7)=    0 (327.8,579.6)=    0 (328.3,579.5)=    0 (328.5,579.5)=    0 (328.8,579.7)=    0 (329.0,580.0)=    0 (329.3,580.4)=    0 (329.7,580.6)=    0 (330.1,580.8)=    0 (330.6,581.2)=    0 (331.1,581.4)=    0 (331.4,581.7)=    0 (331.8,581.9)=    0 (332.3,582.2)=    0 (332.9,582.7)=    0 (333.4,582.9)=    0 (333.9,583.2)=    0 (334.5,583.5)=    0 (335.0,583.7)=    0 (335.4,583.8)=    0 (335.9,584.1)=    0 (336.6,584.6)=    0 (337.3,585.2)=    0 (337.9,585.4)=    0 (338.6,585.7)=    0 (339.1,585.8)=    0 (339.6,585.5)=    0 (340.4,585.5)=    0 (341.0,585.6)=    0 (341.7,585.7)=    0 (342.2,585.8)=    0 (343.0,586.0)=    0 (344.0,586.0)=    0 (344.9,586.2)=    0 (345.4,586.2)=    0 (346.4,586.1)=    0 (347.0,585.9)=    0 (347.6,585.8)=    0 (348.0,585.8)=    0 (348.6,585.8)=    0 (348.9,585.9)=    0 (349.6,585.9)=    0 (349.9,585.7)=    0 (350.2,585.4)=    0 (350.6,584.9)=    0 (351.1,584.8)=    0 (351.6,584.5)=    0 (352.2,584.3)=    0 (352.9,584.3)=    0 (353.5,584.4)=    0 (354.2,584.4)=    0 (354.6,584.5)=    0 (355.3,584.7)=    0 (356.3,584.7)=    0 (357.0,584.6)=    0 (358.0,584.9)=    0 (358.7,585.4)=    0 (359.6,586.0)=    0 (360.6,586.6)=    0 (361.3,587.2)=    0 (362.0,587.5)=    0 (362.7,588.0)=    0 (363.5,588.5)=    0 (364.3,589.3)=    0 (365.1,590.0)=    0 (366.0,590.8)=    0 (366.9,591.7)=    0 (367.6,592.3)=    0 (368.0,592.5)=    0 (368.3,592.5)=    0 (368.5,592.5)=    0 (368.5,592.4)=    0 (368.7,592.4)=    0 (369.1,592.4)=    0 (369.5,592.7)=    0 (369.9,593.0)=    0 (370.1,593.3)=    0 (370.6,593.6)=    0 (370.9,593.6)=    0 (371.3,593.9)=    0 (371.8,594.2)=    0 (372.4,594.4)=    0 (372.9,594.9)=    0 (373.4,595.4)=    0 (373.9,595.9)=    0 (374.5,596.4)=    0 (375.0,596.7)=    0 (375.5,596.9)=    0 (375.8,597.0)=    0 (376.2,597.2)=    0 (376.5,597.4)=    0 (376.9,597.6)=    0 (377.1,597.8)=    0 (377.4,598.1)=    0 (377.5,598.2)=    0 (377.8,598.3)=    0 (378.1,598.4)=    0 (378.2,598.6)=    0 (378.5,598.6)=    0 (378.7,598.8)=    0 (378.9,598.8)=    0 (379.4,598.8)=    0 (379.7,598.8)=    0 (380.2,598.8)=    0 (380.4,598.7)=    0 (380.7,598.8)=    0 (381.0,598.9)=    0 (381.2,599.0)=    0 (381.3,599.4)=    0 (381.5,599.5)=    0 (381.6,599.5)=    0 (381.7,599.7)=    0 (382.0,599.6)=    0 (382.2,599.7)=    0 (382.3,599.8)=    0 (382.4,599.9)=    0 (382.7,600.1)=    0 (383.0,600.3)=    0 (383.3,600.5)=    0 (383.6,600.5)=    0 (383.9,600.7)=    0 (384.3,600.6)=    0 (384.7,600.5)=    0 (385.0,600.7)=    0 (385.4,600.6)=    0 (386.0,600.8)=    0 (386.3,600.9)=    0 (386.6,600.9)=    0 (387.2,601.1)=    0 (387.5,601.0)=    0 (388.0,600.9)=    0 (388.2,600.7)=    0 (388.5,600.7)=    0 (388.7,601.0)=    0 (388.9,601.1)=    0 (389.2,601.4)=    0 (389.4,601.4)=    0 (389.9,601.4)=    0 (390.1,601.3)=    0 (390.3,601.2)=    0 (390.6,601.1)=    0 (391.1,601.3)=    0 (391.6,601.6)=    0 (392.1,601.5)=    0 (392.6,601.7)=    0 (393.1,601.8)=    0 (393.7,601.7)=    0 (394.2,601.8)=    0 (394.9,601.7)=    0 (395.6,601.7)=    0 (396.0,601.7)=    0 (396.4,601.9)=    0 (396.7,602.0)=    0 (397.2,602.2)=    0 (397.7,602.4)=    0 (398.5,602.3)=    0 (399.0,602.4)=    0 (399.4,602.6)=    0 (400.0,602.7)=    0 (400.7,603.0)=    0 (401.3,603.0)=    0 (402.1,603.3)=    0 (402.7,603.3)=    0 (403.4,603.3)=    0 (403.9,603.3)=    0 (404.7,603.3)=    0 (405.1,603.3)=    0 (405.6,603.2)=    0 (406.4,603.3)=    0 (407.1,603.3)=    0 (407.7,603.3)=    0 (408.4,603.3)=    0 (409.1,603.2)=    0 (409.8,602.9)=    0 (410.6,602.6)=    0 (411.1,602.2)=    0 (411.9,602.2)=    0 (412.6,601.9)=    0 (412.9,601.8)=    0 (413.6,601.9)=    0 (414.1,602.0)=    0 (414.6,602.0)=    0 (415.0,602.1)=    0 (415.5,602.0)=    0 (416.5,601.8)=    0 (417.3,601.7)=    0 (418.1,601.7)=    0 (419.1,601.7)=    0 (419.9,601.8)=    0 
     41 | (214.0,569.0)=24037 (214.4,569.3)=    0 (214.9,569.5)=    0 (215.5,569.5)=    0 (215.8,569.4)=    0 (216.2,569.4)=    0 (216.8,569.3)=    0 (217.0,569.3)=    0 (217.4,569.6)=    0 (217.9,569.7)=    0 (218.4,569.9)=    0 (218.7,569.8)=    0 (219.2,569.5)=    0 (219.7,569.3)=    0 (220.0,569.0)=    0 (220.5,568.6)=    0 (220.7,568.3)=    0 (221.2,568.0)=    0 (221.4,567.5)=    0 (221.4,567.0)=    0 (221.3,566.8)=    0 (221.4,566.6)=    0 (221.5,566.3)=    0 (221.8,566.3)=    0 (222.0,566.2)=    0 (222.2,566.2)=    0 (222.5,565.9)=    0 (222.8,565.8)=    0 (223.3,565.8)=    0 (223.9,565.7)=    0 (224.6,565.7)=    0 (225.3,565.5)=    0 (226.1,565.3)=    0 (226.9,565.4)=    0 (227.7,565.4)=    0 (228.2,565.5)=    0 (228.8,565.7)=    0 (229.4,565.7)=    0 (229.9,565.9)=    0 (230.4,565.9)=    0 (230.8,566.0)=    0 (231.3,566.1)=    0 (231.6,566.2)=    0 (232.1,566.5)=    0 (232.5,566.6)=    0 (233.0,566.6)=    0 (233.6,566.6)=    0 (233.9,566.6)=    0 (234.3,566.8)=    0 (234.7,566.9)=    0 (234.9,567.3)=    0 (235.2,567.8)=    0 (235.6,567.9)=    0 (235.8,568.2)=    0 (236.3,568.3)=    0 (236.8,568.2)=    0 (237.2,568.1)=    0 (237.4,568.1)=    0 (237.7,567.8)=    0 (237.9,567.4)=    0 (238.2,567.6)=    0 (238.3,567.7)=    0 (238.5,567.5)=    0 (238.8,567.5)=    0 (239.0,567.5)=    0 (239.1,567.2)=    0 (239.3,567.3)=    0 (239.6,567.5)=    0 (239.8,567.7)=    0 (240.1,568.0)=    0 (240.4,568.2)=    0 (240.7,568.5)=    0 (241.1,568.6)=    0 (241.6,568.7)=    0 (242.1,568.5)=    0 (242.6,568.4)=    0 (243.1,568.3)=    0 (243.7,568.3)=    0 (244.2,568.5)=    0 (244.6,568.6)=    0 (245.0,568.9)=    0 (245.4,569.2)=    0 (245.9,569.2)=    0 (246.2,569.2)=    0 (246.4,569.3)=    0 (246.7,569.3)=    0 (247.1,569.3)=    0 (247.3,569.3)=    0 (247.6,569.4)=    0 (247.9,569.3)=    0 (248.2,569.3)=    0 (248.7,569.2)=    0 (249.1,569.1)=    0 (249.5,569.0)=    0 (250.0,568.9)=    0 (250.1,568.9)=    0 (250.5,569.2)=    0 (250.8,569.4)=    0 (251.3,569.7)=    0 (251.5,569.9)=    0 (252.0,570.1)=    0 (252.4,570.3)=    0 (252.8,570.6)=    0 (253.3,570.7)=    0 (253.8,571.0)=    0 (254.1,571.1)=    0 (254.6,571.6)=    0 (255.1,571.8)=    0 (255.6,572.0)=    0 (256.3,572.4)=    0 (256.8,572.6)=    0 (257.2,572.8)=    0 (257.7,573.0)=    0 (258.3,573.5)=    0 (259.0,574.0)=    0 (259.7,574.3)=    0 (260.4,574.5)=    0 (260.9,574.6)=    0 (261.4,574.3)=    0 (261.9,574.4)=    0 (262.5,574.5)=    0 (263.3,574.4)=    0 (263.9,574.6)=    0 (264.7,574.7)=    0 (265.6,574.9)=    0 (266.4,574.9)=    0 (266.9,574.9)=    0 (267.8,574.7)=    0 (268.4,574.6)=    0 (269.0,574.6)=    0 (269.5,574.6)=    0 (270.0,574.5)=    0 (270.5,574.6)=    0 (270.9,574.4)=    0 (271.3,574.2)=    0 (271.6,573.9)=    0 (271.9,573.4)=    0 (272.4,573.4)=    0 (272.9,573.0)=    0 (273.4,572.8)=    0 (274.1,572.8)=    0 (274.7,572.8)=    0 (275.4,572.8)=    0 (275.9,572.7)=    0 (276.5,572.8)=    0 (277.4,572.7)=    0 (278.3,572.6)=    0 (279.1,572.9)=    0 (279.8,573.4)=    0 (280.8,573.8)=    0 (281.6,574.4)=    0 (282.4,574.8)=    0 (283.2,575.1)=    0 (283.9,575.5)=    0 (284.5,576.0)=    0 (285.3,576.7)=    0 (286.3,577.4)=    0 (287.2,578.0)=    0 (287.9,578.7)=    0 (288.6,579.3)=    0 (289.2,579.6)=    0 (289.4,579.7)=    0 (289.7,579.6)=    0 (289.7,579.4)=    0 (289.9,579.4)=    0 (290.3,579.4)=    0 (290.7,579.7)=    0 (291.1,580.0)=    0 (291.3,580.2)=    0 (291.8,580.5)=    0 (292.1,580.5)=    0 (292.4,580.7)=    0 (292.8,580.9)=    0 (293.4,581.2)=    0 (293.9,581.7)=    0 (294.4,582.2)=    0 (295.1,582.7)=    0 (295.6,582.9)=    0 (296.0,583.4)=    0 (296.5,583.6)=    0 (296.7,583.6)=    0 (297.2,583.8)=    0 (297.4,584.0)=    0 (297.6,584.1)=    0 (297.9,584.3)=    0 (298.2,584.6)=    0 (298.5,584.6)=    0 (298.7,584.7)=    0 (298.8,584.9)=    0 (299.1,584.9)=    0 (299.3,584.9)=    0 (299.5,585.2)=    0 (299.7,585.2)=    0 (300.2,585.2)=    0 (300.5,585.2)=    0 (300.9,585.2)=    0 (301.2,585.0)=    0 (301.3,585.1)=    0 (301.7,585.2)=    0 (301.9,585.3)=    0 (302.0,585.5)=    0 (302.1,585.6)=    0 (302.3,585.6)=    0 (302.4,585.6)=    0 (302.7,585.6)=    0 (303.0,585.6)=    0 (303.0,585.8)=    0 (303.1,585.8)=    0 (303.4,585.9)=    0 (303.7,586.2)=    0 (304.0,586.3)=    0 (304.2,586.3)=    0 (304.6,586.4)=    0 (305.1,586.4)=    0 (305.3,586.3)=    0 (305.7,586.4)=    0 (306.2,586.3)=    0 (306.7,586.5)=    0 (307.0,586.6)=    0 (307.3,586.5)=    0 (307.8,586.5)=    0 (308.1,586.5)=    0 (308.5,586.4)=    0 (308.7,586.2)=    0 (308.9,586.2)=    0 (309.3,586.3)=    0 (309.5,586.5)=    0 (309.8,586.7)=    0 (310.1,586.7)=    0 (310.5,586.6)=    0 (310.7,586.6)=    0 (310.9,586.5)=    0 (311.2,586.4)=    0 (311.7,586.6)=    0 (312.2,586.8)=    0 (312.7,586.8)=    0 (313.3,587.1)=    0 (313.8,587.1)=    0 (314.3,587.1)=    0 (314.8,587.1)=    0 (315.6,587.1)=    0 (316.2,587.0)=    0 (316.5,586.9)=    0 (316.9,587.2)=    0 (317.4,587.3)=    0 (317.9,587.5)=    0 (318.4,587.5)=    0 (319.1,587.4)=    0 (319.4,587.6)=    0 (320.0,587.6)=    0 (320.6,587.6)=    0 (321.3,587.9)=    0 (321.9,587.9)=    0 (322.4,588.0)=    0 (323.1,588.0)=    0 (323.8,588.1)=    0 (324.3,588.1)=    0 (325.0,588.1)=    0 (325.5,588.1)=    0 (326.0,588.0)=    0 (326.7,588.0)=    0 (327.4,587.9)=    0 (328.1,587.9)=    0 (328.6,587.9)=    0 (329.3,587.7)=    0 (330.0,587.5)=    0 (330.7,587.3)=    0 (331.2,586.7)=    0 (332.0,586.7)=    0 (332.5,586.4)=    0 (332.7,586.4)=    0 (333.3,586.4)=    0 (333.9,586.5)=    0 (334.4,586.5)=    0 (334.8,586.5)=    0 (335.4,586.4)=    0 (336.2,586.2)=    0 (336.9,586.1)=    0 (337.7,586.1)=    0 (338.6,586.2)=    0 (339.6,586.1)=    0 
     42 | ( 90.0,619.0)=23862 ( 90.3,619.3)=    0 ( 91.1,619.5)=    0 ( 91.5,619.2)=    0 ( 91.7,619.2)=    0 ( 92.3,619.2)=    0 ( 92.9,618.9)=    0 ( 93.1,618.9)=    0 ( 93.5,619.3)=    0 ( 93.9,619.3)=    0 ( 94.4,619.3)=    0 ( 94.8,619.2)=    0 ( 95.3,618.9)=    0 ( 95.7,618.7)=    0 ( 96.0,618.4)=    0 ( 96.5,617.9)=    0 ( 96.7,617.4)=    0 ( 97.2,617.0)=    0 ( 97.4,616.4)=    0 ( 97.4,615.9)=    0 ( 97.3,615.7)=    0 ( 97.3,615.5)=    0 ( 97.4,615.2)=    0 ( 97.5,615.1)=    0 ( 97.6,615.0)=    0 ( 97.8,615.0)=    0 ( 98.2,614.6)=    0 ( 98.6,614.6)=    0 ( 99.1,614.5)=    0 ( 99.6,614.4)=    0 (100.3,614.3)=    0 (101.2,614.0)=    0 (102.0,613.8)=    0 (102.8,613.8)=    0 (103.7,613.8)=    0 (104.3,613.9)=    0 (104.9,614.0)=    0 (105.4,614.0)=    0 (105.9,614.1)=    0 (106.5,614.1)=    0 (107.2,614.2)=    0 (107.5,614.3)=    0 (107.8,614.3)=    0 (108.3,614.6)=    0 (108.7,614.7)=    0 (109.2,614.4)=    0 (109.9,614.3)=    0 (110.2,614.3)=    0 (110.7,614.5)=    0 (111.2,614.7)=    0 (111.2,615.1)=    0 (111.4,615.6)=    0 (111.8,615.7)=    0 (112.1,615.9)=    0 (112.7,615.9)=    0 (113.1,615.7)=    0 (113.4,615.7)=    0 (113.6,615.6)=    0 (114.0,615.3)=    0 (114.5,614.8)=    0 (114.5,615.1)=    0 (114.8,615.1)=    0 (115.2,614.9)=    0 (115.3,614.9)=    0 (115.5,614.9)=    0 (115.5,614.6)=    0 (115.7,614.8)=    0 (116.0,614.9)=    0 (116.3,615.1)=    0 (116.6,615.3)=    0 (116.9,615.5)=    0 (117.1,615.8)=    0 (117.7,615.9)=    0 (118.2,615.8)=    0 (118.7,615.7)=    0 (119.3,615.5)=    0 (119.8,615.4)=    0 (120.2,615.5)=    0 (120.8,615.7)=    0 (121.2,615.7)=    0 (121.5,616.0)=    0 (122.0,616.3)=    0 (122.6,616.2)=    0 (122.8,616.2)=    0 (123.1,616.2)=    0 (123.5,616.2)=    0 (123.9,616.0)=    0 (124.2,616.2)=    0 (124.4,616.2)=    0 (124.7,616.2)=    0 (125.1,616.2)=    0 (125.6,616.1)=    0 (126.0,615.9)=    0 (126.5,615.8)=    0 (126.9,615.6)=    0 (126.9,615.8)=    0 (127.3,615.9)=    0 (127.5,616.2)=    0 (128.1,616.4)=    0 (128.5,616.6)=    0 (129.0,616.8)=    0 (129.5,616.9)=    0 (129.9,617.1)=    0 (130.3,617.3)=    0 (130.8,617.4)=    0 (131.2,617.7)=    0 (131.6,618.1)=    0 (132.1,618.2)=    0 (132.6,618.5)=    0 (133.5,618.7)=    0 (133.9,619.0)=    0 (134.2,619.0)=    0 (134.8,619.3)=    0 (135.3,619.7)=    0 (136.0,620.2)=    0 (136.8,620.4)=    0 (137.5,620.6)=    0 (138.2,620.6)=    0 (138.5,620.3)=    0 (139.0,620.4)=    0 (139.7,620.4)=    0 (140.3,620.3)=    0 (141.0,620.3)=    0 (141.7,620.3)=    0 (142.6,620.4)=    0 (143.3,620.4)=    0 (143.9,620.4)=    0 (144.8,620.1)=    0 (145.5,619.7)=    0 (146.1,619.7)=    0 (146.5,619.5)=    0 (147.1,619.5)=    0 (147.4,619.5)=    0 (147.8,619.5)=    0 (148.1,619.3)=    0 (148.4,618.8)=    0 (148.6,618.5)=    0 (149.2,618.2)=    0 (149.6,617.8)=    0 (150.2,617.6)=    0 (150.9,617.5)=    0 (151.4,617.5)=    0 (152.3,617.3)=    0 (152.7,617.3)=    0 (153.3,617.4)=    0 (154.3,617.3)=    0 (155.0,617.0)=    0 (155.8,617.3)=    0 (156.6,617.7)=    0 (157.6,618.2)=    0 (158.4,618.7)=    0 (159.2,619.0)=    0 (159.9,619.3)=    0 (160.6,619.6)=    0 (161.4,620.2)=    0 (162.5,620.8)=    0 (163.5,621.3)=    0 (164.3,622.0)=    0 (165.1,622.7)=    0 (165.8,623.2)=    0 (166.3,623.4)=    0 (166.6,623.4)=    0 (166.8,623.2)=    0 (166.8,623.0)=    0 (167.1,623.0)=    0 (167.5,623.0)=    0 (167.9,623.4)=    0 (168.2,623.6)=    0 (168.4,623.7)=    0 (168.8,624.0)=    0 (169.2,623.9)=    0 (169.6,624.1)=    0 (170.1,624.3)=    0 (170.7,624.6)=    0 (171.2,625.1)=    0 (171.6,625.5)=    0 (172.2,626.0)=    0 (172.8,626.2)=    0 (173.2,626.6)=    0 (173.7,626.6)=    0 (173.9,626.7)=    0 (174.2,627.0)=    0 (174.5,627.0)=    0 (174.7,627.1)=    0 (174.8,627.3)=    0 (175.0,627.5)=    0 (175.3,627.6)=    0 (175.6,627.6)=    0 (175.7,627.6)=    0 (175.9,627.7)=    0 (176.2,627.6)=    0 (176.4,627.9)=    0 (176.8,627.9)=    0 (177.2,627.9)=    0 (177.5,627.8)=    0 (177.9,627.8)=    0 (178.2,627.6)=    0 (178.3,627.7)=    0 (178.7,627.7)=    0 (178.9,627.9)=    0 (178.8,628.1)=    0 (179.1,628.1)=    0 (179.2,628.1)=    0 (179.4,628.1)=    0 (179.6,628.2)=    0 (179.9,628.2)=    0 (179.9,628.3)=    0 (180.2,628.4)=    0 (180.4,628.6)=    0 (180.7,628.8)=    0 (181.1,628.9)=    0 (181.4,628.9)=    0 (181.8,629.0)=    0 (182.2,628.8)=    0 (182.3,628.8)=    0 (182.7,628.8)=    0 (183.3,628.7)=    0 (183.7,628.9)=    0 (183.9,629.0)=    0 (184.2,629.0)=    0 (184.9,629.0)=    0 (185.1,628.8)=    0 (185.5,628.7)=    0 (185.7,628.5)=    0 (186.0,628.5)=    0 (186.3,628.7)=    0 (186.5,628.7)=    0 (186.8,629.0)=    0 (187.2,628.9)=    0 (187.5,628.7)=    0 (187.5,628.8)=    0 (188.0,628.7)=    0 (188.4,628.4)=    0 (188.8,628.7)=    0 (189.4,628.7)=    0 (190.0,628.8)=    0 (190.3,629.0)=    0 (190.9,628.9)=    0 (191.6,628.9)=    0 (192.0,628.9)=    0 (192.7,628.8)=    0 (193.3,628.6)=    0 (193.4,628.6)=    0 (193.9,628.8)=    0 (194.5,628.8)=    0 (194.9,629.0)=    0 (195.4,629.0)=    0 (196.1,629.0)=    0 (196.3,629.2)=    0 (196.9,629.2)=    0 (197.7,629.2)=    0 (198.3,629.3)=    0 (198.8,629.4)=    0 (199.4,629.4)=    0 (199.9,629.4)=    0 (200.7,629.4)=    0 (201.2,629.3)=    0 (201.8,629.3)=    0 (202.4,629.1)=    0 (202.8,629.1)=    0 (203.5,628.9)=    0 (204.0,628.9)=    0 (204.7,628.9)=    0 (205.4,628.9)=    0 (206.0,628.6)=    0 (206.7,628.3)=    0 (207.4,628.0)=    0 (207.9,627.5)=    0 (208.7,627.4)=    0 (209.2,627.2)=    0 (209.4,627.2)=    0 (209.8,627.2)=    0 (210.2,627.3)=    0 (210.7,627.3)=    0 (211.2,627.3)=    0 (211.7,627.0)=    0 (212.5,626.8)=    0 (213.2,626.6)=    0 (213.9,626.6)=    0 (214.9,626.6)=    0 (215.8,626.5)=    0 
     43 | (156.0,560.0)=23730 (156.3,560.2)=    0 (156.9,560.3)=    0 (157.3,560.3)=    0 (157.6,560.3)=    0 (158.3,560.3)=    0 (158.7,560.0)=    0 (158.8,560.1)=    0 (159.2,560.3)=    0 (159.7,560.4)=    0 (160.3,560.4)=    0 (160.5,560.4)=    0 (161.0,560.1)=    0 (161.6,559.7)=    0 (161.8,559.4)=    0 (162.3,559.1)=    0 (162.6,558.6)=    0 (163.0,558.3)=    0 (163.2,557.9)=    0 (163.3,557.4)=    0 (163.2,557.3)=    0 (163.3,557.0)=    0 (163.4,556.8)=    0 (163.6,556.7)=    0 (163.7,556.5)=    0 (164.0,556.4)=    0 (164.4,556.2)=    0 (164.8,556.2)=    0 (165.2,556.2)=    0 (165.8,556.1)=    0 (166.4,556.0)=    0 (167.1,555.7)=    0 (168.1,555.5)=    0 (168.8,555.4)=    0 (169.5,555.6)=    0 (170.2,555.6)=    0 (170.7,555.8)=    0 (171.3,555.9)=    0 (171.8,556.0)=    0 (172.3,556.0)=    0 (172.8,556.1)=    0 (173.3,556.2)=    0 (173.6,556.3)=    0 (174.1,556.6)=    0 (174.5,556.7)=    0 (175.1,556.7)=    0 (175.7,556.7)=    0 (176.0,556.5)=    0 (176.4,556.8)=    0 (176.8,557.1)=    0 (176.9,557.3)=    0 (177.2,557.7)=    0 (177.5,557.8)=    0 (177.9,558.1)=    0 (178.4,558.2)=    0 (178.8,558.1)=    0 (179.1,558.0)=    0 (179.3,557.8)=    0 (179.6,557.7)=    0 (180.0,557.3)=    0 (180.1,557.5)=    0 (180.3,557.6)=    0 (180.6,557.4)=    0 (180.8,557.3)=    0 (181.0,557.3)=    0 (181.0,557.0)=    0 (181.2,557.1)=    0 (181.5,557.3)=    0 (181.9,557.4)=    0 (182.2,557.7)=    0 (182.5,557.9)=    0 (182.8,558.1)=    0 (183.4,558.4)=    0 (183.8,558.3)=    0 (184.2,558.2)=    0 (184.6,558.0)=    0 (185.2,557.9)=    0 (185.6,558.0)=    0 (186.2,558.2)=    0 (186.6,558.2)=    0 (187.0,558.5)=    0 (187.5,558.7)=    0 (187.9,558.7)=    0 (188.2,558.7)=    0 (188.4,558.9)=    0 (188.8,558.9)=    0 (189.2,558.8)=    0 (189.4,558.9)=    0 (189.7,559.0)=    0 (190.0,559.0)=    0 (190.3,558.9)=    0 (190.8,558.9)=    0 (191.2,558.7)=    0 (191.7,558.6)=    0 (192.0,558.5)=    0 (192.1,558.5)=    0 (192.5,558.6)=    0 (192.7,558.9)=    0 (193.2,559.3)=    0 (193.5,559.5)=    0 (194.0,559.6)=    0 (194.4,559.8)=    0 (194.9,560.1)=    0 (195.3,560.4)=    0 (195.8,560.5)=    0 (196.1,560.7)=    0 (196.6,561.1)=    0 (197.2,561.4)=    0 (197.7,561.6)=    0 (198.3,561.8)=    0 (198.9,562.1)=    0 (199.2,562.2)=    0 (199.7,562.5)=    0 (200.3,562.8)=    0 (201.2,563.4)=    0 (201.7,563.5)=    0 (202.4,563.8)=    0 (202.9,563.9)=    0 (203.4,563.6)=    0 (203.9,563.5)=    0 (204.5,563.6)=    0 (205.2,563.6)=    0 (205.9,563.6)=    0 (206.6,563.7)=    0 (207.6,563.8)=    0 (208.2,563.9)=    0 (208.8,563.8)=    0 (209.7,563.5)=    0 (210.5,563.4)=    0 (211.0,563.4)=    0 (211.5,563.4)=    0 (211.9,563.4)=    0 (212.4,563.3)=    0 (212.9,563.1)=    0 (213.3,562.8)=    0 (213.5,562.5)=    0 (213.8,562.0)=    0 (214.3,561.8)=    0 (214.8,561.5)=    0 (215.4,561.3)=    0 (216.1,561.3)=    0 (216.7,561.3)=    0 (217.4,561.3)=    0 (217.7,561.2)=    0 (218.6,561.3)=    0 (219.4,561.3)=    0 (220.1,561.2)=    0 (220.9,561.5)=    0 (221.7,561.9)=    0 ( -1.0, -1.0)=   -3 ( -1.0, -1.0)=   -3 ( -1.0, -1.0)=   -3 ( -1.0, -1.0)=   -3 ( -1.0, -1.0)=   -3 ( -1.0, -1.0)=   -3 ( -1.0, -1.0)=   -3 ( -1.0, -1.0)=   -3 ( -1.0, -1.0)=   -3 ( -1.0, -1.0)=   -3 ( -1.0, -1.0)=   -3 ( -1.0, -1.0)=   -3 ( -1.0, -1.0)=   -3 ( -1.0, -1.0)=   -3 ( -1.0, -1.0)=   -3 ( -1.0, -1.0)=   -3 ( -1.0, -1.0)=   -3 ( -1.0, -1.0)=   -3 ( -1.0, -1.0)=   -3 ( -1.0, -1.0)=   -3 ( -1.0, -1.0)=   -3 ( -1.0, -1.0)=   -3 ( -1.0, -1.0)=   -3 ( -1.0, -1.0)=   -3 ( -1.0, -1.0)=   -3 ( -1.0, -1.0)=   -3 ( -1.0, -1.0)=   -3 ( -1.0, -1.0)=   -3 ( -1.0, -1.0)=   -3 ( -1.0, -1.0)=   -3 ( -1.0, -1.0)=   -3 ( -1.0, -1.0)=   -3 ( -1.0, -1.0)=   -3 ( -1.0, -1.0)=   -3 ( -1.0, -1.0)=   -3 ( -1.0, -1.0)=   -3 ( -1.0, -1.0)=   -3 ( -1.0, -1.0)=   -3 ( -1.0, -1.0)=   -3 ( -1.0, -1.0)=   -3 ( -1.0, -1.0)=   -3 ( -1.0, -1.0)=   -3 ( -1.0, -1.0)=   -3 ( -1.0, -1.0)=   -3 ( -1.0, -1.0)=   -3 ( -1.0, -1.0)=   -3 ( -1.0, -1.0)=   -3 ( -1.0, -1.0)=   -3 ( -1.0, -1.0)=   -3 ( -1.0, -1.0)=   -3 ( -1.0, -1.0)=   -3 ( -1.0, -1.0)=   -3 ( -1.0, -1.0)=   -3 ( -1.0, -1.0)=   -3 ( -1.0, -1.0)=   -3 ( -1.0, -1.0)=   -3 ( -1.0, -1.0)=   -3 ( -1.0, -1.0)=   -3 ( -1.0, -1.0)=   -3 ( -1.0, -1.0)=   -3 ( -1.0, -1.0)=   -3 ( -1.0, -1.0)=   -3 ( -1.0, -1.0)=   -3 ( -1.0, -1.0)=   -3 ( -1.0, -1.0)=   -3 ( -1.0, -1.0)=   -3 ( -1.0, -1.0)=   -3 ( -1.0, -1.0)=   -3 ( -1.0, -1.0)=   -3 ( -1.0, -1.0)=   -3 ( -1.0, -1.0)=   -3 ( -1.0, -1.0)=   -3 ( -1.0, -1.0)=   -3 ( -1.0, -1.0)=   -3 ( -1.0, -1.0)=   -3 ( -1.0, -1.0)=   -3 ( -1.0, -1.0)=   -3 ( -1.0, -1.0)=   -3 ( -1.0, -1.0)=   -3 ( -1.0, -1.0)=   -3 ( -1.0, -1.0)=   -3 ( -1.0, -1.0)=   -3 ( -1.0, -1.0)=   -3 ( -1.0, -1.0)=   -3 ( -1.0, -1.0)=   -3 ( -1.0, -1.0)=   -3 ( -1.0, -1.0)=   -3 ( -1.0, -1.0)=   -3 ( -1.0, -1.0)=   -3 ( -1.0, -1.0)=   -3 ( -1.0, -1.0)=   -3 ( -1.0, -1.0)=   -3 ( -1.0, -1.0)=   -3 ( -1.0, -1.0)=   -3 ( -1.0, -1.0)=   -3 ( -1.0, -1.0)=   -3 ( -1.0, -1.0)=   -3 ( -1.0, -1.0)=   -3 ( -1.0, -1.0)=   -3 ( -1.0, -1.0)=   -3 ( -1.0, -1.0)=   -3 ( -1.0, -1.0)=   -3 ( -1.0, -1.0)=   -3 ( -1.0, -1.0)=   -3 ( -1.0, -1.0)=   -3 ( -1.0, -1.0)=   -3 ( -1.0, -1.0)=   -3 ( -1.0, -1.0)=   -3 ( -1.0, -1.0)=   -3 ( -1.0, -1.0)=   -3 ( -1.0, -1.0)=   -3 ( -1.0, -1.0)=   -3 ( -1.0, -1.0)=   -3 ( -1.0, -1.0)=   -3 ( -1.0, -1.0)=   -3 ( -1.0, -1.0)=   -3 ( -1.0, -1.0)=   -3 ( -1.0, -1.0)=   -3 ( -1.0, -1.0)=   -3 ( -1.0, -1.0)=   -3 ( -1.0, -1.0)=   -3 ( -1.0, -1.0)=   -3 ( -1.0, -1.0)=   -3 ( -1.0, -1.0)=   -3 ( -1.0, -1.0)=   -3 ( -1.0, -1.0)=   -3 ( -1.0, -1.0)=   -3 ( -1.0, -1.0)=   -3 ( -1.0, -1.0)=   -3 ( -1.0, -1.0)=   -3 ( -1.0, -1.0)=   -3 ( -1.0, -1.0)=   -3 
     44 | (261.0,573.0)=23455 (261.4,573.3)=    0 (262.1,573.5)=    0 (262.4,573.4)=    0 (262.9,573.4)=    0 (263.4,573.4)=    0 (263.8,573.2)=    0 (264.0,573.3)=    0 (264.3,573.5)=    0 (264.8,573.6)=    0 (265.3,573.7)=    0 (265.5,573.7)=    0 (266.1,573.4)=    0 (266.6,573.2)=    0 (266.9,573.0)=    0 (267.3,572.6)=    0 (267.6,572.2)=    0 (268.2,571.9)=    0 (268.3,571.5)=    0 (268.4,571.0)=    0 (268.4,570.8)=    0 (268.4,570.7)=    0 (268.5,570.5)=    0 (268.7,570.5)=    0 (268.9,570.4)=    0 (269.0,570.4)=    0 (269.2,570.1)=    0 (269.8,570.2)=    0 (270.3,570.1)=    0 (270.8,570.1)=    0 (271.5,570.1)=    0 (272.2,569.9)=    0 (273.1,569.8)=    0 (274.0,569.9)=    0 (274.6,570.0)=    0 (275.2,570.0)=    0 (275.7,570.2)=    0 (276.3,570.3)=    0 (276.7,570.5)=    0 (277.1,570.6)=    0 (277.6,570.6)=    0 (278.1,570.7)=    0 (278.4,570.9)=    0 (278.8,571.2)=    0 (279.2,571.4)=    0 (279.7,571.4)=    0 (280.3,571.4)=    0 (280.6,571.4)=    0 (281.0,571.5)=    0 (281.6,571.8)=    0 (281.7,572.1)=    0 (282.0,572.6)=    0 (282.3,572.7)=    0 (282.5,573.1)=    0 (283.0,573.2)=    0 (283.4,573.1)=    0 (283.9,573.0)=    0 (284.2,572.9)=    0 (284.4,572.8)=    0 (284.5,572.3)=    0 (284.7,572.6)=    0 (284.9,572.7)=    0 (285.3,572.6)=    0 (285.6,572.6)=    0 (285.8,572.5)=    0 (285.8,572.3)=    0 (286.0,572.3)=    0 (286.3,572.5)=    0 (286.6,572.6)=    0 (286.9,572.9)=    0 (287.2,573.2)=    0 (287.5,573.3)=    0 (287.9,573.6)=    0 (288.3,573.6)=    0 (288.8,573.5)=    0 (289.4,573.4)=    0 (289.9,573.4)=    0 (290.5,573.4)=    0 (291.0,573.4)=    0 (291.5,573.6)=    0 (291.7,573.8)=    0 (292.2,574.1)=    0 (292.6,574.2)=    0 (292.9,574.1)=    0 (293.2,574.3)=    0 (293.5,574.4)=    0 (293.9,574.3)=    0 (294.3,574.4)=    0 (294.5,574.5)=    0 (294.8,574.4)=    0 (295.1,574.4)=    0 (295.6,574.4)=    0 (296.0,574.3)=    0 (296.4,574.2)=    0 (296.9,574.1)=    0 (297.1,574.2)=    0 (297.4,574.3)=    0 (297.6,574.5)=    0 (298.0,575.0)=    0 (298.3,575.2)=    0 (298.8,575.5)=    0 (299.1,575.7)=    0 (299.6,575.9)=    0 (300.0,576.1)=    0 (300.4,576.4)=    0 (301.0,576.6)=    0 (301.5,577.0)=    0 (302.0,577.2)=    0 (302.5,577.5)=    0 (303.1,577.7)=    0 (303.6,578.0)=    0 (304.1,578.1)=    0 (304.5,578.4)=    0 (305.0,578.9)=    0 (305.9,579.5)=    0 (306.6,579.7)=    0 (307.3,580.0)=    0 (307.7,580.1)=    0 (308.2,579.9)=    0 (308.8,579.9)=    0 (309.4,579.9)=    0 (310.1,579.9)=    0 (310.8,580.1)=    0 (311.5,580.2)=    0 (312.6,580.4)=    0 (313.4,580.4)=    0 (314.0,580.4)=    0 (314.8,580.2)=    0 (315.4,580.0)=    0 (315.9,580.0)=    0 (316.3,579.9)=    0 (316.8,579.9)=    0 (317.4,580.0)=    0 (317.8,579.9)=    0 (318.3,579.7)=    0 (318.5,579.5)=    0 (318.8,579.2)=    0 (319.3,578.9)=    0 (319.7,578.6)=    0 (320.4,578.4)=    0 (321.1,578.4)=    0 (321.5,578.4)=    0 (322.3,578.4)=    0 (322.8,578.5)=    0 (323.5,578.5)=    0 (324.5,578.5)=    0 (325.2,578.5)=    0 (326.1,578.7)=    0 (326.8,579.3)=    0 (327.7,579.7)=    0 (328.6,580.4)=    0 (329.3,580.7)=    0 (330.0,581.1)=    0 (330.8,581.5)=    0 (331.5,582.1)=    0 (332.4,582.8)=    0 (333.3,583.5)=    0 (334.1,584.2)=    0 (334.9,585.1)=    0 (335.7,585.6)=    0 (336.0,585.9)=    0 (336.3,585.9)=    0 (336.6,585.9)=    0 (336.7,585.8)=    0 (336.9,585.8)=    0 (337.2,585.8)=    0 (337.4,586.1)=    0 (337.9,586.3)=    0 (338.1,586.5)=    0 (338.5,586.8)=    0 (338.8,586.8)=    0 (339.4,587.1)=    0 (339.9,587.3)=    0 (340.4,587.6)=    0 (340.9,588.1)=    0 (341.4,588.5)=    0 (341.9,589.0)=    0 (342.4,589.4)=    0 (342.9,589.7)=    0 (343.4,589.9)=    0 (343.6,590.0)=    0 (343.9,590.2)=    0 (344.4,590.3)=    0 (344.6,590.5)=    0 (344.8,590.8)=    0 (345.1,591.1)=    0 (345.3,591.2)=    0 (345.5,591.2)=    0 (345.7,591.4)=    0 (345.9,591.6)=    0 (346.1,591.5)=    0 (346.3,591.6)=    0 (346.6,591.7)=    0 (347.1,591.7)=    0 (347.4,591.8)=    0 (347.7,591.8)=    0 (348.1,591.7)=    0 (348.3,591.7)=    0 (348.7,591.8)=    0 (348.9,592.0)=    0 (349.0,592.3)=    0 (349.1,592.4)=    0 (349.2,592.4)=    0 (349.3,592.4)=    0 (349.6,592.4)=    0 (349.7,592.5)=    0 (349.8,592.7)=    0 (350.0,592.7)=    0 (350.3,592.8)=    0 (350.5,593.2)=    0 (350.8,593.3)=    0 (351.2,593.3)=    0 (351.4,593.4)=    0 (351.9,593.4)=    0 (352.3,593.3)=    0 (352.6,593.4)=    0 (353.0,593.3)=    0 (353.5,593.4)=    0 (353.8,593.6)=    0 (354.2,593.6)=    0 (354.8,593.7)=    0 (355.2,593.7)=    0 (355.4,593.6)=    0 (355.6,593.5)=    0 (355.9,593.5)=    0 (356.3,593.6)=    0 (356.4,593.7)=    0 (356.6,594.0)=    0 (357.0,594.0)=    0 (357.3,594.0)=    0 (357.5,593.9)=    0 (357.7,594.0)=    0 (358.0,593.8)=    0 (358.4,594.0)=    0 (359.0,594.2)=    0 (359.4,594.2)=    0 (359.9,594.4)=    0 (360.4,594.5)=    0 (361.1,594.5)=    0 (361.6,594.5)=    0 (362.3,594.5)=    0 (363.0,594.4)=    0 (363.3,594.4)=    0 (363.6,594.6)=    0 (364.3,594.6)=    0 (364.5,594.9)=    0 (365.1,594.9)=    0 (365.7,594.9)=    0 (366.2,595.0)=    0 (366.5,595.1)=    0 (367.2,595.2)=    0 (368.0,595.4)=    0 (368.5,595.4)=    0 (369.2,595.5)=    0 (369.7,595.6)=    0 (370.4,595.7)=    0 (371.0,595.7)=    0 (371.7,595.7)=    0 (372.1,595.7)=    0 (372.6,595.7)=    0 (373.3,595.7)=    0 (374.1,595.6)=    0 (374.8,595.6)=    0 (375.3,595.6)=    0 (376.0,595.5)=    0 (376.7,595.3)=    0 (377.3,595.1)=    0 (378.0,594.6)=    0 (378.7,594.6)=    0 (379.2,594.4)=    0 (379.6,594.3)=    0 (380.1,594.3)=    0 (380.6,594.4)=    0 (381.2,594.5)=    0 (381.6,594.5)=    0 (382.2,594.4)=    0 (383.0,594.3)=    0 (383.8,594.1)=    0 (384.5,594.1)=    0 (385.5,594.1)=    0 (386.5,594.1)=    0 
     45 | (179.0,543.0)=23414 (179.3,543.3)=    0 (179.9,543.5)=    0 (180.4,543.4)=    0 (180.8,543.3)=    0 (181.3,543.3)=    0 (181.8,543.1)=    0 (182.0,543.2)=    0 (182.3,543.4)=    0 (182.8,543.5)=    0 (183.3,543.6)=    0 (183.6,543.5)=    0 (184.1,543.2)=    0 (184.6,542.9)=    0 (184.8,542.7)=    0 (185.3,542.5)=    0 (185.6,541.9)=    0 (186.0,541.6)=    0 (186.2,541.2)=    0 (186.3,540.6)=    0 (186.3,540.5)=    0 (186.3,540.3)=    0 (186.5,540.0)=    0 (186.7,539.9)=    0 (186.8,539.7)=    0 (187.1,539.7)=    0 (187.4,539.5)=    0 (187.8,539.5)=    0 (188.3,539.5)=    0 (188.7,539.4)=    0 (189.4,539.3)=    0 (190.2,539.1)=    0 (191.0,538.8)=    0 (191.8,538.9)=    0 (192.6,539.0)=    0 (193.2,539.1)=    0 (193.7,539.3)=    0 (194.2,539.3)=    0 (194.7,539.6)=    0 (195.2,539.6)=    0 (195.6,539.6)=    0 (196.2,539.6)=    0 (196.5,539.7)=    0 (197.0,540.0)=    0 (197.4,540.0)=    0 (197.8,540.0)=    0 (198.6,540.0)=    0 (198.8,540.0)=    0 (199.2,540.1)=    0 (199.7,540.4)=    0 (199.8,540.7)=    0 (200.1,541.1)=    0 (200.4,541.3)=    0 (200.8,541.5)=    0 (201.3,541.6)=    0 (201.7,541.5)=    0 (202.0,541.4)=    0 (202.4,541.4)=    0 (202.6,541.2)=    0 (202.9,540.7)=    0 (203.0,541.0)=    0 (203.2,541.2)=    0 (203.5,540.9)=    0 (203.8,540.9)=    0 (204.0,541.0)=    0 (204.0,540.8)=    0 (204.2,540.8)=    0 (204.6,541.1)=    0 (204.9,541.1)=    0 (205.2,541.4)=    0 (205.5,541.6)=    0 (205.7,541.7)=    0 (206.2,542.0)=    0 (206.6,542.0)=    0 (207.1,541.7)=    0 (207.5,541.7)=    0 (208.0,541.6)=    0 (208.6,541.6)=    0 (209.2,541.8)=    0 (209.6,541.9)=    0 (209.9,542.1)=    0 (210.3,542.4)=    0 (210.8,542.4)=    0 (211.1,542.4)=    0 (211.4,542.5)=    0 (211.7,542.5)=    0 (212.1,542.4)=    0 (212.4,542.4)=    0 (212.5,542.6)=    0 (212.9,542.5)=    0 (213.2,542.4)=    0 (213.7,542.4)=    0 (214.1,542.2)=    0 (214.5,542.2)=    0 (215.0,541.9)=    0 (215.0,542.1)=    0 (215.4,542.2)=    0 (215.6,542.5)=    0 (216.1,542.8)=    0 (216.3,543.0)=    0 (216.8,543.3)=    0 (217.2,543.4)=    0 (217.6,543.6)=    0 (218.1,543.9)=    0 (218.7,544.1)=    0 (219.0,544.3)=    0 (219.5,544.6)=    0 (220.1,544.8)=    0 (220.5,545.1)=    0 (221.3,545.4)=    0 (221.7,545.7)=    0 (222.1,545.7)=    0 (222.7,546.0)=    0 (223.2,546.4)=    0 (223.9,546.9)=    0 (224.6,547.0)=    0 (225.3,547.3)=    0 (225.9,547.3)=    0 (226.4,547.1)=    0 (226.8,547.0)=    0 (227.4,547.1)=    0 (228.1,547.1)=    0 (228.7,547.2)=    0 (229.5,547.3)=    0 (230.4,547.3)=    0 (231.1,547.4)=    0 (231.7,547.4)=    0 (232.6,547.2)=    0 (233.2,546.9)=    0 (233.7,546.9)=    0 (234.1,546.8)=    0 (234.6,546.8)=    0 (235.1,546.8)=    0 (235.5,546.7)=    0 (235.9,546.5)=    0 (236.2,546.2)=    0 (236.5,545.8)=    0 (237.0,545.7)=    0 (237.4,545.4)=    0 (238.0,545.1)=    0 (238.7,545.1)=    0 (239.2,545.1)=    0 (240.0,545.1)=    0 (240.4,545.1)=    0 (241.2,545.2)=    0 (241.9,545.2)=    0 (242.7,545.0)=    0 (243.6,545.4)=    0 ( -1.0, -1.0)=   -3 ( -1.0, -1.0)=   -3 ( -1.0, -1.0)=   -3 ( -1.0, -1.0)=   -3 ( -1.0, -1.0)=   -3 ( -1.0, -1.0)=   -3 ( -1.0, -1.0)=   -3 ( -1.0, -1.0)=   -3 ( -1.0, -1.0)=   -3 ( -1.0, -1.0)=   -3 ( -1.0, -1.0)=   -3 ( -1.0, -1.0)=   -3 ( -1.0, -1.0)=   -3 ( -1.0, -1.0)=   -3 ( -1.0, -1.0)=   -3 ( -1.0, -1.0)=   -3 ( -1.0, -1.0)=   -3 ( -1.0, -1.0)=   -3 ( -1.0, -1.0)=   -3 ( -1.0, -1.0)=   -3 ( -1.0, -1.0)=   -3 ( -1.0, -1.0)=   -3 ( -1.0, -1.0)=   -3 ( -1.0, -1.0)=   -3 ( -1.0, -1.0)=   -3 ( -1.0, -1.0)=   -3 ( -1.0, -1.0)=   -3 ( -1.0, -1.0)=   -3 ( -1.0, -1.0)=   -3 ( -1.0, -1.0)=   -3 ( -1.0, -1.0)=   -3 ( -1.0, -1.0)=   -3 ( -1.0, -1.0)=   -3 ( -1.0, -1.0)=   -3 ( -1.0, -1.0)=   -3 ( -1.0, -1.0)=   -3 ( -1.0, -1.0)=   -3 ( -1.0, -1.0)=   -3 ( -1.0, -1.0)=   -3 ( -1.0, -1.0)=   -3 ( -1.0, -1.0)=   -3 ( -1.0, -1.0)=   -3 ( -1.0, -1.0)=   -3 ( -1.0, -1.0)=   -3 ( -1.0, -1.0)=   -3 ( -1.0, -1.0)=   -3 ( -1.0, -1.0)=   -3 ( -1.0, -1.0)=   -3 ( -1.0, -1.0)=   -3 ( -1.0, -1.0)=   -3 ( -1.0, -1.0)=   -3 ( -1.0, -1.0)=   -3 ( -1.0, -1.0)=   -3 ( -1.0, -1.0)=   -3 ( -1.0, -1.0)=   -3 ( -1.0, -1.0)=   -3 ( -1.0, -1.0)=   -3 ( -1.0, -1.0)=   -3 ( -1.0, -1.0)=   -3 ( -1.0, -1.0)=   -3 ( -1.0, -1.0)=   -3 ( -1.0, -1.0)=   -3 ( -1.0, -1.0)=   -3 ( -1.0, -1.0)=   -3 ( -1.0, -1.0)=   -3 ( -1.0, -1.0)=   -3 ( -1.0, -1.0)=   -3 ( -1.0, -1.0)=   -3 ( -1.0, -1.0)=   -3 ( -1.0, -1.0)=   -3 ( -1.0, -1.0)=   -3 ( -1.0, -1.0)=   -3 ( -1.0, -1.0)=   -3 ( -1.0, -1.0)=   -3 ( -1.0, -1.0)=   -3 ( -1.0, -1.0)=   -3 ( -1.0, -1.0)=   -3 ( -1.0, -1.0)=   -3 ( -1.0, -1.0)=   -3 ( -1.0, -1.0)=   -3 ( -1.0, -1.0)=   -3 ( -1.0, -1.0)=   -3 ( -1.0, -1.0)=   -3 ( -1.0, -1.0)=   -3 ( -1.0, -1.0)=   -3 ( -1.0, -1.0)=   -3 ( -1.0, -1.0)=   -3 ( -1.0, -1.0)=   -3 ( -1.0, -1.0)=   -3 ( -1.0, -1.0)=   -3 ( -1.0, -1.0)=   -3 ( -1.0, -1.0)=   -3 ( -1.0, -1.0)=   -3 ( -1.0, -1.0)=   -3 ( -1.0, -1.0)=   -3 ( -1.0, -1.0)=   -3 ( -1.0, -1.0)=   -3 ( -1.0, -1.0)=   -3 ( -1.0, -1.0)=   -3 ( -1.0, -1.0)=   -3 ( -1.0, -1.0)=   -3 ( -1.0, -1.0)=   -3 ( -1.0, -1.0)=   -3 ( -1.0, -1.0)=   -3 ( -1.0, -1.0)=   -3 ( -1.0, -1.0)=   -3 ( -1.0, -1.0)=   -3 ( -1.0, -1.0)=   -3 ( -1.0, -1.0)=   -3 ( -1.0, -1.0)=   -3 ( -1.0, -1.0)=   -3 ( -1.0, -1.0)=   -3 ( -1.0, -1.0)=   -3 ( -1.0, -1.0)=   -3 ( -1.0, -1.0)=   -3 ( -1.0, -1.0)=   -3 ( -1.0, -1.0)=   -3 ( -1.0, -1.0)=   -3 ( -1.0, -1.0)=   -3 ( -1.0, -1.0)=   -3 ( -1.0, -1.0)=   -3 ( -1.0, -1.0)=   -3 ( -1.0, -1.0)=   -3 ( -1.0, -1.0)=   -3 ( -1.0, -1.0)=   -3 ( -1.0, -1.0)=   -3 ( -1.0, -1.0)=   -3 ( -1.0, -1.0)=   -3 ( -1.0, -1.0)=   -3 ( -1.0, -1.0)=   -3 ( -1.0, -1.0)=   -3 ( -1.0, -1.0)=   -3 ( -1.0, -1.0)=   -3 
     46 | (306.0,585.0)=23289 (306.5,585.3)=    0 (307.0,585.6)=    0 (307.5,585.6)=    0 (307.9,585.5)=    0 (308.4,585.5)=    0 (308.8,585.4)=    0 (309.1,585.5)=    0 (309.5,585.8)=    0 (310.0,585.9)=    0 (310.5,586.1)=    0 (310.7,586.1)=    0 (311.2,585.9)=    0 (311.8,585.7)=    0 (312.1,585.5)=    0 (312.4,585.1)=    0 (312.9,584.7)=    0 (313.3,584.4)=    0 (313.4,583.9)=    0 (313.6,583.5)=    0 (313.5,583.4)=    0 (313.5,583.1)=    0 (313.5,582.9)=    0 (313.8,582.8)=    0 (314.1,582.8)=    0 (314.2,582.8)=    0 (314.4,582.6)=    0 (314.8,582.6)=    0 (315.4,582.6)=    0 (315.9,582.6)=    0 (316.5,582.6)=    0 (317.3,582.5)=    0 (318.2,582.4)=    0 (319.1,582.4)=    0 (319.9,582.6)=    0 (320.4,582.6)=    0 (320.9,582.8)=    0 (321.5,582.9)=    0 (322.0,583.1)=    0 (322.4,583.2)=    0 (322.9,583.4)=    0 (323.4,583.6)=    0 (323.8,583.6)=    0 (324.3,583.8)=    0 (324.6,583.9)=    0 (325.1,583.9)=    0 (325.6,584.0)=    0 (326.1,584.0)=    0 (326.4,584.3)=    0 (327.0,584.6)=    0 (327.1,584.8)=    0 (327.3,585.3)=    0 (327.6,585.5)=    0 (327.9,585.8)=    0 (328.5,586.0)=    0 (328.9,585.9)=    0 (329.2,585.7)=    0 (329.5,585.7)=    0 (329.7,585.6)=    0 (329.7,585.1)=    0 (329.9,585.4)=    0 (330.1,585.5)=    0 (330.4,585.4)=    0 (330.6,585.4)=    0 (330.8,585.4)=    0 (331.0,585.1)=    0 (331.2,585.2)=    0 (331.5,585.5)=    0 (331.8,585.6)=    0 (332.0,585.8)=    0 (332.3,586.0)=    0 (332.7,586.2)=    0 (333.1,586.5)=    0 (333.6,586.5)=    0 (334.1,586.4)=    0 (334.6,586.3)=    0 (335.1,586.2)=    0 (335.6,586.1)=    0 (336.1,586.4)=    0 (336.6,586.5)=    0 (336.9,586.7)=    0 (337.5,586.9)=    0 (337.9,586.9)=    0 (338.2,586.9)=    0 (338.5,586.9)=    0 (338.8,587.0)=    0 (339.1,586.9)=    0 (339.4,586.9)=    0 (339.6,587.1)=    0 (339.9,587.1)=    0 (340.4,587.0)=    0 (341.0,587.0)=    0 (341.4,586.9)=    0 (341.8,586.8)=    0 (342.3,586.6)=    0 (342.4,586.7)=    0 (342.8,586.9)=    0 (343.0,587.1)=    0 (343.3,587.6)=    0 (343.8,587.8)=    0 (344.1,588.1)=    0 (344.5,588.4)=    0 (345.0,588.6)=    0 (345.4,588.8)=    0 (345.8,589.1)=    0 (346.2,589.4)=    0 (346.7,589.8)=    0 (347.3,590.0)=    0 (347.7,590.4)=    0 (348.4,590.7)=    0 (349.0,590.9)=    0 (349.5,591.0)=    0 (350.0,591.4)=    0 (350.7,591.8)=    0 (351.4,592.5)=    0 (352.1,592.7)=    0 (352.8,593.0)=    0 (353.5,593.1)=    0 (353.9,592.9)=    0 (354.5,592.9)=    0 (355.2,593.1)=    0 (355.7,593.1)=    0 (356.4,593.3)=    0 (357.2,593.4)=    0 (358.3,593.6)=    0 (359.1,593.7)=    0 (359.6,593.7)=    0 (360.5,593.6)=    0 (361.3,593.5)=    0 (361.7,593.4)=    0 (362.1,593.3)=    0 (362.6,593.4)=    0 (363.1,593.4)=    0 (363.6,593.3)=    0 (363.9,593.2)=    0 (364.3,592.8)=    0 (364.6,592.5)=    0 (365.2,592.3)=    0 (365.7,592.0)=    0 (366.3,591.8)=    0 (367.1,591.8)=    0 (367.7,591.8)=    0 (368.4,591.8)=    0 (368.9,591.8)=    0 (369.7,592.0)=    0 (370.5,592.0)=    0 (371.2,591.9)=    0 (372.2,592.3)=    0 (373.0,592.9)=    0 (373.8,593.3)=    0 (374.7,593.9)=    0 (375.5,594.4)=    0 (376.3,594.8)=    0 (377.0,595.3)=    0 (377.7,595.8)=    0 (378.5,596.6)=    0 (379.3,597.4)=    0 (380.3,598.1)=    0 (381.1,598.9)=    0 (381.7,599.6)=    0 (382.2,600.0)=    0 (382.4,600.0)=    0 (382.6,599.9)=    0 (382.7,599.8)=    0 (382.9,599.9)=    0 (383.2,600.0)=    0 (383.6,600.4)=    0 (384.0,600.7)=    0 (384.3,601.0)=    0 (384.7,601.3)=    0 (385.0,601.4)=    0 (385.4,601.6)=    0 (385.9,601.8)=    0 (386.4,602.2)=    0 (387.2,602.6)=    0 (387.7,603.1)=    0 (388.2,603.6)=    0 (388.7,604.1)=    0 (389.2,604.4)=    0 (389.7,604.7)=    0 (389.9,604.7)=    0 (390.3,605.0)=    0 (390.6,605.3)=    0 (390.9,605.4)=    0 (391.2,605.6)=    0 (391.5,605.9)=    0 (391.6,605.9)=    0 (391.9,606.0)=    0 (392.1,606.2)=    0 (392.3,606.4)=    0 (392.5,606.4)=    0 (392.8,606.6)=    0 (393.0,606.6)=    0 (393.3,606.6)=    0 (393.7,606.7)=    0 (394.1,606.6)=    0 (394.5,606.6)=    0 (394.7,606.7)=    0 (395.0,606.7)=    0 (395.4,606.8)=    0 (395.5,607.1)=    0 (395.6,607.2)=    0 (395.7,607.3)=    0 (395.9,607.4)=    0 (396.2,607.4)=    0 (396.5,607.5)=    0 (396.5,607.7)=    0 (396.6,607.8)=    0 (396.8,608.0)=    0 (397.2,608.2)=    0 (397.5,608.4)=    0 (397.7,608.5)=    0 (398.0,608.6)=    0 (398.5,608.5)=    0 (398.9,608.4)=    0 (399.3,608.6)=    0 (399.6,608.5)=    0 (400.3,608.7)=    0 (400.6,608.9)=    0 (400.9,608.9)=    0 (401.5,608.9)=    0 (401.9,608.8)=    0 (402.2,608.8)=    0 (402.5,608.7)=    0 (402.7,608.8)=    0 (403.1,608.9)=    0 (403.3,609.0)=    0 (403.5,609.3)=    0 (403.8,609.3)=    0 (404.1,609.2)=    0 (404.4,609.2)=    0 (404.5,609.1)=    0 (404.9,608.9)=    0 (405.5,609.2)=    0 (406.0,609.5)=    0 (406.4,609.4)=    0 (407.0,609.6)=    0 (407.5,609.8)=    0 (408.0,609.8)=    0 (408.8,609.8)=    0 (409.5,609.8)=    0 (410.0,609.8)=    0 (410.4,609.8)=    0 (410.9,610.0)=    0 (411.4,610.0)=    0 (411.8,610.4)=    0 (412.3,610.6)=    0 (413.0,610.5)=    0 (413.6,610.6)=    0 (414.0,610.8)=    0 (414.6,610.8)=    0 (415.5,611.2)=    0 (416.0,611.2)=    0 (416.7,611.5)=    0 (417.3,611.4)=    0 (418.0,611.5)=    0 (418.5,611.6)=    0 (419.3,611.6)=    0 (419.8,611.6)=    0 (420.3,611.6)=    0 (421.0,611.6)=    0 (421.7,611.6)=    0 (422.4,611.6)=    0 (423.0,611.6)=    0 (423.8,611.6)=    0 (424.5,611.3)=    0 (425.1,611.1)=    0 (425.8,610.6)=    0 (426.6,610.5)=    0 (427.1,610.4)=    0 (427.6,610.4)=    0 (428.2,610.4)=    0 (428.8,610.5)=    0 (429.3,610.6)=    0 (429.6,610.5)=    0 (430.3,610.4)=    0 (431.0,610.2)=    0 (431.8,610.2)=    0 (432.6,610.2)=    0 (433.5,610.3)=    0 (434.5,610.3)=    0 
     47 | (244.0,574.0)=23223 (244.4,574.3)=    0 (245.0,574.6)=    0 (245.3,574.6)=    0 (245.7,574.5)=    0 (246.2,574.5)=    0 (246.7,574.4)=    0 (246.8,574.4)=    0 (247.3,574.7)=    0 (247.8,574.8)=    0 (248.4,574.8)=    0 (248.6,574.9)=    0 (249.1,574.7)=    0 (249.5,574.5)=    0 (249.8,574.2)=    0 (250.2,573.9)=    0 (250.5,573.4)=    0 (251.0,573.1)=    0 (251.2,572.7)=    0 (251.2,572.2)=    0 (251.2,572.0)=    0 (251.2,571.7)=    0 (251.2,571.6)=    0 (251.4,571.6)=    0 (251.6,571.5)=    0 (251.7,571.5)=    0 (252.0,571.2)=    0 (252.5,571.2)=    0 (252.9,571.2)=    0 (253.4,571.2)=    0 (254.0,571.2)=    0 (254.8,571.0)=    0 (255.8,570.8)=    0 (256.5,570.9)=    0 (257.4,571.0)=    0 (257.9,571.0)=    0 (258.4,571.3)=    0 (259.1,571.4)=    0 (259.6,571.6)=    0 (260.1,571.7)=    0 (260.6,571.7)=    0 (261.0,571.8)=    0 (261.3,571.9)=    0 (261.7,572.1)=    0 (262.1,572.3)=    0 (262.6,572.3)=    0 (263.2,572.3)=    0 (263.6,572.3)=    0 (263.9,572.6)=    0 (264.4,572.8)=    0 (264.5,573.0)=    0 (264.8,573.5)=    0 (265.2,573.7)=    0 (265.6,573.9)=    0 (266.0,573.9)=    0 (266.4,573.9)=    0 (266.7,573.7)=    0 (267.0,573.7)=    0 (267.3,573.6)=    0 (267.4,573.0)=    0 (267.6,573.3)=    0 (267.7,573.3)=    0 (268.0,573.0)=    0 (268.3,573.0)=    0 (268.6,573.0)=    0 (268.6,572.7)=    0 (268.9,572.8)=    0 (269.2,573.2)=    0 (269.5,573.2)=    0 (269.7,573.5)=    0 (270.0,573.7)=    0 (270.4,573.9)=    0 (270.9,574.2)=    0 (271.3,574.2)=    0 (271.7,574.1)=    0 (272.2,573.9)=    0 (272.7,573.8)=    0 (273.1,573.9)=    0 (273.7,574.0)=    0 (274.2,574.1)=    0 (274.6,574.4)=    0 (275.1,574.6)=    0 (275.5,574.7)=    0 (275.8,574.7)=    0 (276.1,574.8)=    0 (276.4,574.8)=    0 (276.7,574.7)=    0 (277.0,574.7)=    0 (277.2,574.9)=    0 (277.6,574.8)=    0 (278.0,574.7)=    0 (278.5,574.7)=    0 (278.8,574.6)=    0 (279.3,574.5)=    0 (279.7,574.5)=    0 (279.8,574.6)=    0 (280.1,574.7)=    0 (280.4,574.9)=    0 (280.7,575.4)=    0 (281.1,575.7)=    0 (281.6,575.8)=    0 (282.0,576.0)=    0 (282.5,576.3)=    0 (282.9,576.4)=    0 (283.4,576.6)=    0 (283.8,576.8)=    0 (284.2,577.2)=    0 (284.8,577.5)=    0 (285.3,577.7)=    0 (286.0,578.0)=    0 (286.5,578.3)=    0 (286.9,578.4)=    0 (287.4,578.6)=    0 (288.1,579.1)=    0 (288.8,579.6)=    0 (289.4,579.8)=    0 (290.2,580.1)=    0 (290.7,580.2)=    0 (291.2,580.0)=    0 (291.7,580.0)=    0 (292.2,580.0)=    0 (292.9,580.0)=    0 (293.6,580.2)=    0 (294.4,580.3)=    0 (295.3,580.5)=    0 (296.1,580.6)=    0 (296.7,580.6)=    0 (297.6,580.5)=    0 (298.3,580.3)=    0 (298.8,580.3)=    0 (299.3,580.2)=    0 (299.8,580.2)=    0 (300.2,580.1)=    0 (300.7,579.9)=    0 (301.2,579.7)=    0 (301.4,579.5)=    0 (301.7,579.0)=    0 (302.3,578.8)=    0 (302.8,578.6)=    0 (303.4,578.4)=    0 (304.1,578.4)=    0 (304.7,578.4)=    0 (305.4,578.4)=    0 (305.8,578.3)=    0 (306.6,578.5)=    0 (307.4,578.5)=    0 (308.2,578.4)=    0 (309.1,578.6)=    0 (309.9,579.1)=    0 (310.7,579.6)=    0 (311.6,580.3)=    0 (312.3,580.6)=    0 (313.1,581.0)=    0 (313.8,581.4)=    0 (314.5,581.9)=    0 (315.4,582.6)=    0 (316.2,583.3)=    0 (317.1,584.0)=    0 (317.9,584.9)=    0 (318.6,585.5)=    0 (319.1,585.8)=    0 (319.3,585.8)=    0 (319.5,585.7)=    0 (319.6,585.6)=    0 (319.9,585.6)=    0 (320.2,585.6)=    0 (320.4,585.9)=    0 (320.9,586.3)=    0 (321.2,586.5)=    0 (321.6,586.8)=    0 (322.0,586.8)=    0 (322.4,587.0)=    0 (322.8,587.3)=    0 (323.4,587.7)=    0 (323.9,588.2)=    0 (324.4,588.7)=    0 (325.0,589.2)=    0 (325.5,589.5)=    0 (326.0,589.9)=    0 (326.4,589.9)=    0 (326.7,589.9)=    0 (327.0,590.2)=    0 (327.3,590.4)=    0 (327.6,590.5)=    0 (327.9,590.8)=    0 (328.2,591.1)=    0 (328.3,591.1)=    0 (328.7,591.2)=    0 (328.7,591.3)=    0 (329.0,591.5)=    0 (329.3,591.5)=    0 (329.6,591.7)=    0 (329.7,591.7)=    0 (330.2,591.8)=    0 (330.5,591.8)=    0 (330.8,591.7)=    0 (331.2,591.6)=    0 (331.4,591.7)=    0 (331.7,591.8)=    0 (332.0,591.9)=    0 (332.1,592.2)=    0 (332.2,592.4)=    0 (332.4,592.4)=    0 (332.5,592.5)=    0 (332.7,592.4)=    0 (332.9,592.5)=    0 (333.0,592.7)=    0 (333.2,592.7)=    0 (333.4,592.9)=    0 (333.7,593.1)=    0 (334.0,593.3)=    0 (334.3,593.3)=    0 (334.6,593.4)=    0 (335.1,593.3)=    0 (335.3,593.2)=    0 (335.7,593.2)=    0 (336.1,593.2)=    0 (336.6,593.4)=    0 (337.0,593.6)=    0 (337.3,593.6)=    0 (337.8,593.7)=    0 (338.1,593.6)=    0 (338.6,593.6)=    0 (338.8,593.3)=    0 (339.1,593.4)=    0 (339.4,593.5)=    0 (339.5,593.5)=    0 (339.8,593.8)=    0 (340.2,593.8)=    0 (340.5,593.8)=    0 (340.7,593.8)=    0 (340.9,593.8)=    0 (341.2,593.5)=    0 (341.7,593.7)=    0 (342.2,593.9)=    0 (342.8,593.9)=    0 (343.3,594.1)=    0 (343.7,594.1)=    0 (344.2,594.1)=    0 (344.9,594.1)=    0 (345.5,594.1)=    0 (346.1,594.1)=    0 (346.3,594.0)=    0 (346.8,594.3)=    0 (347.3,594.3)=    0 (347.8,594.5)=    0 (348.3,594.7)=    0 (348.9,594.6)=    0 (349.4,594.7)=    0 (349.8,594.8)=    0 (350.4,594.8)=    0 (351.1,595.2)=    0 (351.7,595.3)=    0 (352.4,595.4)=    0 (353.0,595.4)=    0 (353.8,595.5)=    0 (354.3,595.5)=    0 (355.0,595.5)=    0 (355.5,595.5)=    0 (356.1,595.5)=    0 (356.8,595.5)=    0 (357.4,595.4)=    0 (358.0,595.5)=    0 (358.7,595.5)=    0 (359.4,595.2)=    0 (360.2,594.9)=    0 (360.8,594.8)=    0 (361.4,594.4)=    0 (362.1,594.4)=    0 (362.7,594.1)=    0 (363.0,594.0)=    0 (363.7,594.1)=    0 (364.1,594.3)=    0 (364.6,594.3)=    0 (365.0,594.2)=    0 (365.5,594.1)=    0 (366.3,593.9)=    0 (367.1,593.8)=    0 (367.9,593.8)=    0 (368.9,593.9)=    0 (369.8,593.9)=    0 
     48 | (334.0,610.0)=23211 (334.5,610.3)=    0 (335.0,610.6)=    0 (335.5,610.5)=    0 (336.0,610.5)=    0 (336.4,610.5)=    0 (336.9,610.4)=    0 (337.1,610.4)=    0 (337.5,610.7)=    0 (338.0,610.8)=    0 (338.5,611.0)=    0 (338.8,611.0)=    0 (339.3,610.9)=    0 (339.9,610.6)=    0 (340.2,610.4)=    0 (340.6,610.0)=    0 (340.9,609.6)=    0 (341.4,609.4)=    0 (341.5,609.0)=    0 (341.6,608.5)=    0 (341.6,608.2)=    0 (341.6,608.1)=    0 (341.6,607.8)=    0 (341.9,607.7)=    0 (342.2,607.7)=    0 (342.2,607.7)=    0 (342.5,607.5)=    0 (342.9,607.5)=    0 (343.4,607.7)=    0 (343.9,607.7)=    0 (344.6,607.7)=    0 (345.4,607.6)=    0 (346.3,607.5)=    0 (347.2,607.6)=    0 (347.9,607.7)=    0 (348.5,607.8)=    0 (349.0,608.1)=    0 (349.5,608.1)=    0 (349.9,608.3)=    0 (350.4,608.5)=    0 (350.9,608.5)=    0 (351.4,608.6)=    0 (351.8,608.7)=    0 (352.2,609.0)=    0 (352.6,609.3)=    0 (353.0,609.3)=    0 (353.6,609.3)=    0 (354.0,609.3)=    0 (354.3,609.5)=    0 (355.0,609.6)=    0 (355.1,610.0)=    0 (355.3,610.6)=    0 (355.6,610.9)=    0 (355.9,611.2)=    0 (356.5,611.3)=    0 (356.8,611.2)=    0 (357.3,611.2)=    0 (357.6,611.1)=    0 (357.8,610.8)=    0 (357.7,610.3)=    0 (357.9,610.5)=    0 (358.0,610.7)=    0 (358.3,610.5)=    0 (358.7,610.5)=    0 (359.0,610.5)=    0 (359.2,610.3)=    0 (359.3,610.3)=    0 (359.7,610.6)=    0 (359.9,610.8)=    0 (360.1,611.2)=    0 (360.5,611.5)=    0 (360.8,611.7)=    0 (361.3,612.0)=    0 (361.8,612.0)=    0 (362.2,611.8)=    0 (362.8,611.7)=    0 (363.3,611.5)=    0 (363.8,611.5)=    0 (364.3,611.8)=    0 (364.8,611.8)=    0 (365.1,612.1)=    0 (365.6,612.3)=    0 (365.9,612.4)=    0 (366.4,612.4)=    0 (366.6,612.5)=    0 (366.9,612.6)=    0 (367.3,612.4)=    0 (367.7,612.5)=    0 (368.0,612.6)=    0 (368.4,612.6)=    0 (368.7,612.5)=    0 (369.3,612.5)=    0 (369.7,612.5)=    0 (370.2,612.4)=    0 (370.7,612.4)=    0 (370.8,612.4)=    0 (371.1,612.6)=    0 (371.4,612.8)=    0 (371.7,613.4)=    0 (372.0,613.5)=    0 (372.5,613.9)=    0 (372.9,614.2)=    0 (373.3,614.5)=    0 (373.8,614.8)=    0 (374.2,615.0)=    0 (374.6,615.2)=    0 (375.3,615.7)=    0 (375.8,616.0)=    0 (376.4,616.3)=    0 (377.1,616.8)=    0 (377.6,617.0)=    0 (378.0,617.1)=    0 (378.5,617.3)=    0 (379.2,617.9)=    0 (380.0,618.6)=    0 (380.7,618.9)=    0 (381.3,619.2)=    0 (381.9,619.4)=    0 (382.5,619.2)=    0 (383.1,619.2)=    0 (383.8,619.3)=    0 (384.3,619.4)=    0 (385.0,619.5)=    0 (385.8,619.7)=    0 (386.8,619.9)=    0 (387.8,620.0)=    0 (388.4,620.0)=    0 (389.2,620.0)=    0 (389.9,619.7)=    0 (390.4,619.7)=    0 (390.8,619.8)=    0 (391.4,619.7)=    0 (391.8,619.7)=    0 (392.3,619.7)=    0 (392.7,619.6)=    0 (393.1,619.3)=    0 (393.3,619.0)=    0 (394.0,618.7)=    0 (394.5,618.5)=    0 (395.1,618.2)=    0 (395.8,618.2)=    0 (396.5,618.3)=    0 (397.1,618.4)=    0 (397.6,618.3)=    0 (398.5,618.7)=    0 (399.3,618.7)=    0 (400.2,618.6)=    0 (401.0,618.9)=    0 (401.8,619.5)=    0 (402.8,620.0)=    0 (403.6,620.7)=    0 (404.3,621.1)=    0 (405.0,621.6)=    0 (405.8,622.0)=    0 (406.6,622.6)=    0 (407.4,623.5)=    0 (408.3,624.2)=    0 (409.2,624.9)=    0 (410.1,625.9)=    0 (410.8,626.6)=    0 (411.1,626.9)=    0 (411.4,626.9)=    0 (411.6,626.9)=    0 (411.8,626.7)=    0 (411.9,626.7)=    0 (412.3,626.7)=    0 (412.7,627.1)=    0 (413.0,627.5)=    0 (413.4,627.8)=    0 (413.9,628.1)=    0 (414.1,628.3)=    0 (414.5,628.4)=    0 (415.1,628.7)=    0 (415.6,629.1)=    0 (416.3,629.7)=    0 (416.8,630.3)=    0 (417.3,630.8)=    0 (417.7,631.3)=    0 (418.2,631.6)=    0 (418.7,631.8)=    0 (419.1,631.9)=    0 (419.6,632.2)=    0 (419.9,632.4)=    0 (420.2,632.5)=    0 (420.5,632.9)=    0 (420.6,633.2)=    0 (420.9,633.4)=    0 (421.2,633.4)=    0 (421.4,633.5)=    0 (421.6,633.6)=    0 (421.8,633.6)=    0 (422.0,633.8)=    0 (422.3,633.8)=    0 (422.6,633.9)=    0 (423.1,633.9)=    0 (423.5,633.8)=    0 (423.9,633.7)=    0 (424.1,633.8)=    0 (424.4,633.9)=    0 (424.7,633.9)=    0 (424.9,634.3)=    0 (424.9,634.4)=    0 (425.1,634.4)=    0 (425.2,634.5)=    0 (425.5,634.6)=    0 (425.7,634.6)=    0 (425.8,634.8)=    0 (426.0,634.9)=    0 (426.1,635.0)=    0 (426.5,635.3)=    0 (426.7,635.5)=    0 (427.0,635.5)=    0 (427.4,635.7)=    0 (427.8,635.6)=    0 (428.2,635.5)=    0 (428.5,635.6)=    0 (429.0,635.7)=    0 (429.6,635.8)=    0 (430.0,636.1)=    0 (430.3,636.0)=    0 (430.9,636.1)=    0 (431.3,636.0)=    0 (431.6,636.0)=    0 (431.9,635.8)=    0 (432.1,635.7)=    0 (432.5,636.0)=    0 (432.7,636.1)=    0 (432.9,636.4)=    0 (433.2,636.4)=    0 (433.6,636.4)=    0 (433.9,636.5)=    0 (433.9,636.4)=    0 (434.3,636.2)=    0 (434.8,636.4)=    0 (435.3,636.7)=    0 (435.8,636.7)=    0 (436.3,637.0)=    0 (436.8,637.0)=    0 (437.3,637.0)=    0 (437.9,637.1)=    0 (438.7,637.2)=    0 (439.4,637.0)=    0 (439.8,637.0)=    0 (440.1,637.3)=    0 (440.5,637.4)=    0 (441.1,637.7)=    0 (441.6,637.9)=    0 (442.3,637.9)=    0 (442.9,638.1)=    0 (443.2,638.2)=    0 (443.8,638.2)=    0 (444.7,638.6)=    0 (445.2,638.7)=    0 (445.9,638.9)=    0 (446.5,638.9)=    0 (447.2,639.0)=    0 (447.8,639.0)=    0 (448.5,639.0)=    0 (448.9,639.1)=    0 (449.5,639.1)=    0 (450.2,639.1)=    0 (450.9,639.1)=    0 (451.6,639.2)=    0 (452.3,639.3)=    0 ( -1.0, -1.0)=   -4 ( -1.0, -1.0)=   -4 ( -1.0, -1.0)=   -4 ( -1.0, -1.0)=   -4 ( -1.0, -1.0)=   -4 ( -1.0, -1.0)=   -4 ( -1.0, -1.0)=   -4 ( -1.0, -1.0)=   -4 ( -1.0, -1.0)=   -4 ( -1.0, -1.0)=   -4 ( -1.0, -1.0)=   -4 ( -1.0, -1.0)=   -4 ( -1.0, -1.0)=   -4 ( -1.0, -1.0)=   -4 ( -1.0, -1.0)=   -4 ( -1.0, -1.0)=   -4 ( -1.0, -1.0)=   -4 
     49 | ( 93.0,527.0)=23011 ( 93.4,527.2)=    0 ( 94.0,527.5)=    0 ( 94.5,527.3)=    0 ( 94.8,527.2)=    0 ( 95.4,527.2)=    0 ( 96.0,527.1)=    0 ( 96.1,527.1)=    0 ( 96.6,527.2)=    0 ( 97.0,527.2)=    0 ( 97.5,527.3)=    0 ( 97.7,527.2)=    0 ( 98.3,527.0)=    0 ( 98.9,526.5)=    0 ( 99.1,526.3)=    0 ( 99.6,525.9)=    0 ( 99.8,525.5)=    0 (100.3,525.2)=    0 (100.6,524.7)=    0 (100.5,524.2)=    0 (100.6,524.0)=    0 (100.7,523.8)=    0 (100.9,523.4)=    0 (101.0,523.4)=    0 (101.2,523.3)=    0 (101.5,523.2)=    0 (101.9,522.9)=    0 (102.2,522.9)=    0 (102.7,522.8)=    0 (103.4,522.7)=    0 (103.9,522.6)=    0 (104.8,522.4)=    0 (105.5,522.0)=    0 (106.4,522.1)=    0 (107.2,522.2)=    0 (107.9,522.1)=    0 (108.4,522.3)=    0 (108.9,522.3)=    0 (109.4,522.5)=    0 (109.9,522.5)=    0 (110.6,522.6)=    0 (111.1,522.6)=    0 (111.3,522.7)=    0 (111.7,522.9)=    0 (112.2,523.0)=    0 (112.8,522.9)=    0 (113.3,522.9)=    0 (113.6,522.8)=    0 (114.0,523.0)=    0 (114.5,523.2)=    0 (114.6,523.5)=    0 (114.9,523.8)=    0 (115.4,524.1)=    0 (115.7,524.3)=    0 (116.2,524.4)=    0 (116.7,524.3)=    0 (116.9,524.1)=    0 (117.2,524.1)=    0 (117.5,524.0)=    0 (118.0,523.6)=    0 (118.2,523.7)=    0 (118.4,523.8)=    0 (118.7,523.6)=    0 (118.9,523.7)=    0 (119.1,523.7)=    0 (119.1,523.4)=    0 (119.2,523.4)=    0 (119.7,523.6)=    0 (119.9,523.7)=    0 (120.2,524.0)=    0 (120.5,524.2)=    0 (120.9,524.4)=    0 (121.4,524.5)=    0 (121.9,524.5)=    0 (122.4,524.3)=    0 (122.8,524.2)=    0 (123.3,524.1)=    0 (123.7,524.1)=    0 (124.2,524.2)=    0 (124.8,524.3)=    0 (125.1,524.5)=    0 (125.6,524.7)=    0 (126.1,524.8)=    0 (126.4,524.8)=    0 (126.7,524.8)=    0 (127.0,525.0)=    0 (127.4,524.8)=    0 (127.7,524.8)=    0 (128.0,524.9)=    0 (128.3,524.9)=    0 (128.6,524.9)=    0 (129.1,524.8)=    0 (129.4,524.7)=    0 (129.8,524.6)=    0 (130.3,524.4)=    0 (130.4,524.5)=    0 (130.7,524.6)=    0 (131.0,524.9)=    0 (131.5,525.2)=    0 (131.9,525.4)=    0 (132.3,525.7)=    0 (132.7,525.8)=    0 (133.3,526.0)=    0 (133.7,526.2)=    0 (134.2,526.3)=    0 (134.5,526.5)=    0 (135.1,526.9)=    0 (135.5,527.0)=    0 (136.1,527.3)=    0 (136.9,527.5)=    0 (137.4,527.7)=    0 (137.9,527.8)=    0 (138.3,528.0)=    0 (138.8,528.4)=    0 (139.5,528.9)=    0 (140.2,529.0)=    0 (140.9,529.3)=    0 (141.4,529.3)=    0 (141.9,528.9)=    0 (142.5,528.9)=    0 (143.1,529.0)=    0 (143.8,528.9)=    0 (144.4,528.9)=    0 (145.1,529.0)=    0 (146.0,529.0)=    0 (146.7,529.0)=    0 (147.3,529.0)=    0 (148.2,528.7)=    0 (148.9,528.5)=    0 (149.4,528.5)=    0 (149.9,528.5)=    0 (150.4,528.4)=    0 (150.8,528.4)=    0 (151.2,528.2)=    0 (151.6,528.0)=    0 (152.0,527.5)=    0 (152.1,527.2)=    0 (152.7,527.0)=    0 (153.3,526.6)=    0 (153.7,526.3)=    0 (154.4,526.3)=    0 (155.1,526.4)=    0 (155.7,526.3)=    0 (156.1,526.2)=    0 (156.9,526.3)=    0 (157.7,526.2)=    0 (158.5,526.0)=    0 (159.3,526.1)=    0 (160.2,526.5)=    0 (160.9,527.0)=    0 (161.9,527.5)=    0 (162.6,527.8)=    0 (163.4,528.0)=    0 (164.1,528.4)=    0 (164.8,528.8)=    0 (165.8,529.5)=    0 (166.7,530.1)=    0 (167.5,530.6)=    0 (168.2,531.3)=    0 (169.0,531.8)=    0 (169.5,532.1)=    0 (169.8,532.1)=    0 (170.1,531.8)=    0 (170.1,531.8)=    0 (170.3,531.7)=    0 (170.8,531.7)=    0 (171.1,532.0)=    0 (171.5,532.3)=    0 (171.8,532.3)=    0 (172.3,532.6)=    0 (172.5,532.6)=    0 (173.0,532.7)=    0 (173.5,532.9)=    0 (174.2,533.2)=    0 (174.5,533.5)=    0 (174.9,533.9)=    0 (175.6,534.3)=    0 (176.1,534.6)=    0 (176.6,535.0)=    0 (177.0,535.0)=    0 (177.3,535.0)=    0 (177.5,535.3)=    0 (177.9,535.4)=    0 (178.2,535.4)=    0 (178.3,535.7)=    0 (178.6,535.9)=    0 (178.8,535.9)=    0 (179.1,535.9)=    0 (179.2,536.1)=    0 (179.5,536.1)=    0 (179.8,536.1)=    0 (180.0,536.3)=    0 (180.3,536.3)=    0 (180.8,536.3)=    0 (181.0,536.3)=    0 (181.3,536.2)=    0 (181.7,536.1)=    0 (181.9,536.2)=    0 (182.2,536.2)=    0 (182.4,536.2)=    0 (182.5,536.5)=    0 (182.7,536.6)=    0 (182.8,536.6)=    0 (183.0,536.7)=    0 (183.2,536.7)=    0 (183.3,536.7)=    0 (183.5,536.9)=    0 (183.6,537.0)=    0 (183.8,537.0)=    0 (184.1,537.3)=    0 (184.4,537.3)=    0 (184.7,537.4)=    0 (185.1,537.5)=    0 (185.5,537.4)=    0 (185.7,537.4)=    0 (186.2,537.3)=    0 (186.6,537.3)=    0 (187.2,537.4)=    0 (187.4,537.5)=    0 (187.7,537.5)=    0 (188.2,537.5)=    0 (188.5,537.4)=    0 (188.7,537.3)=    0 (189.1,537.1)=    0 (189.4,537.2)=    0 (189.7,537.3)=    0 (189.9,537.4)=    0 (190.2,537.6)=    0 (190.6,537.7)=    0 (191.0,537.5)=    0 (191.1,537.4)=    0 (191.3,537.5)=    0 (191.8,537.3)=    0 (192.2,537.6)=    0 (192.7,537.7)=    0 (193.2,537.6)=    0 (193.7,537.7)=    0 (194.3,537.7)=    0 (194.7,537.7)=    0 (195.3,537.7)=    0 (195.9,537.6)=    0 (196.5,537.4)=    0 (196.7,537.4)=    0 (197.2,537.6)=    0 (197.7,537.7)=    0 (198.3,537.9)=    0 (198.8,537.9)=    0 (199.4,537.8)=    0 (199.7,537.9)=    0 (200.3,537.9)=    0 (200.9,537.9)=    0 (201.6,538.2)=    0 (202.1,538.2)=    0 (202.6,538.2)=    0 (203.2,538.2)=    0 (203.8,538.2)=    0 (204.4,538.1)=    0 (205.1,538.1)=    0 (205.5,538.0)=    0 (205.9,537.8)=    0 (206.6,537.8)=    0 (207.3,537.7)=    0 (208.0,537.7)=    0 (208.7,537.7)=    0 (209.3,537.5)=    0 (209.8,537.2)=    0 (210.5,536.9)=    0 (211.0,536.4)=    0 (211.7,536.4)=    0 (212.2,536.1)=    0 (212.5,536.0)=    0 (213.0,536.0)=    0 (213.5,536.0)=    0 (213.9,536.0)=    0 (214.4,536.1)=    0 (215.1,535.8)=    0 (215.8,535.7)=    0 (216.6,535.5)=    0 (217.3,535.5)=    0 (218.2,535.5)=    0 (219.2,535.4)=    0 
     50 | (422.0,465.0)=23004 (422.4,465.2)=    0 (423.1,465.5)=    0 (423.5,465.5)=    0 (424.0,465.5)=    0 (424.5,465.5)=    0 (425.0,465.5)=    0 (425.3,465.5)=    0 (425.7,465.7)=    0 (426.3,466.0)=    0 (426.9,466.1)=    0 (427.2,466.1)=    0 (427.7,466.1)=    0 (428.4,465.7)=    0 (428.8,465.5)=    0 (429.2,465.4)=    0 (429.5,465.0)=    0 (430.0,464.7)=    0 (430.2,464.4)=    0 (430.3,463.9)=    0 (430.3,463.7)=    0 (430.2,463.6)=    0 (430.4,463.4)=    0 (430.9,463.3)=    0 (431.2,463.2)=    0 (431.4,463.2)=    0 (431.6,463.2)=    0 (432.2,463.0)=    0 (432.8,463.1)=    0 (433.5,463.1)=    0 (434.1,463.1)=    0 (434.9,463.1)=    0 (435.9,462.9)=    0 (436.9,463.0)=    0 (437.5,463.2)=    0 (438.1,463.2)=    0 (438.6,463.5)=    0 (439.3,463.7)=    0 (439.8,463.9)=    0 (440.3,464.1)=    0 (440.6,464.2)=    0 (441.2,464.3)=    0 (441.6,464.5)=    0 (442.2,464.7)=    0 (442.5,464.9)=    0 (443.0,465.0)=    0 (443.6,465.1)=    0 (444.1,465.0)=    0 (444.4,465.2)=    0 (444.9,465.5)=    0 (445.3,465.8)=    0 (445.5,466.1)=    0 (445.7,466.4)=    0 (446.1,466.8)=    0 (446.6,467.1)=    0 (446.9,467.1)=    0 (447.5,466.8)=    0 (447.9,466.9)=    0 (448.2,466.9)=    0 (447.8,466.6)=    0 (448.0,466.7)=    0 (448.2,467.0)=    0 (448.4,467.0)=    0 (448.7,466.7)=    0 (449.1,466.7)=    0 (449.1,466.4)=    0 (449.4,466.4)=    0 (449.8,466.7)=    0 (450.2,466.9)=    0 (450.2,467.2)=    0 (450.6,467.5)=    0 (451.0,467.7)=    0 (451.5,467.9)=    0 (451.9,467.9)=    0 (452.5,467.9)=    0 ( -1.0, -1.0)=   -4 ( -1.0, -1.0)=   -4 ( -1.0, -1.0)=   -4 ( -1.0, -1.0)=   -4 ( -1.0, -1.0)=   -4 ( -1.0, -1.0)=   -4 ( -1.0, -1.0)=   -4 ( -1.0, -1.0)=   -4 ( -1.0, -1.0)=   -4 ( -1.0, -1.0)=   -4 ( -1.0, -1.0)=   -4 ( -1.0, -1.0)=   -4 ( -1.0, -1.0)=   -4 ( -1.0, -1.0)=   -4 ( -1.0, -1.0)=   -4 ( -1.0, -1.0)=   -4 ( -1.0, -1.0)=   -4 ( -1.0, -1.0)=   -4 ( -1.0, -1.0)=   -4 ( -1.0, -1.0)=   -4 ( -1.0, -1.0)=   -4 ( -1.0, -1.0)=   -4 ( -1.0, -1.0)=   -4 ( -1.0, -1.0)=   -4 ( -1.0, -1.0)=   -4 ( -1.0, -1.0)=   -4 ( -1.0, -1.0)=   -4 ( -1.0, -1.0)=   -4 ( -1.0, -1.0)=   -4 ( -1.0, -1.0)=   -4 ( -1.0, -1.0)=   -4 ( -1.0, -1.0)=   -4 ( -1.0, -1.0)=   -4 ( -1.0, -1.0)=   -4 ( -1.0, -1.0)=   -4 ( -1.0, -1.0)=   -4 ( -1.0, -1.0)=   -4 ( -1.0, -1.0)=   -4 ( -1.0, -1.0)=   -4 ( -1.0, -1.0)=   -4 ( -1.0, -1.0)=   -4 ( -1.0, -1.0)=   -4 ( -1.0, -1.0)=   -4 ( -1.0, -1.0)=   -4 ( -1.0, -1.0)=   -4 ( -1.0, -1.0)=   -4 ( -1.0, -1.0)=   -4 ( -1.0, -1.0)=   -4 ( -1.0, -1.0)=   -4 ( -1.0, -1.0)=   -4 ( -1.0, -1.0)=   -4 ( -1.0, -1.0)=   -4 ( -1.0, -1.0)=   -4 ( -1.0, -1.0)=   -4 ( -1.0, -1.0)=   -4 ( -1.0, -1.0)=   -4 ( -1.0, -1.0)=   -4 ( -1.0, -1.0)=   -4 ( -1.0, -1.0)=   -4 ( -1.0, -1.0)=   -4 ( -1.0, -1.0)=   -4 ( -1.0, -1.0)=   -4 ( -1.0, -1.0)=   -4 ( -1.0, -1.0)=   -4 ( -1.0, -1.0)=   -4 ( -1.0, -1.0)=   -4 ( -1.0, -1.0)=   -4 ( -1.0, -1.0)=   -4 ( -1.0, -1.0)=   -4 ( -1.0, -1.0)=   -4 ( -1.0, -1.0)=   -4 ( -1.0, -1.0)=   -4 ( -1.0, -1.0)=   -4 ( -1.0, -1.0)=   -4 ( -1.0, -1.0)=   -4 ( -1.0, -1.0)=   -4 ( -1.0, -1.0)=   -4 ( -1.0, -1.0)=   -4 ( -1.0, -1.0)=   -4 ( -1.0, -1.0)=   -4 ( -1.0, -1.0)=   -4 ( -1.0, -1.0)=   -4 ( -1.0, -1.0)=   -4 ( -1.0, -1.0)=   -4 ( -1.0, -1.0)=   -4 ( -1.0, -1.0)=   -4 ( -1.0, -1.0)=   -4 ( -1.0, -1.0)=   -4 ( -1.0, -1.0)=   -4 ( -1.0, -1.0)=   -4 ( -1.0, -1.0)=   -4 ( -1.0, -1.0)=   -4 ( -1.0, -1.0)=   -4 ( -1.0, -1.0)=   -4 ( -1.0, -1.0)=   -4 ( -1.0, -1.0)=   -4 ( -1.0, -1.0)=   -4 ( -1.0, -1.0)=   -4 ( -1.0, -1.0)=   -4 ( -1.0, -1.0)=   -4 ( -1.0, -1.0)=   -4 ( -1.0, -1.0)=   -4 ( -1.0, -1.0)=   -4 ( -1.0, -1.0)=   -4 ( -1.0, -1.0)=   -4 ( -1.0, -1.0)=   -4 ( -1.0, -1.0)=   -4 ( -1.0, -1.0)=   -4 ( -1.0, -1.0)=   -4 ( -1.0, -1.0)=   -4 ( -1.0, -1.0)=   -4 ( -1.0, -1.0)=   -4 ( -1.0, -1.0)=   -4 ( -1.0, -1.0)=   -4 ( -1.0, -1.0)=   -4 ( -1.0, -1.0)=   -4 ( -1.0, -1.0)=   -4 ( -1.0, -1.0)=   -4 ( -1.0, -1.0)=   -4 ( -1.0, -1.0)=   -4 ( -1.0, -1.0)=   -4 ( -1.0, -1.0)=   -4 ( -1.0, -1.0)=   -4 ( -1.0, -1.0)=   -4 ( -1.0, -1.0)=   -4 ( -1.0, -1.0)=   -4 ( -1.0, -1.0)=   -4 ( -1.0, -1.0)=   -4 ( -1.0, -1.0)=   -4 ( -1.0, -1.0)=   -4 ( -1.0, -1.0)=   -4 ( -1.0, -1.0)=   -4 ( -1.0, -1.0)=   -4 ( -1.0, -1.0)=   -4 ( -1.0, -1.0)=   -4 ( -1.0, -1.0)=   -4 ( -1.0, -1.0)=   -4 ( -1.0, -1.0)=   -4 ( -1.0, -1.0)=   -4 ( -1.0, -1.0)=   -4 ( -1.0, -1.0)=   -4 ( -1.0, -1.0)=   -4 ( -1.0, -1.0)=   -4 ( -1.0, -1.0)=   -4 ( -1.0, -1.0)=   -4 ( -1.0, -1.0)=   -4 ( -1.0, -1.0)=   -4 ( -1.0, -1.0)=   -4 ( -1.0, -1.0)=   -4 ( -1.0, -1.0)=   -4 ( -1.0, -1.0)=   -4 ( -1.0, -1.0)=   -4 ( -1.0, -1.0)=   -4 ( -1.0, -1.0)=   -4 ( -1.0, -1.0)=   -4 ( -1.0, -1.0)=   -4 ( -1.0, -1.0)=   -4 ( -1.0, -1.0)=   -4 ( -1.0, -1.0)=   -4 ( -1.0, -1.0)=   -4 ( -1.0, -1.0)=   -4 ( -1.0, -1.0)=   -4 ( -1.0, -1.0)=   -4 ( -1.0, -1.0)=   -4 ( -1.0, -1.0)=   -4 ( -1.0, -1.0)=   -4 ( -1.0, -1.0)=   -4 ( -1.0, -1.0)=   -4 ( -1.0, -1.0)=   -4 ( -1.0, -1.0)=   -4 ( -1.0, -1.0)=   -4 ( -1.0, -1.0)=   -4 ( -1.0, -1.0)=   -4 ( -1.0, -1.0)=   -4 ( -1.0, -1.0)=   -4 ( -1.0, -1.0)=   -4 ( -1.0, -1.0)=   -4 ( -1.0, -1.0)=   -4 ( -1.0, -1.0)=   -4 ( -1.0, -1.0)=   -4 ( -1.0, -1.0)=   -4 ( -1.0, -1.0)=   -4 ( -1.0, -1.0)=   -4 ( -1.0, -1.0)=   -4 ( -1.0, -1.0)=   -4 ( -1.0, -1.0)=   -4 ( -1.0, -1.0)=   -4 ( -1.0, -1.0)=   -4 ( -1.0, -1.0)=   -4 ( -1.0, -1.0)=   -4 ( -1.0, -1.0)=   -4 ( -1.0, -1.0)=   -4 ( -1.0, -1.0)=   -4 ( -1.0, -1.0)=   -4 ( -1.0, -1.0)=   -4 ( -1.0, -1.0)=   -4 ( -1.0, -1.0)=   -4 ( -1.0, -1.0)=   -4 ( -1.0, -1.0)=   -4 ( -1.0, -1.0)=   -4 ( -1.0, -1.0)=   -4 ( -1.0, -1.0)=   -4 ( -1.0, -1.0)=   -4 ( -1.0, -1.0)=   -4 ( -1.0, -1.0)=   -4 ( -1.0, -1.0)=   -4 
     51 | (322.0,584.0)=22797 (322.5,584.3)=    0 (323.0,584.6)=    0 (323.4,584.6)=    0 (323.9,584.6)=    0 (324.4,584.5)=    0 (324.8,584.4)=    0 (325.1,584.5)=    0 (325.5,584.8)=    0 (325.9,584.9)=    0 (326.4,585.1)=    0 (326.7,585.0)=    0 (327.3,585.0)=    0 (327.8,584.6)=    0 (328.2,584.5)=    0 (328.5,584.2)=    0 (328.8,583.7)=    0 (329.3,583.4)=    0 (329.5,582.9)=    0 (329.7,582.5)=    0 (329.5,582.3)=    0 (329.5,582.1)=    0 (329.5,581.9)=    0 (329.8,581.8)=    0 (330.0,581.8)=    0 (330.1,581.8)=    0 (330.4,581.6)=    0 (330.8,581.6)=    0 (331.4,581.6)=    0 (331.9,581.7)=    0 (332.6,581.7)=    0 (333.4,581.6)=    0 (334.3,581.4)=    0 (335.1,581.5)=    0 (335.9,581.6)=    0 (336.3,581.7)=    0 (336.9,582.0)=    0 (337.4,582.1)=    0 (337.9,582.3)=    0 (338.3,582.4)=    0 (338.8,582.4)=    0 (339.3,582.7)=    0 (339.6,582.8)=    0 (340.2,583.0)=    0 (340.4,583.2)=    0 (340.9,583.3)=    0 (341.6,583.3)=    0 (341.9,583.3)=    0 (342.4,583.6)=    0 (342.9,583.8)=    0 (343.0,584.2)=    0 (343.3,584.6)=    0 (343.5,584.8)=    0 (343.9,585.2)=    0 (344.4,585.3)=    0 (344.8,585.2)=    0 (345.2,585.1)=    0 (345.6,585.1)=    0 (345.8,584.9)=    0 (345.8,584.4)=    0 (345.9,584.6)=    0 (346.0,584.8)=    0 (346.4,584.6)=    0 (346.6,584.7)=    0 (347.0,584.7)=    0 (347.1,584.4)=    0 (347.3,584.5)=    0 (347.5,584.8)=    0 (347.7,585.0)=    0 (348.0,585.3)=    0 (348.3,585.5)=    0 (348.6,585.8)=    0 (349.1,586.1)=    0 (349.6,586.0)=    0 (350.2,585.9)=    0 (350.6,585.7)=    0 (351.2,585.6)=    0 (351.7,585.5)=    0 (352.2,585.8)=    0 (352.6,585.9)=    0 (352.9,586.2)=    0 (353.4,586.5)=    0 (353.8,586.6)=    0 (354.3,586.5)=    0 (354.5,586.7)=    0 (354.7,586.7)=    0 (355.2,586.6)=    0 (355.4,586.6)=    0 (355.7,586.7)=    0 (356.1,586.7)=    0 (356.3,586.6)=    0 (357.0,586.7)=    0 (357.4,586.6)=    0 (357.9,586.5)=    0 (358.3,586.5)=    0 (358.4,586.5)=    0 (358.7,586.7)=    0 (359.1,586.8)=    0 (359.4,587.3)=    0 (359.6,587.5)=    0 (360.1,587.7)=    0 (360.5,588.0)=    0 (361.0,588.3)=    0 (361.4,588.5)=    0 (361.9,588.6)=    0 (362.4,588.9)=    0 (362.8,589.4)=    0 (363.5,589.7)=    0 (364.0,589.9)=    0 (364.6,590.3)=    0 (365.2,590.4)=    0 (365.7,590.7)=    0 (366.1,591.0)=    0 (366.7,591.4)=    0 (367.5,592.0)=    0 (368.3,592.3)=    0 (369.0,592.6)=    0 (369.5,592.7)=    0 (370.0,592.5)=    0 (370.6,592.5)=    0 (371.3,592.5)=    0 (371.9,592.6)=    0 (372.6,592.8)=    0 (373.4,593.0)=    0 (374.4,593.2)=    0 (375.3,593.2)=    0 (375.9,593.3)=    0 (376.7,593.2)=    0 (377.4,592.9)=    0 (377.9,592.9)=    0 (378.3,592.9)=    0 (378.9,592.9)=    0 (379.4,592.9)=    0 (379.8,592.9)=    0 (380.2,592.7)=    0 (380.5,592.3)=    0 (380.9,592.1)=    0 (381.4,591.9)=    0 (381.9,591.6)=    0 (382.5,591.3)=    0 (383.3,591.4)=    0 (383.9,591.4)=    0 (384.5,591.4)=    0 (385.0,591.4)=    0 (385.8,591.5)=    0 (386.5,591.6)=    0 (387.4,591.4)=    0 (388.4,591.8)=    0 (389.2,592.3)=    0 (390.0,592.8)=    0 (390.9,593.4)=    0 (391.7,593.9)=    0 (392.4,594.3)=    0 (393.1,594.8)=    0 (393.9,595.4)=    0 (394.6,596.4)=    0 (395.5,596.8)=    0 (396.4,597.7)=    0 (397.3,598.7)=    0 (398.0,599.2)=    0 (398.5,599.5)=    0 (398.6,599.6)=    0 (398.9,599.6)=    0 (399.0,599.4)=    0 (399.3,599.5)=    0 (399.5,599.5)=    0 (400.0,599.9)=    0 (400.4,600.2)=    0 (400.6,600.3)=    0 (401.1,600.6)=    0 (401.4,600.8)=    0 (401.8,601.0)=    0 (402.3,601.2)=    0 (402.8,601.6)=    0 (403.6,602.2)=    0 (404.1,602.7)=    0 (404.5,603.2)=    0 (405.1,603.7)=    0 (405.5,604.1)=    0 (406.0,604.3)=    0 (406.3,604.3)=    0 (406.7,604.6)=    0 (407.0,604.8)=    0 (407.3,604.9)=    0 (407.6,605.2)=    0 (407.8,605.7)=    0 (408.0,605.8)=    0 (408.3,605.9)=    0 (408.5,606.0)=    0 (408.7,606.0)=    0 (409.0,606.1)=    0 (409.3,606.3)=    0 (409.5,606.4)=    0 (409.8,606.4)=    0 (410.3,606.5)=    0 (410.6,606.4)=    0 (411.1,606.4)=    0 (411.3,606.3)=    0 (411.6,606.5)=    0 (411.9,606.6)=    0 (412.0,606.9)=    0 (412.2,607.1)=    0 (412.3,607.1)=    0 (412.4,607.2)=    0 (412.6,607.2)=    0 (412.9,607.3)=    0 (413.0,607.5)=    0 (413.1,607.5)=    0 (413.3,607.7)=    0 (413.6,607.9)=    0 (413.9,608.1)=    0 (414.2,608.2)=    0 (414.5,608.3)=    0 (415.0,608.3)=    0 (415.4,608.1)=    0 (415.8,608.3)=    0 (416.2,608.2)=    0 (416.7,608.3)=    0 (417.1,608.6)=    0 (417.5,608.6)=    0 (418.0,608.7)=    0 (418.4,608.5)=    0 (418.8,608.5)=    0 (419.1,608.3)=    0 (419.3,608.3)=    0 (419.6,608.6)=    0 (419.8,608.7)=    0 (420.0,608.9)=    0 (420.4,608.9)=    0 (420.8,608.9)=    0 (421.0,608.8)=    0 (421.2,608.8)=    0 (421.6,608.6)=    0 (422.0,608.8)=    0 (422.4,609.1)=    0 (422.9,609.0)=    0 (423.5,609.3)=    0 (423.9,609.4)=    0 (424.6,609.4)=    0 (425.2,609.4)=    0 (425.8,609.5)=    0 (426.5,609.4)=    0 (427.0,609.4)=    0 (427.3,609.6)=    0 (427.8,609.7)=    0 (428.4,610.0)=    0 (428.8,610.1)=    0 (429.5,610.1)=    0 (430.1,610.1)=    0 (430.4,610.3)=    0 (430.9,610.3)=    0 (431.8,610.7)=    0 (432.4,610.7)=    0 (433.1,611.0)=    0 (433.7,611.0)=    0 (434.5,611.0)=    0 (435.0,611.0)=    0 (435.7,611.0)=    0 (436.3,611.1)=    0 (436.7,611.1)=    0 (437.5,611.1)=    0 (438.3,611.2)=    0 (439.0,611.2)=    0 (439.4,611.2)=    0 (440.3,611.2)=    0 (441.0,610.9)=    0 (441.7,610.7)=    0 (442.4,610.1)=    0 (443.2,610.2)=    0 (443.8,609.9)=    0 (444.3,609.9)=    0 (444.8,610.0)=    0 (445.4,610.2)=    0 (445.9,610.3)=    0 (446.3,610.2)=    0 (446.9,610.2)=    0 (447.7,610.1)=    0 (448.6,610.0)=    0 (449.3,610.1)=    0 (450.3,610.0)=    0 (451.2,610.1)=    0 
     52 | (203.0,564.0)=22613 (203.3,564.3)=    0 (203.9,564.6)=    0 (204.4,564.4)=    0 (204.8,564.4)=    0 (205.3,564.5)=    0 (205.8,564.2)=    0 (206.1,564.3)=    0 (206.5,564.6)=    0 (206.9,564.6)=    0 (207.4,564.7)=    0 (207.7,564.7)=    0 (208.2,564.5)=    0 (208.7,564.3)=    0 (208.9,564.0)=    0 (209.4,563.6)=    0 (209.7,563.2)=    0 (210.2,562.9)=    0 (210.2,562.4)=    0 (210.4,561.9)=    0 (210.3,561.8)=    0 (210.3,561.6)=    0 (210.5,561.4)=    0 (210.7,561.4)=    0 (210.9,561.3)=    0 (211.1,561.2)=    0 (211.5,560.8)=    0 (211.8,560.8)=    0 (212.4,560.8)=    0 (212.9,560.7)=    0 (213.6,560.7)=    0 (214.3,560.5)=    0 (215.1,560.3)=    0 (216.0,560.4)=    0 (216.7,560.4)=    0 (217.4,560.6)=    0 (217.9,560.8)=    0 (218.4,560.8)=    0 (218.8,561.1)=    0 (219.3,561.1)=    0 (219.8,561.1)=    0 (220.3,561.2)=    0 (220.6,561.4)=    0 (221.1,561.6)=    0 (221.5,561.9)=    0 (221.9,561.8)=    0 (222.7,561.8)=    0 (222.9,561.8)=    0 (223.3,562.0)=    0 (223.8,562.1)=    0 (223.8,562.5)=    0 (224.1,562.9)=    0 (224.4,563.1)=    0 (224.7,563.5)=    0 (225.2,563.5)=    0 (225.7,563.4)=    0 (226.0,563.2)=    0 (226.3,563.2)=    0 (226.6,563.2)=    0 (226.8,562.6)=    0 (226.9,562.9)=    0 (227.2,562.9)=    0 (227.4,562.7)=    0 (227.7,562.8)=    0 (228.0,562.8)=    0 (228.0,562.5)=    0 (228.2,562.5)=    0 (228.5,562.7)=    0 (228.8,562.8)=    0 (229.0,563.2)=    0 (229.3,563.4)=    0 (229.6,563.5)=    0 (230.2,563.8)=    0 (230.7,563.7)=    0 (231.1,563.7)=    0 (231.6,563.5)=    0 (232.2,563.4)=    0 (232.6,563.4)=    0 (233.2,563.7)=    0 (233.7,563.7)=    0 (233.9,564.0)=    0 (234.5,564.2)=    0 (234.8,564.3)=    0 (235.1,564.3)=    0 (235.4,564.4)=    0 (235.6,564.5)=    0 (236.1,564.4)=    0 (236.3,564.4)=    0 (236.6,564.4)=    0 (236.8,564.5)=    0 (237.1,564.4)=    0 (237.8,564.4)=    0 (238.1,564.3)=    0 (238.6,564.3)=    0 (239.0,564.1)=    0 (239.0,564.1)=    0 (239.5,564.3)=    0 (239.7,564.6)=    0 (240.2,565.0)=    0 (240.4,565.3)=    0 (240.9,565.5)=    0 (241.4,565.7)=    0 (241.8,565.9)=    0 (242.3,566.1)=    0 (242.8,566.3)=    0 (243.1,566.5)=    0 (243.6,566.8)=    0 (244.1,567.0)=    0 (244.6,567.4)=    0 (245.3,567.7)=    0 (245.8,567.9)=    0 (246.1,568.0)=    0 (246.6,568.3)=    0 (247.1,568.7)=    0 (247.8,569.3)=    0 (248.6,569.5)=    0 (249.4,569.8)=    0 (249.9,569.8)=    0 (250.4,569.6)=    0 (250.9,569.6)=    0 (251.5,569.5)=    0 (252.2,569.6)=    0 (252.7,569.7)=    0 (253.5,569.8)=    0 (254.6,569.9)=    0 (255.3,569.9)=    0 (255.8,569.9)=    0 (256.7,569.7)=    0 (257.3,569.5)=    0 (257.8,569.5)=    0 (258.3,569.4)=    0 (258.8,569.4)=    0 (259.4,569.4)=    0 (259.8,569.3)=    0 (260.1,569.0)=    0 (260.5,568.7)=    0 (260.7,568.4)=    0 (261.2,568.1)=    0 (261.7,567.8)=    0 (262.3,567.5)=    0 (262.9,567.6)=    0 (263.6,567.6)=    0 (264.3,567.6)=    0 (264.7,567.7)=    0 (265.4,567.7)=    0 (266.2,567.7)=    0 (267.0,567.6)=    0 (267.9,567.8)=    0 (268.7,568.3)=    0 (269.6,568.6)=    0 (270.5,569.4)=    0 (271.3,569.6)=    0 (271.9,569.9)=    0 (272.6,570.5)=    0 (273.4,571.0)=    0 (274.3,571.7)=    0 (275.2,572.3)=    0 (276.0,572.9)=    0 (276.7,573.7)=    0 (277.5,574.4)=    0 (277.9,574.6)=    0 (278.2,574.6)=    0 (278.5,574.6)=    0 (278.5,574.5)=    0 (278.8,574.5)=    0 (279.0,574.4)=    0 (279.5,574.7)=    0 (279.8,575.0)=    0 (280.1,575.2)=    0 (280.6,575.5)=    0 (280.8,575.6)=    0 (281.3,575.6)=    0 (281.8,575.9)=    0 (282.4,576.3)=    0 (282.9,576.6)=    0 (283.3,577.0)=    0 (283.9,577.5)=    0 (284.4,577.8)=    0 (284.9,578.2)=    0 (285.3,578.2)=    0 (285.6,578.3)=    0 (285.9,578.5)=    0 (286.3,578.6)=    0 (286.6,578.8)=    0 (286.7,579.0)=    0 (286.9,579.3)=    0 (287.2,579.3)=    0 (287.5,579.4)=    0 (287.6,579.5)=    0 (287.9,579.6)=    0 (288.2,579.6)=    0 (288.4,579.8)=    0 (288.6,579.8)=    0 (288.9,579.7)=    0 (289.3,579.7)=    0 (289.7,579.7)=    0 (290.0,579.6)=    0 (290.3,579.6)=    0 (290.5,579.7)=    0 (290.7,579.7)=    0 (290.8,579.9)=    0 (291.0,580.1)=    0 (291.1,580.1)=    0 (291.3,580.2)=    0 (291.6,580.2)=    0 (291.6,580.2)=    0 (291.7,580.4)=    0 (291.9,580.5)=    0 (292.2,580.7)=    0 (292.5,580.9)=    0 (292.7,581.0)=    0 (293.1,581.1)=    0 (293.3,581.2)=    0 (293.8,581.1)=    0 (294.0,581.1)=    0 (294.4,581.1)=    0 (294.9,581.0)=    0 (295.4,581.1)=    0 (295.7,581.3)=    0 (295.9,581.3)=    0 (296.5,581.4)=    0 (296.9,581.3)=    0 (297.2,581.2)=    0 (297.5,580.9)=    0 (297.7,581.0)=    0 (298.1,581.2)=    0 (298.3,581.3)=    0 (298.6,581.5)=    0 (298.9,581.6)=    0 (299.2,581.5)=    0 (299.4,581.6)=    0 (299.6,581.6)=    0 (300.0,581.3)=    0 (300.5,581.6)=    0 (301.0,581.7)=    0 (301.5,581.7)=    0 (302.0,581.8)=    0 (302.4,581.8)=    0 (302.9,581.8)=    0 (303.4,581.7)=    0 (304.2,581.7)=    0 (304.8,581.5)=    0 (305.1,581.6)=    0 (305.6,581.9)=    0 (306.1,581.9)=    0 (306.6,582.2)=    0 (307.1,582.3)=    0 (307.7,582.2)=    0 (308.1,582.3)=    0 (308.6,582.4)=    0 (309.1,582.4)=    0 (309.9,582.6)=    0 (310.4,582.6)=    0 (311.1,582.8)=    0 (311.7,582.8)=    0 (312.4,582.9)=    0 (312.9,582.8)=    0 (313.5,582.9)=    0 (314.0,582.8)=    0 (314.5,582.7)=    0 (315.3,582.7)=    0 (315.9,582.7)=    0 (316.6,582.6)=    0 (317.2,582.6)=    0 (317.9,582.5)=    0 (318.6,582.3)=    0 (319.2,582.2)=    0 (319.7,581.6)=    0 (320.5,581.6)=    0 (321.0,581.4)=    0 (321.3,581.3)=    0 (321.8,581.3)=    0 (322.4,581.4)=    0 (322.8,581.4)=    0 (323.3,581.4)=    0 (323.8,581.3)=    0 (324.5,581.0)=    0 (325.3,580.9)=    0 (326.1,580.9)=    0 (327.0,580.9)=    0 (327.9,580.8)=    0 
     53 | (222.0,620.0)=22563 (222.4,620.3)=    0 (222.9,620.7)=    0 (223.4,620.6)=    0 (223.8,620.6)=    0 (224.2,620.6)=    0 (224.7,620.4)=    0 (224.9,620.4)=    0 (225.3,620.7)=    0 (225.7,620.9)=    0 (226.2,621.0)=    0 (226.5,620.9)=    0 (227.0,620.8)=    0 (227.5,620.5)=    0 (227.9,620.2)=    0 (228.3,619.8)=    0 (228.5,619.3)=    0 (229.0,619.0)=    0 (229.3,618.4)=    0 (229.3,617.9)=    0 (229.2,617.9)=    0 (229.1,617.7)=    0 (229.2,617.5)=    0 (229.5,617.4)=    0 (229.5,617.3)=    0 (229.7,617.4)=    0 (229.9,617.0)=    0 (230.4,617.0)=    0 (230.7,617.1)=    0 (231.2,617.2)=    0 (231.9,617.1)=    0 (232.6,616.8)=    0 (233.6,616.6)=    0 (234.5,616.8)=    0 (235.2,616.7)=    0 (235.8,616.8)=    0 (236.3,617.0)=    0 (236.9,617.0)=    0 (237.4,617.3)=    0 (237.8,617.3)=    0 (238.3,617.3)=    0 (238.7,617.5)=    0 (239.0,617.7)=    0 (239.5,617.8)=    0 (239.8,617.9)=    0 (240.4,617.7)=    0 (241.0,617.8)=    0 (241.4,617.7)=    0 (241.7,617.9)=    0 (242.2,618.3)=    0 (242.3,618.6)=    0 (242.5,618.9)=    0 (242.8,619.1)=    0 (243.3,619.5)=    0 (243.8,619.6)=    0 (244.2,619.6)=    0 (244.5,619.5)=    0 (244.7,619.5)=    0 (245.0,619.2)=    0 (245.2,618.6)=    0 (245.3,618.8)=    0 (245.6,618.9)=    0 (245.8,618.7)=    0 (246.1,618.7)=    0 (246.3,618.6)=    0 (246.4,618.5)=    0 (246.6,618.6)=    0 (246.9,618.8)=    0 (247.1,618.8)=    0 (247.4,619.1)=    0 (247.8,619.4)=    0 (248.1,619.7)=    0 (248.6,619.9)=    0 (249.2,619.9)=    0 (249.6,619.7)=    0 (250.1,619.6)=    0 (250.6,619.4)=    0 (251.1,619.4)=    0 (251.6,619.7)=    0 (252.2,619.7)=    0 (252.5,619.9)=    0 (252.9,620.3)=    0 (253.4,620.3)=    0 (253.7,620.3)=    0 (254.0,620.4)=    0 (254.3,620.4)=    0 (254.7,620.3)=    0 (255.0,620.4)=    0 (255.3,620.6)=    0 (255.7,620.5)=    0 (256.0,620.5)=    0 (256.6,620.4)=    0 (257.0,620.3)=    0 (257.4,620.1)=    0 (257.8,620.0)=    0 (258.0,620.0)=    0 (258.3,620.3)=    0 (258.5,620.5)=    0 (259.0,620.9)=    0 (259.3,621.1)=    0 (259.7,621.4)=    0 (260.0,621.6)=    0 (260.6,621.7)=    0 (261.0,621.9)=    0 (261.5,622.1)=    0 (261.8,622.4)=    0 (262.3,622.8)=    0 (262.8,623.0)=    0 (263.4,623.4)=    0 (264.0,623.7)=    0 (264.6,623.9)=    0 (264.9,624.2)=    0 (265.4,624.5)=    0 (266.0,625.0)=    0 (266.8,625.6)=    0 (267.5,625.7)=    0 (268.3,625.9)=    0 (268.8,625.9)=    0 (269.3,625.7)=    0 (269.7,625.8)=    0 (270.4,625.8)=    0 (271.0,625.8)=    0 (271.7,626.0)=    0 (272.4,626.0)=    0 (273.3,626.3)=    0 (274.0,626.4)=    0 (274.8,626.4)=    0 (275.6,626.2)=    0 (276.3,625.9)=    0 (276.8,625.8)=    0 (277.3,625.7)=    0 (277.7,625.8)=    0 (278.3,625.7)=    0 (278.7,625.7)=    0 (279.0,625.5)=    0 (279.3,625.1)=    0 (279.6,624.7)=    0 (280.1,624.6)=    0 (280.5,624.1)=    0 (281.1,623.8)=    0 (281.8,623.8)=    0 (282.4,623.9)=    0 (283.1,623.9)=    0 (283.5,623.9)=    0 (284.3,624.2)=    0 (285.1,624.1)=    0 (285.8,623.9)=    0 (286.7,624.3)=    0 (287.6,624.8)=    0 (288.3,625.3)=    0 (289.3,625.9)=    0 (290.1,626.3)=    0 (290.8,626.7)=    0 (291.5,627.2)=    0 (292.2,627.7)=    0 (293.1,628.4)=    0 (294.0,629.0)=    0 (294.9,629.8)=    0 (295.6,630.7)=    0 (296.4,631.2)=    0 (296.9,631.5)=    0 (297.1,631.5)=    0 (297.3,631.3)=    0 (297.5,631.2)=    0 (297.5,631.2)=    0 (297.9,631.2)=    0 (298.2,631.6)=    0 (298.8,631.8)=    0 (298.9,632.1)=    0 (299.4,632.4)=    0 (299.7,632.5)=    0 (300.2,632.7)=    0 (300.6,632.8)=    0 (301.1,633.2)=    0 (301.6,633.7)=    0 (302.2,634.1)=    0 (302.7,634.7)=    0 (303.2,635.0)=    0 (303.7,635.5)=    0 (304.0,635.5)=    0 (304.3,635.7)=    0 (304.7,635.8)=    0 (305.1,635.9)=    0 (305.4,636.0)=    0 (305.6,636.4)=    0 (305.8,636.7)=    0 (306.0,636.8)=    0 (306.3,636.8)=    0 (306.5,637.0)=    0 (306.8,637.0)=    0 (307.0,636.9)=    0 (307.3,637.3)=    0 (307.6,637.3)=    0 (307.9,637.3)=    0 (308.3,637.3)=    0 (308.7,637.2)=    0 (309.1,637.1)=    0 (309.2,637.2)=    0 (309.5,637.2)=    0 (309.7,637.4)=    0 (309.8,637.7)=    0 (310.0,637.8)=    0 (310.1,637.8)=    0 (310.2,637.9)=    0 (310.6,637.8)=    0 (310.7,637.9)=    0 (310.8,638.1)=    0 (311.0,638.2)=    0 (311.1,638.5)=    0 (311.5,638.6)=    0 (311.8,638.8)=    0 (312.1,638.8)=    0 (312.5,638.9)=    0 (312.9,638.7)=    0 (313.2,638.7)=    0 (313.6,638.8)=    0 (314.1,638.7)=    0 (314.5,638.9)=    0 (314.9,639.2)=    0 (315.3,639.2)=    0 (315.8,639.2)=    0 (316.1,639.0)=    0 (316.5,639.0)=    0 (316.7,638.8)=    0 (316.9,638.9)=    0 (317.3,639.0)=    0 (317.4,639.1)=    0 (317.7,639.4)=    0 (318.1,639.4)=    0 (318.4,639.3)=    0 (318.6,639.3)=    0 (318.8,639.1)=    0 (319.3,638.9)=    0 (319.7,639.3)=    0 (320.2,639.4)=    0 (320.7,639.4)=    0 (321.3,639.6)=    0 (321.8,639.7)=    0 (322.3,639.7)=    0 (322.9,639.7)=    0 (323.5,639.7)=    0 (324.2,639.6)=    0 (324.5,639.7)=    0 (324.9,639.8)=    0 (325.5,639.8)=    0 (326.0,640.0)=    0 (326.4,640.1)=    0 (327.0,640.0)=    0 (327.4,640.3)=    0 (327.9,640.3)=    0 (328.5,640.4)=    0 (329.2,640.7)=    0 (329.6,640.7)=    0 (330.4,640.9)=    0 (330.9,640.9)=    0 (331.6,640.9)=    0 (332.3,640.9)=    0 (332.8,640.8)=    0 (333.3,640.9)=    0 (333.8,640.8)=    0 (334.5,640.8)=    0 (335.1,640.8)=    0 (335.8,640.8)=    0 (336.4,640.8)=    0 (337.1,640.6)=    0 (337.8,640.4)=    0 (338.4,640.2)=    0 (338.9,639.7)=    0 (339.7,639.8)=    0 (340.3,639.6)=    0 (340.6,639.5)=    0 (341.1,639.6)=    0 (341.6,639.7)=    0 (342.1,639.8)=    0 (342.5,639.7)=    0 (343.1,639.5)=    0 (343.8,639.3)=    0 (344.6,639.2)=    0 (345.3,639.2)=    0 (346.3,639.4)=    0 (347.1,639.4)=    0 
     54 | (207.0,547.0)=22021 (207.4,547.3)=    0 (207.9,547.5)=    0 (208.4,547.4)=    0 (208.8,547.3)=    0 (209.3,547.3)=    0 (209.8,547.2)=    0 (210.1,547.2)=    0 (210.5,547.5)=    0 (211.0,547.6)=    0 (211.4,547.6)=    0 (211.6,547.6)=    0 (212.2,547.4)=    0 (212.7,547.2)=    0 (212.9,546.9)=    0 (213.4,546.5)=    0 (213.7,546.0)=    0 (214.2,545.7)=    0 (214.3,545.3)=    0 (214.4,544.8)=    0 (214.4,544.6)=    0 (214.3,544.4)=    0 (214.5,544.1)=    0 (214.8,543.9)=    0 (214.9,543.8)=    0 (215.1,543.8)=    0 (215.5,543.6)=    0 (215.9,543.6)=    0 (216.3,543.6)=    0 (216.9,543.5)=    0 (217.5,543.5)=    0 (218.3,543.3)=    0 (219.2,543.0)=    0 (220.1,543.1)=    0 (220.8,543.3)=    0 (221.4,543.3)=    0 (221.9,543.6)=    0 (222.4,543.7)=    0 (222.9,543.9)=    0 (223.3,544.0)=    0 (223.9,544.0)=    0 (224.3,544.1)=    0 (224.7,544.2)=    0 (225.1,544.4)=    0 (225.5,544.6)=    0 (226.0,544.6)=    0 (226.6,544.6)=    0 (226.9,544.5)=    0 (227.4,544.8)=    0 (227.8,545.1)=    0 (228.0,545.3)=    0 (228.2,545.6)=    0 (228.6,545.8)=    0 (229.0,546.1)=    0 (229.5,546.2)=    0 (229.9,546.1)=    0 (230.2,546.0)=    0 (230.5,546.0)=    0 (230.7,545.8)=    0 (231.0,545.4)=    0 (231.1,545.8)=    0 (231.4,545.9)=    0 (231.6,545.7)=    0 (231.9,545.6)=    0 (232.1,545.6)=    0 (232.1,545.4)=    0 (232.3,545.5)=    0 (232.6,545.7)=    0 (232.9,545.8)=    0 (233.1,546.2)=    0 (233.4,546.4)=    0 (233.8,546.7)=    0 (234.3,546.9)=    0 (234.7,546.8)=    0 (235.1,546.6)=    0 (235.7,546.5)=    0 (236.2,546.4)=    0 (236.7,546.4)=    0 (237.2,546.7)=    0 (237.7,546.7)=    0 (238.0,547.0)=    0 (238.5,547.2)=    0 (238.9,547.2)=    0 (239.3,547.3)=    0 (239.5,547.3)=    0 (239.8,547.4)=    0 (240.1,547.3)=    0 (240.4,547.4)=    0 (240.6,547.5)=    0 (241.0,547.5)=    0 (241.3,547.4)=    0 (241.8,547.4)=    0 (242.1,547.2)=    0 (242.6,547.2)=    0 (243.1,546.9)=    0 (243.2,546.9)=    0 (243.6,547.2)=    0 (243.8,547.4)=    0 (244.2,547.7)=    0 (244.6,548.0)=    0 (245.0,548.2)=    0 (245.5,548.4)=    0 (245.9,548.6)=    0 (246.3,548.9)=    0 (246.8,549.1)=    0 (247.2,549.2)=    0 (247.6,549.7)=    0 (248.2,550.0)=    0 (248.7,550.2)=    0 (249.3,550.5)=    0 ( -1.0, -1.0)=   -3 ( -1.0, -1.0)=   -3 ( -1.0, -1.0)=   -3 ( -1.0, -1.0)=   -3 ( -1.0, -1.0)=   -3 ( -1.0, -1.0)=   -3 ( -1.0, -1.0)=   -3 ( -1.0, -1.0)=   -3 ( -1.0, -1.0)=   -3 ( -1.0, -1.0)=   -3 ( -1.0, -1.0)=   -3 ( -1.0, -1.0)=   -3 ( -1.0, -1.0)=   -3 ( -1.0, -1.0)=   -3 ( -1.0, -1.0)=   -3 ( -1.0, -1.0)=   -3 ( -1.0, -1.0)=   -3 ( -1.0, -1.0)=   -3 ( -1.0, -1.0)=   -3 ( -1.0, -1.0)=   -3 ( -1.0, -1.0)=   -3 ( -1.0, -1.0)=   -3 ( -1.0, -1.0)=   -3 ( -1.0, -1.0)=   -3 ( -1.0, -1.0)=   -3 ( -1.0, -1.0)=   -3 ( -1.0, -1.0)=   -3 ( -1.0, -1.0)=   -3 ( -1.0, -1.0)=   -3 ( -1.0, -1.0)=   -3 ( -1.0, -1.0)=   -3 ( -1.0, -1.0)=   -3 ( -1.0, -1.0)=   -3 ( -1.0, -1.0)=   -3 ( -1.0, -1.0)=   -3 ( -1.0, -1.0)=   -3 ( -1.0, -1.0)=   -3 ( -1.0, -1.0)=   -3 ( -1.0, -1.0)=   -3 ( -1.0, -1.0)=   -3 ( -1.0, -1.0)=   -3 ( -1.0, -1.0)=   -3 ( -1.0, -1.0)=   -3 ( -1.0, -1.0)=   -3 ( -1.0, -1.0)=   -3 ( -1.0, -1.0)=   -3 ( -1.0, -1.0)=   -3 ( -1.0, -1.0)=   -3 ( -1.0, -1.0)=   -3 ( -1.0, -1.0)=   -3 ( -1.0, -1.0)=   -3 ( -1.0, -1.0)=   -3 ( -1.0, -1.0)=   -3 ( -1.0, -1.0)=   -3 ( -1.0, -1.0)=   -3 ( -1.0, -1.0)=   -3 ( -1.0, -1.0)=   -3 ( -1.0, -1.0)=   -3 ( -1.0, -1.0)=   -3 ( -1.0, -1.0)=   -3 ( -1.0, -1.0)=   -3 ( -1.0, -1.0)=   -3 ( -1.0, -1.0)=   -3 ( -1.0, -1.0)=   -3 ( -1.0, -1.0)=   -3 ( -1.0, -1.0)=   -3 ( -1.0, -1.0)=   -3 ( -1.0, -1.0)=   -3 ( -1.0, -1.0)=   -3 ( -1.0, -1.0)=   -3 ( -1.0, -1.0)=   -3 ( -1.0, -1.0)=   -3 ( -1.0, -1.0)=   -3 ( -1.0, -1.0)=   -3 ( -1.0, -1.0)=   -3 ( -1.0, -1.0)=   -3 ( -1.0, -1.0)=   -3 ( -1.0, -1.0)=   -3 ( -1.0, -1.0)=   -3 ( -1.0, -1.0)=   -3 ( -1.0, -1.0)=   -3 ( -1.0, -1.0)=   -3 ( -1.0, -1.0)=   -3 ( -1.0, -1.0)=   -3 ( -1.0, -1.0)=   -3 ( -1.0, -1.0)=   -3 ( -1.0, -1.0)=   -3 ( -1.0, -1.0)=   -3 ( -1.0, -1.0)=   -3 ( -1.0, -1.0)=   -3 ( -1.0, -1.0)=   -3 ( -1.0, -1.0)=   -3 ( -1.0, -1.0)=   -3 ( -1.0, -1.0)=   -3 ( -1.0, -1.0)=   -3 ( -1.0, -1.0)=   -3 ( -1.0, -1.0)=   -3 ( -1.0, -1.0)=   -3 ( -1.0, -1.0)=   -3 ( -1.0, -1.0)=   -3 ( -1.0, -1.0)=   -3 ( -1.0, -1.0)=   -3 ( -1.0, -1.0)=   -3 ( -1.0, -1.0)=   -3 ( -1.0, -1.0)=   -3 ( -1.0, -1.0)=   -3 ( -1.0, -1.0)=   -3 ( -1.0, -1.0)=   -3 ( -1.0, -1.0)=   -3 ( -1.0, -1.0)=   -3 ( -1.0, -1.0)=   -3 ( -1.0, -1.0)=   -3 ( -1.0, -1.0)=   -3 ( -1.0, -1.0)=   -3 ( -1.0, -1.0)=   -3 ( -1.0, -1.0)=   -3 ( -1.0, -1.0)=   -3 ( -1.0, -1.0)=   -3 ( -1.0, -1.0)=   -3 ( -1.0, -1.0)=   -3 ( -1.0, -1.0)=   -3 ( -1.0, -1.0)=   -3 ( -1.0, -1.0)=   -3 ( -1.0, -1.0)=   -3 ( -1.0, -1.0)=   -3 ( -1.0, -1.0)=   -3 ( -1.0, -1.0)=   -3 ( -1.0, -1.0)=   -3 ( -1.0, -1.0)=   -3 ( -1.0, -1.0)=   -3 ( -1.0, -1.0)=   -3 ( -1.0, -1.0)=   -3 ( -1.0, -1.0)=   -3 ( -1.0, -1.0)=   -3 ( -1.0, -1.0)=   -3 ( -1.0, -1.0)=   -3 ( -1.0, -1.0)=   -3 ( -1.0, -1.0)=   -3 ( -1.0, -1.0)=   -3 ( -1.0, -1.0)=   -3 ( -1.0, -1.0)=   -3 ( -1.0, -1.0)=   -3 ( -1.0, -1.0)=   -3 ( -1.0, -1.0)=   -3 ( -1.0, -1.0)=   -3 ( -1.0, -1.0)=   -3 ( -1.0, -1.0)=   -3 ( -1.0, -1.0)=   -3 ( -1.0, -1.0)=   -3 ( -1.0, -1.0)=   -3 ( -1.0, -1.0)=   -3 ( -1.0, -1.0)=   -3 ( -1.0, -1.0)=   -3 ( -1.0, -1.0)=   -3 ( -1.0, -1.0)=   -3 ( -1.0, -1.0)=   -3 ( -1.0, -1.0)=   -3 ( -1.0, -1.0)=   -3 ( -1.0, -1.0)=   -3 ( -1.0, -1.0)=   -3 ( -1.0, -1.0)=   -3 ( -1.0, -1.0)=   -3 ( -1.0, -1.0)=   -3 ( -1.0, -1.0)=   -3 ( -1.0, -1.0)=   -3 ( -1.0, -1.0)=   -3 ( -1.0, -1.0)=   -3 ( -1.0, -1.0)=   -3 ( -1.0, -1.0)=   -3 ( -1.0, -1.0)=   -3 ( -1.0, -1.0)=   -3 
     55 | (151.0,539.0)=21942 (151.4,539.3)=    0 (152.0,539.4)=    0 (152.4,539.3)=    0 (152.6,539.2)=    0 (153.2,539.2)=    0 (153.8,539.0)=    0 (154.0,539.1)=    0 (154.4,539.4)=    0 (154.9,539.4)=    0 (155.4,539.5)=    0 (155.6,539.4)=    0 (156.2,539.2)=    0 (156.7,538.8)=    0 (156.9,538.6)=    0 (157.4,538.2)=    0 (157.7,537.8)=    0 (158.0,537.5)=    0 (158.3,537.0)=    0 (158.3,536.5)=    0 (158.3,536.3)=    0 (158.4,536.1)=    0 (158.5,535.9)=    0 (158.7,535.7)=    0 (158.8,535.7)=    0 (159.1,535.7)=    0 (159.4,535.4)=    0 (159.8,535.4)=    0 (160.2,535.5)=    0 (160.8,535.4)=    0 (161.3,535.3)=    0 (162.2,535.0)=    0 (163.1,534.7)=    0 (163.9,534.9)=    0 (164.6,534.9)=    0 (165.2,534.9)=    0 (165.8,535.1)=    0 (166.4,535.2)=    0 (166.8,535.3)=    0 (167.3,535.3)=    0 (167.9,535.3)=    0 (168.4,535.4)=    0 (168.7,535.4)=    0 (169.1,535.6)=    0 (169.6,535.7)=    0 (170.1,535.7)=    0 (170.7,535.7)=    0 (170.9,535.7)=    0 (171.4,535.8)=    0 (171.8,536.1)=    0 (171.9,536.4)=    0 (172.2,536.7)=    0 (172.5,536.9)=    0 (172.8,537.2)=    0 (173.4,537.2)=    0 (173.7,537.1)=    0 (174.0,536.9)=    0 (174.3,536.9)=    0 (174.6,536.8)=    0 (175.0,536.3)=    0 (175.1,536.6)=    0 (175.3,536.6)=    0 (175.6,536.4)=    0 (175.8,536.4)=    0 (176.0,536.3)=    0 (176.0,536.1)=    0 (176.2,536.2)=    0 (176.6,536.4)=    0 (176.9,536.4)=    0 (177.2,536.6)=    0 (177.5,536.9)=    0 (177.7,537.1)=    0 (178.3,537.3)=    0 (178.7,537.2)=    0 (179.2,537.1)=    0 (179.7,536.8)=    0 (180.1,536.8)=    0 (180.6,536.8)=    0 (181.1,536.9)=    0 (181.6,537.0)=    0 (181.9,537.4)=    0 (182.5,537.6)=    0 (183.0,537.7)=    0 (183.2,537.7)=    0 (183.4,537.7)=    0 (183.7,537.7)=    0 (184.1,537.7)=    0 (184.4,537.7)=    0 (184.6,537.8)=    0 (184.9,537.8)=    0 (185.2,537.8)=    0 (185.9,537.7)=    0 (186.1,537.6)=    0 (186.5,537.5)=    0 (187.0,537.3)=    0 (187.1,537.4)=    0 (187.5,537.4)=    0 (187.7,537.8)=    0 (188.2,538.2)=    0 (188.5,538.4)=    0 (189.0,538.6)=    0 (189.5,538.7)=    0 (190.0,539.0)=    0 (190.4,539.2)=    0 (190.9,539.4)=    0 (191.2,539.6)=    0 (191.7,539.9)=    0 (192.2,540.2)=    0 (192.6,540.4)=    0 (193.4,540.6)=    0 (193.8,540.8)=    0 (194.2,540.9)=    0 (194.6,541.2)=    0 (195.3,541.7)=    0 (195.9,542.1)=    0 (196.6,542.3)=    0 (197.3,542.6)=    0 (197.8,542.7)=    0 (198.3,542.4)=    0 (198.8,542.4)=    0 (199.5,542.4)=    0 (200.0,542.4)=    0 (200.6,542.5)=    0 (201.4,542.7)=    0 (202.3,542.7)=    0 (203.0,542.6)=    0 (203.6,542.6)=    0 (204.5,542.4)=    0 (205.2,542.3)=    0 (205.7,542.2)=    0 (206.3,542.1)=    0 (206.8,542.1)=    0 (207.2,541.9)=    0 (207.6,541.8)=    0 (207.9,541.7)=    0 (208.3,541.3)=    0 (208.5,540.8)=    0 (209.0,540.6)=    0 (209.5,540.4)=    0 (210.1,540.1)=    0 (210.8,540.0)=    0 (211.4,540.0)=    0 (212.1,540.0)=    0 (212.6,540.0)=    0 (213.4,540.0)=    0 (214.1,540.0)=    0 (215.0,539.7)=    0 (215.7,540.0)=    0 (216.6,540.5)=    0 (217.4,540.9)=    0 (218.3,541.5)=    0 (219.0,541.7)=    0 (219.7,542.0)=    0 (220.5,542.6)=    0 (221.2,543.0)=    0 (222.1,543.8)=    0 (223.0,544.3)=    0 (223.7,545.0)=    0 (224.6,545.7)=    0 (225.4,546.3)=    0 (225.8,546.6)=    0 (226.1,546.6)=    0 (226.2,546.4)=    0 (226.3,546.4)=    0 (226.5,546.3)=    0 (226.8,546.3)=    0 (227.3,546.7)=    0 (227.6,546.9)=    0 (227.9,547.0)=    0 (228.4,547.3)=    0 (228.7,547.3)=    0 (229.2,547.4)=    0 ( -1.0, -1.0)=   -3 ( -1.0, -1.0)=   -3 ( -1.0, -1.0)=   -3 ( -1.0, -1.0)=   -3 ( -1.0, -1.0)=   -3 ( -1.0, -1.0)=   -3 ( -1.0, -1.0)=   -3 ( -1.0, -1.0)=   -3 ( -1.0, -1.0)=   -3 ( -1.0, -1.0)=   -3 ( -1.0, -1.0)=   -3 ( -1.0, -1.0)=   -3 ( -1.0, -1.0)=   -3 ( -1.0, -1.0)=   -3 ( -1.0, -1.0)=   -3 ( -1.0, -1.0)=   -3 ( -1.0, -1.0)=   -3 ( -1.0, -1.0)=   -3 ( -1.0, -1.0)=   -3 ( -1.0, -1.0)=   -3 ( -1.0, -1.0)=   -3 ( -1.0, -1.0)=   -3 ( -1.0, -1.0)=   -3 ( -1.0, -1.0)=   -3 ( -1.0, -1.0)=   -3 ( -1.0, -1.0)=   -3 ( -1.0, -1.0)=   -3 ( -1.0, -1.0)=   -3 ( -1.0, -1.0)=   -3 ( -1.0, -1.0)=   -3 ( -1.0, -1.0)=   -3 ( -1.0, -1.0)=   -3 ( -1.0, -1.0)=   -3 ( -1.0, -1.0)=   -3 ( -1.0, -1.0)=   -3 ( -1.0, -1.0)=   -3 ( -1.0, -1.0)=   -3 ( -1.0, -1.0)=   -3 ( -1.0, -1.0)=   -3 ( -1.0, -1.0)=   -3 ( -1.0, -1.0)=   -3 ( -1.0, -1.0)=   -3 ( -1.0, -1.0)=   -3 ( -1.0, -1.0)=   -3 ( -1.0, -1.0)=   -3 ( -1.0, -1.0)=   -3 ( -1.0, -1.0)=   -3 ( -1.0, -1.0)=   -3 ( -1.0, -1.0)=   -3 ( -1.0, -1.0)=   -3 ( -1.0, -1.0)=   -3 ( -1.0, -1.0)=   -3 ( -1.0, -1.0)=   -3 ( -1.0, -1.0)=   -3 ( -1.0, -1.0)=   -3 ( -1.0, -1.0)=   -3 ( -1.0, -1.0)=   -3 ( -1.0, -1.0)=   -3 ( -1.0, -1.0)=   -3 ( -1.0, -1.0)=   -3 ( -1.0, -1.0)=   -3 ( -1.0, -1.0)=   -3 ( -1.0, -1.0)=   -3 ( -1.0, -1.0)=   -3 ( -1.0, -1.0)=   -3 ( -1.0, -1.0)=   -3 ( -1.0, -1.0)=   -3 ( -1.0, -1.0)=   -3 ( -1.0, -1.0)=   -3 ( -1.0, -1.0)=   -3 ( -1.0, -1.0)=   -3 ( -1.0, -1.0)=   -3 ( -1.0, -1.0)=   -3 ( -1.0, -1.0)=   -3 ( -1.0, -1.0)=   -3 ( -1.0, -1.0)=   -3 ( -1.0, -1.0)=   -3 ( -1.0, -1.0)=   -3 ( -1.0, -1.0)=   -3 ( -1.0, -1.0)=   -3 ( -1.0, -1.0)=   -3 ( -1.0, -1.0)=   -3 ( -1.0, -1.0)=   -3 ( -1.0, -1.0)=   -3 ( -1.0, -1.0)=   -3 ( -1.0, -1.0)=   -3 ( -1.0, -1.0)=   -3 ( -1.0, -1.0)=   -3 ( -1.0, -1.0)=   -3 ( -1.0, -1.0)=   -3 ( -1.0, -1.0)=   -3 ( -1.0, -1.0)=   -3 ( -1.0, -1.0)=   -3 ( -1.0, -1.0)=   -3 ( -1.0, -1.0)=   -3 ( -1.0, -1.0)=   -3 ( -1.0, -1.0)=   -3 ( -1.0, -1.0)=   -3 ( -1.0, -1.0)=   -3 ( -1.0, -1.0)=   -3 ( -1.0, -1.0)=   -3 ( -1.0, -1.0)=   -3 ( -1.0, -1.0)=   -3 ( -1.0, -1.0)=   -3 ( -1.0, -1.0)=   -3 ( -1.0, -1.0)=   -3 ( -1.0, -1.0)=   -3 ( -1.0, -1.0)=   -3 ( -1.0, -1.0)=   -3 
     56 | (123.0,534.0)=21861 (123.3,534.2)=    0 (123.9,534.3)=    0 (124.3,534.3)=    0 (124.7,534.0)=    0 (125.2,534.1)=    0 (125.8,534.0)=    0 (125.9,534.1)=    0 (126.4,534.3)=    0 (126.8,534.3)=    0 (127.3,534.4)=    0 (127.7,534.3)=    0 (128.2,534.1)=    0 (128.6,533.7)=    0 (128.8,533.5)=    0 (129.3,533.0)=    0 (129.5,532.6)=    0 (130.0,532.3)=    0 (130.2,531.8)=    0 (130.2,531.3)=    0 (130.2,531.1)=    0 (130.3,530.9)=    0 (130.4,530.7)=    0 (130.6,530.6)=    0 (130.7,530.5)=    0 (130.9,530.5)=    0 (131.4,530.1)=    0 (131.6,530.1)=    0 (132.2,530.1)=    0 (132.8,530.0)=    0 (133.5,529.9)=    0 (134.3,529.6)=    0 (135.1,529.4)=    0 (135.9,529.6)=    0 (136.7,529.7)=    0 (137.2,529.7)=    0 (137.9,529.8)=    0 (138.4,529.9)=    0 (138.9,530.0)=    0 (139.4,530.1)=    0 (139.9,530.1)=    0 (140.4,530.2)=    0 (140.7,530.3)=    0 (141.2,530.5)=    0 (141.5,530.5)=    0 (142.1,530.5)=    0 (142.8,530.5)=    0 (143.0,530.4)=    0 (143.4,530.7)=    0 (144.0,530.9)=    0 (144.0,531.2)=    0 (144.3,531.5)=    0 (144.7,531.6)=    0 (145.0,531.9)=    0 (145.6,532.0)=    0 (146.0,531.8)=    0 (146.3,531.7)=    0 (146.5,531.6)=    0 (146.9,531.5)=    0 (147.3,531.1)=    0 (147.4,531.4)=    0 (147.6,531.4)=    0 (148.0,531.3)=    0 (148.2,531.2)=    0 (148.4,531.2)=    0 (148.4,530.9)=    0 (148.4,530.9)=    0 (148.9,531.2)=    0 (149.1,531.2)=    0 (149.5,531.5)=    0 (149.8,531.7)=    0 (150.2,531.8)=    0 (150.7,532.1)=    0 (151.1,532.0)=    0 (151.6,531.7)=    0 (152.1,531.7)=    0 (152.5,531.6)=    0 (153.0,531.5)=    0 (153.5,531.7)=    0 (153.9,531.7)=    0 (154.3,532.0)=    0 (154.8,532.2)=    0 (155.3,532.2)=    0 (155.6,532.2)=    0 (155.8,532.2)=    0 (156.2,532.2)=    0 (156.5,532.2)=    0 (156.8,532.2)=    0 (157.0,532.3)=    0 (157.4,532.2)=    0 (157.6,532.2)=    0 (158.2,532.1)=    0 (158.5,531.9)=    0 (159.0,531.9)=    0 (159.4,531.7)=    0 (159.5,531.8)=    0 (159.8,531.9)=    0 (160.1,532.2)=    0 (160.4,532.5)=    0 (160.8,532.7)=    0 (161.3,533.0)=    0 (161.8,533.2)=    0 (162.2,533.4)=    0 (162.6,533.6)=    0 (163.2,533.8)=    0 (163.5,534.1)=    0 (164.0,534.4)=    0 (164.4,534.6)=    0 (165.0,534.7)=    0 (165.6,535.0)=    0 (166.2,535.3)=    0 (166.5,535.3)=    0 (167.0,535.6)=    0 (167.5,536.1)=    0 (168.3,536.5)=    0 (169.0,536.6)=    0 (169.6,536.9)=    0 (170.2,536.9)=    0 (170.6,536.6)=    0 (171.2,536.6)=    0 (171.8,536.6)=    0 (172.3,536.6)=    0 (173.1,536.7)=    0 (173.9,536.8)=    0 (174.6,536.9)=    0 (175.4,536.9)=    0 (176.0,536.9)=    0 (176.8,536.7)=    0 (177.6,536.5)=    0 (178.1,536.5)=    0 (178.5,536.5)=    0 (179.0,536.4)=    0 (179.5,536.4)=    0 (180.0,536.3)=    0 (180.3,536.0)=    0 (180.5,535.7)=    0 (180.8,535.4)=    0 (181.3,535.1)=    0 (181.9,534.8)=    0 (182.4,534.5)=    0 (183.1,534.5)=    0 (183.7,534.5)=    0 (184.4,534.5)=    0 (184.8,534.4)=    0 (185.6,534.4)=    0 (186.4,534.4)=    0 (187.2,534.2)=    0 (187.8,534.4)=    0 (188.7,534.8)=    0 (189.6,535.2)=    0 (190.4,535.7)=    0 (191.2,536.0)=    0 (192.0,536.4)=    0 (192.7,536.8)=    0 (193.4,537.3)=    0 (194.3,538.0)=    0 (195.2,538.6)=    0 (195.9,539.3)=    0 (196.9,540.1)=    0 (197.5,540.6)=    0 (198.0,540.9)=    0 (198.3,540.9)=    0 (198.5,540.6)=    0 (198.5,540.4)=    0 (198.7,540.4)=    0 (199.1,540.4)=    0 (199.4,540.7)=    0 (199.9,541.0)=    0 (200.2,541.1)=    0 (200.6,541.3)=    0 (200.9,541.3)=    0 (201.5,541.4)=    0 (201.9,541.7)=    0 (202.4,542.0)=    0 (202.9,542.4)=    0 (203.3,542.8)=    0 (204.0,543.2)=    0 (204.5,543.6)=    0 (204.9,543.9)=    0 (205.4,544.0)=    0 (205.6,544.0)=    0 (206.0,544.2)=    0 (206.3,544.4)=    0 (206.5,544.4)=    0 (206.7,544.6)=    0 (207.0,544.9)=    0 (207.3,544.9)=    0 (207.5,544.9)=    0 (207.6,545.0)=    0 (207.8,545.1)=    0 (208.1,545.1)=    0 (208.4,545.4)=    0 (208.6,545.3)=    0 (208.9,545.3)=    0 (209.3,545.3)=    0 (209.6,545.1)=    0 (210.0,545.1)=    0 (210.1,545.1)=    0 (210.5,545.2)=    0 (210.7,545.2)=    0 (210.8,545.5)=    0 (211.0,545.5)=    0 (211.0,545.5)=    0 (211.3,545.6)=    0 (211.5,545.6)=    0 (211.7,545.7)=    0 (211.7,545.9)=    0 (212.0,545.9)=    0 (212.1,546.1)=    0 (212.5,546.2)=    0 (212.8,546.3)=    0 (213.1,546.3)=    0 (213.4,546.4)=    0 (213.9,546.3)=    0 (214.1,546.3)=    0 (214.4,546.3)=    0 (214.9,546.2)=    0 (215.4,546.3)=    0 (215.7,546.3)=    0 (216.0,546.3)=    0 (216.5,546.3)=    0 (216.8,546.3)=    0 (217.1,546.2)=    0 (217.5,546.0)=    0 (217.7,546.0)=    0 (218.0,546.2)=    0 (218.3,546.2)=    0 (218.5,546.5)=    0 (218.9,546.5)=    0 (219.1,546.4)=    0 (219.3,546.4)=    0 (219.6,546.3)=    0 (220.1,546.1)=    0 (220.4,546.4)=    0 (221.0,546.4)=    0 (221.4,546.4)=    0 (222.0,546.6)=    0 (222.5,546.6)=    0 (223.1,546.6)=    0 (223.6,546.6)=    0 (224.3,546.6)=    0 (224.8,546.4)=    0 (225.0,546.3)=    0 (225.4,546.5)=    0 (226.0,546.6)=    0 (226.5,546.8)=    0 (227.0,546.8)=    0 (227.6,546.8)=    0 (228.1,546.8)=    0 (228.5,546.9)=    0 (229.2,546.9)=    0 (229.8,547.2)=    0 (230.2,547.2)=    0 (230.9,547.2)=    0 (231.4,547.2)=    0 (232.2,547.2)=    0 (232.8,547.2)=    0 (233.3,547.2)=    0 (233.8,547.2)=    0 (234.3,547.1)=    0 (235.1,546.9)=    0 (235.7,546.8)=    0 (236.2,546.8)=    0 (236.9,546.8)=    0 (237.5,546.6)=    0 (238.1,546.3)=    0 (238.8,546.0)=    0 (239.3,545.5)=    0 (240.1,545.5)=    0 (240.5,545.2)=    0 (240.8,545.2)=    0 (241.3,545.3)=    0 (241.8,545.3)=    0 (242.2,545.3)=    0 (242.8,545.3)=    0 (243.5,545.0)=    0 (244.2,544.9)=    0 (244.9,544.6)=    0 (245.6,544.6)=    0 (246.6,544.6)=    0 (247.5,544.7)=    0 
     57 | (232.0,568.0)=21853 (232.5,568.3)=    0 (233.0,568.5)=    0 (233.5,568.5)=    0 (233.9,568.5)=    0 (234.4,568.4)=    0 (234.9,568.2)=    0 (235.1,568.3)=    0 (235.5,568.6)=    0 (235.9,568.6)=    0 (236.5,568.9)=    0 (236.7,568.8)=    0 (237.3,568.6)=    0 (237.8,568.3)=    0 (238.2,568.0)=    0 (238.6,567.7)=    0 (238.8,567.3)=    0 (239.4,567.0)=    0 (239.5,566.5)=    0 (239.5,566.0)=    0 (239.5,565.8)=    0 (239.5,565.6)=    0 (239.5,565.4)=    0 (239.8,565.4)=    0 (240.0,565.3)=    0 (240.3,565.3)=    0 (240.5,565.0)=    0 (240.9,564.9)=    0 (241.4,564.9)=    0 (242.0,564.9)=    0 (242.6,564.9)=    0 (243.3,564.6)=    0 (244.2,564.4)=    0 (245.0,564.5)=    0 (245.7,564.6)=    0 (246.3,564.7)=    0 (246.8,565.0)=    0 (247.3,565.0)=    0 (247.8,565.2)=    0 (248.3,565.2)=    0 (248.8,565.2)=    0 (249.3,565.3)=    0 (249.6,565.4)=    0 (250.1,565.7)=    0 (250.6,565.9)=    0 (251.0,565.9)=    0 (251.5,565.9)=    0 (252.0,565.9)=    0 (252.2,566.1)=    0 (252.8,566.3)=    0 (252.9,566.6)=    0 (253.2,567.1)=    0 (253.5,567.1)=    0 (253.9,567.4)=    0 (254.4,567.6)=    0 (254.7,567.4)=    0 (255.1,567.4)=    0 (255.4,567.4)=    0 (255.6,567.2)=    0 (255.7,566.7)=    0 (256.0,566.9)=    0 (256.2,567.1)=    0 (256.4,566.9)=    0 (256.6,566.9)=    0 (256.8,566.9)=    0 (256.9,566.6)=    0 (257.2,566.7)=    0 (257.4,567.0)=    0 (257.7,567.1)=    0 (258.0,567.4)=    0 (258.3,567.7)=    0 (258.6,567.9)=    0 (259.1,568.2)=    0 (259.5,568.1)=    0 (260.0,567.9)=    0 (260.6,567.7)=    0 (261.1,567.7)=    0 (261.6,567.6)=    0 (262.1,567.8)=    0 (262.6,567.9)=    0 (262.9,568.2)=    0 (263.4,568.4)=    0 (263.8,568.5)=    0 (264.1,568.5)=    0 (264.4,568.5)=    0 (264.6,568.6)=    0 (265.0,568.5)=    0 (265.3,568.5)=    0 (265.5,568.6)=    0 (265.8,568.5)=    0 (266.2,568.5)=    0 (266.6,568.5)=    0 (267.0,568.4)=    0 (267.5,568.3)=    0 (267.9,568.2)=    0 (268.1,568.3)=    0 (268.4,568.3)=    0 (268.7,568.5)=    0 (269.1,568.9)=    0 (269.4,569.2)=    0 (269.9,569.4)=    0 (270.3,569.6)=    0 (270.7,569.7)=    0 (271.1,570.0)=    0 (271.6,570.2)=    0 (272.1,570.5)=    0 (272.6,570.8)=    0 (273.1,571.1)=    0 (273.6,571.3)=    0 (274.3,571.6)=    0 (274.8,571.8)=    0 (275.2,572.0)=    0 (275.7,572.2)=    0 (276.4,572.6)=    0 (277.1,573.2)=    0 (277.8,573.4)=    0 (278.5,573.6)=    0 (279.0,573.7)=    0 (279.5,573.5)=    0 (280.1,573.5)=    0 (280.6,573.5)=    0 (281.2,573.5)=    0 (281.8,573.7)=    0 (282.6,573.7)=    0 (283.6,573.8)=    0 (284.4,573.9)=    0 (284.9,574.0)=    0 (285.7,573.7)=    0 (286.4,573.6)=    0 (287.0,573.5)=    0 (287.5,573.5)=    0 (287.9,573.5)=    0 (288.4,573.5)=    0 (288.8,573.4)=    0 (289.2,573.2)=    0 (289.6,572.9)=    0 (289.9,572.4)=    0 (290.4,572.3)=    0 (290.8,572.0)=    0 (291.4,571.7)=    0 (292.2,571.8)=    0 (292.7,571.8)=    0 (293.4,571.8)=    0 (293.9,571.7)=    0 (294.6,572.0)=    0 (295.5,571.9)=    0 (296.2,571.7)=    0 (297.2,572.0)=    0 (298.0,572.5)=    0 (298.9,572.9)=    0 (299.7,573.5)=    0 (300.4,573.9)=    0 (301.2,574.3)=    0 (301.9,574.8)=    0 (302.6,575.3)=    0 (303.6,576.1)=    0 (304.4,576.7)=    0 (305.3,577.5)=    0 (306.1,578.3)=    0 (306.8,578.8)=    0 (307.3,579.2)=    0 (307.5,579.1)=    0 (307.8,579.1)=    0 (307.9,579.0)=    0 (308.1,579.0)=    0 (308.4,579.0)=    0 (308.7,579.3)=    0 (309.2,579.6)=    0 (309.4,579.8)=    0 (309.8,580.2)=    0 (310.1,580.2)=    0 (310.6,580.4)=    0 (311.0,580.6)=    0 (311.5,581.0)=    0 (312.0,581.4)=    0 (312.6,581.9)=    0 (313.2,582.4)=    0 (313.6,582.7)=    0 (314.2,583.3)=    0 (314.6,583.3)=    0 (315.0,583.4)=    0 (315.2,583.7)=    0 (315.6,583.8)=    0 (315.9,583.9)=    0 (316.1,584.2)=    0 (316.4,584.4)=    0 (316.5,584.4)=    0 (316.8,584.5)=    0 (317.0,584.6)=    0 (317.3,584.8)=    0 (317.5,584.8)=    0 (317.7,585.0)=    0 (318.0,585.0)=    0 (318.4,585.0)=    0 (318.7,585.0)=    0 (319.2,585.0)=    0 (319.4,584.9)=    0 (319.6,584.9)=    0 (319.9,585.0)=    0 (320.3,585.1)=    0 (320.3,585.4)=    0 (320.5,585.5)=    0 (320.6,585.5)=    0 (320.8,585.5)=    0 (321.1,585.5)=    0 (321.3,585.5)=    0 (321.3,585.7)=    0 (321.5,585.8)=    0 (321.7,585.9)=    0 (322.0,586.2)=    0 (322.3,586.3)=    0 (322.6,586.4)=    0 (322.9,586.5)=    0 (323.4,586.4)=    0 (323.6,586.4)=    0 (323.9,586.4)=    0 (324.4,586.3)=    0 (324.9,586.3)=    0 (325.3,586.6)=    0 (325.7,586.6)=    0 (326.2,586.7)=    0 (326.6,586.6)=    0 (326.9,586.6)=    0 (327.2,586.3)=    0 (327.5,586.3)=    0 (327.8,586.4)=    0 (327.9,586.5)=    0 (328.2,586.8)=    0 (328.7,586.8)=    0 (329.0,586.7)=    0 (329.2,586.7)=    0 (329.3,586.7)=    0 (329.6,586.5)=    0 (330.2,586.8)=    0 (330.7,587.0)=    0 (331.2,587.0)=    0 (331.7,587.3)=    0 (332.2,587.3)=    0 (332.8,587.3)=    0 (333.3,587.3)=    0 (334.1,587.4)=    0 (334.8,587.3)=    0 (335.0,587.3)=    0 (335.3,587.5)=    0 (335.9,587.6)=    0 (336.4,587.8)=    0 (336.9,588.0)=    0 (337.6,587.9)=    0 (338.1,588.0)=    0 (338.6,588.2)=    0 (339.1,588.2)=    0 (339.9,588.4)=    0 (340.4,588.3)=    0 (341.1,588.5)=    0 (341.6,588.5)=    0 (342.5,588.6)=    0 (342.9,588.6)=    0 (343.6,588.6)=    0 (344.1,588.5)=    0 (344.5,588.5)=    0 (345.3,588.4)=    0 (345.9,588.4)=    0 (346.7,588.4)=    0 (347.2,588.4)=    0 (347.9,588.2)=    0 (348.6,587.8)=    0 (349.2,587.7)=    0 (349.9,587.2)=    0 (350.6,587.1)=    0 (351.1,586.9)=    0 (351.5,586.9)=    0 (352.0,586.9)=    0 (352.6,587.0)=    0 (353.1,587.0)=    0 (353.5,587.0)=    0 (354.0,587.0)=    0 (354.8,586.7)=    0 (355.6,586.6)=    0 (356.3,586.6)=    0 (357.3,586.6)=    0 (358.3,586.6)=    0 
     58 | (184.0,245.0)=21536 (184.5,245.1)=    0 (185.1,245.4)=    0 (185.5,245.4)=    0 (186.0,245.2)=    0 (186.5,245.2)=    0 (187.3,245.2)=    0 (187.5,245.2)=    0 (187.9,245.4)=    0 (188.5,245.4)=    0 (189.1,245.4)=    0 (189.4,245.5)=    0 (189.9,245.1)=    0 (190.5,244.8)=    0 (190.9,244.5)=    0 (191.4,244.2)=    0 (191.8,243.6)=    0 (192.3,243.4)=    0 (192.6,243.1)=    0 (192.7,242.6)=    0 (192.6,242.4)=    0 (192.7,242.3)=    0 (193.0,241.8)=    0 (193.4,241.6)=    0 (193.5,241.4)=    0 (193.8,241.5)=    0 (194.2,241.3)=    0 (194.7,241.1)=    0 (195.3,241.0)=    0 (196.0,241.0)=    0 (196.7,240.8)=    0 (197.4,240.7)=    0 (198.5,240.4)=    0 (199.5,240.4)=    0 (200.2,240.7)=    0 (200.8,240.9)=    0 (201.4,241.2)=    0 (202.0,241.3)=    0 (202.6,241.5)=    0 (203.1,241.8)=    0 (203.8,241.8)=    0 (204.2,242.1)=    0 (204.5,242.1)=    0 (205.2,242.3)=    0 (205.7,242.5)=    0 (206.2,242.5)=    0 (206.9,242.5)=    0 (207.2,242.4)=    0 (207.7,242.7)=    0 (208.2,242.9)=    0 (208.3,243.2)=    0 (208.6,243.6)=    0 (209.0,243.9)=    0 (209.4,244.2)=    0 (210.0,244.4)=    0 (210.4,244.3)=    0 (210.8,243.8)=    0 (211.1,243.8)=    0 (211.4,243.8)=    0 (211.7,244.4)=    0 (211.8,244.4)=    0 (212.0,244.7)=    0 (212.3,244.6)=    0 (212.5,244.3)=    0 (212.7,244.3)=    0 (212.7,243.9)=    0 (213.0,243.9)=    0 (213.4,244.1)=    0 (213.7,244.4)=    0 (213.9,244.8)=    0 (214.3,245.0)=    0 (214.6,245.1)=    0 (215.1,245.3)=    0 (215.6,245.3)=    0 (216.0,245.1)=    0 (216.5,245.0)=    0 (217.0,244.9)=    0 (217.6,244.7)=    0 (218.1,244.9)=    0 (218.6,245.1)=    0 (219.0,245.2)=    0 (219.5,245.6)=    0 (219.9,245.7)=    0 (220.1,245.7)=    0 (220.4,245.8)=    0 (220.6,246.0)=    0 (221.0,245.8)=    0 (221.3,245.9)=    0 (221.4,246.1)=    0 (221.7,246.0)=    0 (222.1,245.8)=    0 (222.7,245.6)=    0 (223.1,245.5)=    0 (223.6,245.4)=    0 (224.0,245.2)=    0 (224.2,245.2)=    0 (224.5,245.4)=    0 (224.8,245.7)=    0 (225.4,246.3)=    0 (225.7,246.6)=    0 (226.2,246.9)=    0 (226.7,247.2)=    0 (227.2,247.5)=    0 (227.7,247.7)=    0 (228.2,247.9)=    0 (228.6,248.2)=    0 (229.1,248.4)=    0 (229.7,248.6)=    0 (230.3,248.8)=    0 (231.0,249.1)=    0 (231.5,249.4)=    0 (231.9,249.5)=    0 (232.4,249.8)=    0 (233.1,250.0)=    0 (233.9,250.5)=    0 (234.7,250.8)=    0 (235.4,251.1)=    0 (236.0,251.3)=    0 (236.4,251.0)=    0 (237.1,250.6)=    0 (237.8,250.7)=    0 (238.5,250.7)=    0 (239.2,250.8)=    0 (240.1,250.9)=    0 (241.2,250.8)=    0 (242.0,250.8)=    0 (242.6,250.7)=    0 (243.4,250.6)=    0 (244.2,250.6)=    0 (244.9,250.5)=    0 (245.3,250.5)=    0 (246.0,250.5)=    0 (246.3,250.5)=    0 (246.8,250.2)=    0 (247.3,250.0)=    0 (247.6,249.6)=    0 (247.9,248.9)=    0 (248.6,248.6)=    0 (249.1,248.4)=    0 (249.7,248.0)=    0 (250.4,247.9)=    0 (251.0,248.0)=    0 (251.9,248.1)=    0 (252.3,248.0)=    0 (253.1,248.0)=    0 (253.9,248.0)=    0 (254.8,247.8)=    0 (255.8,247.8)=    0 (256.9,248.4)=    0 (257.7,248.8)=    0 (258.8,249.5)=    0 (259.6,250.1)=    0 (260.4,250.3)=    0 (261.3,250.8)=    0 (262.3,251.4)=    0 (263.2,252.2)=    0 (264.2,253.2)=    0 (265.1,253.6)=    0 (266.0,254.4)=    0 (266.8,255.1)=    0 (267.3,255.7)=    0 (267.5,255.9)=    0 (267.8,255.5)=    0 (267.9,255.3)=    0 (268.3,255.4)=    0 (268.8,255.4)=    0 (269.2,255.7)=    0 (269.6,256.1)=    0 (269.9,256.3)=    0 (270.5,256.6)=    0 (270.9,256.8)=    0 (271.5,257.0)=    0 (272.0,257.1)=    0 (272.7,257.4)=    0 (273.2,257.7)=    0 (273.7,258.1)=    0 (274.4,258.6)=    0 (274.9,259.2)=    0 (275.4,259.4)=    0 (275.8,259.5)=    0 (276.2,259.5)=    0 (276.7,259.5)=    0 (277.2,259.7)=    0 (277.5,259.8)=    0 (277.6,260.0)=    0 (278.0,260.3)=    0 (278.3,260.4)=    0 (278.6,260.4)=    0 (278.8,260.4)=    0 (279.1,260.5)=    0 (279.3,260.5)=    0 (279.6,260.6)=    0 (279.9,260.7)=    0 (280.4,260.7)=    0 (280.7,260.8)=    0 (281.1,260.7)=    0 (281.4,260.5)=    0 (281.6,260.5)=    0 (282.0,260.7)=    0 (282.3,260.7)=    0 (282.3,261.0)=    0 (282.6,261.2)=    0 (282.7,261.2)=    0 (283.0,261.2)=    0 (283.3,261.2)=    0 (283.5,261.3)=    0 (283.5,261.5)=    0 (283.7,261.6)=    0 (284.0,261.8)=    0 (284.2,262.1)=    0 (284.6,262.3)=    0 (285.1,262.4)=    0 (285.4,262.5)=    0 (285.8,262.5)=    0 (286.1,262.1)=    0 (286.6,262.2)=    0 (287.0,262.3)=    0 (287.7,262.2)=    0 (288.1,262.3)=    0 (288.3,262.3)=    0 (288.9,262.3)=    0 (289.2,262.2)=    0 (289.5,262.2)=    0 (289.8,261.9)=    0 (290.2,261.9)=    0 (290.5,262.2)=    0 (290.8,262.3)=    0 (291.1,262.5)=    0 (291.5,262.6)=    0 (291.8,262.4)=    0 (291.8,262.4)=    0 (292.1,262.6)=    0 (292.6,262.6)=    0 (293.1,262.6)=    0 (293.6,262.9)=    0 (294.0,263.0)=    0 (294.7,263.1)=    0 (295.2,263.2)=    0 (295.8,263.0)=    0 (296.5,262.8)=    0 (297.2,262.8)=    0 (297.8,262.8)=    0 (298.2,262.6)=    0 (298.6,262.9)=    0 (299.3,263.1)=    0 (299.7,263.3)=    0 (300.3,263.3)=    0 (300.8,263.1)=    0 (301.5,263.1)=    0 (302.0,263.4)=    0 (302.7,263.5)=    0 (303.5,263.5)=    0 (304.1,263.6)=    0 (304.9,263.5)=    0 (305.4,263.5)=    0 (306.3,263.5)=    0 (307.0,263.5)=    0 (307.4,263.4)=    0 (308.0,263.4)=    0 (308.4,263.2)=    0 (309.3,263.1)=    0 (310.0,263.0)=    0 (310.7,262.9)=    0 (311.4,262.9)=    0 (312.2,262.7)=    0 (312.8,262.2)=    0 (313.5,262.0)=    0 (314.1,261.4)=    0 (314.9,261.2)=    0 (315.3,261.1)=    0 (315.7,260.7)=    0 (316.2,260.7)=    0 (316.8,260.6)=    0 (317.3,260.6)=    0 (317.7,260.6)=    0 (318.4,260.4)=    0 (319.1,260.2)=    0 (319.8,260.0)=    0 (320.7,259.8)=    0 (321.7,259.8)=    0 (322.7,259.8)=    0 
     59 | ( 60.0,614.0)=21402 ( 60.3,614.3)=    0 ( 61.1,614.5)=    0 ( 61.4,614.3)=    0 ( 61.8,614.3)=    0 ( 62.4,614.2)=    0 ( 63.0,613.9)=    0 ( 63.1,614.1)=    0 ( 63.5,614.2)=    0 ( 64.0,614.3)=    0 ( 64.5,614.3)=    0 ( 64.8,614.2)=    0 ( 65.3,614.0)=    0 ( 65.7,613.6)=    0 ( 66.0,613.3)=    0 ( 66.5,612.8)=    0 ( 66.9,612.4)=    0 ( 67.2,611.9)=    0 ( 67.5,611.4)=    0 ( 67.5,610.9)=    0 ( 67.5,610.7)=    0 ( 67.5,610.5)=    0 ( 67.5,610.2)=    0 ( 67.7,610.1)=    0 ( 67.8,609.9)=    0 ( 68.1,609.8)=    0 ( 68.4,609.4)=    0 ( 68.8,609.3)=    0 ( 69.3,609.3)=    0 ( 69.9,609.1)=    0 ( 70.6,609.0)=    0 ( 71.5,608.8)=    0 ( 72.3,608.5)=    0 ( 73.2,608.6)=    0 ( 74.0,608.5)=    0 ( 74.6,608.6)=    0 ( 75.2,608.7)=    0 ( 75.8,608.7)=    0 ( 76.3,608.9)=    0 ( 76.7,608.8)=    0 ( 77.4,608.8)=    0 ( 77.8,608.9)=    0 ( 78.1,608.9)=    0 ( 78.6,609.1)=    0 ( 79.2,609.1)=    0 ( 79.8,608.9)=    0 ( 80.5,608.9)=    0 ( 80.7,608.9)=    0 ( 81.1,609.2)=    0 ( 81.5,609.3)=    0 ( 81.6,609.7)=    0 ( 81.9,610.0)=    0 ( 82.3,610.2)=    0 ( 82.5,610.5)=    0 ( 83.3,610.4)=    0 ( 83.6,610.2)=    0 ( 83.8,610.2)=    0 ( 84.1,610.1)=    0 ( 84.4,609.9)=    0 ( 85.0,609.4)=    0 ( 85.1,609.6)=    0 ( 85.5,609.7)=    0 ( 85.8,609.5)=    0 ( 85.8,609.6)=    0 ( 86.1,609.6)=    0 ( 86.0,609.4)=    0 ( 86.2,609.6)=    0 ( 86.5,609.7)=    0 ( 86.9,609.9)=    0 ( 87.2,610.2)=    0 ( 87.4,610.4)=    0 ( 87.7,610.6)=    0 ( 88.2,610.7)=    0 ( 88.8,610.7)=    0 ( 89.3,610.6)=    0 ( 89.7,610.4)=    0 ( 90.2,610.3)=    0 ( 90.7,610.3)=    0 ( 91.3,610.4)=    0 ( 91.7,610.4)=    0 ( 92.0,610.8)=    0 ( 92.5,611.1)=    0 ( 93.1,611.0)=    0 ( 93.4,611.0)=    0 ( 93.5,611.1)=    0 ( 94.0,611.1)=    0 ( 94.4,611.0)=    0 ( 94.6,611.1)=    0 ( 94.8,611.2)=    0 ( 95.1,611.2)=    0 ( 95.5,611.1)=    0 ( 96.0,611.1)=    0 ( 96.3,610.9)=    0 ( 97.0,610.9)=    0 ( 97.3,610.7)=    0 ( 97.4,610.7)=    0 ( 97.7,610.8)=    0 ( 97.9,611.1)=    0 ( 98.5,611.4)=    0 ( 98.8,611.6)=    0 ( 99.4,611.8)=    0 ( 99.8,611.9)=    0 (100.4,612.2)=    0 (100.7,612.4)=    0 (101.4,612.5)=    0 (101.7,612.8)=    0 (102.1,613.2)=    0 (102.5,613.4)=    0 (103.1,613.6)=    0 (103.8,613.8)=    0 (104.3,614.0)=    0 (104.7,614.1)=    0 (105.2,614.4)=    0 (105.7,614.8)=    0 (106.5,615.4)=    0 (107.2,615.5)=    0 (108.0,615.7)=    0 (108.5,615.7)=    0 (109.0,615.4)=    0 (109.3,615.4)=    0 (110.0,615.4)=    0 (110.7,615.3)=    0 (111.4,615.4)=    0 (112.2,615.4)=    0 (113.1,615.5)=    0 (113.7,615.5)=    0 (114.2,615.4)=    0 (115.2,615.1)=    0 (115.9,614.8)=    0 (116.5,614.7)=    0 (117.0,614.5)=    0 (117.5,614.5)=    0 (117.9,614.5)=    0 (118.2,614.3)=    0 (118.5,614.0)=    0 (118.8,613.6)=    0 (119.1,613.3)=    0 (119.6,612.9)=    0 (120.1,612.5)=    0 (120.7,612.3)=    0 (121.3,612.3)=    0 (121.9,612.3)=    0 (122.7,612.1)=    0 (123.1,612.1)=    0 (123.9,612.1)=    0 (124.8,611.9)=    0 (125.6,611.9)=    0 (126.3,612.2)=    0 (127.2,612.4)=    0 (128.2,612.9)=    0 (129.0,613.4)=    0 (129.8,613.6)=    0 (130.6,613.9)=    0 (131.3,614.4)=    0 (132.1,614.8)=    0 (133.1,615.5)=    0 (134.1,615.9)=    0 (134.9,616.6)=    0 (135.8,617.4)=    0 (136.5,617.8)=    0 (137.2,618.1)=    0 (137.4,618.1)=    0 (137.6,617.7)=    0 (137.5,617.6)=    0 (137.7,617.6)=    0 (138.1,617.6)=    0 (138.4,617.8)=    0 (138.8,618.0)=    0 (139.0,618.1)=    0 (139.6,618.4)=    0 (140.0,618.4)=    0 (140.4,618.4)=    0 (140.8,618.5)=    0 (141.3,619.0)=    0 (141.8,619.3)=    0 (142.3,619.8)=    0 (143.0,620.2)=    0 (143.5,620.5)=    0 (144.0,620.8)=    0 (144.5,620.8)=    0 (144.7,620.8)=    0 (144.8,621.1)=    0 (145.1,621.1)=    0 (145.4,621.1)=    0 (145.5,621.5)=    0 (145.8,621.7)=    0 (146.0,621.6)=    0 (146.3,621.6)=    0 (146.3,621.7)=    0 (146.5,621.7)=    0 (146.8,621.8)=    0 (146.9,622.0)=    0 (147.3,622.0)=    0 (147.8,621.9)=    0 (148.1,621.9)=    0 (148.5,621.8)=    0 (148.7,621.8)=    0 (148.9,621.8)=    0 (149.3,621.8)=    0 (149.5,622.0)=    0 (149.5,622.2)=    0 (149.7,622.3)=    0 (149.8,622.3)=    0 (150.0,622.4)=    0 (150.2,622.4)=    0 (150.3,622.5)=    0 (150.5,622.7)=    0 (150.8,622.7)=    0 (151.0,622.8)=    0 (151.4,623.0)=    0 (151.6,623.1)=    0 (151.9,623.2)=    0 (152.3,623.2)=    0 (152.7,622.9)=    0 (152.9,623.0)=    0 (153.2,623.0)=    0 (153.7,622.9)=    0 (154.2,623.0)=    0 (154.4,623.1)=    0 (154.8,623.2)=    0 (155.4,623.1)=    0 (155.6,623.0)=    0 (156.1,622.9)=    0 (156.2,622.7)=    0 (156.5,622.7)=    0 (156.9,622.9)=    0 (157.0,623.0)=    0 (157.3,623.3)=    0 (157.7,623.2)=    0 (158.1,623.1)=    0 (158.2,623.0)=    0 (158.6,622.8)=    0 (159.1,622.7)=    0 (159.4,623.0)=    0 (160.0,623.0)=    0 (160.5,623.0)=    0 (161.0,623.2)=    0 (161.5,623.2)=    0 (162.1,623.1)=    0 (162.4,623.1)=    0 (163.3,623.0)=    0 (163.8,622.7)=    0 (164.1,622.8)=    0 (164.5,623.0)=    0 (165.2,623.0)=    0 (165.5,623.3)=    0 (166.1,623.3)=    0 (166.7,623.1)=    0 (166.9,623.2)=    0 (167.5,623.3)=    0 (168.2,623.3)=    0 (168.9,623.4)=    0 (169.4,623.4)=    0 (169.9,623.4)=    0 (170.4,623.4)=    0 (171.2,623.3)=    0 (171.8,623.3)=    0 (172.3,623.3)=    0 (172.8,623.2)=    0 (173.1,623.0)=    0 (173.9,622.9)=    0 (174.6,622.8)=    0 (175.3,622.8)=    0 (175.9,622.7)=    0 (176.6,622.4)=    0 (177.1,622.2)=    0 (177.9,621.9)=    0 (178.4,621.4)=    0 (179.1,621.4)=    0 (179.6,621.1)=    0 (179.9,621.1)=    0 (180.3,621.1)=    0 (180.8,621.1)=    0 (181.1,621.1)=    0 (181.7,621.0)=    0 (182.4,620.7)=    0 (183.0,620.7)=    0 (183.8,620.5)=    0 (184.5,620.4)=    0 (185.5,620.5)=    0 (186.4,620.3)=    0 
     60 | ( 29.0,583.0)=21356 ( 29.3,583.3)=    0 ( 29.9,583.6)=    0 ( 30.4,583.4)=    0 ( 30.7,583.3)=    0 ( 31.3,583.3)=    0 ( 31.7,583.0)=    0 ( 32.0,583.1)=    0 ( 32.3,583.3)=    0 ( 32.7,583.3)=    0 ( 33.3,583.3)=    0 ( 33.6,583.3)=    0 ( 34.1,583.0)=    0 ( 34.6,582.6)=    0 ( 34.8,582.4)=    0 ( 35.3,581.8)=    0 ( 35.6,581.4)=    0 ( 36.1,580.9)=    0 ( 36.4,580.4)=    0 ( 36.4,580.0)=    0 ( 36.3,579.8)=    0 ( 36.4,579.5)=    0 ( 36.4,579.2)=    0 ( 36.7,579.1)=    0 ( 36.7,578.9)=    0 ( 37.0,578.9)=    0 ( 37.5,578.4)=    0 ( 37.7,578.4)=    0 ( 38.3,578.3)=    0 ( 38.8,578.2)=    0 ( 39.5,578.1)=    0 ( 40.4,577.8)=    0 ( 41.1,577.5)=    0 ( 41.9,577.6)=    0 ( 42.8,577.6)=    0 ( 43.5,577.6)=    0 ( 44.1,577.7)=    0 ( 44.6,577.7)=    0 ( 45.2,577.8)=    0 ( 45.8,577.9)=    0 ( 46.5,577.9)=    0 ( 46.9,577.9)=    0 ( 47.1,577.9)=    0 ( 47.6,578.1)=    0 ( 48.1,578.1)=    0 ( 48.6,578.0)=    0 ( 49.4,578.0)=    0 ( 49.6,578.0)=    0 ( 50.1,578.2)=    0 ( 50.5,578.3)=    0 ( 50.6,578.6)=    0 ( 50.8,579.1)=    0 ( 51.4,579.1)=    0 ( 51.6,579.3)=    0 ( 52.3,579.4)=    0 ( 52.6,579.2)=    0 ( 52.7,579.2)=    0 ( 53.2,579.0)=    0 ( 53.5,578.8)=    0 ( 54.2,578.3)=    0 ( 54.3,578.6)=    0 ( 54.5,578.6)=    0 ( 54.8,578.5)=    0 ( 54.9,578.5)=    0 ( 55.1,578.4)=    0 ( 55.0,578.2)=    0 ( 55.2,578.4)=    0 ( 55.7,578.6)=    0 ( 56.0,578.7)=    0 ( 56.3,579.0)=    0 ( 56.5,579.2)=    0 ( 56.9,579.3)=    0 ( 57.4,579.6)=    0 ( 58.0,579.5)=    0 ( 58.5,579.3)=    0 ( 58.9,579.2)=    0 ( 59.4,579.0)=    0 ( 59.6,579.0)=    0 ( 60.4,579.3)=    0 ( 60.9,579.3)=    0 ( 61.3,579.6)=    0 ( 61.7,579.7)=    0 ( 62.2,579.7)=    0 ( 62.5,579.7)=    0 ( 62.7,579.7)=    0 ( 63.2,579.8)=    0 ( 63.5,579.7)=    0 ( 63.7,579.8)=    0 ( 64.0,579.9)=    0 ( 64.3,579.9)=    0 ( 64.7,579.8)=    0 ( 65.2,579.8)=    0 ( 65.5,579.7)=    0 ( 66.0,579.6)=    0 ( 66.3,579.4)=    0 ( 66.5,579.4)=    0 ( 66.9,579.5)=    0 ( 67.1,579.7)=    0 ( 67.6,580.0)=    0 ( 68.2,580.3)=    0 ( 68.6,580.5)=    0 ( 69.0,580.6)=    0 ( 69.5,580.8)=    0 ( 69.8,581.0)=    0 ( 70.4,581.1)=    0 ( 70.9,581.3)=    0 ( 71.3,581.7)=    0 ( 71.8,581.8)=    0 ( 72.3,582.1)=    0 ( 73.0,582.3)=    0 ( 73.5,582.4)=    0 ( 73.9,582.4)=    0 ( 74.4,582.7)=    0 ( 74.8,583.2)=    0 ( 75.6,583.7)=    0 ( 76.3,583.8)=    0 ( 77.0,584.1)=    0 ( 77.7,583.9)=    0 ( 78.2,583.7)=    0 ( 78.6,583.7)=    0 ( 79.3,583.7)=    0 ( 80.0,583.6)=    0 ( 80.6,583.7)=    0 ( 81.4,583.7)=    0 ( 82.3,583.7)=    0 ( 82.9,583.7)=    0 ( 83.5,583.7)=    0 ( 84.4,583.3)=    0 ( 85.1,583.1)=    0 ( 85.7,582.9)=    0 ( 86.3,582.8)=    0 ( 86.7,582.8)=    0 ( 87.1,582.7)=    0 ( 87.6,582.5)=    0 ( 88.1,582.2)=    0 ( 88.3,581.9)=    0 ( 88.4,581.4)=    0 ( 88.9,581.2)=    0 ( 89.4,580.9)=    0 ( 90.0,580.6)=    0 ( 90.8,580.6)=    0 ( 91.3,580.6)=    0 ( 92.1,580.5)=    0 ( 92.6,580.4)=    0 ( 93.3,580.4)=    0 ( 94.3,580.2)=    0 ( 95.0,580.2)=    0 ( 95.7,580.3)=    0 ( 96.6,580.7)=    0 ( 97.5,581.0)=    0 ( 98.4,581.6)=    0 ( 99.2,581.9)=    0 (100.0,582.1)=    0 (100.8,582.5)=    0 (101.4,582.9)=    0 (102.5,583.6)=    0 (103.4,584.1)=    0 (104.2,584.7)=    0 (104.9,585.4)=    0 (105.8,585.8)=    0 (106.3,586.1)=    0 (106.6,586.0)=    0 (106.8,585.7)=    0 (106.9,585.6)=    0 (107.2,585.5)=    0 (107.7,585.5)=    0 (107.9,585.7)=    0 (108.4,585.9)=    0 (108.7,586.0)=    0 (109.1,586.3)=    0 (109.4,586.3)=    0 (109.8,586.3)=    0 (110.4,586.6)=    0 (110.9,586.8)=    0 (111.5,587.3)=    0 (111.9,587.6)=    0 (112.6,588.1)=    0 (113.1,588.4)=    0 (113.6,588.6)=    0 (114.1,588.6)=    0 (114.3,588.7)=    0 (114.5,588.8)=    0 (114.8,588.8)=    0 (115.1,588.9)=    0 (115.1,589.2)=    0 (115.5,589.4)=    0 (115.7,589.4)=    0 (115.9,589.4)=    0 (116.0,589.6)=    0 (116.2,589.6)=    0 (116.5,589.6)=    0 (116.7,589.8)=    0 (117.0,589.7)=    0 (117.5,589.7)=    0 (117.7,589.7)=    0 (118.1,589.6)=    0 (118.4,589.5)=    0 (118.5,589.5)=    0 (119.0,589.6)=    0 (119.2,589.8)=    0 (119.2,590.0)=    0 (119.5,590.0)=    0 (119.5,590.1)=    0 (119.8,590.1)=    0 (120.0,590.1)=    0 (120.1,590.1)=    0 (120.3,590.3)=    0 (120.5,590.3)=    0 (120.7,590.5)=    0 (121.1,590.6)=    0 (121.4,590.7)=    0 (121.7,590.8)=    0 (122.0,590.8)=    0 (122.5,590.6)=    0 (122.6,590.6)=    0 (123.1,590.7)=    0 (123.6,590.6)=    0 (124.1,590.7)=    0 (124.3,590.7)=    0 (124.7,590.8)=    0 (125.3,590.8)=    0 (125.5,590.6)=    0 (125.8,590.6)=    0 (126.1,590.4)=    0 (126.3,590.4)=    0 (126.7,590.5)=    0 (126.9,590.6)=    0 (127.2,590.8)=    0 (127.5,590.8)=    0 (127.8,590.7)=    0 (128.0,590.6)=    0 (128.5,590.5)=    0 (128.9,590.3)=    0 (129.4,590.5)=    0 (130.0,590.6)=    0 (130.5,590.6)=    0 (131.1,590.7)=    0 (131.5,590.7)=    0 (132.1,590.6)=    0 (132.5,590.6)=    0 (133.2,590.6)=    0 (133.6,590.4)=    0 (133.9,590.4)=    0 (134.4,590.5)=    0 (135.2,590.5)=    0 (135.4,590.8)=    0 (136.0,590.8)=    0 (136.5,590.5)=    0 (136.8,590.6)=    0 (137.6,590.6)=    0 (138.2,590.6)=    0 (138.9,590.8)=    0 (139.3,590.8)=    0 (139.8,590.8)=    0 (140.4,590.9)=    0 (141.2,590.8)=    0 (141.7,590.7)=    0 (142.3,590.7)=    0 (142.8,590.5)=    0 (143.3,590.4)=    0 (144.0,590.3)=    0 (144.6,590.2)=    0 (145.3,590.2)=    0 (145.8,590.1)=    0 (146.7,589.8)=    0 (147.1,589.6)=    0 (147.8,589.3)=    0 (148.4,588.7)=    0 (149.1,588.7)=    0 (149.5,588.5)=    0 (149.7,588.4)=    0 (150.3,588.4)=    0 (150.8,588.4)=    0 (151.1,588.4)=    0 (151.6,588.3)=    0 (152.3,588.1)=    0 (153.1,587.9)=    0 (153.8,587.7)=    0 (154.5,587.7)=    0 (155.5,587.6)=    0 (156.3,587.4)=    0 
     61 | (214.0,260.0)=21187 (214.4,260.1)=    0 (214.9,260.3)=    0 (215.5,260.3)=    0 (216.0,260.1)=    0 (216.4,260.1)=    0 (216.9,260.1)=    0 (217.2,260.1)=    0 (217.7,260.3)=    0 (218.2,260.3)=    0 (218.9,260.5)=    0 (219.2,260.4)=    0 (219.7,260.1)=    0 (220.3,259.7)=    0 (220.7,259.5)=    0 (221.3,259.2)=    0 (221.7,258.6)=    0 (222.2,258.3)=    0 (222.4,258.1)=    0 (222.4,257.6)=    0 (222.5,257.5)=    0 (222.6,257.4)=    0 (222.8,256.9)=    0 (223.2,256.7)=    0 (223.4,256.6)=    0 (223.6,256.6)=    0 (224.1,256.5)=    0 (224.5,256.3)=    0 (225.1,256.2)=    0 (225.5,256.1)=    0 (226.3,256.0)=    0 (227.2,255.8)=    0 (228.2,255.5)=    0 (229.2,255.5)=    0 (229.9,255.8)=    0 (230.5,255.9)=    0 (231.2,256.2)=    0 (231.8,256.3)=    0 (232.3,256.5)=    0 (232.8,256.8)=    0 (233.5,256.8)=    0 (234.1,257.0)=    0 (234.4,257.0)=    0 (235.0,257.2)=    0 (235.4,257.4)=    0 (236.1,257.6)=    0 (236.6,257.6)=    0 (237.0,257.5)=    0 (237.4,257.8)=    0 (238.0,258.1)=    0 (238.2,258.3)=    0 (238.5,258.7)=    0 (238.8,259.0)=    0 (239.4,259.2)=    0 (239.9,259.4)=    0 (240.3,259.4)=    0 (240.5,259.0)=    0 (241.1,259.0)=    0 (241.3,259.0)=    0 (241.5,259.4)=    0 (241.7,259.5)=    0 (242.0,259.8)=    0 (242.3,259.8)=    0 (242.5,259.5)=    0 (242.7,259.5)=    0 (242.8,259.0)=    0 (243.1,259.0)=    0 (243.4,259.2)=    0 (243.6,259.5)=    0 (243.9,259.8)=    0 (244.3,260.1)=    0 (244.6,260.2)=    0 (245.1,260.4)=    0 (245.6,260.4)=    0 (246.1,260.2)=    0 (246.5,260.1)=    0 (247.0,260.0)=    0 (247.5,259.8)=    0 (248.1,260.0)=    0 (248.5,260.2)=    0 (248.7,260.5)=    0 (249.3,260.7)=    0 (249.8,260.8)=    0 (250.1,260.7)=    0 (250.4,260.7)=    0 (250.7,260.9)=    0 (251.0,260.9)=    0 (251.3,260.9)=    0 (251.6,260.8)=    0 (251.8,260.9)=    0 (252.2,260.8)=    0 (252.6,260.7)=    0 (253.0,260.5)=    0 (253.5,260.5)=    0 (254.0,260.2)=    0 (254.1,260.2)=    0 (254.4,260.4)=    0 (254.6,260.6)=    0 (255.2,261.2)=    0 (255.6,261.6)=    0 (256.1,261.8)=    0 (256.5,262.1)=    0 (257.1,262.4)=    0 (257.5,262.7)=    0 (258.2,262.9)=    0 (258.5,263.2)=    0 (259.2,263.5)=    0 (259.6,263.7)=    0 (260.3,263.8)=    0 (261.0,264.1)=    0 (261.4,264.3)=    0 (261.9,264.5)=    0 (262.4,264.7)=    0 (263.2,264.9)=    0 (263.9,265.5)=    0 (264.5,265.8)=    0 (265.4,266.1)=    0 (266.0,266.3)=    0 (266.5,266.0)=    0 (267.2,265.7)=    0 (267.7,265.7)=    0 (268.4,265.7)=    0 (269.2,265.7)=    0 (270.1,265.9)=    0 (270.9,265.9)=    0 (271.7,265.7)=    0 (272.4,265.7)=    0 (273.4,265.7)=    0 (274.2,265.6)=    0 (274.9,265.6)=    0 (275.3,265.6)=    0 (275.9,265.6)=    0 (276.4,265.6)=    0 (277.0,265.3)=    0 (277.4,265.1)=    0 (277.6,264.6)=    0 (278.1,263.9)=    0 (278.7,263.8)=    0 (279.3,263.5)=    0 (279.9,263.1)=    0 (280.6,263.1)=    0 (281.3,263.1)=    0 (281.9,263.2)=    0 (282.4,263.1)=    0 (283.4,263.1)=    0 (284.3,263.1)=    0 (285.1,262.9)=    0 (286.1,263.0)=    0 (286.8,263.5)=    0 (287.7,263.9)=    0 (288.7,264.6)=    0 (289.6,265.2)=    0 (290.4,265.6)=    0 (291.2,266.1)=    0 (292.2,266.5)=    0 (293.2,267.3)=    0 (294.2,268.1)=    0 (295.1,268.8)=    0 (296.0,269.7)=    0 (296.6,270.5)=    0 (297.5,270.8)=    0 (297.7,271.0)=    0 (297.9,270.9)=    0 (298.1,270.6)=    0 (298.4,270.6)=    0 (298.9,270.6)=    0 (299.3,270.9)=    0 (299.6,271.4)=    0 (300.0,271.5)=    0 (300.5,271.7)=    0 (301.1,271.9)=    0 (301.5,272.1)=    0 (302.1,272.4)=    0 (302.7,272.6)=    0 (303.2,272.8)=    0 (303.8,273.3)=    0 (304.5,273.8)=    0 (305.1,274.3)=    0 (305.5,274.7)=    0 (306.0,274.8)=    0 (306.3,274.7)=    0 (306.7,274.8)=    0 (307.3,275.1)=    0 (307.6,275.1)=    0 (307.8,275.4)=    0 (308.3,275.6)=    0 (308.5,275.7)=    0 (308.9,275.7)=    0 (309.1,275.7)=    0 (309.4,275.8)=    0 (309.6,275.8)=    0 (309.9,276.0)=    0 (310.2,276.0)=    0 (310.5,276.2)=    0 (310.9,276.2)=    0 (311.3,276.1)=    0 (311.6,275.9)=    0 (312.0,275.9)=    0 (312.5,276.0)=    0 (312.7,276.1)=    0 (312.8,276.4)=    0 (313.0,276.6)=    0 (313.2,276.7)=    0 (313.4,276.7)=    0 (313.6,276.7)=    0 (313.8,276.8)=    0 (314.0,276.9)=    0 (314.1,277.0)=    0 (314.4,277.3)=    0 (314.7,277.6)=    0 (315.0,277.8)=    0 (315.4,277.9)=    0 (315.7,277.9)=    0 (316.3,277.9)=    0 (316.6,277.5)=    0 (316.9,277.5)=    0 (317.4,277.6)=    0 (317.8,277.6)=    0 (318.3,277.8)=    0 (318.6,277.7)=    0 (319.3,277.8)=    0 (319.6,277.6)=    0 (320.0,277.7)=    0 (320.3,277.4)=    0 (320.6,277.4)=    0 (320.8,277.7)=    0 (321.1,277.7)=    0 (321.4,278.0)=    0 (321.7,278.1)=    0 (322.0,278.1)=    0 (322.4,277.9)=    0 (322.7,278.1)=    0 (323.0,278.1)=    0 (323.6,278.1)=    0 (324.0,278.5)=    0 (324.6,278.5)=    0 (325.1,278.6)=    0 (325.5,278.6)=    0 (326.2,278.5)=    0 (326.8,278.4)=    0 (327.6,278.4)=    0 (328.2,278.3)=    0 (328.6,278.2)=    0 (329.1,278.4)=    0 (329.6,278.7)=    0 (330.1,278.7)=    0 (330.7,278.9)=    0 (331.5,278.7)=    0 (331.9,278.7)=    0 (332.4,278.9)=    0 (333.1,279.0)=    0 (333.8,279.1)=    0 (334.5,279.1)=    0 (335.2,279.1)=    0 (335.9,279.1)=    0 (336.7,279.1)=    0 (337.3,279.1)=    0 (338.0,279.1)=    0 (338.4,279.0)=    0 (339.0,278.8)=    0 (339.7,278.8)=    0 (340.5,278.6)=    0 (341.3,278.6)=    0 (341.9,278.6)=    0 (342.6,278.4)=    0 (343.4,278.0)=    0 (344.0,277.8)=    0 (344.7,277.1)=    0 (345.4,276.9)=    0 (345.9,276.9)=    0 (346.2,276.4)=    0 (346.9,276.4)=    0 (347.5,276.2)=    0 (348.1,276.2)=    0 (348.4,276.2)=    0 (349.0,276.2)=    0 (349.8,275.9)=    0 (350.6,275.6)=    0 (351.5,275.5)=    0 (352.3,275.5)=    0 (353.3,275.5)=    0 
     62 | ( 88.0,593.0)=21150 ( 88.4,593.3)=    0 ( 88.9,593.5)=    0 ( 89.4,593.3)=    0 ( 89.8,593.2)=    0 ( 90.3,593.2)=    0 ( 90.9,592.9)=    0 ( 91.0,593.0)=    0 ( 91.5,593.3)=    0 ( 91.9,593.3)=    0 ( 92.4,593.3)=    0 ( 92.8,593.3)=    0 ( 93.2,593.0)=    0 ( 93.8,592.6)=    0 ( 94.1,592.4)=    0 ( 94.5,591.9)=    0 ( 94.8,591.4)=    0 ( 95.1,591.0)=    0 ( 95.5,590.5)=    0 ( 95.5,590.0)=    0 ( 95.5,589.7)=    0 ( 95.5,589.4)=    0 ( 95.6,589.2)=    0 ( 95.8,589.1)=    0 ( 95.8,588.9)=    0 ( 96.1,588.8)=    0 ( 96.5,588.5)=    0 ( 96.8,588.5)=    0 ( 97.4,588.4)=    0 ( 98.0,588.3)=    0 ( 98.6,588.2)=    0 ( 99.4,587.9)=    0 (100.4,587.6)=    0 (101.1,587.6)=    0 (101.9,587.7)=    0 (102.7,587.7)=    0 (103.2,587.9)=    0 (103.6,587.9)=    0 (104.2,588.0)=    0 (104.7,588.0)=    0 (105.4,588.0)=    0 (105.8,588.0)=    0 (106.1,588.1)=    0 (106.6,588.3)=    0 (107.1,588.3)=    0 (107.6,588.3)=    0 (108.3,588.2)=    0 (108.5,588.2)=    0 (108.8,588.4)=    0 (109.3,588.5)=    0 (109.4,588.9)=    0 (109.7,589.2)=    0 (110.2,589.3)=    0 (110.4,589.7)=    0 (111.0,589.7)=    0 (111.3,589.6)=    0 (111.6,589.6)=    0 (111.8,589.5)=    0 (112.2,589.3)=    0 (112.8,588.8)=    0 (112.9,589.1)=    0 (113.1,589.1)=    0 (113.5,588.9)=    0 (113.7,588.9)=    0 (113.8,588.9)=    0 (113.8,588.6)=    0 (113.9,588.8)=    0 (114.3,588.9)=    0 (114.6,589.0)=    0 (114.9,589.3)=    0 (115.1,589.5)=    0 (115.6,589.6)=    0 (116.1,589.9)=    0 (116.5,589.8)=    0 (117.0,589.5)=    0 (117.5,589.4)=    0 (118.0,589.3)=    0 (118.5,589.2)=    0 (119.1,589.4)=    0 (119.6,589.5)=    0 (119.9,589.8)=    0 (120.4,589.9)=    0 (120.8,589.9)=    0 (121.0,589.9)=    0 (121.3,590.1)=    0 (121.8,590.1)=    0 (122.0,590.0)=    0 (122.3,590.1)=    0 (122.5,590.2)=    0 (122.8,590.1)=    0 (123.2,590.1)=    0 (123.7,590.0)=    0 (124.0,589.8)=    0 (124.6,589.8)=    0 (124.9,589.6)=    0 (125.0,589.7)=    0 (125.5,589.9)=    0 (125.7,590.2)=    0 (126.3,590.5)=    0 (126.6,590.7)=    0 (127.0,590.9)=    0 (127.5,591.1)=    0 (127.9,591.3)=    0 (128.4,591.6)=    0 (128.8,591.7)=    0 (129.2,591.9)=    0 (129.7,592.3)=    0 (130.3,592.5)=    0 (130.8,592.5)=    0 (131.4,592.8)=    0 (131.8,593.1)=    0 (132.2,593.2)=    0 (132.9,593.4)=    0 (133.4,593.9)=    0 ( -1.0, -1.0)=   -3 ( -1.0, -1.0)=   -3 ( -1.0, -1.0)=   -3 ( -1.0, -1.0)=   -3 ( -1.0, -1.0)=   -3 ( -1.0, -1.0)=   -3 ( -1.0, -1.0)=   -3 ( -1.0, -1.0)=   -3 ( -1.0, -1.0)=   -3 ( -1.0, -1.0)=   -3 ( -1.0, -1.0)=   -3 ( -1.0, -1.0)=   -3 ( -1.0, -1.0)=   -3 ( -1.0, -1.0)=   -3 ( -1.0, -1.0)=   -3 ( -1.0, -1.0)=   -3 ( -1.0, -1.0)=   -3 ( -1.0, -1.0)=   -3 ( -1.0, -1.0)=   -3 ( -1.0, -1.0)=   -3 ( -1.0, -1.0)=   -3 ( -1.0, -1.0)=   -3 ( -1.0, -1.0)=   -3 ( -1.0, -1.0)=   -3 ( -1.0, -1.0)=   -3 ( -1.0, -1.0)=   -3 ( -1.0, -1.0)=   -3 ( -1.0, -1.0)=   -3 ( -1.0, -1.0)=   -3 ( -1.0, -1.0)=   -3 ( -1.0, -1.0)=   -3 ( -1.0, -1.0)=   -3 ( -1.0, -1.0)=   -3 ( -1.0, -1.0)=   -3 ( -1.0, -1.0)=   -3 ( -1.0, -1.0)=   -3 ( -1.0, -1.0)=   -3 ( -1.0, -1.0)=   -3 ( -1.0, -1.0)=   -3 ( -1.0, -1.0)=   -3 ( -1.0, -1.0)=   -3 ( -1.0, -1.0)=   -3 ( -1.0, -1.0)=   -3 ( -1.0, -1.0)=   -3 ( -1.0, -1.0)=   -3 ( -1.0, -1.0)=   -3 ( -1.0, -1.0)=   -3 ( -1.0, -1.0)=   -3 ( -1.0, -1.0)=   -3 ( -1.0, -1.0)=   -3 ( -1.0, -1.0)=   -3 ( -1.0, -1.0)=   -3 ( -1.0, -1.0)=   -3 ( -1.0, -1.0)=   -3 ( -1.0, -1.0)=   -3 ( -1.0, -1.0)=   -3 ( -1.0, -1.0)=   -3 ( -1.0, -1.0)=   -3 ( -1.0, -1.0)=   -3 ( -1.0, -1.0)=   -3 ( -1.0, -1.0)=   -3 ( -1.0, -1.0)=   -3 ( -1.0, -1.0)=   -3 ( -1.0, -1.0)=   -3 ( -1.0, -1.0)=   -3 ( -1.0, -1.0)=   -3 ( -1.0, -1.0)=   -3 ( -1.0, -1.0)=   -3 ( -1.0, -1.0)=   -3 ( -1.0, -1.0)=   -3 ( -1.0, -1.0)=   -3 ( -1.0, -1.0)=   -3 ( -1.0, -1.0)=   -3 ( -1.0, -1.0)=   -3 ( -1.0, -1.0)=   -3 ( -1.0, -1.0)=   -3 ( -1.0, -1.0)=   -3 ( -1.0, -1.0)=   -3 ( -1.0, -1.0)=   -3 ( -1.0, -1.0)=   -3 ( -1.0, -1.0)=   -3 ( -1.0, -1.0)=   -3 ( -1.0, -1.0)=   -3 ( -1.0, -1.0)=   -3 ( -1.0, -1.0)=   -3 ( -1.0, -1.0)=   -3 ( -1.0, -1.0)=   -3 ( -1.0, -1.0)=   -3 ( -1.0, -1.0)=   -3 ( -1.0, -1.0)=   -3 ( -1.0, -1.0)=   -3 ( -1.0, -1.0)=   -3 ( -1.0, -1.0)=   -3 ( -1.0, -1.0)=   -3 ( -1.0, -1.0)=   -3 ( -1.0, -1.0)=   -3 ( -1.0, -1.0)=   -3 ( -1.0, -1.0)=   -3 ( -1.0, -1.0)=   -3 ( -1.0, -1.0)=   -3 ( -1.0, -1.0)=   -3 ( -1.0, -1.0)=   -3 ( -1.0, -1.0)=   -3 ( -1.0, -1.0)=   -3 ( -1.0, -1.0)=   -3 ( -1.0, -1.0)=   -3 ( -1.0, -1.0)=   -3 ( -1.0, -1.0)=   -3 ( -1.0, -1.0)=   -3 ( -1.0, -1.0)=   -3 ( -1.0, -1.0)=   -3 ( -1.0, -1.0)=   -3 ( -1.0, -1.0)=   -3 ( -1.0, -1.0)=   -3 ( -1.0, -1.0)=   -3 ( -1.0, -1.0)=   -3 ( -1.0, -1.0)=   -3 ( -1.0, -1.0)=   -3 ( -1.0, -1.0)=   -3 ( -1.0, -1.0)=   -3 ( -1.0, -1.0)=   -3 ( -1.0, -1.0)=   -3 ( -1.0, -1.0)=   -3 ( -1.0, -1.0)=   -3 ( -1.0, -1.0)=   -3 ( -1.0, -1.0)=   -3 ( -1.0, -1.0)=   -3 ( -1.0, -1.0)=   -3 ( -1.0, -1.0)=   -3 ( -1.0, -1.0)=   -3 ( -1.0, -1.0)=   -3 ( -1.0, -1.0)=   -3 ( -1.0, -1.0)=   -3 ( -1.0, -1.0)=   -3 ( -1.0, -1.0)=   -3 ( -1.0, -1.0)=   -3 ( -1.0, -1.0)=   -3 ( -1.0, -1.0)=   -3 ( -1.0, -1.0)=   -3 ( -1.0, -1.0)=   -3 ( -1.0, -1.0)=   -3 ( -1.0, -1.0)=   -3 ( -1.0, -1.0)=   -3 ( -1.0, -1.0)=   -3 ( -1.0, -1.0)=   -3 ( -1.0, -1.0)=   -3 ( -1.0, -1.0)=   -3 ( -1.0, -1.0)=   -3 ( -1.0, -1.0)=   -3 ( -1.0, -1.0)=   -3 ( -1.0, -1.0)=   -3 ( -1.0, -1.0)=   -3 ( -1.0, -1.0)=   -3 ( -1.0, -1.0)=   -3 ( -1.0, -1.0)=   -3 ( -1.0, -1.0)=   -3 ( -1.0, -1.0)=   -3 ( -1.0, -1.0)=   -3 ( -1.0, -1.0)=   -3 ( -1.0, -1.0)=   -3 ( -1.0, -1.0)=   -3 ( -1.0, -1.0)=   -3 ( -1.0, -1.0)=   -3 ( -1.0, -1.0)=   -3 ( -1.0, -1.0)=   -3 ( -1.0, -1.0)=   -3 ( -1.0, -1.0)=   -3 
     63 | (236.0,551.0)=21075 (236.4,551.3)=    0 (236.9,551.5)=    0 (237.4,551.5)=    0 (237.9,551.4)=    0 (238.4,551.4)=    0 (238.8,551.4)=    0 (239.1,551.4)=    0 (239.5,551.6)=    0 (240.0,551.7)=    0 (240.5,551.9)=    0 (240.8,551.8)=    0 (241.3,551.6)=    0 (241.8,551.3)=    0 (242.2,551.0)=    0 (242.5,550.7)=    0 (242.8,550.3)=    0 (243.3,550.0)=    0 (243.4,549.5)=    0 (243.4,549.0)=    0 (243.4,548.9)=    0 (243.4,548.6)=    0 (243.7,548.4)=    0 (243.9,548.3)=    0 (244.0,548.1)=    0 (244.3,548.2)=    0 (244.5,547.9)=    0 (245.0,547.9)=    0 (245.5,547.9)=    0 (246.0,547.9)=    0 (246.6,547.9)=    0 (247.4,547.8)=    0 (248.3,547.6)=    0 (249.0,547.6)=    0 (249.8,547.7)=    0 (250.4,547.7)=    0 (250.9,548.0)=    0 (251.5,548.0)=    0 (252.0,548.3)=    0 (252.4,548.4)=    0 (252.9,548.4)=    0 (253.3,548.5)=    0 (253.7,548.6)=    0 (254.3,548.8)=    0 (254.5,548.9)=    0 (255.2,548.9)=    0 (255.6,548.9)=    0 (256.1,548.9)=    0 (256.4,549.2)=    0 (256.8,549.5)=    0 (257.0,549.8)=    0 (257.3,550.3)=    0 (257.5,550.5)=    0 (258.0,550.7)=    0 (258.4,550.8)=    0 (258.7,550.7)=    0 (259.2,550.7)=    0 (259.4,550.6)=    0 (259.6,550.4)=    0 (259.9,550.0)=    0 (260.0,550.3)=    0 (260.1,550.4)=    0 (260.5,550.2)=    0 (260.7,550.2)=    0 (261.0,550.1)=    0 (261.0,549.9)=    0 (261.1,549.9)=    0 (261.4,550.2)=    0 (261.6,550.3)=    0 (261.9,550.6)=    0 (262.3,550.9)=    0 (262.6,551.1)=    0 (263.1,551.4)=    0 (263.5,551.3)=    0 (264.0,551.2)=    0 (264.5,551.0)=    0 (265.0,551.0)=    0 (265.3,550.9)=    0 (266.0,551.0)=    0 (266.5,551.2)=    0 (266.8,551.4)=    0 (267.3,551.6)=    0 (267.7,551.6)=    0 (268.0,551.6)=    0 (268.2,551.7)=    0 (268.4,551.7)=    0 (268.8,551.7)=    0 (269.1,551.7)=    0 (269.4,551.7)=    0 (269.7,551.7)=    0 (270.1,551.7)=    0 (270.6,551.6)=    0 (271.0,551.5)=    0 (271.4,551.5)=    0 (271.9,551.2)=    0 (272.0,551.3)=    0 (272.3,551.5)=    0 (272.6,551.5)=    0 (273.0,551.9)=    0 (273.3,552.2)=    0 (273.8,552.4)=    0 (274.2,552.7)=    0 (274.7,552.9)=    0 (275.0,553.2)=    0 (275.6,553.4)=    0 (275.9,553.5)=    0 (276.4,553.9)=    0 (276.9,554.2)=    0 (277.4,554.4)=    0 (278.1,554.7)=    0 (278.6,555.0)=    0 (279.0,555.1)=    0 (279.5,555.3)=    0 (280.1,555.7)=    0 (280.8,556.3)=    0 (281.4,556.6)=    0 (282.1,556.9)=    0 (282.6,556.9)=    0 (283.1,556.6)=    0 (283.7,556.6)=    0 (284.3,556.7)=    0 (284.9,556.7)=    0 (285.6,556.9)=    0 (286.3,557.0)=    0 (287.2,557.2)=    0 (287.9,557.2)=    0 (288.5,557.2)=    0 (289.4,557.1)=    0 (290.1,556.8)=    0 (290.6,556.8)=    0 (291.2,556.7)=    0 (291.6,556.7)=    0 (292.2,556.7)=    0 (292.6,556.6)=    0 (293.0,556.4)=    0 (293.3,556.1)=    0 (293.6,555.6)=    0 (294.1,555.6)=    0 (294.5,555.2)=    0 (295.1,555.0)=    0 (295.8,555.0)=    0 (296.3,555.0)=    0 (297.1,555.0)=    0 (297.4,555.0)=    0 (298.3,555.1)=    0 (299.0,555.1)=    0 (299.8,555.0)=    0 (300.6,555.2)=    0 (301.5,555.7)=    0 (302.4,556.2)=    0 (303.2,556.8)=    0 (303.9,557.4)=    0 (304.7,557.6)=    0 (305.4,558.1)=    0 (306.1,558.6)=    0 (307.0,559.3)=    0 (307.9,559.8)=    0 (308.7,560.5)=    0 (309.6,561.4)=    0 (310.3,562.0)=    0 (310.8,562.4)=    0 (311.1,562.3)=    0 (311.3,562.1)=    0 (311.3,562.0)=    0 (311.5,562.1)=    0 (311.9,562.1)=    0 (312.2,562.4)=    0 (312.6,562.7)=    0 (312.9,562.9)=    0 (313.4,563.2)=    0 (313.6,563.3)=    0 (314.0,563.3)=    0 (314.5,563.6)=    0 (315.0,564.0)=    0 (315.7,564.4)=    0 (316.0,564.7)=    0 (316.7,565.4)=    0 (317.2,565.7)=    0 (317.7,566.2)=    0 (318.1,566.2)=    0 (318.3,566.2)=    0 (318.7,566.5)=    0 (319.1,566.6)=    0 (319.3,566.7)=    0 (319.6,566.9)=    0 (319.7,567.2)=    0 (319.9,567.4)=    0 (320.3,567.4)=    0 (320.5,567.5)=    0 (320.7,567.5)=    0 (321.0,567.5)=    0 (321.3,567.8)=    0 (321.6,567.8)=    0 (321.8,567.8)=    0 (322.2,567.8)=    0 (322.6,567.8)=    0 (322.9,567.7)=    0 (323.1,567.7)=    0 (323.4,567.8)=    0 (323.7,568.1)=    0 (323.7,568.3)=    0 (324.0,568.3)=    0 (324.0,568.3)=    0 (324.3,568.3)=    0 (324.4,568.4)=    0 (324.6,568.4)=    0 (324.7,568.6)=    0 (324.9,568.6)=    0 (325.0,568.8)=    0 (325.4,569.1)=    0 (325.6,569.2)=    0 (325.9,569.3)=    0 (326.3,569.4)=    0 (326.7,569.3)=    0 (327.0,569.3)=    0 (327.4,569.4)=    0 (327.8,569.3)=    0 (328.3,569.4)=    0 (328.6,569.6)=    0 (328.8,569.6)=    0 (329.4,569.6)=    0 (329.7,569.6)=    0 (330.2,569.5)=    0 (330.4,569.3)=    0 (330.6,569.3)=    0 (331.0,569.5)=    0 (331.1,569.6)=    0 (331.3,569.8)=    0 (331.6,569.9)=    0 (331.9,569.8)=    0 (332.2,569.8)=    0 (332.4,569.8)=    0 (332.7,569.6)=    0 (333.3,569.8)=    0 (333.8,570.0)=    0 (334.3,569.9)=    0 (334.8,570.2)=    0 (335.3,570.2)=    0 (335.9,570.2)=    0 (336.4,570.2)=    0 (337.2,570.2)=    0 (337.7,570.1)=    0 (338.1,570.1)=    0 (338.6,570.3)=    0 (339.1,570.4)=    0 (339.6,570.6)=    0 (340.1,570.7)=    0 (340.5,570.6)=    0 (341.2,570.7)=    0 (341.7,570.9)=    0 (342.3,570.9)=    0 (343.0,571.2)=    0 (343.4,571.3)=    0 (344.2,571.3)=    0 (344.7,571.4)=    0 (345.5,571.5)=    0 (346.0,571.4)=    0 (346.6,571.4)=    0 (347.1,571.4)=    0 (347.6,571.4)=    0 (348.3,571.4)=    0 (348.9,571.3)=    0 (349.6,571.3)=    0 (350.2,571.3)=    0 (350.9,571.1)=    0 (351.6,570.8)=    0 (352.3,570.7)=    0 (352.8,570.3)=    0 (353.5,570.3)=    0 (354.1,570.0)=    0 (354.6,570.0)=    0 (355.1,570.0)=    0 (355.6,570.1)=    0 (356.1,570.1)=    0 (356.5,570.1)=    0 (357.1,569.9)=    0 (357.8,569.7)=    0 (358.6,569.6)=    0 (359.4,569.6)=    0 (360.4,569.6)=    0 (361.3,569.7)=    0 
     64 | (399.0,677.0)=20817 (399.5,677.3)=    0 (400.2,677.7)=    0 (400.5,677.7)=    0 (401.0,677.7)=    0 (401.4,677.7)=    0 (402.0,677.6)=    0 (402.2,677.7)=    0 (402.5,677.9)=    0 (403.3,678.2)=    0 (403.7,678.5)=    0 (403.9,678.5)=    0 (404.4,678.5)=    0 (405.2,678.2)=    0 (405.4,678.0)=    0 (405.9,677.7)=    0 (406.3,677.3)=    0 (406.6,677.0)=    0 (406.8,676.5)=    0 (407.0,676.1)=    0 (406.9,675.8)=    0 (406.7,675.7)=    0 (406.7,675.5)=    0 (407.0,675.5)=    0 (407.3,675.5)=    0 (407.3,675.5)=    0 (407.6,675.3)=    0 (407.9,675.3)=    0 (408.4,675.6)=    0 (408.9,675.7)=    0 (409.6,675.7)=    0 (410.4,675.7)=    0 (411.4,675.6)=    0 (412.4,675.7)=    0 (413.1,675.8)=    0 (413.7,675.8)=    0 (414.2,676.1)=    0 (414.9,676.3)=    0 (415.3,676.5)=    0 (415.8,676.7)=    0 (416.2,676.8)=    0 (416.6,676.9)=    0 (417.1,677.2)=    0 (417.6,677.5)=    0 (417.8,677.8)=    0 (418.1,677.7)=    0 (418.8,677.8)=    0 (419.2,677.8)=    0 (419.5,678.1)=    0 (420.1,678.4)=    0 (420.3,679.0)=    0 (420.5,679.4)=    0 (420.8,679.6)=    0 (421.3,679.9)=    0 (421.8,680.1)=    0 (422.2,680.0)=    0 (422.5,680.0)=    0 (422.9,680.0)=    0 (423.2,679.9)=    0 (422.9,679.2)=    0 (423.2,679.4)=    0 (423.3,679.6)=    0 (423.6,679.6)=    0 (424.1,679.5)=    0 (424.4,679.5)=    0 (424.6,679.3)=    0 (424.7,679.4)=    0 (425.1,679.6)=    0 (425.3,679.7)=    0 (425.6,680.1)=    0 (425.9,680.4)=    0 (426.3,680.6)=    0 (426.8,680.9)=    0 (427.2,681.0)=    0 (427.7,680.9)=    0 (428.3,680.8)=    0 (428.8,680.7)=    0 (429.3,680.7)=    0 (429.9,681.0)=    0 (430.4,681.1)=    0 (430.7,681.3)=    0 (431.2,681.7)=    0 (431.6,681.7)=    0 (431.9,681.7)=    0 (432.2,681.9)=    0 (432.6,682.0)=    0 (432.9,681.9)=    0 (433.4,681.9)=    0 (433.7,682.1)=    0 (434.0,682.2)=    0 (434.5,682.1)=    0 (435.0,682.1)=    0 (435.4,681.9)=    0 (435.9,681.9)=    0 (436.5,681.8)=    0 (436.7,681.9)=    0 (437.2,682.2)=    0 (437.3,682.3)=    0 (437.6,682.8)=    0 (438.0,683.0)=    0 (438.5,683.2)=    0 (439.0,683.5)=    0 (439.5,683.8)=    0 (439.9,684.2)=    0 (440.3,684.4)=    0 (440.8,684.7)=    0 (441.3,685.3)=    0 (441.9,685.6)=    0 (442.3,685.9)=    0 (443.1,686.4)=    0 (443.6,686.7)=    0 (444.1,686.9)=    0 (444.6,687.2)=    0 (445.4,687.9)=    0 (446.3,688.7)=    0 (446.9,689.0)=    0 (447.6,689.3)=    0 (448.1,689.3)=    0 (448.7,689.3)=    0 (449.3,689.4)=    0 (450.1,689.6)=    0 (450.7,689.6)=    0 (451.5,689.8)=    0 (452.3,690.1)=    0 ( -1.0, -1.0)=   -4 ( -1.0, -1.0)=   -4 ( -1.0, -1.0)=   -4 ( -1.0, -1.0)=   -4 ( -1.0, -1.0)=   -4 ( -1.0, -1.0)=   -4 ( -1.0, -1.0)=   -4 ( -1.0, -1.0)=   -4 ( -1.0, -1.0)=   -4 ( -1.0, -1.0)=   -4 ( -1.0, -1.0)=   -4 ( -1.0, -1.0)=   -4 ( -1.0, -1.0)=   -4 ( -1.0, -1.0)=   -4 ( -1.0, -1.0)=   -4 ( -1.0, -1.0)=   -4 ( -1.0, -1.0)=   -4 ( -1.0, -1.0)=   -4 ( -1.0, -1.0)=   -4 ( -1.0, -1.0)=   -4 ( -1.0, -1.0)=   -4 ( -1.0, -1.0)=   -4 ( -1.0, -1.0)=   -4 ( -1.0, -1.0)=   -4 ( -1.0, -1.0)=   -4 ( -1.0, -1.0)=   -4 ( -1.0, -1.0)=   -4 ( -1.0, -1.0)=   -4 ( -1.0, -1.0)=   -4 ( -1.0, -1.0)=   -4 ( -1.0, -1.0)=   -4 ( -1.0, -1.0)=   -4 ( -1.0, -1.0)=   -4 ( -1.0, -1.0)=   -4 ( -1.0, -1.0)=   -4 ( -1.0, -1.0)=   -4 ( -1.0, -1.0)=   -4 ( -1.0, -1.0)=   -4 ( -1.0, -1.0)=   -4 ( -1.0, -1.0)=   -4 ( -1.0, -1.0)=   -4 ( -1.0, -1.0)=   -4 ( -1.0, -1.0)=   -4 ( -1.0, -1.0)=   -4 ( -1.0, -1.0)=   -4 ( -1.0, -1.0)=   -4 ( -1.0, -1.0)=   -4 ( -1.0, -1.0)=   -4 ( -1.0, -1.0)=   -4 ( -1.0, -1.0)=   -4 ( -1.0, -1.0)=   -4 ( -1.0, -1.0)=   -4 ( -1.0, -1.0)=   -4 ( -1.0, -1.0)=   -4 ( -1.0, -1.0)=   -4 ( -1.0, -1.0)=   -4 ( -1.0, -1.0)=   -4 ( -1.0, -1.0)=   -4 ( -1.0, -1.0)=   -4 ( -1.0, -1.0)=   -4 ( -1.0, -1.0)=   -4 ( -1.0, -1.0)=   -4 ( -1.0, -1.0)=   -4 ( -1.0, -1.0)=   -4 ( -1.0, -1.0)=   -4 ( -1.0, -1.0)=   -4 ( -1.0, -1.0)=   -4 ( -1.0, -1.0)=   -4 ( -1.0, -1.0)=   -4 ( -1.0, -1.0)=   -4 ( -1.0, -1.0)=   -4 ( -1.0, -1.0)=   -4 ( -1.0, -1.0)=   -4 ( -1.0, -1.0)=   -4 ( -1.0, -1.0)=   -4 ( -1.0, -1.0)=   -4 ( -1.0, -1.0)=   -4 ( -1.0, -1.0)=   -4 ( -1.0, -1.0)=   -4 ( -1.0, -1.0)=   -4 ( -1.0, -1.0)=   -4 ( -1.0, -1.0)=   -4 ( -1.0, -1.0)=   -4 ( -1.0, -1.0)=   -4 ( -1.0, -1.0)=   -4 ( -1.0, -1.0)=   -4 ( -1.0, -1.0)=   -4 ( -1.0, -1.0)=   -4 ( -1.0, -1.0)=   -4 ( -1.0, -1.0)=   -4 ( -1.0, -1.0)=   -4 ( -1.0, -1.0)=   -4 ( -1.0, -1.0)=   -4 ( -1.0, -1.0)=   -4 ( -1.0, -1.0)=   -4 ( -1.0, -1.0)=   -4 ( -1.0, -1.0)=   -4 ( -1.0, -1.0)=   -4 ( -1.0, -1.0)=   -4 ( -1.0, -1.0)=   -4 ( -1.0, -1.0)=   -4 ( -1.0, -1.0)=   -4 ( -1.0, -1.0)=   -4 ( -1.0, -1.0)=   -4 ( -1.0, -1.0)=   -4 ( -1.0, -1.0)=   -4 ( -1.0, -1.0)=   -4 ( -1.0, -1.0)=   -4 ( -1.0, -1.0)=   -4 ( -1.0, -1.0)=   -4 ( -1.0, -1.0)=   -4 ( -1.0, -1.0)=   -4 ( -1.0, -1.0)=   -4 ( -1.0, -1.0)=   -4 ( -1.0, -1.0)=   -4 ( -1.0, -1.0)=   -4 ( -1.0, -1.0)=   -4 ( -1.0, -1.0)=   -4 ( -1.0, -1.0)=   -4 ( -1.0, -1.0)=   -4 ( -1.0, -1.0)=   -4 ( -1.0, -1.0)=   -4 ( -1.0, -1.0)=   -4 ( -1.0, -1.0)=   -4 ( -1.0, -1.0)=   -4 ( -1.0, -1.0)=   -4 ( -1.0, -1.0)=   -4 ( -1.0, -1.0)=   -4 ( -1.0, -1.0)=   -4 ( -1.0, -1.0)=   -4 ( -1.0, -1.0)=   -4 ( -1.0, -1.0)=   -4 ( -1.0, -1.0)=   -4 ( -1.0, -1.0)=   -4 ( -1.0, -1.0)=   -4 ( -1.0, -1.0)=   -4 ( -1.0, -1.0)=   -4 ( -1.0, -1.0)=   -4 ( -1.0, -1.0)=   -4 ( -1.0, -1.0)=   -4 ( -1.0, -1.0)=   -4 ( -1.0, -1.0)=   -4 ( -1.0, -1.0)=   -4 ( -1.0, -1.0)=   -4 ( -1.0, -1.0)=   -4 ( -1.0, -1.0)=   -4 ( -1.0, -1.0)=   -4 ( -1.0, -1.0)=   -4 ( -1.0, -1.0)=   -4 ( -1.0, -1.0)=   -4 ( -1.0, -1.0)=   -4 ( -1.0, -1.0)=   -4 ( -1.0, -1.0)=   -4 ( -1.0, -1.0)=   -4 ( -1.0, -1.0)=   -4 ( -1.0, -1.0)=   -4 ( -1.0, -1.0)=   -4 
     65 | (371.0,673.0)=20682 (371.4,673.2)=    0 (371.9,673.6)=    0 (372.4,673.7)=    0 (372.9,673.6)=    0 (373.4,673.6)=    0 (373.8,673.5)=    0 (374.1,673.6)=    0 (374.4,673.9)=    0 (374.9,674.2)=    0 (375.5,674.4)=    0 (375.7,674.4)=    0 (376.3,674.3)=    0 (376.9,674.1)=    0 (377.3,673.7)=    0 (377.6,673.6)=    0 (378.0,673.0)=    0 (378.4,672.8)=    0 (378.5,672.2)=    0 (378.6,671.8)=    0 (378.6,671.6)=    0 (378.4,671.4)=    0 (378.5,671.2)=    0 (378.8,671.2)=    0 (379.0,671.3)=    0 (379.1,671.4)=    0 (379.2,671.2)=    0 (379.6,671.1)=    0 (380.1,671.3)=    0 (380.8,671.3)=    0 (381.3,671.3)=    0 (382.0,671.2)=    0 (383.1,671.1)=    0 (383.9,671.2)=    0 (384.8,671.4)=    0 (385.3,671.4)=    0 (385.7,671.6)=    0 (386.4,671.7)=    0 (386.9,672.0)=    0 (387.3,672.2)=    0 (387.7,672.2)=    0 (388.2,672.3)=    0 (388.5,672.6)=    0 (389.0,672.8)=    0 (389.3,673.0)=    0 (389.7,673.0)=    0 (390.4,673.1)=    0 (390.6,673.1)=    0 (391.1,673.4)=    0 (391.7,673.7)=    0 (391.7,674.1)=    0 (392.0,674.6)=    0 (392.3,674.8)=    0 (392.8,675.1)=    0 (393.0,675.4)=    0 (393.5,675.2)=    0 (394.0,675.3)=    0 (394.3,675.2)=    0 (394.5,675.2)=    0 (394.3,674.4)=    0 (394.5,674.7)=    0 (394.6,674.8)=    0 (394.9,674.6)=    0 (395.4,674.6)=    0 (395.7,674.7)=    0 (395.9,674.5)=    0 (395.9,674.6)=    0 (396.4,674.9)=    0 (396.7,675.0)=    0 (396.9,675.3)=    0 (397.2,675.5)=    0 (397.5,675.7)=    0 (398.1,676.1)=    0 (398.6,676.0)=    0 (399.1,676.0)=    0 (399.7,675.9)=    0 (400.2,675.8)=    0 (400.6,675.9)=    0 (401.2,676.1)=    0 (401.7,676.2)=    0 (402.0,676.4)=    0 (402.6,676.8)=    0 (402.8,676.8)=    0 (403.3,676.8)=    0 (403.6,677.0)=    0 (403.9,677.0)=    0 (404.2,677.0)=    0 (404.5,677.0)=    0 (404.8,677.2)=    0 (405.3,677.2)=    0 (405.8,677.1)=    0 (406.3,677.1)=    0 (406.8,677.1)=    0 (407.3,676.9)=    0 (407.8,676.8)=    0 (408.0,676.9)=    0 (408.3,677.0)=    0 (408.5,677.4)=    0 (408.8,677.8)=    0 (409.1,678.1)=    0 (409.6,678.4)=    0 (410.0,678.6)=    0 (410.5,678.9)=    0 (410.9,679.2)=    0 (411.3,679.5)=    0 (411.9,679.7)=    0 (412.4,680.2)=    0 (413.0,680.6)=    0 (413.5,680.8)=    0 (414.3,681.3)=    0 (414.8,681.6)=    0 (415.3,681.8)=    0 (415.8,682.2)=    0 (416.4,682.6)=    0 (417.3,683.4)=    0 (418.0,683.6)=    0 (418.7,683.9)=    0 (419.2,684.0)=    0 (419.8,683.9)=    0 (420.5,683.9)=    0 (421.0,684.2)=    0 (421.7,684.1)=    0 (422.4,684.4)=    0 (423.2,684.6)=    0 (424.4,684.8)=    0 (425.4,684.9)=    0 (425.9,685.0)=    0 (426.8,685.0)=    0 (427.6,684.8)=    0 (428.1,684.8)=    0 (428.5,684.7)=    0 (429.0,684.7)=    0 (429.4,684.7)=    0 (429.9,684.7)=    0 (430.3,684.6)=    0 (430.6,684.3)=    0 (430.9,684.0)=    0 (431.6,683.9)=    0 (432.0,683.6)=    0 (432.6,683.4)=    0 (433.5,683.4)=    0 (434.2,683.6)=    0 (435.0,683.6)=    0 (435.3,683.7)=    0 (436.1,683.9)=    0 (436.9,683.9)=    0 (437.8,683.8)=    0 (438.8,684.2)=    0 (439.8,684.9)=    0 (440.5,685.4)=    0 (441.4,686.2)=    0 (442.1,686.6)=    0 (442.8,687.2)=    0 (443.7,687.8)=    0 (444.4,688.3)=    0 (445.2,689.2)=    0 (446.2,689.9)=    0 (447.0,690.7)=    0 (447.8,691.8)=    0 (448.6,692.4)=    0 (449.0,692.7)=    0 (449.3,692.7)=    0 (449.5,692.7)=    0 (449.7,692.5)=    0 (449.8,692.6)=    0 (450.1,692.6)=    0 (450.6,693.2)=    0 (451.1,693.5)=    0 (451.1,693.8)=    0 (451.6,694.1)=    0 (452.1,694.4)=    0 (452.3,694.5)=    0 (452.8,694.7)=    0 ( -1.0, -1.0)=   -4 ( -1.0, -1.0)=   -4 ( -1.0, -1.0)=   -4 ( -1.0, -1.0)=   -4 ( -1.0, -1.0)=   -4 ( -1.0, -1.0)=   -4 ( -1.0, -1.0)=   -4 ( -1.0, -1.0)=   -4 ( -1.0, -1.0)=   -4 ( -1.0, -1.0)=   -4 ( -1.0, -1.0)=   -4 ( -1.0, -1.0)=   -4 ( -1.0, -1.0)=   -4 ( -1.0, -1.0)=   -4 ( -1.0, -1.0)=   -4 ( -1.0, -1.0)=   -4 ( -1.0, -1.0)=   -4 ( -1.0, -1.0)=   -4 ( -1.0, -1.0)=   -4 ( -1.0, -1.0)=   -4 ( -1.0, -1.0)=   -4 ( -1.0, -1.0)=   -4 ( -1.0, -1.0)=   -4 ( -1.0, -1.0)=   -4 ( -1.0, -1.0)=   -4 ( -1.0, -1.0)=   -4 ( -1.0, -1.0)=   -4 ( -1.0, -1.0)=   -4 ( -1.0, -1.0)=   -4 ( -1.0, -1.0)=   -4 ( -1.0, -1.0)=   -4 ( -1.0, -1.0)=   -4 ( -1.0, -1.0)=   -4 ( -1.0, -1.0)=   -4 ( -1.0, -1.0)=   -4 ( -1.0, -1.0)=   -4 ( -1.0, -1.0)=   -4 ( -1.0, -1.0)=   -4 ( -1.0, -1.0)=   -4 ( -1.0, -1.0)=   -4 ( -1.0, -1.0)=   -4 ( -1.0, -1.0)=   -4 ( -1.0, -1.0)=   -4 ( -1.0, -1.0)=   -4 ( -1.0, -1.0)=   -4 ( -1.0, -1.0)=   -4 ( -1.0, -1.0)=   -4 ( -1.0, -1.0)=   -4 ( -1.0, -1.0)=   -4 ( -1.0, -1.0)=   -4 ( -1.0, -1.0)=   -4 ( -1.0, -1.0)=   -4 ( -1.0, -1.0)=   -4 ( -1.0, -1.0)=   -4 ( -1.0, -1.0)=   -4 ( -1.0, -1.0)=   -4 ( -1.0, -1.0)=   -4 ( -1.0, -1.0)=   -4 ( -1.0, -1.0)=   -4 ( -1.0, -1.0)=   -4 ( -1.0, -1.0)=   -4 ( -1.0, -1.0)=   -4 ( -1.0, -1.0)=   -4 ( -1.0, -1.0)=   -4 ( -1.0, -1.0)=   -4 ( -1.0, -1.0)=   -4 ( -1.0, -1.0)=   -4 ( -1.0, -1.0)=   -4 ( -1.0, -1.0)=   -4 ( -1.0, -1.0)=   -4 ( -1.0, -1.0)=   -4 ( -1.0, -1.0)=   -4 ( -1.0, -1.0)=   -4 ( -1.0, -1.0)=   -4 ( -1.0, -1.0)=   -4 ( -1.0, -1.0)=   -4 ( -1.0, -1.0)=   -4 ( -1.0, -1.0)=   -4 ( -1.0, -1.0)=   -4 ( -1.0, -1.0)=   -4 ( -1.0, -1.0)=   -4 ( -1.0, -1.0)=   -4 ( -1.0, -1.0)=   -4 ( -1.0, -1.0)=   -4 ( -1.0, -1.0)=   -4 ( -1.0, -1.0)=   -4 ( -1.0, -1.0)=   -4 ( -1.0, -1.0)=   -4 ( -1.0, -1.0)=   -4 ( -1.0, -1.0)=   -4 ( -1.0, -1.0)=   -4 ( -1.0, -1.0)=   -4 ( -1.0, -1.0)=   -4 ( -1.0, -1.0)=   -4 ( -1.0, -1.0)=   -4 ( -1.0, -1.0)=   -4 ( -1.0, -1.0)=   -4 ( -1.0, -1.0)=   -4 ( -1.0, -1.0)=   -4 ( -1.0, -1.0)=   -4 ( -1.0, -1.0)=   -4 ( -1.0, -1.0)=   -4 ( -1.0, -1.0)=   -4 ( -1.0, -1.0)=   -4 ( -1.0, -1.0)=   -4 ( -1.0, -1.0)=   -4 ( -1.0, -1.0)=   -4 ( -1.0, -1.0)=   -4 
     66 | ( 58.0,588.0)=20466 ( 58.3,588.2)=    0 ( 59.0,588.4)=    0 ( 59.5,588.1)=    0 ( 59.7,588.2)=    0 ( 60.2,588.2)=    0 ( 60.9,587.9)=    0 ( 61.1,588.0)=    0 ( 61.5,588.2)=    0 ( 61.9,588.3)=    0 ( 62.5,588.3)=    0 ( 62.8,588.3)=    0 ( 63.3,588.0)=    0 ( 63.7,587.7)=    0 ( 64.0,587.3)=    0 ( 64.5,586.8)=    0 ( 64.8,586.3)=    0 ( 65.2,585.9)=    0 ( 65.6,585.4)=    0 ( 65.5,585.0)=    0 ( 65.4,584.8)=    0 ( 65.6,584.6)=    0 ( 65.6,584.3)=    0 ( 65.8,584.2)=    0 ( 65.9,584.1)=    0 ( 66.1,584.1)=    0 ( 66.6,583.6)=    0 ( 66.9,583.6)=    0 ( 67.4,583.6)=    0 ( 67.9,583.5)=    0 ( 68.6,583.3)=    0 ( 69.5,583.1)=    0 ( 70.3,582.8)=    0 ( 71.2,582.8)=    0 ( 71.9,582.8)=    0 ( 72.6,582.9)=    0 ( 73.1,583.1)=    0 ( 73.7,583.1)=    0 ( 74.2,583.2)=    0 ( 74.7,583.3)=    0 ( 75.4,583.2)=    0 ( 75.8,583.4)=    0 ( 76.1,583.3)=    0 ( 76.6,583.6)=    0 ( 77.1,583.6)=    0 ( 77.7,583.5)=    0 ( 78.3,583.4)=    0 ( 78.5,583.5)=    0 ( 79.0,583.7)=    0 ( 79.4,583.8)=    0 ( 79.5,584.2)=    0 ( 79.9,584.5)=    0 ( 80.2,584.6)=    0 ( 80.5,584.9)=    0 ( 81.2,584.9)=    0 ( 81.6,584.7)=    0 ( 81.8,584.7)=    0 ( 82.1,584.6)=    0 ( 82.3,584.4)=    0 ( 83.1,583.9)=    0 ( 83.0,584.2)=    0 ( 83.3,584.1)=    0 ( 83.7,584.0)=    0 ( 83.8,584.0)=    0 ( 83.9,583.9)=    0 ( 83.9,583.7)=    0 ( 84.2,583.8)=    0 ( 84.5,584.1)=    0 ( 84.9,584.2)=    0 ( 85.1,584.4)=    0 ( 85.5,584.5)=    0 ( 85.8,584.7)=    0 ( 86.3,585.0)=    0 ( 86.8,584.7)=    0 ( 87.2,584.7)=    0 ( 87.7,584.4)=    0 ( 88.2,584.4)=    0 ( 88.7,584.4)=    0 ( 89.2,584.6)=    0 ( 89.7,584.6)=    0 ( 90.0,584.8)=    0 ( 90.6,584.9)=    0 ( 91.1,585.0)=    0 ( 91.3,585.0)=    0 ( 91.5,585.1)=    0 ( 92.0,585.1)=    0 ( 92.3,585.0)=    0 ( 92.6,585.1)=    0 ( 92.8,585.2)=    0 ( 93.1,585.2)=    0 ( 93.5,585.0)=    0 ( 94.0,585.0)=    0 ( 94.3,584.9)=    0 ( 94.9,584.8)=    0 ( 95.2,584.6)=    0 ( 95.4,584.7)=    0 ( 95.7,584.7)=    0 ( 95.9,584.9)=    0 ( 96.4,585.3)=    0 ( 96.8,585.6)=    0 ( 97.3,585.8)=    0 ( 97.6,585.9)=    0 ( 98.2,586.2)=    0 ( 98.6,586.3)=    0 ( 99.2,586.3)=    0 ( 99.5,586.6)=    0 ( 99.9,587.0)=    0 (100.5,587.2)=    0 (101.0,587.5)=    0 (101.6,587.7)=    0 (102.2,588.0)=    0 (102.6,588.0)=    0 (103.1,588.3)=    0 (103.6,588.7)=    0 (104.4,589.2)=    0 (105.2,589.2)=    0 (105.9,589.4)=    0 (106.5,589.4)=    0 (106.9,589.0)=    0 (107.4,589.0)=    0 (107.9,589.0)=    0 (108.7,588.9)=    0 (109.3,589.0)=    0 (110.1,589.0)=    0 (111.0,589.0)=    0 (111.7,589.0)=    0 (112.2,589.1)=    0 (113.1,588.7)=    0 (113.8,588.5)=    0 (114.4,588.5)=    0 (114.9,588.3)=    0 (115.4,588.3)=    0 (115.9,588.2)=    0 (116.2,588.1)=    0 (116.7,587.8)=    0 (117.0,587.4)=    0 (117.1,587.0)=    0 (117.6,586.7)=    0 (118.0,586.4)=    0 (118.7,586.1)=    0 (119.4,586.1)=    0 (120.0,586.1)=    0 (120.7,586.0)=    0 (121.0,586.0)=    0 (121.8,586.0)=    0 (122.7,585.8)=    0 (123.5,585.8)=    0 (124.3,585.9)=    0 ( -1.0, -1.0)=   -3 ( -1.0, -1.0)=   -3 ( -1.0, -1.0)=   -3 ( -1.0, -1.0)=   -3 ( -1.0, -1.0)=   -3 ( -1.0, -1.0)=   -3 ( -1.0, -1.0)=   -3 ( -1.0, -1.0)=   -3 ( -1.0, -1.0)=   -3 ( -1.0, -1.0)=   -3 ( -1.0, -1.0)=   -3 ( -1.0, -1.0)=   -3 ( -1.0, -1.0)=   -3 ( -1.0, -1.0)=   -3 ( -1.0, -1.0)=   -3 ( -1.0, -1.0)=   -3 ( -1.0, -1.0)=   -3 ( -1.0, -1.0)=   -3 ( -1.0, -1.0)=   -3 ( -1.0, -1.0)=   -3 ( -1.0, -1.0)=   -3 ( -1.0, -1.0)=   -3 ( -1.0, -1.0)=   -3 ( -1.0, -1.0)=   -3 ( -1.0, -1.0)=   -3 ( -1.0, -1.0)=   -3 ( -1.0, -1.0)=   -3 ( -1.0, -1.0)=   -3 ( -1.0, -1.0)=   -3 ( -1.0, -1.0)=   -3 ( -1.0, -1.0)=   -3 ( -1.0, -1.0)=   -3 ( -1.0, -1.0)=   -3 ( -1.0, -1.0)=   -3 ( -1.0, -1.0)=   -3 ( -1.0, -1.0)=   -3 ( -1.0, -1.0)=   -3 ( -1.0, -1.0)=   -3 ( -1.0, -1.0)=   -3 ( -1.0, -1.0)=   -3 ( -1.0, -1.0)=   -3 ( -1.0, -1.0)=   -3 ( -1.0, -1.0)=   -3 ( -1.0, -1.0)=   -3 ( -1.0, -1.0)=   -3 ( -1.0, -1.0)=   -3 ( -1.0, -1.0)=   -3 ( -1.0, -1.0)=   -3 ( -1.0, -1.0)=   -3 ( -1.0, -1.0)=   -3 ( -1.0, -1.0)=   -3 ( -1.0, -1.0)=   -3 ( -1.0, -1.0)=   -3 ( -1.0, -1.0)=   -3 ( -1.0, -1.0)=   -3 ( -1.0, -1.0)=   -3 ( -1.0, -1.0)=   -3 ( -1.0, -1.0)=   -3 ( -1.0, -1.0)=   -3 ( -1.0, -1.0)=   -3 ( -1.0, -1.0)=   -3 ( -1.0, -1.0)=   -3 ( -1.0, -1.0)=   -3 ( -1.0, -1.0)=   -3 ( -1.0, -1.0)=   -3 ( -1.0, -1.0)=   -3 ( -1.0, -1.0)=   -3 ( -1.0, -1.0)=   -3 ( -1.0, -1.0)=   -3 ( -1.0, -1.0)=   -3 ( -1.0, -1.0)=   -3 ( -1.0, -1.0)=   -3 ( -1.0, -1.0)=   -3 ( -1.0, -1.0)=   -3 ( -1.0, -1.0)=   -3 ( -1.0, -1.0)=   -3 ( -1.0, -1.0)=   -3 ( -1.0, -1.0)=   -3 ( -1.0, -1.0)=   -3 ( -1.0, -1.0)=   -3 ( -1.0, -1.0)=   -3 ( -1.0, -1.0)=   -3 ( -1.0, -1.0)=   -3 ( -1.0, -1.0)=   -3 ( -1.0, -1.0)=   -3 ( -1.0, -1.0)=   -3 ( -1.0, -1.0)=   -3 ( -1.0, -1.0)=   -3 ( -1.0, -1.0)=   -3 ( -1.0, -1.0)=   -3 ( -1.0, -1.0)=   -3 ( -1.0, -1.0)=   -3 ( -1.0, -1.0)=   -3 ( -1.0, -1.0)=   -3 ( -1.0, -1.0)=   -3 ( -1.0, -1.0)=   -3 ( -1.0, -1.0)=   -3 ( -1.0, -1.0)=   -3 ( -1.0, -1.0)=   -3 ( -1.0, -1.0)=   -3 ( -1.0, -1.0)=   -3 ( -1.0, -1.0)=   -3 ( -1.0, -1.0)=   -3 ( -1.0, -1.0)=   -3 ( -1.0, -1.0)=   -3 ( -1.0, -1.0)=   -3 ( -1.0, -1.0)=   -3 ( -1.0, -1.0)=   -3 ( -1.0, -1.0)=   -3 ( -1.0, -1.0)=   -3 ( -1.0, -1.0)=   -3 ( -1.0, -1.0)=   -3 ( -1.0, -1.0)=   -3 ( -1.0, -1.0)=   -3 ( -1.0, -1.0)=   -3 ( -1.0, -1.0)=   -3 ( -1.0, -1.0)=   -3 ( -1.0, -1.0)=   -3 ( -1.0, -1.0)=   -3 ( -1.0, -1.0)=   -3 ( -1.0, -1.0)=   -3 ( -1.0, -1.0)=   -3 ( -1.0, -1.0)=   -3 ( -1.0, -1.0)=   -3 ( -1.0, -1.0)=   -3 ( -1.0, -1.0)=   -3 ( -1.0, -1.0)=   -3 ( -1.0, -1.0)=   -3 ( -1.0, -1.0)=   -3 ( -1.0, -1.0)=   -3 ( -1.0, -1.0)=   -3 ( -1.0, -1.0)=   -3 ( -1.0, -1.0)=   -3 
     67 | (353.0,567.0)=20414 (353.4,567.3)=    0 (354.1,567.6)=    0 (354.4,567.6)=    0 (354.9,567.6)=    0 (355.4,567.6)=    0 (355.9,567.5)=    0 (356.1,567.6)=    0 (356.5,567.9)=    0 (357.0,568.1)=    0 (357.6,568.2)=    0 (357.8,568.2)=    0 (358.3,568.1)=    0 (359.0,567.9)=    0 (359.3,567.6)=    0 (359.5,567.4)=    0 (360.1,566.9)=    0 (360.4,566.6)=    0 (360.6,566.3)=    0 (360.6,565.8)=    0 (360.7,565.6)=    0 (360.6,565.5)=    0 (360.7,565.3)=    0 (361.1,565.2)=    0 (361.3,565.2)=    0 (361.4,565.2)=    0 (361.6,564.9)=    0 (362.1,565.0)=    0 (362.6,565.0)=    0 (363.3,565.1)=    0 (363.9,565.0)=    0 (364.6,565.0)=    0 (365.7,564.8)=    0 (366.5,564.9)=    0 (367.4,565.1)=    0 (367.9,565.2)=    0 (368.4,565.5)=    0 (369.0,565.5)=    0 (369.4,565.8)=    0 (369.8,566.0)=    0 (370.3,566.0)=    0 (370.8,566.2)=    0 (371.3,566.3)=    0 (371.6,566.5)=    0 (371.9,566.8)=    0 (372.4,566.8)=    0 (373.0,566.8)=    0 (373.4,566.7)=    0 (373.7,567.0)=    0 (374.5,567.3)=    0 (374.5,567.6)=    0 (374.7,568.1)=    0 (375.0,568.4)=    0 (375.4,568.7)=    0 (375.9,569.0)=    0 (376.2,568.8)=    0 (376.7,568.8)=    0 (377.0,568.7)=    0 (377.2,568.6)=    0 (377.1,568.1)=    0 (377.2,568.2)=    0 (377.3,568.4)=    0 (377.6,568.3)=    0 (377.9,568.2)=    0 (378.2,568.2)=    0 (378.4,567.9)=    0 (378.7,567.9)=    0 (378.9,568.3)=    0 (379.2,568.4)=    0 (379.4,568.6)=    0 (379.7,568.9)=    0 (380.1,569.1)=    0 (380.5,569.4)=    0 (381.0,569.4)=    0 (381.6,569.3)=    0 (382.1,569.1)=    0 (382.7,569.0)=    0 (383.2,569.0)=    0 (383.6,569.2)=    0 (384.2,569.3)=    0 (384.4,569.6)=    0 (384.8,569.9)=    0 (385.2,569.9)=    0 (385.5,570.0)=    0 (385.8,570.0)=    0 (386.3,570.3)=    0 (386.7,570.1)=    0 (387.0,570.1)=    0 (387.3,570.3)=    0 (387.5,570.3)=    0 (387.9,570.2)=    0 (388.4,570.2)=    0 (388.9,570.1)=    0 (389.3,570.0)=    0 (389.8,569.9)=    0 (390.1,569.9)=    0 (390.3,570.2)=    0 (390.6,570.3)=    0 (390.9,570.8)=    0 (391.1,571.1)=    0 (391.7,571.3)=    0 (392.0,571.6)=    0 (392.5,571.7)=    0 (393.0,572.0)=    0 (393.5,572.3)=    0 (393.8,572.6)=    0 (394.5,573.1)=    0 (395.0,573.3)=    0 (395.5,573.6)=    0 (396.2,573.9)=    0 (396.7,574.2)=    0 (397.2,574.4)=    0 (397.7,574.7)=    0 (398.5,575.2)=    0 (399.2,575.7)=    0 (399.8,576.0)=    0 (400.6,576.2)=    0 (401.2,576.4)=    0 (401.7,576.3)=    0 (402.5,576.3)=    0 (403.1,576.3)=    0 (403.6,576.3)=    0 (404.4,576.5)=    0 (405.1,576.6)=    0 (406.2,576.6)=    0 (407.0,576.7)=    0 (407.7,576.8)=    0 (408.6,576.8)=    0 (409.3,576.5)=    0 (409.8,576.6)=    0 (410.3,576.5)=    0 (410.7,576.6)=    0 (411.2,576.6)=    0 (411.8,576.6)=    0 (412.3,576.6)=    0 (412.6,576.2)=    0 (412.9,575.8)=    0 (413.3,575.7)=    0 (413.8,575.4)=    0 (414.6,575.2)=    0 (415.4,575.2)=    0 (415.8,575.3)=    0 (416.6,575.3)=    0 (417.1,575.3)=    0 (417.9,575.5)=    0 (418.7,575.4)=    0 (419.7,575.4)=    0 (420.7,575.7)=    0 (421.4,576.4)=    0 (422.2,576.7)=    0 (423.2,577.5)=    0 (424.0,578.0)=    0 (424.6,578.4)=    0 (425.4,578.9)=    0 (426.2,579.4)=    0 (426.9,580.3)=    0 (427.8,581.0)=    0 (428.8,581.7)=    0 (429.6,582.6)=    0 (430.4,583.4)=    0 (430.7,583.6)=    0 (431.0,583.7)=    0 (431.2,583.7)=    0 (431.4,583.6)=    0 (431.6,583.6)=    0 (431.9,583.6)=    0 (432.3,583.9)=    0 (432.7,584.4)=    0 (433.0,584.5)=    0 (433.5,584.8)=    0 (433.8,584.9)=    0 (434.1,585.1)=    0 (434.6,585.4)=    0 (435.3,585.7)=    0 (435.8,586.2)=    0 (436.4,586.6)=    0 (436.8,587.2)=    0 (437.4,587.6)=    0 (437.9,588.2)=    0 (438.3,588.2)=    0 (438.6,588.3)=    0 (439.1,588.6)=    0 (439.4,588.8)=    0 (439.7,589.0)=    0 (440.0,589.3)=    0 (440.2,589.6)=    0 (440.5,589.8)=    0 (440.7,589.8)=    0 (441.1,589.9)=    0 (441.3,590.0)=    0 (441.4,590.0)=    0 (441.7,590.2)=    0 (441.9,590.3)=    0 (442.2,590.3)=    0 (442.7,590.4)=    0 (443.1,590.3)=    0 (443.6,590.3)=    0 (443.8,590.3)=    0 (444.1,590.4)=    0 (444.4,590.5)=    0 (444.5,590.9)=    0 (444.5,591.1)=    0 (444.7,591.2)=    0 (444.9,591.3)=    0 (445.1,591.3)=    0 (445.4,591.4)=    0 (445.5,591.6)=    0 (445.5,591.7)=    0 (445.8,591.8)=    0 (446.0,592.1)=    0 (446.3,592.3)=    0 (446.6,592.4)=    0 (446.9,592.5)=    0 (447.5,592.5)=    0 (447.8,592.4)=    0 (448.3,592.5)=    0 (448.6,592.5)=    0 (449.2,592.5)=    0 (449.6,592.8)=    0 (449.9,592.8)=    0 (450.4,592.8)=    0 (450.8,592.8)=    0 (451.2,592.8)=    0 (451.5,592.7)=    0 (451.7,592.7)=    0 (452.0,592.9)=    0 (452.2,593.0)=    0 (452.4,593.3)=    0 (452.8,593.3)=    0 ( -1.0, -1.0)=   -4 ( -1.0, -1.0)=   -4 ( -1.0, -1.0)=   -4 ( -1.0, -1.0)=   -4 ( -1.0, -1.0)=   -4 ( -1.0, -1.0)=   -4 ( -1.0, -1.0)=   -4 ( -1.0, -1.0)=   -4 ( -1.0, -1.0)=   -4 ( -1.0, -1.0)=   -4 ( -1.0, -1.0)=   -4 ( -1.0, -1.0)=   -4 ( -1.0, -1.0)=   -4 ( -1.0, -1.0)=   -4 ( -1.0, -1.0)=   -4 ( -1.0, -1.0)=   -4 ( -1.0, -1.0)=   -4 ( -1.0, -1.0)=   -4 ( -1.0, -1.0)=   -4 ( -1.0, -1.0)=   -4 ( -1.0, -1.0)=   -4 ( -1.0, -1.0)=   -4 ( -1.0, -1.0)=   -4 ( -1.0, -1.0)=   -4 ( -1.0, -1.0)=   -4 ( -1.0, -1.0)=   -4 ( -1.0, -1.0)=   -4 ( -1.0, -1.0)=   -4 ( -1.0, -1.0)=   -4 ( -1.0, -1.0)=   -4 ( -1.0, -1.0)=   -4 ( -1.0, -1.0)=   -4 ( -1.0, -1.0)=   -4 ( -1.0, -1.0)=   -4 ( -1.0, -1.0)=   -4 ( -1.0, -1.0)=   -4 ( -1.0, -1.0)=   -4 ( -1.0, -1.0)=   -4 ( -1.0, -1.0)=   -4 ( -1.0, -1.0)=   -4 ( -1.0, -1.0)=   -4 ( -1.0, -1.0)=   -4 ( -1.0, -1.0)=   -4 ( -1.0, -1.0)=   -4 ( -1.0, -1.0)=   -4 ( -1.0, -1.0)=   -4 ( -1.0, -1.0)=   -4 ( -1.0, -1.0)=   -4 ( -1.0, -1.0)=   -4 ( -1.0, -1.0)=   -4 ( -1.0, -1.0)=   -4 ( -1.0, -1.0)=   -4 
     68 | (396.0,705.0)=20326 (396.5,705.2)=    0 (397.1,705.7)=    0 (397.6,705.7)=    0 (398.1,705.6)=    0 (398.5,705.6)=    0 (399.0,705.6)=    0 (399.2,705.6)=    0 (399.6,705.9)=    0 (400.0,706.3)=    0 (400.7,706.4)=    0 (400.9,706.5)=    0 (401.4,706.4)=    0 (402.1,706.3)=    0 (402.6,706.0)=    0 (402.8,705.6)=    0 (403.2,705.3)=    0 (403.7,705.0)=    0 (403.7,704.5)=    0 (403.7,704.0)=    0 (403.7,703.7)=    0 (403.5,703.6)=    0 (403.6,703.3)=    0 (403.8,703.3)=    0 (404.0,703.3)=    0 (404.1,703.5)=    0 (404.2,703.3)=    0 (404.7,703.3)=    0 (405.2,703.5)=    0 (405.7,703.5)=    0 (406.3,703.6)=    0 (407.2,703.6)=    0 (408.1,703.5)=    0 (409.1,703.7)=    0 (409.9,703.8)=    0 (410.5,703.8)=    0 (410.9,704.1)=    0 (411.5,704.2)=    0 (412.0,704.5)=    0 (412.5,704.6)=    0 (412.9,704.7)=    0 (413.4,704.9)=    0 (413.9,705.2)=    0 (414.2,705.4)=    0 (414.6,705.6)=    0 (414.9,705.6)=    0 (415.5,705.7)=    0 (415.9,705.6)=    0 (416.4,706.0)=    0 (416.9,706.3)=    0 (417.0,706.7)=    0 (417.3,707.3)=    0 (417.6,707.4)=    0 (418.0,707.9)=    0 (418.4,708.1)=    0 (418.7,708.0)=    0 (419.3,708.0)=    0 (419.7,708.0)=    0 (419.8,707.8)=    0 (419.8,707.1)=    0 (419.8,707.3)=    0 (419.9,707.5)=    0 (420.2,707.5)=    0 (420.8,707.5)=    0 (421.2,707.5)=    0 (421.3,707.4)=    0 (421.5,707.5)=    0 (421.9,707.7)=    0 (422.0,708.0)=    0 (422.3,708.3)=    0 (422.7,708.6)=    0 (423.0,708.8)=    0 (423.5,709.4)=    0 (423.8,709.3)=    0 (424.3,709.1)=    0 (425.0,708.9)=    0 (425.6,708.7)=    0 (426.0,708.7)=    0 (426.7,709.0)=    0 (427.2,709.2)=    0 (427.5,709.4)=    0 (427.8,709.7)=    0 (428.5,709.9)=    0 (428.8,710.0)=    0 (429.1,710.2)=    0 (429.4,710.3)=    0 (429.8,710.1)=    0 (430.1,710.2)=    0 (430.4,710.4)=    0 (430.7,710.4)=    0 (431.2,710.4)=    0 (431.7,710.4)=    0 (432.3,710.3)=    0 (432.8,710.3)=    0 (433.4,710.1)=    0 (433.5,710.1)=    0 (433.9,710.4)=    0 (434.1,710.6)=    0 (434.4,711.1)=    0 (434.6,711.3)=    0 (435.1,711.6)=    0 (435.7,711.8)=    0 (436.0,712.2)=    0 (436.6,712.4)=    0 (437.1,712.6)=    0 (437.5,712.9)=    0 (438.1,713.4)=    0 (438.8,713.9)=    0 (439.2,714.2)=    0 (440.0,714.7)=    0 (440.6,715.0)=    0 (441.0,715.3)=    0 (441.5,715.6)=    0 (442.2,716.3)=    0 (443.1,717.0)=    0 (443.9,717.3)=    0 (444.7,717.6)=    0 (445.2,717.8)=    0 (445.6,717.6)=    0 (446.3,717.6)=    0 (447.1,718.1)=    0 (447.7,718.0)=    0 (448.4,718.3)=    0 (449.3,718.5)=    0 (450.3,718.7)=    0 (451.1,719.0)=    0 (452.1,719.2)=    0 (453.0,719.2)=    0 ( -1.0, -1.0)=   -4 ( -1.0, -1.0)=   -4 ( -1.0, -1.0)=   -4 ( -1.0, -1.0)=   -4 ( -1.0, -1.0)=   -4 ( -1.0, -1.0)=   -4 ( -1.0, -1.0)=   -4 ( -1.0, -1.0)=   -4 ( -1.0, -1.0)=   -4 ( -1.0, -1.0)=   -4 ( -1.0, -1.0)=   -4 ( -1.0, -1.0)=   -4 ( -1.0, -1.0)=   -4 ( -1.0, -1.0)=   -4 ( -1.0, -1.0)=   -4 ( -1.0, -1.0)=   -4 ( -1.0, -1.0)=   -4 ( -1.0, -1.0)=   -4 ( -1.0, -1.0)=   -4 ( -1.0, -1.0)=   -4 ( -1.0, -1.0)=   -4 ( -1.0, -1.0)=   -4 ( -1.0, -1.0)=   -4 ( -1.0, -1.0)=   -4 ( -1.0, -1.0)=   -4 ( -1.0, -1.0)=   -4 ( -1.0, -1.0)=   -4 ( -1.0, -1.0)=   -4 ( -1.0, -1.0)=   -4 ( -1.0, -1.0)=   -4 ( -1.0, -1.0)=   -4 ( -1.0, -1.0)=   -4 ( -1.0, -1.0)=   -4 ( -1.0, -1.0)=   -4 ( -1.0, -1.0)=   -4 ( -1.0, -1.0)=   -4 ( -1.0, -1.0)=   -4 ( -1.0, -1.0)=   -4 ( -1.0, -1.0)=   -4 ( -1.0, -1.0)=   -4 ( -1.0, -1.0)=   -4 ( -1.0, -1.0)=   -4 ( -1.0, -1.0)=   -4 ( -1.0, -1.0)=   -4 ( -1.0, -1.0)=   -4 ( -1.0, -1.0)=   -4 ( -1.0, -1.0)=   -4 ( -1.0, -1.0)=   -4 ( -1.0, -1.0)=   -4 ( -1.0, -1.0)=   -4 ( -1.0, -1.0)=   -4 ( -1.0, -1.0)=   -4 ( -1.0, -1.0)=   -4 ( -1.0, -1.0)=   -4 ( -1.0, -1.0)=   -4 ( -1.0, -1.0)=   -4 ( -1.0, -1.0)=   -4 ( -1.0, -1.0)=   -4 ( -1.0, -1.0)=   -4 ( -1.0, -1.0)=   -4 ( -1.0, -1.0)=   -4 ( -1.0, -1.0)=   -4 ( -1.0, -1.0)=   -4 ( -1.0, -1.0)=   -4 ( -1.0, -1.0)=   -4 ( -1.0, -1.0)=   -4 ( -1.0, -1.0)=   -4 ( -1.0, -1.0)=   -4 ( -1.0, -1.0)=   -4 ( -1.0, -1.0)=   -4 ( -1.0, -1.0)=   -4 ( -1.0, -1.0)=   -4 ( -1.0, -1.0)=   -4 ( -1.0, -1.0)=   -4 ( -1.0, -1.0)=   -4 ( -1.0, -1.0)=   -4 ( -1.0, -1.0)=   -4 ( -1.0, -1.0)=   -4 ( -1.0, -1.0)=   -4 ( -1.0, -1.0)=   -4 ( -1.0, -1.0)=   -4 ( -1.0, -1.0)=   -4 ( -1.0, -1.0)=   -4 ( -1.0, -1.0)=   -4 ( -1.0, -1.0)=   -4 ( -1.0, -1.0)=   -4 ( -1.0, -1.0)=   -4 ( -1.0, -1.0)=   -4 ( -1.0, -1.0)=   -4 ( -1.0, -1.0)=   -4 ( -1.0, -1.0)=   -4 ( -1.0, -1.0)=   -4 ( -1.0, -1.0)=   -4 ( -1.0, -1.0)=   -4 ( -1.0, -1.0)=   -4 ( -1.0, -1.0)=   -4 ( -1.0, -1.0)=   -4 ( -1.0, -1.0)=   -4 ( -1.0, -1.0)=   -4 ( -1.0, -1.0)=   -4 ( -1.0, -1.0)=   -4 ( -1.0, -1.0)=   -4 ( -1.0, -1.0)=   -4 ( -1.0, -1.0)=   -4 ( -1.0, -1.0)=   -4 ( -1.0, -1.0)=   -4 ( -1.0, -1.0)=   -4 ( -1.0, -1.0)=   -4 ( -1.0, -1.0)=   -4 ( -1.0, -1.0)=   -4 ( -1.0, -1.0)=   -4 ( -1.0, -1.0)=   -4 ( -1.0, -1.0)=   -4 ( -1.0, -1.0)=   -4 ( -1.0, -1.0)=   -4 ( -1.0, -1.0)=   -4 ( -1.0, -1.0)=   -4 ( -1.0, -1.0)=   -4 ( -1.0, -1.0)=   -4 ( -1.0, -1.0)=   -4 ( -1.0, -1.0)=   -4 ( -1.0, -1.0)=   -4 ( -1.0, -1.0)=   -4 ( -1.0, -1.0)=   -4 ( -1.0, -1.0)=   -4 ( -1.0, -1.0)=   -4 ( -1.0, -1.0)=   -4 ( -1.0, -1.0)=   -4 ( -1.0, -1.0)=   -4 ( -1.0, -1.0)=   -4 ( -1.0, -1.0)=   -4 ( -1.0, -1.0)=   -4 ( -1.0, -1.0)=   -4 ( -1.0, -1.0)=   -4 ( -1.0, -1.0)=   -4 ( -1.0, -1.0)=   -4 ( -1.0, -1.0)=   -4 ( -1.0, -1.0)=   -4 ( -1.0, -1.0)=   -4 ( -1.0, -1.0)=   -4 ( -1.0, -1.0)=   -4 ( -1.0, -1.0)=   -4 ( -1.0, -1.0)=   -4 ( -1.0, -1.0)=   -4 ( -1.0, -1.0)=   -4 ( -1.0, -1.0)=   -4 ( -1.0, -1.0)=   -4 ( -1.0, -1.0)=   -4 ( -1.0, -1.0)=   -4 ( -1.0, -1.0)=   -4 ( -1.0, -1.0)=   -4 ( -1.0, -1.0)=   -4 ( -1.0, -1.0)=   -4 
     69 | (234.0,261.0)=20211 (234.4,261.1)=    0 (235.0,261.3)=    0 (235.5,261.2)=    0 (236.1,261.1)=    0 (236.5,261.1)=    0 (237.2,261.1)=    0 (237.3,261.1)=    0 (237.8,261.2)=    0 (238.3,261.3)=    0 (239.0,261.4)=    0 (239.3,261.3)=    0 (240.0,261.1)=    0 (240.4,260.8)=    0 (241.0,260.4)=    0 (241.4,260.1)=    0 (241.9,259.7)=    0 (242.3,259.3)=    0 (242.5,259.0)=    0 (242.5,258.5)=    0 (242.6,258.3)=    0 (242.8,258.3)=    0 (243.0,257.9)=    0 (243.2,257.6)=    0 (243.4,257.4)=    0 (243.7,257.4)=    0 (244.1,257.4)=    0 (244.5,257.2)=    0 (245.1,257.2)=    0 (245.7,257.1)=    0 (246.4,257.0)=    0 (247.3,256.8)=    0 (248.3,256.5)=    0 (249.3,256.5)=    0 (250.1,256.8)=    0 (250.7,257.0)=    0 (251.3,257.2)=    0 (252.0,257.4)=    0 (252.5,257.6)=    0 (253.1,257.8)=    0 (253.7,257.9)=    0 (254.2,258.1)=    0 (254.5,258.1)=    0 (255.0,258.3)=    0 (255.5,258.6)=    0 (256.1,258.6)=    0 (256.7,258.6)=    0 (257.1,258.5)=    0 (257.5,258.8)=    0 (258.2,259.0)=    0 (258.4,259.2)=    0 (258.6,259.6)=    0 (259.0,260.1)=    0 (259.2,260.2)=    0 (259.9,260.4)=    0 (260.3,260.4)=    0 (260.7,259.9)=    0 (261.1,259.9)=    0 (261.3,259.9)=    0 (261.4,260.4)=    0 (261.7,260.5)=    0 (261.9,260.7)=    0 (262.2,260.8)=    0 (262.4,260.3)=    0 (262.7,260.3)=    0 (262.8,260.0)=    0 (263.0,260.0)=    0 (263.4,260.1)=    0 (263.6,260.4)=    0 (264.0,260.8)=    0 (264.2,261.0)=    0 (264.7,261.1)=    0 (265.1,261.3)=    0 (265.6,261.3)=    0 (266.1,261.3)=    0 (266.6,261.1)=    0 (267.1,261.1)=    0 (267.6,260.8)=    0 (268.1,261.0)=    0 (268.5,261.2)=    0 (268.9,261.4)=    0 (269.4,261.9)=    0 (269.8,261.9)=    0 (270.1,261.9)=    0 (270.4,261.8)=    0 (271.0,261.6)=    0 (271.3,261.6)=    0 (271.8,261.6)=    0 (271.9,261.8)=    0 (272.2,261.8)=    0 (272.6,261.4)=    0 (273.1,261.4)=    0 (273.5,261.2)=    0 (274.0,261.2)=    0 (274.3,261.0)=    0 (274.5,261.1)=    0 (274.9,261.2)=    0 (275.1,261.4)=    0 (275.5,262.1)=    0 (275.9,262.4)=    0 (276.4,262.6)=    0 (276.9,262.9)=    0 (277.3,263.1)=    0 (277.9,263.3)=    0 (278.3,263.6)=    0 (278.8,263.8)=    0 (279.3,264.1)=    0 (279.9,264.3)=    0 (280.4,264.5)=    0 (281.2,264.9)=    0 (281.7,265.1)=    0 (282.2,265.3)=    0 (282.7,265.5)=    0 (283.3,265.7)=    0 (284.1,266.2)=    0 (284.8,266.4)=    0 (285.5,266.8)=    0 (286.2,267.0)=    0 (286.8,266.7)=    0 (287.4,266.4)=    0 (288.1,266.4)=    0 (288.8,266.4)=    0 (289.5,266.4)=    0 (290.4,266.5)=    0 (291.2,266.5)=    0 (292.1,266.3)=    0 (292.7,266.3)=    0 (293.6,266.2)=    0 (294.4,266.2)=    0 (295.0,266.2)=    0 (295.6,266.2)=    0 (296.2,266.2)=    0 (296.7,266.2)=    0 (297.3,266.0)=    0 (297.7,265.7)=    0 (298.0,265.4)=    0 (298.4,264.8)=    0 (299.0,264.6)=    0 (299.4,264.2)=    0 (300.1,263.9)=    0 (300.9,263.8)=    0 (301.5,263.7)=    0 (302.2,263.9)=    0 (302.7,263.8)=    0 (303.6,263.9)=    0 (304.4,263.7)=    0 (305.2,263.6)=    0 (306.3,263.6)=    0 (307.1,264.2)=    0 (308.1,264.7)=    0 (309.1,265.3)=    0 (309.9,265.9)=    0 (310.9,266.3)=    0 (311.6,266.8)=    0 (312.4,267.4)=    0 (313.4,268.1)=    0 (314.4,269.0)=    0 (315.2,269.6)=    0 (316.1,270.4)=    0 (317.0,271.2)=    0 (317.4,271.7)=    0 (317.8,271.8)=    0 (318.1,271.7)=    0 (318.2,271.3)=    0 (318.6,271.4)=    0 (319.1,271.4)=    0 (319.6,271.7)=    0 (319.9,272.2)=    0 (320.2,272.3)=    0 (320.8,272.5)=    0 (321.2,272.8)=    0 (321.7,273.1)=    0 (322.2,273.2)=    0 (323.0,273.4)=    0 (323.4,273.6)=    0 (324.0,274.1)=    0 (324.6,274.6)=    0 (325.2,275.2)=    0 (325.7,275.6)=    0 (326.2,275.6)=    0 (326.6,275.6)=    0 (327.1,275.7)=    0 (327.5,276.0)=    0 (327.9,276.0)=    0 (328.1,276.1)=    0 (328.4,276.4)=    0 (328.9,276.5)=    0 (329.1,276.5)=    0 (329.3,276.5)=    0 (329.5,276.6)=    0 (329.8,276.6)=    0 (330.1,276.9)=    0 (330.3,277.1)=    0 (330.8,277.1)=    0 (331.0,277.1)=    0 (331.5,277.0)=    0 (331.9,276.9)=    0 (332.1,276.9)=    0 (332.5,277.0)=    0 (332.8,277.1)=    0 (333.0,277.3)=    0 (333.2,277.5)=    0 (333.3,277.5)=    0 (333.4,277.5)=    0 (333.7,277.5)=    0 (334.0,277.6)=    0 (334.1,277.9)=    0 (334.2,278.0)=    0 (334.4,278.2)=    0 (334.8,278.3)=    0 (335.1,278.6)=    0 (335.5,278.6)=    0 (335.9,278.8)=    0 (336.3,278.8)=    0 (336.7,278.4)=    0 (337.2,278.4)=    0 (337.5,278.4)=    0 (338.1,278.4)=    0 (338.4,278.5)=    0 (338.9,278.5)=    0 (339.4,278.6)=    0 (339.8,278.5)=    0 (340.1,278.5)=    0 (340.4,278.3)=    0 (340.7,278.2)=    0 (341.1,278.4)=    0 (341.3,278.6)=    0 (341.5,278.9)=    0 (341.9,278.9)=    0 (342.2,278.8)=    0 (342.5,278.7)=    0 (342.8,278.8)=    0 (343.2,278.9)=    0 (343.8,279.0)=    0 (344.2,279.3)=    0 (344.8,279.4)=    0 (345.4,279.4)=    0 (345.9,279.5)=    0 (346.4,279.4)=    0 (347.2,279.2)=    0 (347.9,279.2)=    0 (348.4,279.2)=    0 (348.8,279.1)=    0 (349.4,279.3)=    0 (349.9,279.6)=    0 (350.4,279.9)=    0 (351.1,280.0)=    0 (351.6,279.8)=    0 (352.2,279.8)=    0 (352.7,280.0)=    0 (353.4,280.1)=    0 (354.2,280.1)=    0 (354.8,280.2)=    0 (355.6,280.2)=    0 (356.2,280.2)=    0 (357.1,280.3)=    0 (357.6,280.3)=    0 (358.3,280.2)=    0 (358.9,280.1)=    0 (359.4,280.2)=    0 (360.2,280.0)=    0 (361.0,279.7)=    0 (361.7,279.6)=    0 (362.4,279.6)=    0 (363.2,279.4)=    0 (363.9,279.0)=    0 (364.4,278.8)=    0 (365.1,278.3)=    0 (365.9,278.1)=    0 (366.4,278.0)=    0 (366.8,277.5)=    0 (367.5,277.5)=    0 (368.1,277.4)=    0 (368.5,277.3)=    0 (369.1,277.3)=    0 (369.5,277.3)=    0 (370.3,277.1)=    0 (371.1,276.9)=    0 (371.9,276.8)=    0 (372.9,276.8)=    0 (373.9,276.6)=    0 
     70 | (185.0,637.0)=20013 (185.4,637.3)=    0 (185.9,637.5)=    0 (186.4,637.4)=    0 (186.8,637.3)=    0 (187.4,637.3)=    0 (187.9,637.0)=    0 (188.0,637.2)=    0 (188.3,637.4)=    0 (188.8,637.4)=    0 (189.4,637.6)=    0 (189.8,637.5)=    0 (190.1,637.3)=    0 (190.7,637.0)=    0 (191.0,636.7)=    0 (191.4,636.3)=    0 (191.7,635.9)=    0 (192.2,635.6)=    0 (192.4,635.1)=    0 (192.5,634.5)=    0 (192.4,634.3)=    0 (192.3,634.0)=    0 (192.5,633.7)=    0 (192.7,633.7)=    0 (192.7,633.7)=    0 (192.9,633.6)=    0 (193.1,633.3)=    0 (193.4,633.3)=    0 (193.9,633.3)=    0 (194.5,633.3)=    0 (195.2,633.3)=    0 (195.9,633.0)=    0 (196.9,632.8)=    0 (197.7,632.8)=    0 (198.4,632.9)=    0 (198.9,633.0)=    0 (199.5,633.2)=    0 (200.0,633.3)=    0 (200.5,633.4)=    0 (201.0,633.4)=    0 (201.6,633.4)=    0 (202.0,633.5)=    0 (202.3,633.7)=    0 (202.8,633.9)=    0 (203.1,633.9)=    0 (203.7,633.8)=    0 (204.4,633.7)=    0 (204.6,633.7)=    0 (204.9,634.0)=    0 (205.5,634.3)=    0 (205.5,634.6)=    0 (205.8,635.1)=    0 (206.2,635.3)=    0 (206.6,635.6)=    0 (207.0,635.6)=    0 (207.5,635.5)=    0 (207.8,635.5)=    0 (208.0,635.4)=    0 (208.3,635.2)=    0 (208.6,634.4)=    0 (208.7,634.8)=    0 (208.9,634.8)=    0 (209.2,634.6)=    0 (209.4,634.7)=    0 (209.7,634.8)=    0 (209.7,634.5)=    0 (209.9,634.7)=    0 (210.3,634.8)=    0 (210.6,635.0)=    0 (210.8,635.3)=    0 (211.1,635.5)=    0 (211.5,635.8)=    0 (212.0,635.9)=    0 (212.5,635.9)=    0 (213.0,635.7)=    0 (213.4,635.7)=    0 (213.9,635.5)=    0 (214.4,635.5)=    0 (214.9,635.8)=    0 (215.4,635.9)=    0 (215.7,636.2)=    0 (216.2,636.4)=    0 (216.7,636.5)=    0 (217.0,636.5)=    0 (217.2,636.5)=    0 (217.6,636.5)=    0 (218.1,636.4)=    0 (218.3,636.4)=    0 (218.5,636.7)=    0 (218.9,636.6)=    0 (219.2,636.6)=    0 (219.8,636.6)=    0 (220.1,636.5)=    0 (220.7,636.4)=    0 (221.0,636.2)=    0 (221.1,636.4)=    0 (221.6,636.4)=    0 (221.8,636.7)=    0 (222.2,637.1)=    0 (222.5,637.4)=    0 (222.9,637.5)=    0 (223.5,637.8)=    0 (223.8,637.9)=    0 (224.2,638.2)=    0 (224.9,638.3)=    0 (225.2,638.6)=    0 (225.6,639.1)=    0 (226.2,639.3)=    0 (226.7,639.5)=    0 (227.4,639.7)=    0 (227.8,640.1)=    0 (228.3,640.2)=    0 (228.8,640.4)=    0 (229.3,641.0)=    0 (230.1,641.5)=    0 (230.8,641.8)=    0 (231.5,642.0)=    0 (232.0,642.0)=    0 (232.5,641.7)=    0 (233.0,641.8)=    0 (233.6,641.8)=    0 (234.3,641.8)=    0 (234.9,642.0)=    0 (235.6,642.1)=    0 (236.6,642.3)=    0 (237.4,642.3)=    0 (237.9,642.3)=    0 (238.6,642.1)=    0 (239.5,641.8)=    0 (240.0,641.6)=    0 (240.4,641.5)=    0 (241.0,641.6)=    0 (241.4,641.5)=    0 (241.8,641.3)=    0 (242.1,641.1)=    0 (242.4,640.8)=    0 (242.7,640.3)=    0 (243.2,640.3)=    0 (243.7,640.1)=    0 (244.3,639.7)=    0 (245.0,639.6)=    0 (245.5,639.8)=    0 (246.3,639.7)=    0 (246.7,639.6)=    0 (247.3,639.8)=    0 (248.2,639.7)=    0 (249.0,639.4)=    0 (249.9,639.8)=    0 (250.6,640.3)=    0 (251.6,640.8)=    0 (252.4,641.5)=    0 (253.1,641.8)=    0 (253.9,642.2)=    0 (254.6,642.6)=    0 (255.3,643.2)=    0 (256.3,643.9)=    0 (257.3,644.5)=    0 (258.0,645.3)=    0 (258.9,646.2)=    0 (259.6,646.6)=    0 (260.1,646.9)=    0 (260.4,646.9)=    0 (260.7,646.7)=    0 (260.6,646.6)=    0 (260.9,646.6)=    0 (261.2,646.6)=    0 (261.5,646.9)=    0 (261.8,647.3)=    0 (262.0,647.5)=    0 (262.5,647.7)=    0 (262.8,647.7)=    0 (263.2,647.8)=    0 (263.7,648.1)=    0 (264.3,648.5)=    0 (264.8,649.0)=    0 (265.1,649.5)=    0 (265.8,650.0)=    0 (266.3,650.3)=    0 (266.8,650.8)=    0 (267.3,650.8)=    0 (267.6,651.1)=    0 (267.9,651.3)=    0 (268.1,651.3)=    0 (268.4,651.4)=    0 (268.7,651.6)=    0 (268.9,651.9)=    0 (269.2,651.9)=    0 (269.3,652.1)=    0 (269.4,652.2)=    0 (269.7,652.3)=    0 (269.9,652.3)=    0 (270.2,652.5)=    0 (270.4,652.5)=    0 (270.9,652.5)=    0 (271.1,652.5)=    0 (271.5,652.5)=    0 (271.9,652.4)=    0 (272.0,652.4)=    0 (272.4,652.5)=    0 (272.7,652.6)=    0 (272.7,652.9)=    0 (272.9,653.1)=    0 (273.0,653.0)=    0 (273.1,653.1)=    0 (273.4,653.1)=    0 (273.5,653.1)=    0 (273.6,653.3)=    0 (273.9,653.3)=    0 (274.0,653.5)=    0 (274.3,653.8)=    0 (274.6,653.9)=    0 (274.9,653.9)=    0 (275.2,654.0)=    0 (275.7,653.8)=    0 (276.0,653.8)=    0 (276.4,653.9)=    0 (276.9,653.9)=    0 (277.4,654.0)=    0 (277.6,654.3)=    0 (277.9,654.3)=    0 (278.4,654.3)=    0 (278.8,654.2)=    0 (279.2,654.1)=    0 (279.5,653.9)=    0 (279.8,654.0)=    0 (280.1,654.1)=    0 (280.3,654.2)=    0 (280.6,654.4)=    0 (280.8,654.4)=    0 (281.1,654.3)=    0 (281.3,654.3)=    0 (281.5,654.1)=    0 (282.0,653.8)=    0 (282.5,654.2)=    0 (283.0,654.2)=    0 (283.5,654.2)=    0 (284.0,654.5)=    0 (284.5,654.5)=    0 (285.0,654.5)=    0 (285.5,654.5)=    0 (286.2,654.5)=    0 (286.9,654.3)=    0 (287.2,654.4)=    0 (287.7,654.5)=    0 (288.2,654.6)=    0 (288.5,654.9)=    0 (289.0,654.9)=    0 (289.7,654.8)=    0 (290.1,655.0)=    0 (290.5,655.0)=    0 (291.2,655.0)=    0 (291.8,655.4)=    0 (292.3,655.4)=    0 (293.1,655.4)=    0 (293.6,655.5)=    0 (294.3,655.6)=    0 (294.8,655.6)=    0 (295.3,655.6)=    0 (295.9,655.6)=    0 (296.4,655.6)=    0 (297.0,655.5)=    0 (297.8,655.4)=    0 (298.4,655.5)=    0 (298.9,655.4)=    0 (299.7,655.2)=    0 (300.3,654.9)=    0 (301.1,654.7)=    0 (301.6,654.2)=    0 (302.4,654.3)=    0 (302.8,654.0)=    0 (303.1,654.1)=    0 (303.7,654.1)=    0 (304.1,654.2)=    0 (304.5,654.1)=    0 (305.0,654.1)=    0 (305.5,653.9)=    0 (306.2,653.7)=    0 (307.0,653.6)=    0 (307.7,653.6)=    0 (308.8,653.7)=    0 (309.7,653.7)=    0 
     71 | (280.0,655.0)=19637 (280.4,655.3)=    0 (281.0,655.5)=    0 (281.4,655.4)=    0 (281.9,655.5)=    0 (282.4,655.5)=    0 (282.8,655.3)=    0 (283.0,655.3)=    0 (283.4,655.7)=    0 (283.9,655.8)=    0 (284.4,656.0)=    0 (284.7,656.0)=    0 (285.2,655.8)=    0 (285.8,655.5)=    0 (286.1,655.3)=    0 (286.5,654.9)=    0 (286.8,654.5)=    0 (287.4,654.2)=    0 (287.4,653.5)=    0 (287.5,653.1)=    0 (287.4,652.8)=    0 (287.3,652.7)=    0 (287.4,652.4)=    0 (287.6,652.4)=    0 (287.8,652.4)=    0 (287.8,652.5)=    0 (288.1,652.3)=    0 (288.4,652.2)=    0 (288.8,652.3)=    0 (289.3,652.3)=    0 (290.0,652.3)=    0 (290.8,652.2)=    0 (291.7,652.1)=    0 (292.6,652.1)=    0 (293.4,652.2)=    0 (294.0,652.2)=    0 (294.5,652.4)=    0 (295.2,652.4)=    0 (295.7,652.6)=    0 (296.1,652.6)=    0 (296.6,652.7)=    0 (297.0,652.8)=    0 (297.4,653.1)=    0 (297.8,653.3)=    0 (298.1,653.3)=    0 (298.6,653.3)=    0 (299.2,653.3)=    0 (299.5,653.4)=    0 (300.0,653.6)=    0 (300.5,653.9)=    0 (300.7,654.4)=    0 (300.9,654.8)=    0 (301.2,655.1)=    0 (301.5,655.2)=    0 (302.0,655.4)=    0 (302.3,655.4)=    0 (302.8,655.4)=    0 (303.1,655.3)=    0 (303.3,655.1)=    0 (303.3,654.3)=    0 (303.5,654.6)=    0 (303.6,654.7)=    0 (304.0,654.6)=    0 (304.3,654.6)=    0 (304.5,654.6)=    0 (304.8,654.5)=    0 (304.8,654.6)=    0 (305.2,654.7)=    0 (305.4,654.9)=    0 (305.6,655.2)=    0 (305.9,655.4)=    0 (306.4,655.6)=    0 (306.9,656.0)=    0 (307.2,656.0)=    0 (307.7,655.8)=    0 (308.2,655.8)=    0 (308.9,655.6)=    0 (309.3,655.5)=    0 (309.8,655.8)=    0 (310.3,655.8)=    0 (310.6,656.2)=    0 (311.1,656.4)=    0 (311.7,656.5)=    0 (311.9,656.5)=    0 (312.2,656.7)=    0 (312.5,656.8)=    0 (312.8,656.6)=    0 (313.2,656.7)=    0 (313.5,656.9)=    0 (313.7,656.8)=    0 (314.2,656.7)=    0 (314.7,656.7)=    0 (315.2,656.6)=    0 (315.6,656.6)=    0 (316.1,656.4)=    0 (316.3,656.4)=    0 (316.6,656.6)=    0 (316.9,656.8)=    0 (317.2,657.3)=    0 (317.5,657.4)=    0 (318.0,657.7)=    0 (318.5,658.0)=    0 (318.8,658.2)=    0 (319.2,658.5)=    0 (319.7,658.7)=    0 (320.2,658.9)=    0 (320.7,659.3)=    0 (321.3,659.7)=    0 (321.8,659.9)=    0 (322.5,660.4)=    0 (323.0,660.6)=    0 (323.5,660.7)=    0 (323.8,661.0)=    0 (324.5,661.5)=    0 (325.3,662.2)=    0 (326.1,662.4)=    0 (326.8,662.7)=    0 (327.4,662.8)=    0 (327.8,662.6)=    0 (328.3,662.6)=    0 (329.1,662.9)=    0 (329.5,662.9)=    0 (330.1,663.0)=    0 (330.9,663.1)=    0 (331.9,663.3)=    0 (332.6,663.4)=    0 (333.4,663.4)=    0 (334.3,663.3)=    0 (335.0,663.1)=    0 (335.5,663.1)=    0 (335.9,663.0)=    0 (336.4,663.0)=    0 (336.8,662.9)=    0 (337.3,662.9)=    0 (337.8,662.7)=    0 (338.0,662.4)=    0 (338.3,662.2)=    0 (338.7,661.9)=    0 (339.1,661.7)=    0 (339.7,661.4)=    0 (340.5,661.4)=    0 (341.1,661.5)=    0 (341.8,661.5)=    0 (342.3,661.5)=    0 (343.1,661.7)=    0 (344.0,661.7)=    0 (344.7,661.6)=    0 (345.7,661.9)=    0 (346.4,662.4)=    0 (347.2,662.8)=    0 (348.2,663.5)=    0 (349.0,664.0)=    0 (349.7,664.3)=    0 (350.4,664.9)=    0 (351.1,665.5)=    0 (352.0,666.3)=    0 (352.9,667.0)=    0 (353.9,667.8)=    0 (354.7,668.8)=    0 (355.3,669.4)=    0 (355.9,669.7)=    0 (356.1,669.7)=    0 (356.3,669.5)=    0 (356.3,669.5)=    0 (356.6,669.5)=    0 (356.9,669.5)=    0 (357.2,669.9)=    0 (357.6,670.1)=    0 (357.9,670.3)=    0 (358.3,670.6)=    0 (358.6,670.8)=    0 (358.9,671.0)=    0 (359.4,671.3)=    0 (360.1,671.7)=    0 (360.7,672.3)=    0 (361.1,672.8)=    0 (361.8,673.3)=    0 (362.1,673.5)=    0 (362.6,674.0)=    0 (363.0,674.3)=    0 (363.4,674.4)=    0 (363.8,674.6)=    0 (364.1,674.8)=    0 (364.3,674.9)=    0 (364.5,675.2)=    0 (364.7,675.6)=    0 (365.0,675.6)=    0 (365.3,675.8)=    0 (365.5,676.0)=    0 (365.7,676.1)=    0 (365.9,676.1)=    0 (366.1,676.3)=    0 (366.3,676.3)=    0 (366.7,676.3)=    0 (367.1,676.3)=    0 (367.6,676.2)=    0 (368.0,676.2)=    0 (368.0,676.2)=    0 (368.4,676.3)=    0 (368.7,676.5)=    0 (368.9,676.8)=    0 (368.8,676.9)=    0 (369.0,676.9)=    0 (369.2,677.1)=    0 (369.4,677.1)=    0 (369.7,677.1)=    0 (369.7,677.2)=    0 (369.9,677.3)=    0 (370.1,677.5)=    0 (370.4,677.8)=    0 (370.6,677.9)=    0 (371.0,678.0)=    0 (371.2,678.1)=    0 (371.7,678.0)=    0 (372.0,678.0)=    0 (372.5,678.0)=    0 (372.8,678.0)=    0 (373.4,678.2)=    0 (373.7,678.3)=    0 (374.0,678.4)=    0 (374.7,678.5)=    0 (375.1,678.4)=    0 (375.5,678.4)=    0 (375.7,678.2)=    0 (375.9,678.3)=    0 (376.2,678.5)=    0 (376.4,678.6)=    0 (376.6,678.9)=    0 (377.0,678.8)=    0 (377.3,678.8)=    0 (377.5,678.8)=    0 (377.6,678.7)=    0 (378.0,678.5)=    0 (378.5,678.8)=    0 (379.0,679.0)=    0 (379.5,679.0)=    0 (380.2,679.3)=    0 (380.6,679.4)=    0 (381.1,679.4)=    0 (381.8,679.4)=    0 (382.5,679.4)=    0 (383.1,679.4)=    0 (383.5,679.3)=    0 (383.8,679.5)=    0 (384.3,679.6)=    0 (384.8,679.9)=    0 (385.4,680.0)=    0 (385.9,680.0)=    0 (386.6,680.3)=    0 (386.9,680.3)=    0 (387.6,680.3)=    0 (388.3,680.6)=    0 (388.7,680.7)=    0 (389.5,680.8)=    0 (390.2,681.0)=    0 (390.9,681.0)=    0 (391.4,681.0)=    0 (392.0,681.1)=    0 (392.5,681.0)=    0 (393.1,681.0)=    0 (393.8,681.0)=    0 (394.4,681.0)=    0 (395.1,681.1)=    0 (395.7,681.1)=    0 (396.4,680.8)=    0 (397.1,680.6)=    0 (397.8,680.6)=    0 (398.5,680.2)=    0 (399.3,680.1)=    0 (399.8,679.9)=    0 (400.2,679.9)=    0 (400.8,680.1)=    0 (401.3,680.2)=    0 (401.7,680.3)=    0 (402.0,680.4)=    0 (402.6,680.2)=    0 (403.4,680.0)=    0 (404.2,679.8)=    0 (405.0,679.9)=    0 (406.0,680.2)=    0 (406.9,680.2)=    0 
     72 | (375.0,619.0)=19413 (375.5,619.3)=    0 (376.1,619.6)=    0 (376.6,619.6)=    0 (377.0,619.6)=    0 (377.5,619.7)=    0 (377.9,619.7)=    0 (378.2,619.7)=    0 (378.4,619.9)=    0 (378.9,620.2)=    0 (379.5,620.4)=    0 (379.8,620.4)=    0 (380.4,620.3)=    0 (380.9,620.0)=    0 (381.4,619.8)=    0 (381.7,619.5)=    0 (382.0,619.2)=    0 (382.5,618.9)=    0 (382.6,618.5)=    0 (382.6,617.9)=    0 (382.6,617.7)=    0 (382.5,617.7)=    0 (382.6,617.4)=    0 (382.9,617.4)=    0 (383.2,617.4)=    0 (383.3,617.4)=    0 (383.4,617.2)=    0 (383.9,617.2)=    0 (384.5,617.4)=    0 (385.1,617.4)=    0 (385.6,617.4)=    0 (386.4,617.4)=    0 (387.4,617.1)=    0 (388.4,617.3)=    0 (389.0,617.4)=    0 (389.6,617.5)=    0 (390.0,617.7)=    0 (390.6,618.0)=    0 (391.0,618.2)=    0 (391.5,618.3)=    0 (391.8,618.4)=    0 (392.3,618.6)=    0 (392.7,618.8)=    0 (393.2,619.0)=    0 (393.5,619.2)=    0 (393.9,619.2)=    0 (394.5,619.3)=    0 (394.8,619.2)=    0 (395.3,619.5)=    0 (396.0,619.7)=    0 (396.0,620.0)=    0 (396.3,620.5)=    0 (396.5,620.8)=    0 (396.9,621.1)=    0 (397.3,621.2)=    0 (397.7,621.1)=    0 (398.2,621.2)=    0 (398.5,621.2)=    0 (398.7,621.0)=    0 (398.4,620.5)=    0 (398.7,620.7)=    0 (398.9,620.9)=    0 (399.0,620.7)=    0 (399.5,620.7)=    0 (399.8,620.7)=    0 (400.0,620.5)=    0 (400.2,620.6)=    0 (400.5,620.9)=    0 (400.7,621.0)=    0 (400.9,621.3)=    0 (401.3,621.6)=    0 (401.6,621.8)=    0 (402.1,622.1)=    0 (402.6,622.2)=    0 (403.1,621.9)=    0 (403.6,621.8)=    0 (404.1,621.8)=    0 (404.7,621.8)=    0 (405.3,622.0)=    0 (405.8,622.2)=    0 (406.1,622.3)=    0 (406.6,622.7)=    0 (407.0,622.7)=    0 (407.3,622.7)=    0 (407.6,622.9)=    0 (407.9,623.0)=    0 (408.2,622.9)=    0 (408.6,622.9)=    0 (408.9,623.1)=    0 (409.2,623.1)=    0 (409.7,623.1)=    0 (410.3,623.0)=    0 (410.7,622.9)=    0 (411.1,622.9)=    0 (411.7,622.7)=    0 (411.9,622.7)=    0 (412.1,623.0)=    0 (412.5,623.2)=    0 (412.7,623.6)=    0 (413.0,623.8)=    0 (413.4,624.0)=    0 (413.8,624.3)=    0 (414.3,624.6)=    0 (414.7,625.0)=    0 (415.2,625.2)=    0 (415.7,625.6)=    0 (416.4,626.0)=    0 (416.9,626.4)=    0 (417.4,626.6)=    0 (418.1,627.0)=    0 (418.6,627.3)=    0 (419.1,627.5)=    0 (419.6,627.7)=    0 (420.4,628.3)=    0 (421.2,629.0)=    0 (421.9,629.3)=    0 (422.4,629.6)=    0 (423.2,629.7)=    0 (423.6,629.5)=    0 (424.3,629.5)=    0 (424.9,629.7)=    0 (425.6,629.6)=    0 (426.3,629.8)=    0 (427.0,630.1)=    0 (428.0,630.3)=    0 (429.0,630.4)=    0 (429.7,630.4)=    0 (430.6,630.4)=    0 (431.3,630.1)=    0 (431.8,630.1)=    0 (432.2,630.1)=    0 (432.7,630.1)=    0 (433.2,630.1)=    0 (433.7,630.1)=    0 (434.2,630.1)=    0 (434.4,629.8)=    0 (434.8,629.5)=    0 (435.3,629.4)=    0 (435.8,629.2)=    0 (436.6,628.9)=    0 (437.4,628.9)=    0 (437.9,629.1)=    0 (438.7,629.1)=    0 (439.2,629.1)=    0 (439.9,629.3)=    0 (440.7,629.4)=    0 (441.6,629.3)=    0 (442.6,629.7)=    0 (443.4,630.4)=    0 (444.4,630.9)=    0 (445.3,631.6)=    0 (445.9,632.1)=    0 (446.8,632.6)=    0 (447.4,633.1)=    0 (448.2,633.8)=    0 (448.9,634.6)=    0 (449.9,635.4)=    0 (450.7,636.1)=    0 (451.7,637.1)=    0 (452.4,637.8)=    0 (452.7,638.1)=    0 (452.9,638.2)=    0 ( -1.0, -1.0)=   -4 ( -1.0, -1.0)=   -4 ( -1.0, -1.0)=   -4 ( -1.0, -1.0)=   -4 ( -1.0, -1.0)=   -4 ( -1.0, -1.0)=   -4 ( -1.0, -1.0)=   -4 ( -1.0, -1.0)=   -4 ( -1.0, -1.0)=   -4 ( -1.0, -1.0)=   -4 ( -1.0, -1.0)=   -4 ( -1.0, -1.0)=   -4 ( -1.0, -1.0)=   -4 ( -1.0, -1.0)=   -4 ( -1.0, -1.0)=   -4 ( -1.0, -1.0)=   -4 ( -1.0, -1.0)=   -4 ( -1.0, -1.0)=   -4 ( -1.0, -1.0)=   -4 ( -1.0, -1.0)=   -4 ( -1.0, -1.0)=   -4 ( -1.0, -1.0)=   -4 ( -1.0, -1.0)=   -4 ( -1.0, -1.0)=   -4 ( -1.0, -1.0)=   -4 ( -1.0, -1.0)=   -4 ( -1.0, -1.0)=   -4 ( -1.0, -1.0)=   -4 ( -1.0, -1.0)=   -4 ( -1.0, -1.0)=   -4 ( -1.0, -1.0)=   -4 ( -1.0, -1.0)=   -4 ( -1.0, -1.0)=   -4 ( -1.0, -1.0)=   -4 ( -1.0, -1.0)=   -4 ( -1.0, -1.0)=   -4 ( -1.0, -1.0)=   -4 ( -1.0, -1.0)=   -4 ( -1.0, -1.0)=   -4 ( -1.0, -1.0)=   -4 ( -1.0, -1.0)=   -4 ( -1.0, -1.0)=   -4 ( -1.0, -1.0)=   -4 ( -1.0, -1.0)=   -4 ( -1.0, -1.0)=   -4 ( -1.0, -1.0)=   -4 ( -1.0, -1.0)=   -4 ( -1.0, -1.0)=   -4 ( -1.0, -1.0)=   -4 ( -1.0, -1.0)=   -4 ( -1.0, -1.0)=   -4 ( -1.0, -1.0)=   -4 ( -1.0, -1.0)=   -4 ( -1.0, -1.0)=   -4 ( -1.0, -1.0)=   -4 ( -1.0, -1.0)=   -4 ( -1.0, -1.0)=   -4 ( -1.0, -1.0)=   -4 ( -1.0, -1.0)=   -4 ( -1.0, -1.0)=   -4 ( -1.0, -1.0)=   -4 ( -1.0, -1.0)=   -4 ( -1.0, -1.0)=   -4 ( -1.0, -1.0)=   -4 ( -1.0, -1.0)=   -4 ( -1.0, -1.0)=   -4 ( -1.0, -1.0)=   -4 ( -1.0, -1.0)=   -4 ( -1.0, -1.0)=   -4 ( -1.0, -1.0)=   -4 ( -1.0, -1.0)=   -4 ( -1.0, -1.0)=   -4 ( -1.0, -1.0)=   -4 ( -1.0, -1.0)=   -4 ( -1.0, -1.0)=   -4 ( -1.0, -1.0)=   -4 ( -1.0, -1.0)=   -4 ( -1.0, -1.0)=   -4 ( -1.0, -1.0)=   -4 ( -1.0, -1.0)=   -4 ( -1.0, -1.0)=   -4 ( -1.0, -1.0)=   -4 ( -1.0, -1.0)=   -4 ( -1.0, -1.0)=   -4 ( -1.0, -1.0)=   -4 ( -1.0, -1.0)=   -4 ( -1.0, -1.0)=   -4 ( -1.0, -1.0)=   -4 ( -1.0, -1.0)=   -4 ( -1.0, -1.0)=   -4 ( -1.0, -1.0)=   -4 ( -1.0, -1.0)=   -4 ( -1.0, -1.0)=   -4 ( -1.0, -1.0)=   -4 ( -1.0, -1.0)=   -4 ( -1.0, -1.0)=   -4 ( -1.0, -1.0)=   -4 ( -1.0, -1.0)=   -4 ( -1.0, -1.0)=   -4 ( -1.0, -1.0)=   -4 ( -1.0, -1.0)=   -4 ( -1.0, -1.0)=   -4 ( -1.0, -1.0)=   -4 ( -1.0, -1.0)=   -4 ( -1.0, -1.0)=   -4 ( -1.0, -1.0)=   -4 ( -1.0, -1.0)=   -4 ( -1.0, -1.0)=   -4 ( -1.0, -1.0)=   -4 ( -1.0, -1.0)=   -4 ( -1.0, -1.0)=   -4 ( -1.0, -1.0)=   -4 ( -1.0, -1.0)=   -4 ( -1.0, -1.0)=   -4 ( -1.0, -1.0)=   -4 ( -1.0, -1.0)=   -4 ( -1.0, -1.0)=   -4 ( -1.0, -1.0)=   -4 ( -1.0, -1.0)=   -4 
     73 | (117.0,552.0)=19210 (117.3,552.3)=    0 (117.8,552.6)=    0 (118.3,552.4)=    0 (118.6,552.3)=    0 (119.1,552.3)=    0 (119.8,552.1)=    0 (119.9,552.1)=    0 (120.3,552.4)=    0 (120.7,552.4)=    0 (121.2,552.5)=    0 (121.6,552.5)=    0 (122.0,552.3)=    0 (122.4,551.9)=    0 (122.7,551.7)=    0 (123.2,551.2)=    0 (123.5,550.8)=    0 (123.9,550.3)=    0 (124.3,549.8)=    0 (124.2,549.4)=    0 (124.3,549.2)=    0 (124.3,548.9)=    0 (124.4,548.6)=    0 (124.7,548.5)=    0 (124.7,548.5)=    0 (124.9,548.5)=    0 (125.4,548.1)=    0 (125.7,548.1)=    0 (126.2,547.9)=    0 (126.8,547.9)=    0 (127.4,547.7)=    0 (128.2,547.6)=    0 (129.1,547.3)=    0 (129.8,547.3)=    0 (130.6,547.4)=    0 (131.2,547.4)=    0 (131.7,547.7)=    0 (132.2,547.6)=    0 (132.8,547.7)=    0 (133.3,547.8)=    0 (134.0,547.8)=    0 (134.5,547.9)=    0 (134.7,547.9)=    0 (135.2,548.2)=    0 (135.6,548.3)=    0 (136.1,548.3)=    0 (136.8,548.2)=    0 (137.0,548.2)=    0 (137.3,548.4)=    0 (137.9,548.6)=    0 (138.0,548.9)=    0 (138.2,549.2)=    0 (138.7,549.4)=    0 ( -1.0, -1.0)=   -3 ( -1.0, -1.0)=   -3 ( -1.0, -1.0)=   -3 ( -1.0, -1.0)=   -3 ( -1.0, -1.0)=   -3 ( -1.0, -1.0)=   -3 ( -1.0, -1.0)=   -3 ( -1.0, -1.0)=   -3 ( -1.0, -1.0)=   -3 ( -1.0, -1.0)=   -3 ( -1.0, -1.0)=   -3 ( -1.0, -1.0)=   -3 ( -1.0, -1.0)=   -3 ( -1.0, -1.0)=   -3 ( -1.0, -1.0)=   -3 ( -1.0, -1.0)=   -3 ( -1.0, -1.0)=   -3 ( -1.0, -1.0)=   -3 ( -1.0, -1.0)=   -3 ( -1.0, -1.0)=   -3 ( -1.0, -1.0)=   -3 ( -1.0, -1.0)=   -3 ( -1.0, -1.0)=   -3 ( -1.0, -1.0)=   -3 ( -1.0, -1.0)=   -3 ( -1.0, -1.0)=   -3 ( -1.0, -1.0)=   -3 ( -1.0, -1.0)=   -3 ( -1.0, -1.0)=   -3 ( -1.0, -1.0)=   -3 ( -1.0, -1.0)=   -3 ( -1.0, -1.0)=   -3 ( -1.0, -1.0)=   -3 ( -1.0, -1.0)=   -3 ( -1.0, -1.0)=   -3 ( -1.0, -1.0)=   -3 ( -1.0, -1.0)=   -3 ( -1.0, -1.0)=   -3 ( -1.0, -1.0)=   -3 ( -1.0, -1.0)=   -3 ( -1.0, -1.0)=   -3 ( -1.0, -1.0)=   -3 ( -1.0, -1.0)=   -3 ( -1.0, -1.0)=   -3 ( -1.0, -1.0)=   -3 ( -1.0, -1.0)=   -3 ( -1.0, -1.0)=   -3 ( -1.0, -1.0)=   -3 ( -1.0, -1.0)=   -3 ( -1.0, -1.0)=   -3 ( -1.0, -1.0)=   -3 ( -1.0, -1.0)=   -3 ( -1.0, -1.0)=   -3 ( -1.0, -1.0)=   -3 ( -1.0, -1.0)=   -3 ( -1.0, -1.0)=   -3 ( -1.0, -1.0)=   -3 ( -1.0, -1.0)=   -3 ( -1.0, -1.0)=   -3 ( -1.0, -1.0)=   -3 ( -1.0, -1.0)=   -3 ( -1.0, -1.0)=   -3 ( -1.0, -1.0)=   -3 ( -1.0, -1.0)=   -3 ( -1.0, -1.0)=   -3 ( -1.0, -1.0)=   -3 ( -1.0, -1.0)=   -3 ( -1.0, -1.0)=   -3 ( -1.0, -1.0)=   -3 ( -1.0, -1.0)=   -3 ( -1.0, -1.0)=   -3 ( -1.0, -1.0)=   -3 ( -1.0, -1.0)=   -3 ( -1.0, -1.0)=   -3 ( -1.0, -1.0)=   -3 ( -1.0, -1.0)=   -3 ( -1.0, -1.0)=   -3 ( -1.0, -1.0)=   -3 ( -1.0, -1.0)=   -3 ( -1.0, -1.0)=   -3 ( -1.0, -1.0)=   -3 ( -1.0, -1.0)=   -3 ( -1.0, -1.0)=   -3 ( -1.0, -1.0)=   -3 ( -1.0, -1.0)=   -3 ( -1.0, -1.0)=   -3 ( -1.0, -1.0)=   -3 ( -1.0, -1.0)=   -3 ( -1.0, -1.0)=   -3 ( -1.0, -1.0)=   -3 ( -1.0, -1.0)=   -3 ( -1.0, -1.0)=   -3 ( -1.0, -1.0)=   -3 ( -1.0, -1.0)=   -3 ( -1.0, -1.0)=   -3 ( -1.0, -1.0)=   -3 ( -1.0, -1.0)=   -3 ( -1.0, -1.0)=   -3 ( -1.0, -1.0)=   -3 ( -1.0, -1.0)=   -3 ( -1.0, -1.0)=   -3 ( -1.0, -1.0)=   -3 ( -1.0, -1.0)=   -3 ( -1.0, -1.0)=   -3 ( -1.0, -1.0)=   -3 ( -1.0, -1.0)=   -3 ( -1.0, -1.0)=   -3 ( -1.0, -1.0)=   -3 ( -1.0, -1.0)=   -3 ( -1.0, -1.0)=   -3 ( -1.0, -1.0)=   -3 ( -1.0, -1.0)=   -3 ( -1.0, -1.0)=   -3 ( -1.0, -1.0)=   -3 ( -1.0, -1.0)=   -3 ( -1.0, -1.0)=   -3 ( -1.0, -1.0)=   -3 ( -1.0, -1.0)=   -3 ( -1.0, -1.0)=   -3 ( -1.0, -1.0)=   -3 ( -1.0, -1.0)=   -3 ( -1.0, -1.0)=   -3 ( -1.0, -1.0)=   -3 ( -1.0, -1.0)=   -3 ( -1.0, -1.0)=   -3 ( -1.0, -1.0)=   -3 ( -1.0, -1.0)=   -3 ( -1.0, -1.0)=   -3 ( -1.0, -1.0)=   -3 ( -1.0, -1.0)=   -3 ( -1.0, -1.0)=   -3 ( -1.0, -1.0)=   -3 ( -1.0, -1.0)=   -3 ( -1.0, -1.0)=   -3 ( -1.0, -1.0)=   -3 ( -1.0, -1.0)=   -3 ( -1.0, -1.0)=   -3 ( -1.0, -1.0)=   -3 ( -1.0, -1.0)=   -3 ( -1.0, -1.0)=   -3 ( -1.0, -1.0)=   -3 ( -1.0, -1.0)=   -3 ( -1.0, -1.0)=   -3 ( -1.0, -1.0)=   -3 ( -1.0, -1.0)=   -3 ( -1.0, -1.0)=   -3 ( -1.0, -1.0)=   -3 ( -1.0, -1.0)=   -3 ( -1.0, -1.0)=   -3 ( -1.0, -1.0)=   -3 ( -1.0, -1.0)=   -3 ( -1.0, -1.0)=   -3 ( -1.0, -1.0)=   -3 ( -1.0, -1.0)=   -3 ( -1.0, -1.0)=   -3 ( -1.0, -1.0)=   -3 ( -1.0, -1.0)=   -3 ( -1.0, -1.0)=   -3 ( -1.0, -1.0)=   -3 ( -1.0, -1.0)=   -3 ( -1.0, -1.0)=   -3 ( -1.0, -1.0)=   -3 ( -1.0, -1.0)=   -3 ( -1.0, -1.0)=   -3 ( -1.0, -1.0)=   -3 ( -1.0, -1.0)=   -3 ( -1.0, -1.0)=   -3 ( -1.0, -1.0)=   -3 ( -1.0, -1.0)=   -3 ( -1.0, -1.0)=   -3 ( -1.0, -1.0)=   -3 ( -1.0, -1.0)=   -3 ( -1.0, -1.0)=   -3 ( -1.0, -1.0)=   -3 ( -1.0, -1.0)=   -3 ( -1.0, -1.0)=   -3 ( -1.0, -1.0)=   -3 ( -1.0, -1.0)=   -3 ( -1.0, -1.0)=   -3 ( -1.0, -1.0)=   -3 ( -1.0, -1.0)=   -3 ( -1.0, -1.0)=   -3 ( -1.0, -1.0)=   -3 ( -1.0, -1.0)=   -3 ( -1.0, -1.0)=   -3 ( -1.0, -1.0)=   -3 ( -1.0, -1.0)=   -3 ( -1.0, -1.0)=   -3 ( -1.0, -1.0)=   -3 ( -1.0, -1.0)=   -3 ( -1.0, -1.0)=   -3 ( -1.0, -1.0)=   -3 ( -1.0, -1.0)=   -3 ( -1.0, -1.0)=   -3 ( -1.0, -1.0)=   -3 ( -1.0, -1.0)=   -3 ( -1.0, -1.0)=   -3 ( -1.0, -1.0)=   -3 ( -1.0, -1.0)=   -3 ( -1.0, -1.0)=   -3 ( -1.0, -1.0)=   -3 ( -1.0, -1.0)=   -3 ( -1.0, -1.0)=   -3 ( -1.0, -1.0)=   -3 ( -1.0, -1.0)=   -3 ( -1.0, -1.0)=   -3 ( -1.0, -1.0)=   -3 ( -1.0, -1.0)=   -3 ( -1.0, -1.0)=   -3 ( -1.0, -1.0)=   -3 ( -1.0, -1.0)=   -3 ( -1.0, -1.0)=   -3 ( -1.0, -1.0)=   -3 ( -1.0, -1.0)=   -3 ( -1.0, -1.0)=   -3 ( -1.0, -1.0)=   -3 ( -1.0, -1.0)=   -3 ( -1.0, -1.0)=   -3 ( -1.0, -1.0)=   -3 ( -1.0, -1.0)=   -3 ( -1.0, -1.0)=   -3 ( -1.0, -1.0)=   -3 ( -1.0, -1.0)=   -3 ( -1.0, -1.0)=   -3 ( -1.0, -1.0)=   -3 ( -1.0, -1.0)=   -3 ( -1.0, -1.0)=   -3 ( -1.0, -1.0)=   -3 
     74 | (375.0,594.0)=19179 (375.3,594.3)=    0 (376.1,594.5)=    0 (376.3,594.5)=    0 (376.9,594.5)=    0 (377.3,594.5)=    0 (377.8,594.5)=    0 (378.1,594.5)=    0 (378.5,594.8)=    0 (378.9,594.9)=    0 (379.5,595.2)=    0 (379.8,595.1)=    0 (380.3,595.1)=    0 (380.9,594.8)=    0 (381.3,594.5)=    0 (381.7,594.3)=    0 (382.0,593.9)=    0 (382.5,593.6)=    0 (382.7,593.2)=    0 (382.8,592.7)=    0 (382.7,592.5)=    0 (382.5,592.5)=    0 (382.6,592.2)=    0 (383.0,592.2)=    0 (383.2,592.2)=    0 (383.3,592.3)=    0 (383.6,592.0)=    0 (384.0,592.1)=    0 (384.5,592.1)=    0 (385.1,592.2)=    0 (385.7,592.1)=    0 (386.5,592.1)=    0 (387.5,592.1)=    0 (388.4,592.1)=    0 (389.2,592.1)=    0 (389.8,592.2)=    0 (390.3,592.5)=    0 (390.8,592.7)=    0 (391.3,592.9)=    0 (391.8,593.0)=    0 (392.2,593.1)=    0 (392.7,593.3)=    0 (393.1,593.5)=    0 (393.6,593.7)=    0 (393.9,593.9)=    0 (394.3,593.9)=    0 (395.0,593.9)=    0 (395.3,593.9)=    0 (395.7,594.1)=    0 (396.3,594.4)=    0 (396.4,594.8)=    0 (396.6,595.3)=    0 (397.1,595.5)=    0 (397.3,595.8)=    0 (397.8,595.9)=    0 (398.1,595.9)=    0 (398.6,595.9)=    0 (399.0,595.9)=    0 (399.2,595.8)=    0 (399.2,595.3)=    0 (399.2,595.4)=    0 (399.3,595.7)=    0 (399.6,595.6)=    0 (400.0,595.5)=    0 (400.4,595.5)=    0 (400.6,595.4)=    0 (400.8,595.4)=    0 (401.1,595.6)=    0 (401.3,595.8)=    0 (401.5,596.1)=    0 (401.9,596.3)=    0 (402.2,596.6)=    0 (402.7,596.8)=    0 (403.1,596.8)=    0 (403.6,596.8)=    0 (404.2,596.7)=    0 (404.8,596.5)=    0 (405.3,596.5)=    0 (405.8,596.8)=    0 (406.3,596.8)=    0 (406.7,597.1)=    0 (407.0,597.4)=    0 (407.5,597.4)=    0 (407.8,597.5)=    0 (408.2,597.5)=    0 (408.5,597.7)=    0 (408.7,597.5)=    0 (409.1,597.5)=    0 (409.4,597.7)=    0 (409.7,597.7)=    0 (410.1,597.7)=    0 (410.7,597.7)=    0 (411.2,597.6)=    0 (411.7,597.4)=    0 (412.2,597.3)=    0 (412.4,597.3)=    0 (412.8,597.5)=    0 (413.1,597.7)=    0 (413.3,598.1)=    0 (413.5,598.3)=    0 (414.0,598.6)=    0 (414.5,598.8)=    0 (415.0,599.2)=    0 (415.4,599.4)=    0 (415.9,599.7)=    0 (416.3,599.8)=    0 (417.0,600.3)=    0 (417.4,600.6)=    0 (418.0,600.8)=    0 (418.6,601.4)=    0 (419.2,601.6)=    0 (419.6,601.8)=    0 (420.2,602.0)=    0 (420.9,602.5)=    0 (421.7,603.1)=    0 (422.3,603.5)=    0 (423.0,603.8)=    0 (423.6,604.0)=    0 (424.2,603.8)=    0 (424.9,603.8)=    0 (425.6,604.1)=    0 (426.1,604.0)=    0 (427.0,604.1)=    0 (427.7,604.2)=    0 (428.7,604.5)=    0 (429.5,604.6)=    0 (430.3,604.7)=    0 (431.2,604.6)=    0 (431.9,604.5)=    0 (432.4,604.4)=    0 (432.8,604.3)=    0 (433.3,604.4)=    0 (433.9,604.4)=    0 (434.4,604.4)=    0 (434.8,604.4)=    0 (435.1,604.1)=    0 (435.6,603.9)=    0 (436.1,603.6)=    0 (436.6,603.4)=    0 (437.3,603.4)=    0 (438.1,603.4)=    0 (438.6,603.4)=    0 (439.4,603.4)=    0 (439.9,603.4)=    0 (440.6,603.7)=    0 (441.5,603.7)=    0 (442.5,603.7)=    0 (443.5,603.9)=    0 (444.3,604.4)=    0 (445.1,605.0)=    0 (446.0,605.7)=    0 (446.7,606.3)=    0 (447.5,606.7)=    0 (448.3,607.2)=    0 (449.0,607.8)=    0 (449.7,608.6)=    0 (450.6,609.3)=    0 (451.5,610.1)=    0 (452.4,611.2)=    0 (452.9,611.8)=    0 ( -1.0, -1.0)=   -4 ( -1.0, -1.0)=   -4 ( -1.0, -1.0)=   -4 ( -1.0, -1.0)=   -4 ( -1.0, -1.0)=   -4 ( -1.0, -1.0)=   -4 ( -1.0, -1.0)=   -4 ( -1.0, -1.0)=   -4 ( -1.0, -1.0)=   -4 ( -1.0, -1.0)=   -4 ( -1.0, -1.0)=   -4 ( -1.0, -1.0)=   -4 ( -1.0, -1.0)=   -4 ( -1.0, -1.0)=   -4 ( -1.0, -1.0)=   -4 ( -1.0, -1.0)=   -4 ( -1.0, -1.0)=   -4 ( -1.0, -1.0)=   -4 ( -1.0, -1.0)=   -4 ( -1.0, -1.0)=   -4 ( -1.0, -1.0)=   -4 ( -1.0, -1.0)=   -4 ( -1.0, -1.0)=   -4 ( -1.0, -1.0)=   -4 ( -1.0, -1.0)=   -4 ( -1.0, -1.0)=   -4 ( -1.0, -1.0)=   -4 ( -1.0, -1.0)=   -4 ( -1.0, -1.0)=   -4 ( -1.0, -1.0)=   -4 ( -1.0, -1.0)=   -4 ( -1.0, -1.0)=   -4 ( -1.0, -1.0)=   -4 ( -1.0, -1.0)=   -4 ( -1.0, -1.0)=   -4 ( -1.0, -1.0)=   -4 ( -1.0, -1.0)=   -4 ( -1.0, -1.0)=   -4 ( -1.0, -1.0)=   -4 ( -1.0, -1.0)=   -4 ( -1.0, -1.0)=   -4 ( -1.0, -1.0)=   -4 ( -1.0, -1.0)=   -4 ( -1.0, -1.0)=   -4 ( -1.0, -1.0)=   -4 ( -1.0, -1.0)=   -4 ( -1.0, -1.0)=   -4 ( -1.0, -1.0)=   -4 ( -1.0, -1.0)=   -4 ( -1.0, -1.0)=   -4 ( -1.0, -1.0)=   -4 ( -1.0, -1.0)=   -4 ( -1.0, -1.0)=   -4 ( -1.0, -1.0)=   -4 ( -1.0, -1.0)=   -4 ( -1.0, -1.0)=   -4 ( -1.0, -1.0)=   -4 ( -1.0, -1.0)=   -4 ( -1.0, -1.0)=   -4 ( -1.0, -1.0)=   -4 ( -1.0, -1.0)=   -4 ( -1.0, -1.0)=   -4 ( -1.0, -1.0)=   -4 ( -1.0, -1.0)=   -4 ( -1.0, -1.0)=   -4 ( -1.0, -1.0)=   -4 ( -1.0, -1.0)=   -4 ( -1.0, -1.0)=   -4 ( -1.0, -1.0)=   -4 ( -1.0, -1.0)=   -4 ( -1.0, -1.0)=   -4 ( -1.0, -1.0)=   -4 ( -1.0, -1.0)=   -4 ( -1.0, -1.0)=   -4 ( -1.0, -1.0)=   -4 ( -1.0, -1.0)=   -4 ( -1.0, -1.0)=   -4 ( -1.0, -1.0)=   -4 ( -1.0, -1.0)=   -4 ( -1.0, -1.0)=   -4 ( -1.0, -1.0)=   -4 ( -1.0, -1.0)=   -4 ( -1.0, -1.0)=   -4 ( -1.0, -1.0)=   -4 ( -1.0, -1.0)=   -4 ( -1.0, -1.0)=   -4 ( -1.0, -1.0)=   -4 ( -1.0, -1.0)=   -4 ( -1.0, -1.0)=   -4 ( -1.0, -1.0)=   -4 ( -1.0, -1.0)=   -4 ( -1.0, -1.0)=   -4 ( -1.0, -1.0)=   -4 ( -1.0, -1.0)=   -4 ( -1.0, -1.0)=   -4 ( -1.0, -1.0)=   -4 ( -1.0, -1.0)=   -4 ( -1.0, -1.0)=   -4 ( -1.0, -1.0)=   -4 ( -1.0, -1.0)=   -4 ( -1.0, -1.0)=   -4 ( -1.0, -1.0)=   -4 ( -1.0, -1.0)=   -4 ( -1.0, -1.0)=   -4 ( -1.0, -1.0)=   -4 ( -1.0, -1.0)=   -4 ( -1.0, -1.0)=   -4 ( -1.0, -1.0)=   -4 ( -1.0, -1.0)=   -4 ( -1.0, -1.0)=   -4 ( -1.0, -1.0)=   -4 ( -1.0, -1.0)=   -4 ( -1.0, -1.0)=   -4 ( -1.0, -1.0)=   -4 ( -1.0, -1.0)=   -4 ( -1.0, -1.0)=   -4 ( -1.0, -1.0)=   -4 ( -1.0, -1.0)=   -4 ( -1.0, -1.0)=   -4 ( -1.0, -1.0)=   -4 ( -1.0, -1.0)=   -4 
     75 | ( 24.0,611.0)=19157 ( 24.3,611.4)=    0 ( 25.0,611.6)=    0 ( 25.5,611.4)=    0 ( 25.8,611.2)=    0 ( 26.4,611.0)=    0 ( 26.9,610.8)=    0 ( -1.0, -1.0)=   -3 ( -1.0, -1.0)=   -3 ( -1.0, -1.0)=   -3 ( -1.0, -1.0)=   -3 ( -1.0, -1.0)=   -3 ( -1.0, -1.0)=   -3 ( -1.0, -1.0)=   -3 ( -1.0, -1.0)=   -3 ( -1.0, -1.0)=   -3 ( -1.0, -1.0)=   -3 ( -1.0, -1.0)=   -3 ( -1.0, -1.0)=   -3 ( -1.0, -1.0)=   -3 ( -1.0, -1.0)=   -3 ( -1.0, -1.0)=   -3 ( -1.0, -1.0)=   -3 ( -1.0, -1.0)=   -3 ( -1.0, -1.0)=   -3 ( -1.0, -1.0)=   -3 ( -1.0, -1.0)=   -3 ( -1.0, -1.0)=   -3 ( -1.0, -1.0)=   -3 ( -1.0, -1.0)=   -3 ( -1.0, -1.0)=   -3 ( -1.0, -1.0)=   -3 ( -1.0, -1.0)=   -3 ( -1.0, -1.0)=   -3 ( -1.0, -1.0)=   -3 ( -1.0, -1.0)=   -3 ( -1.0, -1.0)=   -3 ( -1.0, -1.0)=   -3 ( -1.0, -1.0)=   -3 ( -1.0, -1.0)=   -3 ( -1.0, -1.0)=   -3 ( -1.0, -1.0)=   -3 ( -1.0, -1.0)=   -3 ( -1.0, -1.0)=   -3 ( -1.0, -1.0)=   -3 ( -1.0, -1.0)=   -3 ( -1.0, -1.0)=   -3 ( -1.0, -1.0)=   -3 ( -1.0, -1.0)=   -3 ( -1.0, -1.0)=   -3 ( -1.0, -1.0)=   -3 ( -1.0, -1.0)=   -3 ( -1.0, -1.0)=   -3 ( -1.0, -1.0)=   -3 ( -1.0, -1.0)=   -3 ( -1.0, -1.0)=   -3 ( -1.0, -1.0)=   -3 ( -1.0, -1.0)=   -3 ( -1.0, -1.0)=   -3 ( -1.0, -1.0)=   -3 ( -1.0, -1.0)=   -3 ( -1.0, -1.0)=   -3 ( -1.0, -1.0)=   -3 ( -1.0, -1.0)=   -3 ( -1.0, -1.0)=   -3 ( -1.0, -1.0)=   -3 ( -1.0, -1.0)=   -3 ( -1.0, -1.0)=   -3 ( -1.0, -1.0)=   -3 ( -1.0, -1.0)=   -3 ( -1.0, -1.0)=   -3 ( -1.0, -1.0)=   -3 ( -1.0, -1.0)=   -3 ( -1.0, -1.0)=   -3 ( -1.0, -1.0)=   -3 ( -1.0, -1.0)=   -3 ( -1.0, -1.0)=   -3 ( -1.0, -1.0)=   -3 ( -1.0, -1.0)=   -3 ( -1.0, -1.0)=   -3 ( -1.0, -1.0)=   -3 ( -1.0, -1.0)=   -3 ( -1.0, -1.0)=   -3 ( -1.0, -1.0)=   -3 ( -1.0, -1.0)=   -3 ( -1.0, -1.0)=   -3 ( -1.0, -1.0)=   -3 ( -1.0, -1.0)=   -3 ( -1.0, -1.0)=   -3 ( -1.0, -1.0)=   -3 ( -1.0, -1.0)=   -3 ( -1.0, -1.0)=   -3 ( -1.0, -1.0)=   -3 ( -1.0, -1.0)=   -3 ( -1.0, -1.0)=   -3 ( -1.0, -1.0)=   -3 ( -1.0, -1.0)=   -3 ( -1.0, -1.0)=   -3 ( -1.0, -1.0)=   -3 ( -1.0, -1.0)=   -3 ( -1.0, -1.0)=   -3 ( -1.0, -1.0)=   -3 ( -1.0, -1.0)=   -3 ( -1.0, -1.0)=   -3 ( -1.0, -1.0)=   -3 ( -1.0, -1.0)=   -3 ( -1.0, -1.0)=   -3 ( -1.0, -1.0)=   -3 ( -1.0, -1.0)=   -3 ( -1.0, -1.0)=   -3 ( -1.0, -1.0)=   -3 ( -1.0, -1.0)=   -3 ( -1.0, -1.0)=   -3 ( -1.0, -1.0)=   -3 ( -1.0, -1.0)=   -3 ( -1.0, -1.0)=   -3 ( -1.0, -1.0)=   -3 ( -1.0, -1.0)=   -3 ( -1.0, -1.0)=   -3 ( -1.0, -1.0)=   -3 ( -1.0, -1.0)=   -3 ( -1.0, -1.0)=   -3 ( -1.0, -1.0)=   -3 ( -1.0, -1.0)=   -3 ( -1.0, -1.0)=   -3 ( -1.0, -1.0)=   -3 ( -1.0, -1.0)=   -3 ( -1.0, -1.0)=   -3 ( -1.0, -1.0)=   -3 ( -1.0, -1.0)=   -3 ( -1.0, -1.0)=   -3 ( -1.0, -1.0)=   -3 ( -1.0, -1.0)=   -3 ( -1.0, -1.0)=   -3 ( -1.0, -1.0)=   -3 ( -1.0, -1.0)=   -3 ( -1.0, -1.0)=   -3 ( -1.0, -1.0)=   -3 ( -1.0, -1.0)=   -3 ( -1.0, -1.0)=   -3 ( -1.0, -1.0)=   -3 ( -1.0, -1.0)=   -3 ( -1.0, -1.0)=   -3 ( -1.0, -1.0)=   -3 ( -1.0, -1.0)=   -3 ( -1.0, -1.0)=   -3 ( -1.0, -1.0)=   -3 ( -1.0, -1.0)=   -3 ( -1.0, -1.0)=   -3 ( -1.0, -1.0)=   -3 ( -1.0, -1.0)=   -3 ( -1.0, -1.0)=   -3 ( -1.0, -1.0)=   -3 ( -1.0, -1.0)=   -3 ( -1.0, -1.0)=   -3 ( -1.0, -1.0)=   -3 ( -1.0, -1.0)=   -3 ( -1.0, -1.0)=   -3 ( -1.0, -1.0)=   -3 ( -1.0, -1.0)=   -3 ( -1.0, -1.0)=   -3 ( -1.0, -1.0)=   -3 ( -1.0, -1.0)=   -3 ( -1.0, -1.0)=   -3 ( -1.0, -1.0)=   -3 ( -1.0, -1.0)=   -3 ( -1.0, -1.0)=   -3 ( -1.0, -1.0)=   -3 ( -1.0, -1.0)=   -3 ( -1.0, -1.0)=   -3 ( -1.0, -1.0)=   -3 ( -1.0, -1.0)=   -3 ( -1.0, -1.0)=   -3 ( -1.0, -1.0)=   -3 ( -1.0, -1.0)=   -3 ( -1.0, -1.0)=   -3 ( -1.0, -1.0)=   -3 ( -1.0, -1.0)=   -3 ( -1.0, -1.0)=   -3 ( -1.0, -1.0)=   -3 ( -1.0, -1.0)=   -3 ( -1.0, -1.0)=   -3 ( -1.0, -1.0)=   -3 ( -1.0, -1.0)=   -3 ( -1.0, -1.0)=   -3 ( -1.0, -1.0)=   -3 ( -1.0, -1.0)=   -3 ( -1.0, -1.0)=   -3 ( -1.0, -1.0)=   -3 ( -1.0, -1.0)=   -3 ( -1.0, -1.0)=   -3 ( -1.0, -1.0)=   -3 ( -1.0, -1.0)=   -3 ( -1.0, -1.0)=   -3 ( -1.0, -1.0)=   -3 ( -1.0, -1.0)=   -3 ( -1.0, -1.0)=   -3 ( -1.0, -1.0)=   -3 ( -1.0, -1.0)=   -3 ( -1.0, -1.0)=   -3 ( -1.0, -1.0)=   -3 ( -1.0, -1.0)=   -3 ( -1.0, -1.0)=   -3 ( -1.0, -1.0)=   -3 ( -1.0, -1.0)=   -3 ( -1.0, -1.0)=   -3 ( -1.0, -1.0)=   -3 ( -1.0, -1.0)=   -3 ( -1.0, -1.0)=   -3 ( -1.0, -1.0)=   -3 ( -1.0, -1.0)=   -3 ( -1.0, -1.0)=   -3 ( -1.0, -1.0)=   -3 ( -1.0, -1.0)=   -3 ( -1.0, -1.0)=   -3 ( -1.0, -1.0)=   -3 ( -1.0, -1.0)=   -3 ( -1.0, -1.0)=   -3 ( -1.0, -1.0)=   -3 ( -1.0, -1.0)=   -3 ( -1.0, -1.0)=   -3 ( -1.0, -1.0)=   -3 ( -1.0, -1.0)=   -3 ( -1.0, -1.0)=   -3 ( -1.0, -1.0)=   -3 ( -1.0, -1.0)=   -3 ( -1.0, -1.0)=   -3 ( -1.0, -1.0)=   -3 ( -1.0, -1.0)=   -3 ( -1.0, -1.0)=   -3 ( -1.0, -1.0)=   -3 ( -1.0, -1.0)=   -3 ( -1.0, -1.0)=   -3 ( -1.0, -1.0)=   -3 ( -1.0, -1.0)=   -3 ( -1.0, -1.0)=   -3 ( -1.0, -1.0)=   -3 ( -1.0, -1.0)=   -3 ( -1.0, -1.0)=   -3 ( -1.0, -1.0)=   -3 ( -1.0, -1.0)=   -3 ( -1.0, -1.0)=   -3 ( -1.0, -1.0)=   -3 ( -1.0, -1.0)=   -3 ( -1.0, -1.0)=   -3 ( -1.0, -1.0)=   -3 ( -1.0, -1.0)=   -3 ( -1.0, -1.0)=   -3 ( -1.0, -1.0)=   -3 ( -1.0, -1.0)=   -3 ( -1.0, -1.0)=   -3 ( -1.0, -1.0)=   -3 ( -1.0, -1.0)=   -3 ( -1.0, -1.0)=   -3 ( -1.0, -1.0)=   -3 ( -1.0, -1.0)=   -3 ( -1.0, -1.0)=   -3 ( -1.0, -1.0)=   -3 ( -1.0, -1.0)=   -3 ( -1.0, -1.0)=   -3 ( -1.0, -1.0)=   -3 ( -1.0, -1.0)=   -3 ( -1.0, -1.0)=   -3 ( -1.0, -1.0)=   -3 ( -1.0, -1.0)=   -3 ( -1.0, -1.0)=   -3 ( -1.0, -1.0)=   -3 ( -1.0, -1.0)=   -3 ( -1.0, -1.0)=   -3 ( -1.0, -1.0)=   -3 ( -1.0, -1.0)=   -3 ( -1.0, -1.0)=   -3 ( -1.0, -1.0)=   -3 ( -1.0, -1.0)=   -3 ( -1.0, -1.0)=   -3 ( -1.0, -1.0)=   -3 ( -1.0, -1.0)=   -3 ( -1.0, -1.0)=   -3 ( -1.0, -1.0)=   -3 ( -1.0, -1.0)=   -3 ( -1.0, -1.0)=   -3 
     76 | (174.0,560.0)=19142 (174.4,560.2)=    0 (174.9,560.4)=    0 (175.5,560.3)=    0 (175.8,560.2)=    0 (176.3,560.2)=    0 (176.8,559.9)=    0 (177.0,560.1)=    0 (177.4,560.3)=    0 (177.8,560.3)=    0 (178.5,560.3)=    0 (178.7,560.4)=    0 (179.3,560.0)=    0 (179.7,559.7)=    0 (180.0,559.5)=    0 (180.5,559.0)=    0 ( -1.0, -1.0)=   -3 ( -1.0, -1.0)=   -3 ( -1.0, -1.0)=   -3 ( -1.0, -1.0)=   -3 ( -1.0, -1.0)=   -3 ( -1.0, -1.0)=   -3 ( -1.0, -1.0)=   -3 ( -1.0, -1.0)=   -3 ( -1.0, -1.0)=   -3 ( -1.0, -1.0)=   -3 ( -1.0, -1.0)=   -3 ( -1.0, -1.0)=   -3 ( -1.0, -1.0)=   -3 ( -1.0, -1.0)=   -3 ( -1.0, -1.0)=   -3 ( -1.0, -1.0)=   -3 ( -1.0, -1.0)=   -3 ( -1.0, -1.0)=   -3 ( -1.0, -1.0)=   -3 ( -1.0, -1.0)=   -3 ( -1.0, -1.0)=   -3 ( -1.0, -1.0)=   -3 ( -1.0, -1.0)=   -3 ( -1.0, -1.0)=   -3 ( -1.0, -1.0)=   -3 ( -1.0, -1.0)=   -3 ( -1.0, -1.0)=   -3 ( -1.0, -1.0)=   -3 ( -1.0, -1.0)=   -3 ( -1.0, -1.0)=   -3 ( -1.0, -1.0)=   -3 ( -1.0, -1.0)=   -3 ( -1.0, -1.0)=   -3 ( -1.0, -1.0)=   -3 ( -1.0, -1.0)=   -3 ( -1.0, -1.0)=   -3 ( -1.0, -1.0)=   -3 ( -1.0, -1.0)=   -3 ( -1.0, -1.0)=   -3 ( -1.0, -1.0)=   -3 ( -1.0, -1.0)=   -3 ( -1.0, -1.0)=   -3 ( -1.0, -1.0)=   -3 ( -1.0, -1.0)=   -3 ( -1.0, -1.0)=   -3 ( -1.0, -1.0)=   -3 ( -1.0, -1.0)=   -3 ( -1.0, -1.0)=   -3 ( -1.0, -1.0)=   -3 ( -1.0, -1.0)=   -3 ( -1.0, -1.0)=   -3 ( -1.0, -1.0)=   -3 ( -1.0, -1.0)=   -3 ( -1.0, -1.0)=   -3 ( -1.0, -1.0)=   -3 ( -1.0, -1.0)=   -3 ( -1.0, -1.0)=   -3 ( -1.0, -1.0)=   -3 ( -1.0, -1.0)=   -3 ( -1.0, -1.0)=   -3 ( -1.0, -1.0)=   -3 ( -1.0, -1.0)=   -3 ( -1.0, -1.0)=   -3 ( -1.0, -1.0)=   -3 ( -1.0, -1.0)=   -3 ( -1.0, -1.0)=   -3 ( -1.0, -1.0)=   -3 ( -1.0, -1.0)=   -3 ( -1.0, -1.0)=   -3 ( -1.0, -1.0)=   -3 ( -1.0, -1.0)=   -3 ( -1.0, -1.0)=   -3 ( -1.0, -1.0)=   -3 ( -1.0, -1.0)=   -3 ( -1.0, -1.0)=   -3 ( -1.0, -1.0)=   -3 ( -1.0, -1.0)=   -3 ( -1.0, -1.0)=   -3 ( -1.0, -1.0)=   -3 ( -1.0, -1.0)=   -3 ( -1.0, -1.0)=   -3 ( -1.0, -1.0)=   -3 ( -1.0, -1.0)=   -3 ( -1.0, -1.0)=   -3 ( -1.0, -1.0)=   -3 ( -1.0, -1.0)=   -3 ( -1.0, -1.0)=   -3 ( -1.0, -1.0)=   -3 ( -1.0, -1.0)=   -3 ( -1.0, -1.0)=   -3 ( -1.0, -1.0)=   -3 ( -1.0, -1.0)=   -3 ( -1.0, -1.0)=   -3 ( -1.0, -1.0)=   -3 ( -1.0, -1.0)=   -3 ( -1.0, -1.0)=   -3 ( -1.0, -1.0)=   -3 ( -1.0, -1.0)=   -3 ( -1.0, -1.0)=   -3 ( -1.0, -1.0)=   -3 ( -1.0, -1.0)=   -3 ( -1.0, -1.0)=   -3 ( -1.0, -1.0)=   -3 ( -1.0, -1.0)=   -3 ( -1.0, -1.0)=   -3 ( -1.0, -1.0)=   -3 ( -1.0, -1.0)=   -3 ( -1.0, -1.0)=   -3 ( -1.0, -1.0)=   -3 ( -1.0, -1.0)=   -3 ( -1.0, -1.0)=   -3 ( -1.0, -1.0)=   -3 ( -1.0, -1.0)=   -3 ( -1.0, -1.0)=   -3 ( -1.0, -1.0)=   -3 ( -1.0, -1.0)=   -3 ( -1.0, -1.0)=   -3 ( -1.0, -1.0)=   -3 ( -1.0, -1.0)=   -3 ( -1.0, -1.0)=   -3 ( -1.0, -1.0)=   -3 ( -1.0, -1.0)=   -3 ( -1.0, -1.0)=   -3 ( -1.0, -1.0)=   -3 ( -1.0, -1.0)=   -3 ( -1.0, -1.0)=   -3 ( -1.0, -1.0)=   -3 ( -1.0, -1.0)=   -3 ( -1.0, -1.0)=   -3 ( -1.0, -1.0)=   -3 ( -1.0, -1.0)=   -3 ( -1.0, -1.0)=   -3 ( -1.0, -1.0)=   -3 ( -1.0, -1.0)=   -3 ( -1.0, -1.0)=   -3 ( -1.0, -1.0)=   -3 ( -1.0, -1.0)=   -3 ( -1.0, -1.0)=   -3 ( -1.0, -1.0)=   -3 ( -1.0, -1.0)=   -3 ( -1.0, -1.0)=   -3 ( -1.0, -1.0)=   -3 ( -1.0, -1.0)=   -3 ( -1.0, -1.0)=   -3 ( -1.0, -1.0)=   -3 ( -1.0, -1.0)=   -3 ( -1.0, -1.0)=   -3 ( -1.0, -1.0)=   -3 ( -1.0, -1.0)=   -3 ( -1.0, -1.0)=   -3 ( -1.0, -1.0)=   -3 ( -1.0, -1.0)=   -3 ( -1.0, -1.0)=   -3 ( -1.0, -1.0)=   -3 ( -1.0, -1.0)=   -3 ( -1.0, -1.0)=   -3 ( -1.0, -1.0)=   -3 ( -1.0, -1.0)=   -3 ( -1.0, -1.0)=   -3 ( -1.0, -1.0)=   -3 ( -1.0, -1.0)=   -3 ( -1.0, -1.0)=   -3 ( -1.0, -1.0)=   -3 ( -1.0, -1.0)=   -3 ( -1.0, -1.0)=   -3 ( -1.0, -1.0)=   -3 ( -1.0, -1.0)=   -3 ( -1.0, -1.0)=   -3 ( -1.0, -1.0)=   -3 ( -1.0, -1.0)=   -3 ( -1.0, -1.0)=   -3 ( -1.0, -1.0)=   -3 ( -1.0, -1.0)=   -3 ( -1.0, -1.0)=   -3 ( -1.0, -1.0)=   -3 ( -1.0, -1.0)=   -3 ( -1.0, -1.0)=   -3 ( -1.0, -1.0)=   -3 ( -1.0, -1.0)=   -3 ( -1.0, -1.0)=   -3 ( -1.0, -1.0)=   -3 ( -1.0, -1.0)=   -3 ( -1.0, -1.0)=   -3 ( -1.0, -1.0)=   -3 ( -1.0, -1.0)=   -3 ( -1.0, -1.0)=   -3 ( -1.0, -1.0)=   -3 ( -1.0, -1.0)=   -3 ( -1.0, -1.0)=   -3 ( -1.0, -1.0)=   -3 ( -1.0, -1.0)=   -3 ( -1.0, -1.0)=   -3 ( -1.0, -1.0)=   -3 ( -1.0, -1.0)=   -3 ( -1.0, -1.0)=   -3 ( -1.0, -1.0)=   -3 ( -1.0, -1.0)=   -3 ( -1.0, -1.0)=   -3 ( -1.0, -1.0)=   -3 ( -1.0, -1.0)=   -3 ( -1.0, -1.0)=   -3 ( -1.0, -1.0)=   -3 ( -1.0, -1.0)=   -3 ( -1.0, -1.0)=   -3 ( -1.0, -1.0)=   -3 ( -1.0, -1.0)=   -3 ( -1.0, -1.0)=   -3 ( -1.0, -1.0)=   -3 ( -1.0, -1.0)=   -3 ( -1.0, -1.0)=   -3 ( -1.0, -1.0)=   -3 ( -1.0, -1.0)=   -3 ( -1.0, -1.0)=   -3 ( -1.0, -1.0)=   -3 ( -1.0, -1.0)=   -3 ( -1.0, -1.0)=   -3 ( -1.0, -1.0)=   -3 ( -1.0, -1.0)=   -3 ( -1.0, -1.0)=   -3 ( -1.0, -1.0)=   -3 ( -1.0, -1.0)=   -3 ( -1.0, -1.0)=   -3 ( -1.0, -1.0)=   -3 ( -1.0, -1.0)=   -3 ( -1.0, -1.0)=   -3 ( -1.0, -1.0)=   -3 ( -1.0, -1.0)=   -3 ( -1.0, -1.0)=   -3 ( -1.0, -1.0)=   -3 ( -1.0, -1.0)=   -3 ( -1.0, -1.0)=   -3 ( -1.0, -1.0)=   -3 ( -1.0, -1.0)=   -3 ( -1.0, -1.0)=   -3 ( -1.0, -1.0)=   -3 ( -1.0, -1.0)=   -3 ( -1.0, -1.0)=   -3 ( -1.0, -1.0)=   -3 ( -1.0, -1.0)=   -3 ( -1.0, -1.0)=   -3 ( -1.0, -1.0)=   -3 ( -1.0, -1.0)=   -3 ( -1.0, -1.0)=   -3 ( -1.0, -1.0)=   -3 ( -1.0, -1.0)=   -3 ( -1.0, -1.0)=   -3 ( -1.0, -1.0)=   -3 ( -1.0, -1.0)=   -3 ( -1.0, -1.0)=   -3 ( -1.0, -1.0)=   -3 ( -1.0, -1.0)=   -3 ( -1.0, -1.0)=   -3 ( -1.0, -1.0)=   -3 ( -1.0, -1.0)=   -3 ( -1.0, -1.0)=   -3 ( -1.0, -1.0)=   -3 ( -1.0, -1.0)=   -3 ( -1.0, -1.0)=   -3 ( -1.0, -1.0)=   -3 ( -1.0, -1.0)=   -3 ( -1.0, -1.0)=   -3 ( -1.0, -1.0)=   -3 ( -1.0, -1.0)=   -3 ( -1.0, -1.0)=   -3 ( -1.0, -1.0)=   -3 
     77 | (372.0,645.0)=18993 (372.5,645.4)=    0 (373.0,645.7)=    0 (373.4,645.7)=    0 (373.9,645.7)=    0 (374.5,645.7)=    0 (374.9,645.7)=    0 (375.0,645.7)=    0 (375.5,646.1)=    0 (375.9,646.3)=    0 (376.5,646.5)=    0 (376.8,646.6)=    0 (377.3,646.5)=    0 (377.8,646.3)=    0 (378.3,646.0)=    0 (378.6,645.7)=    0 (379.0,645.3)=    0 (379.5,645.0)=    0 (379.5,644.5)=    0 (379.8,644.0)=    0 (379.6,643.7)=    0 (379.5,643.6)=    0 (379.5,643.3)=    0 (379.8,643.3)=    0 (380.0,643.3)=    0 (380.1,643.4)=    0 (380.3,643.2)=    0 (380.8,643.2)=    0 (381.3,643.4)=    0 (381.9,643.5)=    0 (382.5,643.5)=    0 (383.3,643.4)=    0 (384.3,643.2)=    0 (385.2,643.5)=    0 (386.0,643.5)=    0 (386.5,643.5)=    0 (387.0,643.8)=    0 (387.4,643.9)=    0 (387.9,644.2)=    0 (388.4,644.3)=    0 (388.9,644.6)=    0 (389.4,644.6)=    0 (389.7,644.9)=    0 (390.1,645.1)=    0 (390.5,645.3)=    0 (390.9,645.3)=    0 (391.4,645.3)=    0 (391.8,645.4)=    0 (392.1,645.6)=    0 (392.8,645.9)=    0 (392.9,646.2)=    0 (393.2,646.7)=    0 (393.5,647.0)=    0 (393.9,647.4)=    0 (394.4,647.6)=    0 (394.7,647.4)=    0 (395.2,647.4)=    0 (395.5,647.4)=    0 (395.8,647.2)=    0 (395.7,646.6)=    0 (395.7,646.8)=    0 (395.9,647.1)=    0 (396.2,646.8)=    0 (396.6,646.8)=    0 (396.9,646.8)=    0 (397.1,646.6)=    0 (397.3,646.7)=    0 (397.6,647.0)=    0 (397.8,647.2)=    0 (398.0,647.5)=    0 (398.4,647.8)=    0 (398.7,647.9)=    0 (399.3,648.2)=    0 (399.6,648.2)=    0 (400.1,648.1)=    0 (400.7,648.0)=    0 (401.2,647.8)=    0 (401.7,647.8)=    0 (402.3,648.1)=    0 (402.8,648.3)=    0 (403.2,648.5)=    0 (403.7,648.8)=    0 (404.1,648.9)=    0 (404.4,648.9)=    0 (404.7,649.0)=    0 (405.0,649.2)=    0 (405.3,648.9)=    0 (405.7,649.1)=    0 (405.9,649.3)=    0 (406.4,649.3)=    0 (406.8,649.2)=    0 (407.4,649.2)=    0 (407.8,649.2)=    0 (408.3,649.1)=    0 (408.8,648.8)=    0 (409.0,648.9)=    0 (409.3,649.2)=    0 (409.6,649.4)=    0 (409.9,649.9)=    0 (410.2,650.1)=    0 (410.7,650.4)=    0 (411.2,650.7)=    0 (411.6,650.9)=    0 (412.1,651.1)=    0 (412.6,651.4)=    0 (412.9,651.6)=    0 (413.4,652.1)=    0 (414.1,652.6)=    0 (414.6,652.8)=    0 (415.3,653.2)=    0 (415.8,653.5)=    0 (416.4,653.7)=    0 (416.8,654.0)=    0 (417.5,654.5)=    0 (418.4,655.2)=    0 (419.1,655.5)=    0 (419.7,655.8)=    0 (420.4,656.0)=    0 (420.8,655.8)=    0 (421.5,655.8)=    0 (422.1,656.1)=    0 (422.8,656.1)=    0 (423.6,656.4)=    0 (424.3,656.5)=    0 (425.3,656.7)=    0 (426.4,656.9)=    0 (427.0,656.9)=    0 (427.9,656.8)=    0 (428.6,656.7)=    0 (429.0,656.6)=    0 (429.5,656.5)=    0 (429.9,656.5)=    0 (430.4,656.5)=    0 (430.9,656.5)=    0 (431.3,656.4)=    0 (431.7,656.1)=    0 (432.2,655.8)=    0 (432.7,655.6)=    0 (433.2,655.4)=    0 (433.8,655.3)=    0 (434.6,655.3)=    0 (435.3,655.4)=    0 (435.9,655.4)=    0 (436.4,655.4)=    0 (437.2,655.7)=    0 (438.0,655.8)=    0 (438.9,655.8)=    0 (439.9,656.1)=    0 (440.7,656.8)=    0 (441.7,657.3)=    0 (442.6,658.0)=    0 (443.4,658.5)=    0 (444.1,659.0)=    0 (444.8,659.5)=    0 (445.5,660.1)=    0 (446.3,660.9)=    0 (447.2,661.7)=    0 (447.9,662.4)=    0 (448.9,663.4)=    0 (449.7,664.2)=    0 (449.9,664.5)=    0 (450.2,664.5)=    0 (450.5,664.5)=    0 (450.7,664.4)=    0 (450.9,664.4)=    0 (451.2,664.4)=    0 (451.6,664.8)=    0 (452.1,665.3)=    0 (452.3,665.5)=    0 (452.8,666.0)=    0 ( -1.0, -1.0)=   -4 ( -1.0, -1.0)=   -4 ( -1.0, -1.0)=   -4 ( -1.0, -1.0)=   -4 ( -1.0, -1.0)=   -4 ( -1.0, -1.0)=   -4 ( -1.0, -1.0)=   -4 ( -1.0, -1.0)=   -4 ( -1.0, -1.0)=   -4 ( -1.0, -1.0)=   -4 ( -1.0, -1.0)=   -4 ( -1.0, -1.0)=   -4 ( -1.0, -1.0)=   -4 ( -1.0, -1.0)=   -4 ( -1.0, -1.0)=   -4 ( -1.0, -1.0)=   -4 ( -1.0, -1.0)=   -4 ( -1.0, -1.0)=   -4 ( -1.0, -1.0)=   -4 ( -1.0, -1.0)=   -4 ( -1.0, -1.0)=   -4 ( -1.0, -1.0)=   -4 ( -1.0, -1.0)=   -4 ( -1.0, -1.0)=   -4 ( -1.0, -1.0)=   -4 ( -1.0, -1.0)=   -4 ( -1.0, -1.0)=   -4 ( -1.0, -1.0)=   -4 ( -1.0, -1.0)=   -4 ( -1.0, -1.0)=   -4 ( -1.0, -1.0)=   -4 ( -1.0, -1.0)=   -4 ( -1.0, -1.0)=   -4 ( -1.0, -1.0)=   -4 ( -1.0, -1.0)=   -4 ( -1.0, -1.0)=   -4 ( -1.0, -1.0)=   -4 ( -1.0, -1.0)=   -4 ( -1.0, -1.0)=   -4 ( -1.0, -1.0)=   -4 ( -1.0, -1.0)=   -4 ( -1.0, -1.0)=   -4 ( -1.0, -1.0)=   -4 ( -1.0, -1.0)=   -4 ( -1.0, -1.0)=   -4 ( -1.0, -1.0)=   -4 ( -1.0, -1.0)=   -4 ( -1.0, -1.0)=   -4 ( -1.0, -1.0)=   -4 ( -1.0, -1.0)=   -4 ( -1.0, -1.0)=   -4 ( -1.0, -1.0)=   -4 ( -1.0, -1.0)=   -4 ( -1.0, -1.0)=   -4 ( -1.0, -1.0)=   -4 ( -1.0, -1.0)=   -4 ( -1.0, -1.0)=   -4 ( -1.0, -1.0)=   -4 ( -1.0, -1.0)=   -4 ( -1.0, -1.0)=   -4 ( -1.0, -1.0)=   -4 ( -1.0, -1.0)=   -4 ( -1.0, -1.0)=   -4 ( -1.0, -1.0)=   -4 ( -1.0, -1.0)=   -4 ( -1.0, -1.0)=   -4 ( -1.0, -1.0)=   -4 ( -1.0, -1.0)=   -4 ( -1.0, -1.0)=   -4 ( -1.0, -1.0)=   -4 ( -1.0, -1.0)=   -4 ( -1.0, -1.0)=   -4 ( -1.0, -1.0)=   -4 ( -1.0, -1.0)=   -4 ( -1.0, -1.0)=   -4 ( -1.0, -1.0)=   -4 ( -1.0, -1.0)=   -4 ( -1.0, -1.0)=   -4 ( -1.0, -1.0)=   -4 ( -1.0, -1.0)=   -4 ( -1.0, -1.0)=   -4 ( -1.0, -1.0)=   -4 ( -1.0, -1.0)=   -4 ( -1.0, -1.0)=   -4 ( -1.0, -1.0)=   -4 ( -1.0, -1.0)=   -4 ( -1.0, -1.0)=   -4 ( -1.0, -1.0)=   -4 ( -1.0, -1.0)=   -4 ( -1.0, -1.0)=   -4 ( -1.0, -1.0)=   -4 ( -1.0, -1.0)=   -4 ( -1.0, -1.0)=   -4 ( -1.0, -1.0)=   -4 ( -1.0, -1.0)=   -4 ( -1.0, -1.0)=   -4 ( -1.0, -1.0)=   -4 ( -1.0, -1.0)=   -4 ( -1.0, -1.0)=   -4 ( -1.0, -1.0)=   -4 ( -1.0, -1.0)=   -4 ( -1.0, -1.0)=   -4 ( -1.0, -1.0)=   -4 ( -1.0, -1.0)=   -4 ( -1.0, -1.0)=   -4 ( -1.0, -1.0)=   -4 ( -1.0, -1.0)=   -4 ( -1.0, -1.0)=   -4 ( -1.0, -1.0)=   -4 ( -1.0, -1.0)=   -4 ( -1.0, -1.0)=   -4 
     78 | (217.0,643.0)=18747 (217.4,643.3)=    0 (217.9,643.5)=    0 (218.4,643.5)=    0 (218.9,643.4)=    0 (219.3,643.4)=    0 (219.8,643.2)=    0 (220.0,643.3)=    0 (220.2,643.6)=    0 (220.8,643.7)=    0 (221.3,643.9)=    0 (221.7,643.8)=    0 (222.1,643.6)=    0 (222.6,643.4)=    0 (222.9,643.1)=    0 (223.3,642.7)=    0 (223.7,642.2)=    0 (224.0,641.9)=    0 (224.3,641.3)=    0 (224.2,640.8)=    0 (224.2,640.7)=    0 (224.2,640.4)=    0 (224.2,640.2)=    0 (224.4,640.1)=    0 (224.5,640.1)=    0 (224.7,640.1)=    0 (224.9,639.7)=    0 (225.4,639.6)=    0 (225.8,639.7)=    0 (226.4,639.7)=    0 (227.0,639.7)=    0 (227.8,639.5)=    0 (228.7,639.4)=    0 (229.5,639.4)=    0 (230.3,639.5)=    0 (230.8,639.5)=    0 (231.3,639.8)=    0 (231.9,639.8)=    0 (232.3,640.1)=    0 (232.9,640.1)=    0 (233.4,640.1)=    0 (233.8,640.4)=    0 (234.1,640.4)=    0 (234.6,640.6)=    0 (235.0,640.8)=    0 (235.5,640.6)=    0 (236.0,640.5)=    0 (236.4,640.6)=    0 (236.8,640.8)=    0 (237.4,641.1)=    0 (237.4,641.4)=    0 (237.6,641.9)=    0 (237.9,642.1)=    0 (238.2,642.4)=    0 (238.8,642.5)=    0 (239.2,642.4)=    0 (239.4,642.4)=    0 (239.7,642.4)=    0 (240.1,642.0)=    0 (240.3,641.4)=    0 (240.4,641.7)=    0 (240.7,641.8)=    0 (240.9,641.7)=    0 (241.2,641.7)=    0 (241.4,641.7)=    0 (241.5,641.4)=    0 (241.7,641.5)=    0 (242.1,641.8)=    0 (242.3,641.9)=    0 (242.6,642.2)=    0 (242.9,642.4)=    0 (243.2,642.6)=    0 (243.6,642.9)=    0 (244.1,642.9)=    0 (244.7,642.6)=    0 (245.2,642.5)=    0 (245.7,642.3)=    0 (246.2,642.3)=    0 (246.7,642.6)=    0 (247.3,642.7)=    0 (247.5,643.0)=    0 (248.3,643.2)=    0 (248.5,643.3)=    0 (248.8,643.3)=    0 (249.1,643.3)=    0 (249.4,643.4)=    0 (249.8,643.4)=    0 (250.1,643.4)=    0 (250.4,643.6)=    0 (250.7,643.5)=    0 (251.1,643.5)=    0 (251.5,643.4)=    0 (252.0,643.3)=    0 (252.5,643.3)=    0 (253.0,643.0)=    0 (253.0,643.0)=    0 (253.5,643.3)=    0 (253.6,643.4)=    0 (254.0,643.7)=    0 (254.4,644.0)=    0 (254.8,644.3)=    0 (255.3,644.5)=    0 (255.7,644.7)=    0 (256.0,644.9)=    0 (256.5,645.1)=    0 (256.9,645.4)=    0 (257.5,645.8)=    0 (258.0,646.1)=    0 (258.5,646.4)=    0 (259.2,646.6)=    0 (259.7,646.9)=    0 (260.0,647.0)=    0 (260.6,647.3)=    0 (261.1,647.9)=    0 (261.9,648.4)=    0 (262.6,648.6)=    0 (263.3,649.0)=    0 (263.8,649.0)=    0 (264.3,648.7)=    0 (264.8,648.7)=    0 (265.4,648.8)=    0 (266.2,648.8)=    0 (266.7,649.0)=    0 (267.5,649.0)=    0 (268.5,649.3)=    0 (269.3,649.3)=    0 (269.9,649.3)=    0 (270.7,649.1)=    0 (271.4,648.9)=    0 (271.9,648.8)=    0 (272.4,648.6)=    0 (272.8,648.6)=    0 (273.3,648.6)=    0 (273.7,648.6)=    0 (273.9,648.4)=    0 (274.3,648.1)=    0 (274.6,647.7)=    0 (275.1,647.5)=    0 (275.6,647.2)=    0 (276.1,646.9)=    0 (276.9,646.9)=    0 (277.4,646.9)=    0 (278.2,646.9)=    0 (278.6,647.0)=    0 (279.4,647.2)=    0 (280.1,647.1)=    0 (281.1,646.8)=    0 (281.9,647.1)=    0 (282.7,647.6)=    0 (283.5,648.2)=    0 (284.5,648.9)=    0 (285.2,649.2)=    0 (285.8,649.6)=    0 (286.6,650.2)=    0 (287.4,650.6)=    0 (288.4,651.4)=    0 (289.3,652.1)=    0 (290.1,652.8)=    0 (291.0,653.7)=    0 (291.7,654.2)=    0 (292.1,654.5)=    0 (292.4,654.5)=    0 (292.5,654.4)=    0 (292.6,654.3)=    0 (292.8,654.2)=    0 (293.1,654.2)=    0 (293.5,654.6)=    0 (293.9,654.8)=    0 (294.1,655.0)=    0 (294.4,655.2)=    0 (294.8,655.2)=    0 (295.1,655.4)=    0 (295.7,655.6)=    0 (296.2,656.1)=    0 (296.7,656.6)=    0 (297.2,657.1)=    0 (297.8,657.6)=    0 (298.3,658.0)=    0 (298.8,658.4)=    0 (299.3,658.6)=    0 (299.6,658.6)=    0 (299.9,658.9)=    0 (300.2,659.0)=    0 (300.4,659.1)=    0 (300.7,659.4)=    0 (300.9,659.8)=    0 (301.2,659.8)=    0 (301.3,659.9)=    0 (301.5,660.1)=    0 (301.6,660.2)=    0 (301.9,660.2)=    0 (302.1,660.4)=    0 (302.4,660.4)=    0 (302.8,660.4)=    0 (303.2,660.4)=    0 (303.6,660.4)=    0 (303.9,660.2)=    0 (304.1,660.4)=    0 (304.4,660.4)=    0 (304.7,660.6)=    0 (304.7,660.8)=    0 (304.9,660.9)=    0 (305.0,660.9)=    0 (305.2,661.0)=    0 (305.3,661.1)=    0 (305.4,661.1)=    0 (305.7,661.2)=    0 (305.9,661.3)=    0 (306.1,661.5)=    0 (306.3,661.7)=    0 (306.6,661.8)=    0 (306.9,661.8)=    0 (307.3,662.1)=    0 (307.8,661.9)=    0 (308.1,661.9)=    0 (308.5,661.9)=    0 (308.8,661.9)=    0 (309.4,662.1)=    0 (309.7,662.3)=    0 (310.2,662.3)=    0 (310.7,662.3)=    0 (310.9,662.3)=    0 (311.5,662.3)=    0 (311.7,662.0)=    0 (311.8,662.0)=    0 (312.2,662.1)=    0 (312.3,662.3)=    0 (312.5,662.5)=    0 (312.8,662.5)=    0 (313.2,662.5)=    0 (313.4,662.4)=    0 (313.6,662.3)=    0 (314.1,662.0)=    0 (314.5,662.3)=    0 (315.1,662.3)=    0 (315.6,662.4)=    0 (316.1,662.6)=    0 (316.5,662.7)=    0 (317.1,662.7)=    0 (317.6,662.8)=    0 (318.4,662.8)=    0 (319.0,662.6)=    0 (319.3,662.7)=    0 (319.7,663.0)=    0 (320.3,662.9)=    0 (320.6,663.2)=    0 (321.1,663.3)=    0 (321.7,663.3)=    0 (322.2,663.5)=    0 (322.5,663.5)=    0 (323.3,663.4)=    0 (324.1,663.8)=    0 (324.6,663.8)=    0 (325.3,663.9)=    0 (325.8,664.1)=    0 (326.6,664.1)=    0 (327.1,664.1)=    0 (327.7,664.1)=    0 (328.3,664.1)=    0 (328.5,664.2)=    0 (329.2,664.1)=    0 (330.0,664.0)=    0 (330.8,664.0)=    0 (331.3,664.0)=    0 (332.0,663.7)=    0 (332.8,663.5)=    0 (333.3,663.3)=    0 (333.9,662.7)=    0 (334.7,662.7)=    0 (335.2,662.5)=    0 (335.4,662.4)=    0 (336.0,662.5)=    0 (336.4,662.7)=    0 (336.9,662.8)=    0 (337.3,662.7)=    0 (337.8,662.5)=    0 (338.6,662.3)=    0 (339.4,662.3)=    0 (340.1,662.3)=    0 (341.1,662.4)=    0 (342.0,662.4)=    0 
     79 | (401.0,649.0)=18560 (401.4,649.3)=    0 (402.0,649.6)=    0 (402.4,649.6)=    0 (402.9,649.6)=    0 (403.4,649.7)=    0 (403.9,649.7)=    0 (404.2,649.7)=    0 (404.5,650.1)=    0 (405.0,650.3)=    0 (405.5,650.5)=    0 (405.8,650.5)=    0 (406.4,650.5)=    0 (407.1,650.3)=    0 (407.5,650.0)=    0 (407.9,649.7)=    0 (408.2,649.3)=    0 (408.6,649.0)=    0 (408.6,648.6)=    0 (408.8,648.1)=    0 (408.7,647.9)=    0 (408.5,647.8)=    0 (408.7,647.6)=    0 (408.9,647.6)=    0 (409.2,647.6)=    0 (409.3,647.7)=    0 (409.5,647.6)=    0 (410.0,647.6)=    0 (410.3,647.7)=    0 (410.9,647.7)=    0 (411.5,647.7)=    0 (412.3,647.8)=    0 (413.4,647.7)=    0 (414.3,647.9)=    0 (415.1,647.9)=    0 (415.6,648.0)=    0 (416.1,648.2)=    0 (416.7,648.4)=    0 (417.2,648.6)=    0 (417.7,648.7)=    0 (418.1,648.8)=    0 (418.6,649.0)=    0 (418.9,649.2)=    0 (419.4,649.5)=    0 (419.7,649.7)=    0 (420.0,649.7)=    0 (420.7,649.7)=    0 (421.2,649.6)=    0 (421.5,649.9)=    0 (422.2,650.3)=    0 (422.2,650.6)=    0 (422.5,651.1)=    0 (422.8,651.4)=    0 (423.3,651.8)=    0 (423.5,652.0)=    0 (424.0,651.9)=    0 (424.6,651.9)=    0 (424.9,651.9)=    0 (425.2,651.8)=    0 (425.0,651.2)=    0 (425.2,651.5)=    0 (425.3,651.6)=    0 (425.6,651.5)=    0 (426.1,651.5)=    0 (426.4,651.4)=    0 (426.6,651.2)=    0 (426.8,651.2)=    0 (427.1,651.5)=    0 (427.3,651.5)=    0 (427.5,651.8)=    0 (427.8,652.4)=    0 (428.2,652.6)=    0 (428.7,652.8)=    0 (429.3,652.8)=    0 (429.8,652.8)=    0 (430.3,652.6)=    0 (430.9,652.5)=    0 (431.4,652.5)=    0 (432.0,652.7)=    0 (432.5,652.8)=    0 (432.8,653.0)=    0 (433.3,653.4)=    0 (433.6,653.5)=    0 (434.1,653.5)=    0 (434.4,653.7)=    0 (434.8,653.8)=    0 (435.1,653.7)=    0 (435.5,653.7)=    0 (435.8,653.9)=    0 (436.1,653.8)=    0 (436.6,653.7)=    0 (437.1,653.8)=    0 (437.5,653.7)=    0 (438.1,653.7)=    0 (438.6,653.4)=    0 (438.8,653.4)=    0 (439.1,653.7)=    0 (439.4,653.9)=    0 (439.6,654.5)=    0 (439.9,654.6)=    0 (440.5,654.9)=    0 (440.9,655.2)=    0 (441.4,655.4)=    0 (441.8,655.7)=    0 (442.2,655.9)=    0 (442.6,656.3)=    0 (443.3,656.8)=    0 (443.7,657.1)=    0 (444.3,657.4)=    0 (445.1,657.9)=    0 (445.5,658.3)=    0 (446.0,658.6)=    0 (446.4,658.8)=    0 (447.2,659.5)=    0 (448.1,660.0)=    0 (448.8,660.3)=    0 (449.5,660.7)=    0 (450.3,661.0)=    0 (450.5,660.8)=    0 (451.2,660.8)=    0 (452.1,661.1)=    0 (452.6,661.1)=    0 ( -1.0, -1.0)=   -4 ( -1.0, -1.0)=   -4 ( -1.0, -1.0)=   -4 ( -1.0, -1.0)=   -4 ( -1.0, -1.0)=   -4 ( -1.0, -1.0)=   -4 ( -1.0, -1.0)=   -4 ( -1.0, -1.0)=   -4 ( -1.0, -1.0)=   -4 ( -1.0, -1.0)=   -4 ( -1.0, -1.0)=   -4 ( -1.0, -1.0)=   -4 ( -1.0, -1.0)=   -4 ( -1.0, -1.0)=   -4 ( -1.0, -1.0)=   -4 ( -1.0, -1.0)=   -4 ( -1.0, -1.0)=   -4 ( -1.0, -1.0)=   -4 ( -1.0, -1.0)=   -4 ( -1.0, -1.0)=   -4 ( -1.0, -1.0)=   -4 ( -1.0, -1.0)=   -4 ( -1.0, -1.0)=   -4 ( -1.0, -1.0)=   -4 ( -1.0, -1.0)=   -4 ( -1.0, -1.0)=   -4 ( -1.0, -1.0)=   -4 ( -1.0, -1.0)=   -4 ( -1.0, -1.0)=   -4 ( -1.0, -1.0)=   -4 ( -1.0, -1.0)=   -4 ( -1.0, -1.0)=   -4 ( -1.0, -1.0)=   -4 ( -1.0, -1.0)=   -4 ( -1.0, -1.0)=   -4 ( -1.0, -1.0)=   -4 ( -1.0, -1.0)=   -4 ( -1.0, -1.0)=   -4 ( -1.0, -1.0)=   -4 ( -1.0, -1.0)=   -4 ( -1.0, -1.0)=   -4 ( -1.0, -1.0)=   -4 ( -1.0, -1.0)=   -4 ( -1.0, -1.0)=   -4 ( -1.0, -1.0)=   -4 ( -1.0, -1.0)=   -4 ( -1.0, -1.0)=   -4 ( -1.0, -1.0)=   -4 ( -1.0, -1.0)=   -4 ( -1.0, -1.0)=   -4 ( -1.0, -1.0)=   -4 ( -1.0, -1.0)=   -4 ( -1.0, -1.0)=   -4 ( -1.0, -1.0)=   -4 ( -1.0, -1.0)=   -4 ( -1.0, -1.0)=   -4 ( -1.0, -1.0)=   -4 ( -1.0, -1.0)=   -4 ( -1.0, -1.0)=   -4 ( -1.0, -1.0)=   -4 ( -1.0, -1.0)=   -4 ( -1.0, -1.0)=   -4 ( -1.0, -1.0)=   -4 ( -1.0, -1.0)=   -4 ( -1.0, -1.0)=   -4 ( -1.0, -1.0)=   -4 ( -1.0, -1.0)=   -4 ( -1.0, -1.0)=   -4 ( -1.0, -1.0)=   -4 ( -1.0, -1.0)=   -4 ( -1.0, -1.0)=   -4 ( -1.0, -1.0)=   -4 ( -1.0, -1.0)=   -4 ( -1.0, -1.0)=   -4 ( -1.0, -1.0)=   -4 ( -1.0, -1.0)=   -4 ( -1.0, -1.0)=   -4 ( -1.0, -1.0)=   -4 ( -1.0, -1.0)=   -4 ( -1.0, -1.0)=   -4 ( -1.0, -1.0)=   -4 ( -1.0, -1.0)=   -4 ( -1.0, -1.0)=   -4 ( -1.0, -1.0)=   -4 ( -1.0, -1.0)=   -4 ( -1.0, -1.0)=   -4 ( -1.0, -1.0)=   -4 ( -1.0, -1.0)=   -4 ( -1.0, -1.0)=   -4 ( -1.0, -1.0)=   -4 ( -1.0, -1.0)=   -4 ( -1.0, -1.0)=   -4 ( -1.0, -1.0)=   -4 ( -1.0, -1.0)=   -4 ( -1.0, -1.0)=   -4 ( -1.0, -1.0)=   -4 ( -1.0, -1.0)=   -4 ( -1.0, -1.0)=   -4 ( -1.0, -1.0)=   -4 ( -1.0, -1.0)=   -4 ( -1.0, -1.0)=   -4 ( -1.0, -1.0)=   -4 ( -1.0, -1.0)=   -4 ( -1.0, -1.0)=   -4 ( -1.0, -1.0)=   -4 ( -1.0, -1.0)=   -4 ( -1.0, -1.0)=   -4 ( -1.0, -1.0)=   -4 ( -1.0, -1.0)=   -4 ( -1.0, -1.0)=   -4 ( -1.0, -1.0)=   -4 ( -1.0, -1.0)=   -4 ( -1.0, -1.0)=   -4 ( -1.0, -1.0)=   -4 ( -1.0, -1.0)=   -4 ( -1.0, -1.0)=   -4 ( -1.0, -1.0)=   -4 ( -1.0, -1.0)=   -4 ( -1.0, -1.0)=   -4 ( -1.0, -1.0)=   -4 ( -1.0, -1.0)=   -4 ( -1.0, -1.0)=   -4 ( -1.0, -1.0)=   -4 ( -1.0, -1.0)=   -4 ( -1.0, -1.0)=   -4 ( -1.0, -1.0)=   -4 ( -1.0, -1.0)=   -4 ( -1.0, -1.0)=   -4 ( -1.0, -1.0)=   -4 ( -1.0, -1.0)=   -4 ( -1.0, -1.0)=   -4 ( -1.0, -1.0)=   -4 ( -1.0, -1.0)=   -4 ( -1.0, -1.0)=   -4 ( -1.0, -1.0)=   -4 ( -1.0, -1.0)=   -4 ( -1.0, -1.0)=   -4 ( -1.0, -1.0)=   -4 ( -1.0, -1.0)=   -4 ( -1.0, -1.0)=   -4 ( -1.0, -1.0)=   -4 ( -1.0, -1.0)=   -4 ( -1.0, -1.0)=   -4 ( -1.0, -1.0)=   -4 ( -1.0, -1.0)=   -4 ( -1.0, -1.0)=   -4 ( -1.0, -1.0)=   -4 ( -1.0, -1.0)=   -4 ( -1.0, -1.0)=   -4 ( -1.0, -1.0)=   -4 ( -1.0, -1.0)=   -4 ( -1.0, -1.0)=   -4 ( -1.0, -1.0)=   -4 ( -1.0, -1.0)=   -4 ( -1.0, -1.0)=   -4 ( -1.0, -1.0)=   -4 ( -1.0, -1.0)=   -4 ( -1.0, -1.0)=   -4 ( -1.0, -1.0)=   -4 
     80 | ( 34.0,539.0)=18310 ( 34.4,539.3)=    0 ( 35.0,539.4)=    0 ( 35.5,539.3)=    0 ( 35.7,539.2)=    0 ( 36.3,539.1)=    0 ( 36.8,538.8)=    0 ( 37.1,538.9)=    0 ( 37.4,539.2)=    0 ( 37.9,539.2)=    0 ( 38.4,539.2)=    0 ( 38.7,539.1)=    0 ( 39.3,538.8)=    0 ( -1.0, -1.0)=   -3 ( -1.0, -1.0)=   -3 ( -1.0, -1.0)=   -3 ( -1.0, -1.0)=   -3 ( -1.0, -1.0)=   -3 ( -1.0, -1.0)=   -3 ( -1.0, -1.0)=   -3 ( -1.0, -1.0)=   -3 ( -1.0, -1.0)=   -3 ( -1.0, -1.0)=   -3 ( -1.0, -1.0)=   -3 ( -1.0, -1.0)=   -3 ( -1.0, -1.0)=   -3 ( -1.0, -1.0)=   -3 ( -1.0, -1.0)=   -3 ( -1.0, -1.0)=   -3 ( -1.0, -1.0)=   -3 ( -1.0, -1.0)=   -3 ( -1.0, -1.0)=   -3 ( -1.0, -1.0)=   -3 ( -1.0, -1.0)=   -3 ( -1.0, -1.0)=   -3 ( -1.0, -1.0)=   -3 ( -1.0, -1.0)=   -3 ( -1.0, -1.0)=   -3 ( -1.0, -1.0)=   -3 ( -1.0, -1.0)=   -3 ( -1.0, -1.0)=   -3 ( -1.0, -1.0)=   -3 ( -1.0, -1.0)=   -3 ( -1.0, -1.0)=   -3 ( -1.0, -1.0)=   -3 ( -1.0, -1.0)=   -3 ( -1.0, -1.0)=   -3 ( -1.0, -1.0)=   -3 ( -1.0, -1.0)=   -3 ( -1.0, -1.0)=   -3 ( -1.0, -1.0)=   -3 ( -1.0, -1.0)=   -3 ( -1.0, -1.0)=   -3 ( -1.0, -1.0)=   -3 ( -1.0, -1.0)=   -3 ( -1.0, -1.0)=   -3 ( -1.0, -1.0)=   -3 ( -1.0, -1.0)=   -3 ( -1.0, -1.0)=   -3 ( -1.0, -1.0)=   -3 ( -1.0, -1.0)=   -3 ( -1.0, -1.0)=   -3 ( -1.0, -1.0)=   -3 ( -1.0, -1.0)=   -3 ( -1.0, -1.0)=   -3 ( -1.0, -1.0)=   -3 ( -1.0, -1.0)=   -3 ( -1.0, -1.0)=   -3 ( -1.0, -1.0)=   -3 ( -1.0, -1.0)=   -3 ( -1.0, -1.0)=   -3 ( -1.0, -1.0)=   -3 ( -1.0, -1.0)=   -3 ( -1.0, -1.0)=   -3 ( -1.0, -1.0)=   -3 ( -1.0, -1.0)=   -3 ( -1.0, -1.0)=   -3 ( -1.0, -1.0)=   -3 ( -1.0, -1.0)=   -3 ( -1.0, -1.0)=   -3 ( -1.0, -1.0)=   -3 ( -1.0, -1.0)=   -3 ( -1.0, -1.0)=   -3 ( -1.0, -1.0)=   -3 ( -1.0, -1.0)=   -3 ( -1.0, -1.0)=   -3 ( -1.0, -1.0)=   -3 ( -1.0, -1.0)=   -3 ( -1.0, -1.0)=   -3 ( -1.0, -1.0)=   -3 ( -1.0, -1.0)=   -3 ( -1.0, -1.0)=   -3 ( -1.0, -1.0)=   -3 ( -1.0, -1.0)=   -3 ( -1.0, -1.0)=   -3 ( -1.0, -1.0)=   -3 ( -1.0, -1.0)=   -3 ( -1.0, -1.0)=   -3 ( -1.0, -1.0)=   -3 ( -1.0, -1.0)=   -3 ( -1.0, -1.0)=   -3 ( -1.0, -1.0)=   -3 ( -1.0, -1.0)=   -3 ( -1.0, -1.0)=   -3 ( -1.0, -1.0)=   -3 ( -1.0, -1.0)=   -3 ( -1.0, -1.0)=   -3 ( -1.0, -1.0)=   -3 ( -1.0, -1.0)=   -3 ( -1.0, -1.0)=   -3 ( -1.0, -1.0)=   -3 ( -1.0, -1.0)=   -3 ( -1.0, -1.0)=   -3 ( -1.0, -1.0)=   -3 ( -1.0, -1.0)=   -3 ( -1.0, -1.0)=   -3 ( -1.0, -1.0)=   -3 ( -1.0, -1.0)=   -3 ( -1.0, -1.0)=   -3 ( -1.0, -1.0)=   -3 ( -1.0, -1.0)=   -3 ( -1.0, -1.0)=   -3 ( -1.0, -1.0)=   -3 ( -1.0, -1.0)=   -3 ( -1.0, -1.0)=   -3 ( -1.0, -1.0)=   -3 ( -1.0, -1.0)=   -3 ( -1.0, -1.0)=   -3 ( -1.0, -1.0)=   -3 ( -1.0, -1.0)=   -3 ( -1.0, -1.0)=   -3 ( -1.0, -1.0)=   -3 ( -1.0, -1.0)=   -3 ( -1.0, -1.0)=   -3 ( -1.0, -1.0)=   -3 ( -1.0, -1.0)=   -3 ( -1.0, -1.0)=   -3 ( -1.0, -1.0)=   -3 ( -1.0, -1.0)=   -3 ( -1.0, -1.0)=   -3 ( -1.0, -1.0)=   -3 ( -1.0, -1.0)=   -3 ( -1.0, -1.0)=   -3 ( -1.0, -1.0)=   -3 ( -1.0, -1.0)=   -3 ( -1.0, -1.0)=   -3 ( -1.0, -1.0)=   -3 ( -1.0, -1.0)=   -3 ( -1.0, -1.0)=   -3 ( -1.0, -1.0)=   -3 ( -1.0, -1.0)=   -3 ( -1.0, -1.0)=   -3 ( -1.0, -1.0)=   -3 ( -1.0, -1.0)=   -3 ( -1.0, -1.0)=   -3 ( -1.0, -1.0)=   -3 ( -1.0, -1.0)=   -3 ( -1.0, -1.0)=   -3 ( -1.0, -1.0)=   -3 ( -1.0, -1.0)=   -3 ( -1.0, -1.0)=   -3 ( -1.0, -1.0)=   -3 ( -1.0, -1.0)=   -3 ( -1.0, -1.0)=   -3 ( -1.0, -1.0)=   -3 ( -1.0, -1.0)=   -3 ( -1.0, -1.0)=   -3 ( -1.0, -1.0)=   -3 ( -1.0, -1.0)=   -3 ( -1.0, -1.0)=   -3 ( -1.0, -1.0)=   -3 ( -1.0, -1.0)=   -3 ( -1.0, -1.0)=   -3 ( -1.0, -1.0)=   -3 ( -1.0, -1.0)=   -3 ( -1.0, -1.0)=   -3 ( -1.0, -1.0)=   -3 ( -1.0, -1.0)=   -3 ( -1.0, -1.0)=   -3 ( -1.0, -1.0)=   -3 ( -1.0, -1.0)=   -3 ( -1.0, -1.0)=   -3 ( -1.0, -1.0)=   -3 ( -1.0, -1.0)=   -3 ( -1.0, -1.0)=   -3 ( -1.0, -1.0)=   -3 ( -1.0, -1.0)=   -3 ( -1.0, -1.0)=   -3 ( -1.0, -1.0)=   -3 ( -1.0, -1.0)=   -3 ( -1.0, -1.0)=   -3 ( -1.0, -1.0)=   -3 ( -1.0, -1.0)=   -3 ( -1.0, -1.0)=   -3 ( -1.0, -1.0)=   -3 ( -1.0, -1.0)=   -3 ( -1.0, -1.0)=   -3 ( -1.0, -1.0)=   -3 ( -1.0, -1.0)=   -3 ( -1.0, -1.0)=   -3 ( -1.0, -1.0)=   -3 ( -1.0, -1.0)=   -3 ( -1.0, -1.0)=   -3 ( -1.0, -1.0)=   -3 ( -1.0, -1.0)=   -3 ( -1.0, -1.0)=   -3 ( -1.0, -1.0)=   -3 ( -1.0, -1.0)=   -3 ( -1.0, -1.0)=   -3 ( -1.0, -1.0)=   -3 ( -1.0, -1.0)=   -3 ( -1.0, -1.0)=   -3 ( -1.0, -1.0)=   -3 ( -1.0, -1.0)=   -3 ( -1.0, -1.0)=   -3 ( -1.0, -1.0)=   -3 ( -1.0, -1.0)=   -3 ( -1.0, -1.0)=   -3 ( -1.0, -1.0)=   -3 ( -1.0, -1.0)=   -3 ( -1.0, -1.0)=   -3 ( -1.0, -1.0)=   -3 ( -1.0, -1.0)=   -3 ( -1.0, -1.0)=   -3 ( -1.0, -1.0)=   -3 ( -1.0, -1.0)=   -3 ( -1.0, -1.0)=   -3 ( -1.0, -1.0)=   -3 ( -1.0, -1.0)=   -3 ( -1.0, -1.0)=   -3 ( -1.0, -1.0)=   -3 ( -1.0, -1.0)=   -3 ( -1.0, -1.0)=   -3 ( -1.0, -1.0)=   -3 ( -1.0, -1.0)=   -3 ( -1.0, -1.0)=   -3 ( -1.0, -1.0)=   -3 ( -1.0, -1.0)=   -3 ( -1.0, -1.0)=   -3 ( -1.0, -1.0)=   -3 ( -1.0, -1.0)=   -3 ( -1.0, -1.0)=   -3 ( -1.0, -1.0)=   -3 ( -1.0, -1.0)=   -3 ( -1.0, -1.0)=   -3 ( -1.0, -1.0)=   -3 ( -1.0, -1.0)=   -3 ( -1.0, -1.0)=   -3 ( -1.0, -1.0)=   -3 ( -1.0, -1.0)=   -3 ( -1.0, -1.0)=   -3 ( -1.0, -1.0)=   -3 ( -1.0, -1.0)=   -3 ( -1.0, -1.0)=   -3 ( -1.0, -1.0)=   -3 ( -1.0, -1.0)=   -3 ( -1.0, -1.0)=   -3 ( -1.0, -1.0)=   -3 ( -1.0, -1.0)=   -3 ( -1.0, -1.0)=   -3 ( -1.0, -1.0)=   -3 ( -1.0, -1.0)=   -3 ( -1.0, -1.0)=   -3 ( -1.0, -1.0)=   -3 ( -1.0, -1.0)=   -3 ( -1.0, -1.0)=   -3 ( -1.0, -1.0)=   -3 ( -1.0, -1.0)=   -3 ( -1.0, -1.0)=   -3 ( -1.0, -1.0)=   -3 ( -1.0, -1.0)=   -3 ( -1.0, -1.0)=   -3 ( -1.0, -1.0)=   -3 ( -1.0, -1.0)=   -3 ( -1.0, -1.0)=   -3 ( -1.0, -1.0)=   -3 ( -1.0, -1.0)=   -3 ( -1.0, -1.0)=   -3 ( -1.0, -1.0)=   -3 ( -1.0, -1.0)=   -3 ( -1.0, -1.0)=   -3 
     81 | (361.0,672.0)=18161 (361.5,672.4)=    0 (362.0,672.7)=    0 (362.5,672.7)=    0 (363.0,672.7)=    0 (363.4,672.7)=    0 (363.9,672.7)=    0 (364.1,672.7)=    0 (364.5,673.1)=    0 (364.9,673.2)=    0 (365.5,673.5)=    0 (365.8,673.5)=    0 (366.3,673.5)=    0 (367.0,673.2)=    0 (367.2,673.0)=    0 (367.7,672.8)=    0 (368.0,672.3)=    0 (368.5,672.0)=    0 (368.6,671.6)=    0 (368.6,671.1)=    0 (368.5,670.8)=    0 (368.4,670.7)=    0 (368.5,670.6)=    0 (368.8,670.5)=    0 (368.9,670.5)=    0 (369.0,670.6)=    0 (369.1,670.4)=    0 (369.6,670.4)=    0 (370.1,670.6)=    0 (370.6,670.5)=    0 (371.3,670.5)=    0 (372.1,670.5)=    0 (373.1,670.4)=    0 (374.0,670.4)=    0 (374.7,670.5)=    0 (375.3,670.5)=    0 (375.8,670.7)=    0 (376.3,670.8)=    0 (377.0,671.1)=    0 (377.4,671.2)=    0 (377.9,671.3)=    0 (378.4,671.4)=    0 (378.7,671.6)=    0 (379.2,671.8)=    0 (379.4,672.0)=    0 (379.9,672.0)=    0 (380.4,672.0)=    0 (380.8,672.0)=    0 (381.3,672.4)=    0 (381.8,672.6)=    0 (381.9,673.0)=    0 (382.2,673.5)=    0 (382.5,673.8)=    0 (383.0,674.2)=    0 (383.4,674.4)=    0 (383.8,674.3)=    0 (384.0,674.2)=    0 (384.5,674.2)=    0 (384.7,674.0)=    0 (384.5,673.4)=    0 (384.8,673.7)=    0 (385.0,673.8)=    0 (385.2,673.6)=    0 (385.7,673.6)=    0 (386.0,673.7)=    0 (386.3,673.6)=    0 (386.2,673.7)=    0 (386.7,673.9)=    0 (386.9,673.9)=    0 (387.1,674.4)=    0 (387.4,674.7)=    0 (387.9,674.9)=    0 (388.2,675.2)=    0 (388.7,675.1)=    0 (389.2,675.0)=    0 (389.8,674.9)=    0 (390.4,674.8)=    0 (390.9,674.8)=    0 (391.4,675.0)=    0 (391.9,675.2)=    0 (392.3,675.4)=    0 (392.8,675.6)=    0 (393.2,675.8)=    0 (393.5,675.8)=    0 (393.8,676.0)=    0 (394.1,676.1)=    0 (394.5,676.0)=    0 (394.7,676.0)=    0 (395.1,676.3)=    0 (395.5,676.3)=    0 (395.9,676.2)=    0 (396.4,676.1)=    0 (396.9,676.0)=    0 (397.4,675.9)=    0 (397.8,675.6)=    0 (398.2,675.8)=    0 (398.5,675.8)=    0 (398.7,676.2)=    0 (398.9,676.7)=    0 (399.3,676.9)=    0 (399.7,677.2)=    0 (400.2,677.4)=    0 (400.6,677.7)=    0 (401.0,678.1)=    0 (401.5,678.4)=    0 (401.9,678.6)=    0 (402.5,679.1)=    0 (403.1,679.4)=    0 (403.6,679.8)=    0 (404.3,680.3)=    0 (404.8,680.5)=    0 (405.4,680.6)=    0 (405.9,681.0)=    0 (406.7,681.6)=    0 (407.4,682.2)=    0 (408.1,682.5)=    0 (408.8,682.9)=    0 (409.5,683.1)=    0 (409.9,682.8)=    0 (410.4,682.8)=    0 (411.2,683.2)=    0 (411.9,683.2)=    0 (412.4,683.4)=    0 (413.3,683.6)=    0 (414.2,683.7)=    0 (415.0,683.9)=    0 (415.9,684.0)=    0 (416.9,683.9)=    0 (417.7,683.7)=    0 (418.1,683.7)=    0 (418.4,683.6)=    0 (418.9,683.6)=    0 (419.3,683.6)=    0 (419.9,683.6)=    0 (420.3,683.5)=    0 (420.7,683.2)=    0 (421.2,682.9)=    0 (421.5,682.7)=    0 (422.0,682.5)=    0 (422.8,682.3)=    0 (423.5,682.4)=    0 (424.1,682.6)=    0 (424.8,682.5)=    0 (425.1,682.5)=    0 (426.1,682.9)=    0 (426.8,682.8)=    0 (427.7,682.8)=    0 (428.7,683.1)=    0 (429.5,683.8)=    0 (430.3,684.3)=    0 (431.3,685.1)=    0 (432.1,685.6)=    0 (432.8,686.1)=    0 (433.5,686.6)=    0 (434.2,687.2)=    0 (434.9,687.9)=    0 (435.9,688.7)=    0 (436.7,689.6)=    0 (437.7,690.6)=    0 (438.4,691.2)=    0 (438.9,691.6)=    0 (439.0,691.7)=    0 (439.3,691.7)=    0 (439.6,691.5)=    0 (439.8,691.6)=    0 (440.0,691.6)=    0 (440.5,692.0)=    0 (440.8,692.4)=    0 (441.1,692.7)=    0 (441.6,693.2)=    0 (441.8,693.2)=    0 (442.1,693.5)=    0 (442.6,693.7)=    0 (443.2,694.2)=    0 (443.8,694.7)=    0 (444.2,695.2)=    0 (444.9,695.8)=    0 (445.3,696.3)=    0 (445.9,696.9)=    0 (446.3,697.0)=    0 (446.7,697.3)=    0 (447.1,697.5)=    0 (447.5,697.8)=    0 (447.9,698.0)=    0 (448.2,698.4)=    0 (448.3,698.7)=    0 (448.6,698.9)=    0 (448.8,698.9)=    0 (449.0,699.1)=    0 (449.2,699.3)=    0 (449.4,699.3)=    0 (449.6,699.6)=    0 (449.8,699.6)=    0 (450.2,699.6)=    0 (450.7,699.7)=    0 (451.1,699.7)=    0 (451.5,699.6)=    0 (451.8,699.6)=    0 (452.0,699.8)=    0 (452.3,699.9)=    0 (452.5,700.4)=    0 (452.5,700.5)=    0 (452.7,700.5)=    0 (452.8,700.6)=    0 ( -1.0, -1.0)=   -4 ( -1.0, -1.0)=   -4 ( -1.0, -1.0)=   -4 ( -1.0, -1.0)=   -4 ( -1.0, -1.0)=   -4 ( -1.0, -1.0)=   -4 ( -1.0, -1.0)=   -4 ( -1.0, -1.0)=   -4 ( -1.0, -1.0)=   -4 ( -1.0, -1.0)=   -4 ( -1.0, -1.0)=   -4 ( -1.0, -1.0)=   -4 ( -1.0, -1.0)=   -4 ( -1.0, -1.0)=   -4 ( -1.0, -1.0)=   -4 ( -1.0, -1.0)=   -4 ( -1.0, -1.0)=   -4 ( -1.0, -1.0)=   -4 ( -1.0, -1.0)=   -4 ( -1.0, -1.0)=   -4 ( -1.0, -1.0)=   -4 ( -1.0, -1.0)=   -4 ( -1.0, -1.0)=   -4 ( -1.0, -1.0)=   -4 ( -1.0, -1.0)=   -4 ( -1.0, -1.0)=   -4 ( -1.0, -1.0)=   -4 ( -1.0, -1.0)=   -4 ( -1.0, -1.0)=   -4 ( -1.0, -1.0)=   -4 ( -1.0, -1.0)=   -4 ( -1.0, -1.0)=   -4 ( -1.0, -1.0)=   -4 ( -1.0, -1.0)=   -4 ( -1.0, -1.0)=   -4 ( -1.0, -1.0)=   -4 ( -1.0, -1.0)=   -4 ( -1.0, -1.0)=   -4 ( -1.0, -1.0)=   -4 ( -1.0, -1.0)=   -4 ( -1.0, -1.0)=   -4 ( -1.0, -1.0)=   -4 ( -1.0, -1.0)=   -4 ( -1.0, -1.0)=   -4 ( -1.0, -1.0)=   -4 ( -1.0, -1.0)=   -4 ( -1.0, -1.0)=   -4 ( -1.0, -1.0)=   -4 ( -1.0, -1.0)=   -4 ( -1.0, -1.0)=   -4 ( -1.0, -1.0)=   -4 ( -1.0, -1.0)=   -4 ( -1.0, -1.0)=   -4 ( -1.0, -1.0)=   -4 ( -1.0, -1.0)=   -4 ( -1.0, -1.0)=   -4 ( -1.0, -1.0)=   -4 ( -1.0, -1.0)=   -4 ( -1.0, -1.0)=   -4 ( -1.0, -1.0)=   -4 ( -1.0, -1.0)=   -4 ( -1.0, -1.0)=   -4 ( -1.0, -1.0)=   -4 ( -1.0, -1.0)=   -4 ( -1.0, -1.0)=   -4 ( -1.0, -1.0)=   -4 ( -1.0, -1.0)=   -4 ( -1.0, -1.0)=   -4 ( -1.0, -1.0)=   -4 ( -1.0, -1.0)=   -4 ( -1.0, -1.0)=   -4 ( -1.0, -1.0)=   -4 ( -1.0, -1.0)=   -4 ( -1.0, -1.0)=   -4 ( -1.0, -1.0)=   -4 ( -1.0, -1.0)=   -4 ( -1.0, -1.0)=   -4 
     82 | ( 89.0,547.0)=17926 ( 89.4,547.3)=    0 ( 89.9,547.5)=    0 ( 90.4,547.4)=    0 ( 90.7,547.4)=    0 ( 91.2,547.4)=    0 ( 91.9,547.1)=    0 ( 91.9,547.1)=    0 ( 92.3,547.4)=    0 ( 92.8,547.4)=    0 ( 93.3,547.5)=    0 ( 93.7,547.5)=    0 ( 94.2,547.2)=    0 ( 94.6,546.9)=    0 ( 94.9,546.6)=    0 ( 95.4,546.2)=    0 ( -1.0, -1.0)=   -3 ( -1.0, -1.0)=   -3 ( -1.0, -1.0)=   -3 ( -1.0, -1.0)=   -3 ( -1.0, -1.0)=   -3 ( -1.0, -1.0)=   -3 ( -1.0, -1.0)=   -3 ( -1.0, -1.0)=   -3 ( -1.0, -1.0)=   -3 ( -1.0, -1.0)=   -3 ( -1.0, -1.0)=   -3 ( -1.0, -1.0)=   -3 ( -1.0, -1.0)=   -3 ( -1.0, -1.0)=   -3 ( -1.0, -1.0)=   -3 ( -1.0, -1.0)=   -3 ( -1.0, -1.0)=   -3 ( -1.0, -1.0)=   -3 ( -1.0, -1.0)=   -3 ( -1.0, -1.0)=   -3 ( -1.0, -1.0)=   -3 ( -1.0, -1.0)=   -3 ( -1.0, -1.0)=   -3 ( -1.0, -1.0)=   -3 ( -1.0, -1.0)=   -3 ( -1.0, -1.0)=   -3 ( -1.0, -1.0)=   -3 ( -1.0, -1.0)=   -3 ( -1.0, -1.0)=   -3 ( -1.0, -1.0)=   -3 ( -1.0, -1.0)=   -3 ( -1.0, -1.0)=   -3 ( -1.0, -1.0)=   -3 ( -1.0, -1.0)=   -3 ( -1.0, -1.0)=   -3 ( -1.0, -1.0)=   -3 ( -1.0, -1.0)=   -3 ( -1.0, -1.0)=   -3 ( -1.0, -1.0)=   -3 ( -1.0, -1.0)=   -3 ( -1.0, -1.0)=   -3 ( -1.0, -1.0)=   -3 ( -1.0, -1.0)=   -3 ( -1.0, -1.0)=   -3 ( -1.0, -1.0)=   -3 ( -1.0, -1.0)=   -3 ( -1.0, -1.0)=   -3 ( -1.0, -1.0)=   -3 ( -1.0, -1.0)=   -3 ( -1.0, -1.0)=   -3 ( -1.0, -1.0)=   -3 ( -1.0, -1.0)=   -3 ( -1.0, -1.0)=   -3 ( -1.0, -1.0)=   -3 ( -1.0, -1.0)=   -3 ( -1.0, -1.0)=   -3 ( -1.0, -1.0)=   -3 ( -1.0, -1.0)=   -3 ( -1.0, -1.0)=   -3 ( -1.0, -1.0)=   -3 ( -1.0, -1.0)=   -3 ( -1.0, -1.0)=   -3 ( -1.0, -1.0)=   -3 ( -1.0, -1.0)=   -3 ( -1.0, -1.0)=   -3 ( -1.0, -1.0)=   -3 ( -1.0, -1.0)=   -3 ( -1.0, -1.0)=   -3 ( -1.0, -1.0)=   -3 ( -1.0, -1.0)=   -3 ( -1.0, -1.0)=   -3 ( -1.0, -1.0)=   -3 ( -1.0, -1.0)=   -3 ( -1.0, -1.0)=   -3 ( -1.0, -1.0)=   -3 ( -1.0, -1.0)=   -3 ( -1.0, -1.0)=   -3 ( -1.0, -1.0)=   -3 ( -1.0, -1.0)=   -3 ( -1.0, -1.0)=   -3 ( -1.0, -1.0)=   -3 ( -1.0, -1.0)=   -3 ( -1.0, -1.0)=   -3 ( -1.0, -1.0)=   -3 ( -1.0, -1.0)=   -3 ( -1.0, -1.0)=   -3 ( -1.0, -1.0)=   -3 ( -1.0, -1.0)=   -3 ( -1.0, -1.0)=   -3 ( -1.0, -1.0)=   -3 ( -1.0, -1.0)=   -3 ( -1.0, -1.0)=   -3 ( -1.0, -1.0)=   -3 ( -1.0, -1.0)=   -3 ( -1.0, -1.0)=   -3 ( -1.0, -1.0)=   -3 ( -1.0, -1.0)=   -3 ( -1.0, -1.0)=   -3 ( -1.0, -1.0)=   -3 ( -1.0, -1.0)=   -3 ( -1.0, -1.0)=   -3 ( -1.0, -1.0)=   -3 ( -1.0, -1.0)=   -3 ( -1.0, -1.0)=   -3 ( -1.0, -1.0)=   -3 ( -1.0, -1.0)=   -3 ( -1.0, -1.0)=   -3 ( -1.0, -1.0)=   -3 ( -1.0, -1.0)=   -3 ( -1.0, -1.0)=   -3 ( -1.0, -1.0)=   -3 ( -1.0, -1.0)=   -3 ( -1.0, -1.0)=   -3 ( -1.0, -1.0)=   -3 ( -1.0, -1.0)=   -3 ( -1.0, -1.0)=   -3 ( -1.0, -1.0)=   -3 ( -1.0, -1.0)=   -3 ( -1.0, -1.0)=   -3 ( -1.0, -1.0)=   -3 ( -1.0, -1.0)=   -3 ( -1.0, -1.0)=   -3 ( -1.0, -1.0)=   -3 ( -1.0, -1.0)=   -3 ( -1.0, -1.0)=   -3 ( -1.0, -1.0)=   -3 ( -1.0, -1.0)=   -3 ( -1.0, -1.0)=   -3 ( -1.0, -1.0)=   -3 ( -1.0, -1.0)=   -3 ( -1.0, -1.0)=   -3 ( -1.0, -1.0)=   -3 ( -1.0, -1.0)=   -3 ( -1.0, -1.0)=   -3 ( -1.0, -1.0)=   -3 ( -1.0, -1.0)=   -3 ( -1.0, -1.0)=   -3 ( -1.0, -1.0)=   -3 ( -1.0, -1.0)=   -3 ( -1.0, -1.0)=   -3 ( -1.0, -1.0)=   -3 ( -1.0, -1.0)=   -3 ( -1.0, -1.0)=   -3 ( -1.0, -1.0)=   -3 ( -1.0, -1.0)=   -3 ( -1.0, -1.0)=   -3 ( -1.0, -1.0)=   -3 ( -1.0, -1.0)=   -3 ( -1.0, -1.0)=   -3 ( -1.0, -1.0)=   -3 ( -1.0, -1.0)=   -3 ( -1.0, -1.0)=   -3 ( -1.0, -1.0)=   -3 ( -1.0, -1.0)=   -3 ( -1.0, -1.0)=   -3 ( -1.0, -1.0)=   -3 ( -1.0, -1.0)=   -3 ( -1.0, -1.0)=   -3 ( -1.0, -1.0)=   -3 ( -1.0, -1.0)=   -3 ( -1.0, -1.0)=   -3 ( -1.0, -1.0)=   -3 ( -1.0, -1.0)=   -3 ( -1.0, -1.0)=   -3 ( -1.0, -1.0)=   -3 ( -1.0, -1.0)=   -3 ( -1.0, -1.0)=   -3 ( -1.0, -1.0)=   -3 ( -1.0, -1.0)=   -3 ( -1.0, -1.0)=   -3 ( -1.0, -1.0)=   -3 ( -1.0, -1.0)=   -3 ( -1.0, -1.0)=   -3 ( -1.0, -1.0)=   -3 ( -1.0, -1.0)=   -3 ( -1.0, -1.0)=   -3 ( -1.0, -1.0)=   -3 ( -1.0, -1.0)=   -3 ( -1.0, -1.0)=   -3 ( -1.0, -1.0)=   -3 ( -1.0, -1.0)=   -3 ( -1.0, -1.0)=   -3 ( -1.0, -1.0)=   -3 ( -1.0, -1.0)=   -3 ( -1.0, -1.0)=   -3 ( -1.0, -1.0)=   -3 ( -1.0, -1.0)=   -3 ( -1.0, -1.0)=   -3 ( -1.0, -1.0)=   -3 ( -1.0, -1.0)=   -3 ( -1.0, -1.0)=   -3 ( -1.0, -1.0)=   -3 ( -1.0, -1.0)=   -3 ( -1.0, -1.0)=   -3 ( -1.0, -1.0)=   -3 ( -1.0, -1.0)=   -3 ( -1.0, -1.0)=   -3 ( -1.0, -1.0)=   -3 ( -1.0, -1.0)=   -3 ( -1.0, -1.0)=   -3 ( -1.0, -1.0)=   -3 ( -1.0, -1.0)=   -3 ( -1.0, -1.0)=   -3 ( -1.0, -1.0)=   -3 ( -1.0, -1.0)=   -3 ( -1.0, -1.0)=   -3 ( -1.0, -1.0)=   -3 ( -1.0, -1.0)=   -3 ( -1.0, -1.0)=   -3 ( -1.0, -1.0)=   -3 ( -1.0, -1.0)=   -3 ( -1.0, -1.0)=   -3 ( -1.0, -1.0)=   -3 ( -1.0, -1.0)=   -3 ( -1.0, -1.0)=   -3 ( -1.0, -1.0)=   -3 ( -1.0, -1.0)=   -3 ( -1.0, -1.0)=   -3 ( -1.0, -1.0)=   -3 ( -1.0, -1.0)=   -3 ( -1.0, -1.0)=   -3 ( -1.0, -1.0)=   -3 ( -1.0, -1.0)=   -3 ( -1.0, -1.0)=   -3 ( -1.0, -1.0)=   -3 ( -1.0, -1.0)=   -3 ( -1.0, -1.0)=   -3 ( -1.0, -1.0)=   -3 ( -1.0, -1.0)=   -3 ( -1.0, -1.0)=   -3 ( -1.0, -1.0)=   -3 ( -1.0, -1.0)=   -3 ( -1.0, -1.0)=   -3 ( -1.0, -1.0)=   -3 ( -1.0, -1.0)=   -3 ( -1.0, -1.0)=   -3 ( -1.0, -1.0)=   -3 ( -1.0, -1.0)=   -3 ( -1.0, -1.0)=   -3 ( -1.0, -1.0)=   -3 ( -1.0, -1.0)=   -3 ( -1.0, -1.0)=   -3 ( -1.0, -1.0)=   -3 ( -1.0, -1.0)=   -3 ( -1.0, -1.0)=   -3 ( -1.0, -1.0)=   -3 ( -1.0, -1.0)=   -3 ( -1.0, -1.0)=   -3 ( -1.0, -1.0)=   -3 ( -1.0, -1.0)=   -3 ( -1.0, -1.0)=   -3 ( -1.0, -1.0)=   -3 ( -1.0, -1.0)=   -3 ( -1.0, -1.0)=   -3 ( -1.0, -1.0)=   -3 ( -1.0, -1.0)=   -3 ( -1.0, -1.0)=   -3 ( -1.0, -1.0)=   -3 ( -1.0, -1.0)=   -3 ( -1.0, -1.0)=   -3 ( -1.0, -1.0)=   -3 ( -1.0, -1.0)=   -3 ( -1.0, -1.0)=   -3 ( -1.0, -1.0)=   -3 ( -1.0, -1.0)=   -3 
     83 | (404.0,599.0)=17921 (404.4,599.2)=    0 (405.1,599.6)=    0 (405.3,599.6)=    0 (406.0,599.6)=    0 (406.4,599.7)=    0 (406.9,599.7)=    0 (407.2,599.7)=    0 (407.6,600.0)=    0 (408.1,600.2)=    0 (408.6,600.3)=    0 (409.0,600.3)=    0 (409.4,600.2)=    0 (410.1,599.9)=    0 (410.4,599.8)=    0 (410.9,599.5)=    0 (411.1,599.0)=    0 (411.6,598.7)=    0 ( -1.0, -1.0)=   -3 ( -1.0, -1.0)=   -3 ( -1.0, -1.0)=   -3 ( -1.0, -1.0)=   -3 ( -1.0, -1.0)=   -3 ( -1.0, -1.0)=   -3 ( -1.0, -1.0)=   -3 ( -1.0, -1.0)=   -3 ( -1.0, -1.0)=   -3 ( -1.0, -1.0)=   -3 ( -1.0, -1.0)=   -3 ( -1.0, -1.0)=   -3 ( -1.0, -1.0)=   -3 ( -1.0, -1.0)=   -3 ( -1.0, -1.0)=   -3 ( -1.0, -1.0)=   -3 ( -1.0, -1.0)=   -3 ( -1.0, -1.0)=   -3 ( -1.0, -1.0)=   -3 ( -1.0, -1.0)=   -3 ( -1.0, -1.0)=   -3 ( -1.0, -1.0)=   -3 ( -1.0, -1.0)=   -3 ( -1.0, -1.0)=   -3 ( -1.0, -1.0)=   -3 ( -1.0, -1.0)=   -3 ( -1.0, -1.0)=   -3 ( -1.0, -1.0)=   -3 ( -1.0, -1.0)=   -3 ( -1.0, -1.0)=   -3 ( -1.0, -1.0)=   -3 ( -1.0, -1.0)=   -3 ( -1.0, -1.0)=   -3 ( -1.0, -1.0)=   -3 ( -1.0, -1.0)=   -3 ( -1.0, -1.0)=   -3 ( -1.0, -1.0)=   -3 ( -1.0, -1.0)=   -3 ( -1.0, -1.0)=   -3 ( -1.0, -1.0)=   -3 ( -1.0, -1.0)=   -3 ( -1.0, -1.0)=   -3 ( -1.0, -1.0)=   -3 ( -1.0, -1.0)=   -3 ( -1.0, -1.0)=   -3 ( -1.0, -1.0)=   -3 ( -1.0, -1.0)=   -3 ( -1.0, -1.0)=   -3 ( -1.0, -1.0)=   -3 ( -1.0, -1.0)=   -3 ( -1.0, -1.0)=   -3 ( -1.0, -1.0)=   -3 ( -1.0, -1.0)=   -3 ( -1.0, -1.0)=   -3 ( -1.0, -1.0)=   -3 ( -1.0, -1.0)=   -3 ( -1.0, -1.0)=   -3 ( -1.0, -1.0)=   -3 ( -1.0, -1.0)=   -3 ( -1.0, -1.0)=   -3 ( -1.0, -1.0)=   -3 ( -1.0, -1.0)=   -3 ( -1.0, -1.0)=   -3 ( -1.0, -1.0)=   -3 ( -1.0, -1.0)=   -3 ( -1.0, -1.0)=   -3 ( -1.0, -1.0)=   -3 ( -1.0, -1.0)=   -3 ( -1.0, -1.0)=   -3 ( -1.0, -1.0)=   -3 ( -1.0, -1.0)=   -3 ( -1.0, -1.0)=   -3 ( -1.0, -1.0)=   -3 ( -1.0, -1.0)=   -3 ( -1.0, -1.0)=   -3 ( -1.0, -1.0)=   -3 ( -1.0, -1.0)=   -3 ( -1.0, -1.0)=   -3 ( -1.0, -1.0)=   -3 ( -1.0, -1.0)=   -3 ( -1.0, -1.0)=   -3 ( -1.0, -1.0)=   -3 ( -1.0, -1.0)=   -3 ( -1.0, -1.0)=   -3 ( -1.0, -1.0)=   -3 ( -1.0, -1.0)=   -3 ( -1.0, -1.0)=   -3 ( -1.0, -1.0)=   -3 ( -1.0, -1.0)=   -3 ( -1.0, -1.0)=   -3 ( -1.0, -1.0)=   -3 ( -1.0, -1.0)=   -3 ( -1.0, -1.0)=   -3 ( -1.0, -1.0)=   -3 ( -1.0, -1.0)=   -3 ( -1.0, -1.0)=   -3 ( -1.0, -1.0)=   -3 ( -1.0, -1.0)=   -3 ( -1.0, -1.0)=   -3 ( -1.0, -1.0)=   -3 ( -1.0, -1.0)=   -3 ( -1.0, -1.0)=   -3 ( -1.0, -1.0)=   -3 ( -1.0, -1.0)=   -3 ( -1.0, -1.0)=   -3 ( -1.0, -1.0)=   -3 ( -1.0, -1.0)=   -3 ( -1.0, -1.0)=   -3 ( -1.0, -1.0)=   -3 ( -1.0, -1.0)=   -3 ( -1.0, -1.0)=   -3 ( -1.0, -1.0)=   -3 ( -1.0, -1.0)=   -3 ( -1.0, -1.0)=   -3 ( -1.0, -1.0)=   -3 ( -1.0, -1.0)=   -3 ( -1.0, -1.0)=   -3 ( -1.0, -1.0)=   -3 ( -1.0, -1.0)=   -3 ( -1.0, -1.0)=   -3 ( -1.0, -1.0)=   -3 ( -1.0, -1.0)=   -3 ( -1.0, -1.0)=   -3 ( -1.0, -1.0)=   -3 ( -1.0, -1.0)=   -3 ( -1.0, -1.0)=   -3 ( -1.0, -1.0)=   -3 ( -1.0, -1.0)=   -3 ( -1.0, -1.0)=   -3 ( -1.0, -1.0)=   -3 ( -1.0, -1.0)=   -3 ( -1.0, -1.0)=   -3 ( -1.0, -1.0)=   -3 ( -1.0, -1.0)=   -3 ( -1.0, -1.0)=   -3 ( -1.0, -1.0)=   -3 ( -1.0, -1.0)=   -3 ( -1.0, -1.0)=   -3 ( -1.0, -1.0)=   -3 ( -1.0, -1.0)=   -3 ( -1.0, -1.0)=   -3 ( -1.0, -1.0)=   -3 ( -1.0, -1.0)=   -3 ( -1.0, -1.0)=   -3 ( -1.0, -1.0)=   -3 ( -1.0, -1.0)=   -3 ( -1.0, -1.0)=   -3 ( -1.0, -1.0)=   -3 ( -1.0, -1.0)=   -3 ( -1.0, -1.0)=   -3 ( -1.0, -1.0)=   -3 ( -1.0, -1.0)=   -3 ( -1.0, -1.0)=   -3 ( -1.0, -1.0)=   -3 ( -1.0, -1.0)=   -3 ( -1.0, -1.0)=   -3 ( -1.0, -1.0)=   -3 ( -1.0, -1.0)=   -3 ( -1.0, -1.0)=   -3 ( -1.0, -1.0)=   -3 ( -1.0, -1.0)=   -3 ( -1.0, -1.0)=   -3 ( -1.0, -1.0)=   -3 ( -1.0, -1.0)=   -3 ( -1.0, -1.0)=   -3 ( -1.0, -1.0)=   -3 ( -1.0, -1.0)=   -3 ( -1.0, -1.0)=   -3 ( -1.0, -1.0)=   -3 ( -1.0, -1.0)=   -3 ( -1.0, -1.0)=   -3 ( -1.0, -1.0)=   -3 ( -1.0, -1.0)=   -3 ( -1.0, -1.0)=   -3 ( -1.0, -1.0)=   -3 ( -1.0, -1.0)=   -3 ( -1.0, -1.0)=   -3 ( -1.0, -1.0)=   -3 ( -1.0, -1.0)=   -3 ( -1.0, -1.0)=   -3 ( -1.0, -1.0)=   -3 ( -1.0, -1.0)=   -3 ( -1.0, -1.0)=   -3 ( -1.0, -1.0)=   -3 ( -1.0, -1.0)=   -3 ( -1.0, -1.0)=   -3 ( -1.0, -1.0)=   -3 ( -1.0, -1.0)=   -3 ( -1.0, -1.0)=   -3 ( -1.0, -1.0)=   -3 ( -1.0, -1.0)=   -3 ( -1.0, -1.0)=   -3 ( -1.0, -1.0)=   -3 ( -1.0, -1.0)=   -3 ( -1.0, -1.0)=   -3 ( -1.0, -1.0)=   -3 ( -1.0, -1.0)=   -3 ( -1.0, -1.0)=   -3 ( -1.0, -1.0)=   -3 ( -1.0, -1.0)=   -3 ( -1.0, -1.0)=   -3 ( -1.0, -1.0)=   -3 ( -1.0, -1.0)=   -3 ( -1.0, -1.0)=   -3 ( -1.0, -1.0)=   -3 ( -1.0, -1.0)=   -3 ( -1.0, -1.0)=   -3 ( -1.0, -1.0)=   -3 ( -1.0, -1.0)=   -3 ( -1.0, -1.0)=   -3 ( -1.0, -1.0)=   -3 ( -1.0, -1.0)=   -3 ( -1.0, -1.0)=   -3 ( -1.0, -1.0)=   -3 ( -1.0, -1.0)=   -3 ( -1.0, -1.0)=   -3 ( -1.0, -1.0)=   -3 ( -1.0, -1.0)=   -3 ( -1.0, -1.0)=   -3 ( -1.0, -1.0)=   -3 ( -1.0, -1.0)=   -3 ( -1.0, -1.0)=   -3 ( -1.0, -1.0)=   -3 ( -1.0, -1.0)=   -3 ( -1.0, -1.0)=   -3 ( -1.0, -1.0)=   -3 ( -1.0, -1.0)=   -3 ( -1.0, -1.0)=   -3 ( -1.0, -1.0)=   -3 ( -1.0, -1.0)=   -3 ( -1.0, -1.0)=   -3 ( -1.0, -1.0)=   -3 ( -1.0, -1.0)=   -3 ( -1.0, -1.0)=   -3 ( -1.0, -1.0)=   -3 ( -1.0, -1.0)=   -3 ( -1.0, -1.0)=   -3 ( -1.0, -1.0)=   -3 ( -1.0, -1.0)=   -3 ( -1.0, -1.0)=   -3 ( -1.0, -1.0)=   -3 ( -1.0, -1.0)=   -3 ( -1.0, -1.0)=   -3 ( -1.0, -1.0)=   -3 ( -1.0, -1.0)=   -3 ( -1.0, -1.0)=   -3 ( -1.0, -1.0)=   -3 ( -1.0, -1.0)=   -3 ( -1.0, -1.0)=   -3 ( -1.0, -1.0)=   -3 ( -1.0, -1.0)=   -3 ( -1.0, -1.0)=   -3 ( -1.0, -1.0)=   -3 ( -1.0, -1.0)=   -3 ( -1.0, -1.0)=   -3 ( -1.0, -1.0)=   -3 ( -1.0, -1.0)=   -3 ( -1.0, -1.0)=   -3 ( -1.0, -1.0)=   -3 ( -1.0, -1.0)=   -3 ( -1.0, -1.0)=   -3 ( -1.0, -1.0)=   -3 ( -1.0, -1.0)=   -3 
     84 | ( 61.0,543.0)=17841 ( 61.2,543.3)=    0 ( 61.9,543.4)=    0 ( 62.3,543.3)=    0 ( 62.6,543.2)=    0 ( 63.2,543.2)=    0 ( 63.7,542.9)=    0 ( 64.0,543.0)=    0 ( 64.4,543.2)=    0 ( 64.8,543.2)=    0 ( 65.4,543.3)=    0 ( 65.7,543.2)=    0 ( 66.2,542.9)=    0 ( 66.8,542.5)=    0 ( 67.0,542.2)=    0 ( 67.5,541.7)=    0 ( 67.7,541.3)=    0 ( 68.1,541.0)=    0 ( 68.4,540.4)=    0 ( 68.5,539.9)=    0 ( 68.5,539.7)=    0 ( 68.6,539.5)=    0 ( 68.6,539.2)=    0 ( 68.9,539.2)=    0 ( 69.0,539.0)=    0 ( 69.3,539.0)=    0 ( 69.7,538.5)=    0 ( 70.0,538.5)=    0 ( 70.6,538.4)=    0 ( 71.2,538.3)=    0 ( 71.8,538.1)=    0 ( 72.7,537.8)=    0 ( 73.4,537.6)=    0 ( 74.4,537.6)=    0 ( 75.1,537.6)=    0 ( 75.6,537.6)=    0 ( 76.3,537.8)=    0 ( 76.8,537.8)=    0 ( 77.3,537.9)=    0 ( 77.8,537.9)=    0 ( 78.5,538.0)=    0 ( 78.8,538.1)=    0 ( 79.2,538.1)=    0 ( 79.6,538.3)=    0 ( 80.2,538.4)=    0 ( 80.8,538.4)=    0 ( 81.4,538.3)=    0 ( 81.7,538.2)=    0 ( 82.2,538.5)=    0 ( 82.5,538.7)=    0 ( 82.6,539.0)=    0 ( 82.9,539.3)=    0 ( 83.4,539.5)=    0 ( 83.7,539.8)=    0 ( 84.4,539.7)=    0 ( 84.7,539.6)=    0 ( 84.9,539.5)=    0 ( 85.3,539.5)=    0 ( 85.7,539.2)=    0 ( 86.3,538.8)=    0 ( 86.3,539.1)=    0 ( 86.6,539.2)=    0 ( 86.8,538.9)=    0 ( 87.1,538.9)=    0 ( 87.2,538.9)=    0 ( 87.2,538.7)=    0 ( 87.3,538.8)=    0 ( 87.7,539.0)=    0 ( 88.1,539.1)=    0 ( 88.4,539.4)=    0 ( 88.7,539.6)=    0 ( 89.2,539.7)=    0 ( 89.5,539.9)=    0 ( 90.0,539.9)=    0 ( 90.5,539.7)=    0 ( 91.0,539.6)=    0 ( 91.4,539.5)=    0 ( 91.8,539.5)=    0 ( 92.4,539.7)=    0 ( 92.9,539.7)=    0 ( 93.3,540.0)=    0 ( 93.7,540.2)=    0 ( 94.2,540.3)=    0 ( 94.4,540.3)=    0 ( 94.7,540.3)=    0 ( 95.0,540.3)=    0 ( 95.4,540.3)=    0 ( 95.7,540.4)=    0 ( 95.9,540.4)=    0 ( 96.2,540.4)=    0 ( 96.5,540.3)=    0 ( 97.0,540.2)=    0 ( 97.4,540.1)=    0 ( 97.9,540.0)=    0 ( 98.2,539.8)=    0 ( 98.4,539.9)=    0 ( 98.8,540.1)=    0 ( 99.1,540.3)=    0 ( 99.6,540.6)=    0 (100.0,540.8)=    0 (100.4,541.1)=    0 (100.8,541.2)=    0 ( -1.0, -1.0)=   -3 ( -1.0, -1.0)=   -3 ( -1.0, -1.0)=   -3 ( -1.0, -1.0)=   -3 ( -1.0, -1.0)=   -3 ( -1.0, -1.0)=   -3 ( -1.0, -1.0)=   -3 ( -1.0, -1.0)=   -3 ( -1.0, -1.0)=   -3 ( -1.0, -1.0)=   -3 ( -1.0, -1.0)=   -3 ( -1.0, -1.0)=   -3 ( -1.0, -1.0)=   -3 ( -1.0, -1.0)=   -3 ( -1.0, -1.0)=   -3 ( -1.0, -1.0)=   -3 ( -1.0, -1.0)=   -3 ( -1.0, -1.0)=   -3 ( -1.0, -1.0)=   -3 ( -1.0, -1.0)=   -3 ( -1.0, -1.0)=   -3 ( -1.0, -1.0)=   -3 ( -1.0, -1.0)=   -3 ( -1.0, -1.0)=   -3 ( -1.0, -1.0)=   -3 ( -1.0, -1.0)=   -3 ( -1.0, -1.0)=   -3 ( -1.0, -1.0)=   -3 ( -1.0, -1.0)=   -3 ( -1.0, -1.0)=   -3 ( -1.0, -1.0)=   -3 ( -1.0, -1.0)=   -3 ( -1.0, -1.0)=   -3 ( -1.0, -1.0)=   -3 ( -1.0, -1.0)=   -3 ( -1.0, -1.0)=   -3 ( -1.0, -1.0)=   -3 ( -1.0, -1.0)=   -3 ( -1.0, -1.0)=   -3 ( -1.0, -1.0)=   -3 ( -1.0, -1.0)=   -3 ( -1.0, -1.0)=   -3 ( -1.0, -1.0)=   -3 ( -1.0, -1.0)=   -3 ( -1.0, -1.0)=   -3 ( -1.0, -1.0)=   -3 ( -1.0, -1.0)=   -3 ( -1.0, -1.0)=   -3 ( -1.0, -1.0)=   -3 ( -1.0, -1.0)=   -3 ( -1.0, -1.0)=   -3 ( -1.0, -1.0)=   -3 ( -1.0, -1.0)=   -3 ( -1.0, -1.0)=   -3 ( -1.0, -1.0)=   -3 ( -1.0, -1.0)=   -3 ( -1.0, -1.0)=   -3 ( -1.0, -1.0)=   -3 ( -1.0, -1.0)=   -3 ( -1.0, -1.0)=   -3 ( -1.0, -1.0)=   -3 ( -1.0, -1.0)=   -3 ( -1.0, -1.0)=   -3 ( -1.0, -1.0)=   -3 ( -1.0, -1.0)=   -3 ( -1.0, -1.0)=   -3 ( -1.0, -1.0)=   -3 ( -1.0, -1.0)=   -3 ( -1.0, -1.0)=   -3 ( -1.0, -1.0)=   -3 ( -1.0, -1.0)=   -3 ( -1.0, -1.0)=   -3 ( -1.0, -1.0)=   -3 ( -1.0, -1.0)=   -3 ( -1.0, -1.0)=   -3 ( -1.0, -1.0)=   -3 ( -1.0, -1.0)=   -3 ( -1.0, -1.0)=   -3 ( -1.0, -1.0)=   -3 ( -1.0, -1.0)=   -3 ( -1.0, -1.0)=   -3 ( -1.0, -1.0)=   -3 ( -1.0, -1.0)=   -3 ( -1.0, -1.0)=   -3 ( -1.0, -1.0)=   -3 ( -1.0, -1.0)=   -3 ( -1.0, -1.0)=   -3 ( -1.0, -1.0)=   -3 ( -1.0, -1.0)=   -3 ( -1.0, -1.0)=   -3 ( -1.0, -1.0)=   -3 ( -1.0, -1.0)=   -3 ( -1.0, -1.0)=   -3 ( -1.0, -1.0)=   -3 ( -1.0, -1.0)=   -3 ( -1.0, -1.0)=   -3 ( -1.0, -1.0)=   -3 ( -1.0, -1.0)=   -3 ( -1.0, -1.0)=   -3 ( -1.0, -1.0)=   -3 ( -1.0, -1.0)=   -3 ( -1.0, -1.0)=   -3 ( -1.0, -1.0)=   -3 ( -1.0, -1.0)=   -3 ( -1.0, -1.0)=   -3 ( -1.0, -1.0)=   -3 ( -1.0, -1.0)=   -3 ( -1.0, -1.0)=   -3 ( -1.0, -1.0)=   -3 ( -1.0, -1.0)=   -3 ( -1.0, -1.0)=   -3 ( -1.0, -1.0)=   -3 ( -1.0, -1.0)=   -3 ( -1.0, -1.0)=   -3 ( -1.0, -1.0)=   -3 ( -1.0, -1.0)=   -3 ( -1.0, -1.0)=   -3 ( -1.0, -1.0)=   -3 ( -1.0, -1.0)=   -3 ( -1.0, -1.0)=   -3 ( -1.0, -1.0)=   -3 ( -1.0, -1.0)=   -3 ( -1.0, -1.0)=   -3 ( -1.0, -1.0)=   -3 ( -1.0, -1.0)=   -3 ( -1.0, -1.0)=   -3 ( -1.0, -1.0)=   -3 ( -1.0, -1.0)=   -3 ( -1.0, -1.0)=   -3 ( -1.0, -1.0)=   -3 ( -1.0, -1.0)=   -3 ( -1.0, -1.0)=   -3 ( -1.0, -1.0)=   -3 ( -1.0, -1.0)=   -3 ( -1.0, -1.0)=   -3 ( -1.0, -1.0)=   -3 ( -1.0, -1.0)=   -3 ( -1.0, -1.0)=   -3 ( -1.0, -1.0)=   -3 ( -1.0, -1.0)=   -3 ( -1.0, -1.0)=   -3 ( -1.0, -1.0)=   -3 ( -1.0, -1.0)=   -3 ( -1.0, -1.0)=   -3 ( -1.0, -1.0)=   -3 ( -1.0, -1.0)=   -3 ( -1.0, -1.0)=   -3 ( -1.0, -1.0)=   -3 ( -1.0, -1.0)=   -3 ( -1.0, -1.0)=   -3 ( -1.0, -1.0)=   -3 ( -1.0, -1.0)=   -3 ( -1.0, -1.0)=   -3 ( -1.0, -1.0)=   -3 ( -1.0, -1.0)=   -3 ( -1.0, -1.0)=   -3 ( -1.0, -1.0)=   -3 ( -1.0, -1.0)=   -3 ( -1.0, -1.0)=   -3 ( -1.0, -1.0)=   -3 ( -1.0, -1.0)=   -3 ( -1.0, -1.0)=   -3 ( -1.0, -1.0)=   -3 ( -1.0, -1.0)=   -3 ( -1.0, -1.0)=   -3 ( -1.0, -1.0)=   -3 ( -1.0, -1.0)=   -3 ( -1.0, -1.0)=   -3 ( -1.0, -1.0)=   -3 ( -1.0, -1.0)=   -3 ( -1.0, -1.0)=   -3 ( -1.0, -1.0)=   -3 ( -1.0, -1.0)=   -3 ( -1.0, -1.0)=   -3 ( -1.0, -1.0)=   -3 ( -1.0, -1.0)=   -3 ( -1.0, -1.0)=   -3 ( -1.0, -1.0)=   -3 ( -1.0, -1.0)=   -3 
     85 | ( 68.0,523.0)=17839 ( 68.3,523.3)=    0 ( 68.9,523.4)=    0 ( 69.4,523.3)=    0 ( 69.7,523.2)=    0 ( 70.3,523.2)=    0 ( 70.8,522.9)=    0 ( 71.0,523.0)=    0 ( 71.3,523.2)=    0 ( 71.9,523.2)=    0 ( 72.4,523.2)=    0 ( 72.7,523.1)=    0 ( 73.2,522.9)=    0 ( 73.7,522.5)=    0 ( 74.0,522.3)=    0 ( 74.5,521.8)=    0 ( 74.7,521.4)=    0 ( 75.2,521.1)=    0 ( 75.4,520.6)=    0 ( 75.5,520.2)=    0 ( 75.4,519.9)=    0 ( 75.5,519.8)=    0 ( 75.6,519.6)=    0 ( 75.8,519.5)=    0 ( 75.9,519.4)=    0 ( 76.3,519.2)=    0 ( 76.8,518.9)=    0 ( 77.0,518.9)=    0 ( 77.6,518.7)=    0 ( 78.2,518.7)=    0 ( 78.8,518.6)=    0 ( 79.7,518.4)=    0 ( 80.5,518.1)=    0 ( 81.4,518.2)=    0 ( 82.1,518.2)=    0 ( 82.7,518.2)=    0 ( 83.4,518.4)=    0 ( 84.0,518.4)=    0 ( 84.6,518.6)=    0 ( 85.1,518.6)=    0 ( 85.6,518.6)=    0 ( 86.0,518.7)=    0 ( 86.4,518.8)=    0 ( 86.9,519.0)=    0 ( 87.4,519.0)=    0 ( 87.9,519.0)=    0 ( 88.6,518.9)=    0 ( 88.8,518.9)=    0 ( 89.2,519.1)=    0 ( 89.6,519.2)=    0 ( 89.7,519.5)=    0 ( 90.0,519.8)=    0 ( 90.5,519.8)=    0 ( 90.8,520.2)=    0 ( 91.4,520.2)=    0 ( 91.7,520.1)=    0 ( 92.0,519.8)=    0 ( 92.3,519.9)=    0 ( 92.6,519.8)=    0 ( 93.3,519.5)=    0 ( 93.4,519.8)=    0 ( 93.6,519.8)=    0 ( 94.0,519.6)=    0 ( 94.0,519.5)=    0 ( 94.3,519.4)=    0 ( 94.3,519.2)=    0 ( 94.4,519.2)=    0 ( 94.8,519.4)=    0 ( 95.1,519.4)=    0 ( 95.5,519.7)=    0 ( 95.7,519.9)=    0 ( 96.1,520.0)=    0 ( 96.4,520.3)=    0 ( 97.0,520.2)=    0 ( 97.4,519.9)=    0 ( 97.9,519.8)=    0 ( 98.3,519.7)=    0 ( 98.8,519.7)=    0 ( 99.3,520.0)=    0 ( 99.8,520.0)=    0 (100.1,520.3)=    0 (100.7,520.4)=    0 (101.3,520.5)=    0 (101.5,520.5)=    0 (101.7,520.5)=    0 (102.1,520.6)=    0 (102.4,520.5)=    0 (102.7,520.6)=    0 (102.9,520.7)=    0 (103.2,520.6)=    0 (103.5,520.6)=    0 (104.0,520.5)=    0 (104.3,520.3)=    0 (104.8,520.3)=    0 (105.1,520.1)=    0 (105.3,520.2)=    0 (105.7,520.2)=    0 (106.0,520.5)=    0 (106.5,520.8)=    0 (106.8,521.1)=    0 (107.3,521.4)=    0 (107.8,521.5)=    0 (108.3,521.7)=    0 (108.8,521.8)=    0 (109.2,522.0)=    0 (109.6,522.3)=    0 (110.0,522.5)=    0 (110.5,522.7)=    0 (111.0,523.0)=    0 (111.7,523.2)=    0 (112.2,523.4)=    0 (112.6,523.4)=    0 (113.0,523.6)=    0 (113.5,524.0)=    0 (114.3,524.5)=    0 (115.1,524.5)=    0 (115.8,524.8)=    0 (116.4,524.9)=    0 (116.8,524.6)=    0 (117.3,524.6)=    0 (118.0,524.6)=    0 (118.7,524.6)=    0 (119.3,524.6)=    0 (120.1,524.6)=    0 (120.8,524.7)=    0 (121.6,524.7)=    0 (122.1,524.6)=    0 (123.1,524.4)=    0 (123.9,524.2)=    0 (124.3,524.2)=    0 (124.8,524.0)=    0 (125.3,524.0)=    0 (125.8,524.0)=    0 (126.2,523.7)=    0 (126.6,523.5)=    0 (126.9,523.2)=    0 (127.1,522.7)=    0 (127.7,522.6)=    0 (128.2,522.3)=    0 (128.7,522.0)=    0 (129.4,522.0)=    0 (130.0,522.0)=    0 (130.7,521.9)=    0 (131.2,521.8)=    0 (131.9,521.8)=    0 (132.7,521.7)=    0 (133.6,521.5)=    0 (134.4,521.7)=    0 (135.1,522.1)=    0 (136.0,522.4)=    0 (136.8,522.9)=    0 (137.6,523.3)=    0 (138.4,523.6)=    0 (139.2,523.9)=    0 (139.9,524.4)=    0 (140.9,525.0)=    0 (141.9,525.5)=    0 (142.6,526.2)=    0 (143.4,526.8)=    0 (144.3,527.3)=    0 (144.8,527.5)=    0 (145.0,527.4)=    0 (145.1,527.3)=    0 (145.2,527.1)=    0 (145.5,527.1)=    0 (146.0,527.0)=    0 (146.3,527.3)=    0 (146.8,527.6)=    0 (147.0,527.7)=    0 (147.4,527.9)=    0 (147.7,528.0)=    0 (148.3,528.1)=    0 (148.8,528.2)=    0 (149.3,528.5)=    0 (149.8,528.9)=    0 (150.3,529.2)=    0 (150.9,529.7)=    0 (151.4,530.0)=    0 (151.9,530.3)=    0 (152.3,530.4)=    0 (152.6,530.4)=    0 (152.9,530.5)=    0 (153.3,530.6)=    0 (153.5,530.6)=    0 (153.6,530.8)=    0 (153.9,531.1)=    0 (154.2,531.2)=    0 (154.5,531.2)=    0 (154.5,531.2)=    0 (154.7,531.2)=    0 (155.0,531.3)=    0 (155.2,531.5)=    0 (155.5,531.4)=    0 (156.0,531.5)=    0 (156.3,531.5)=    0 (156.5,531.4)=    0 (156.8,531.3)=    0 (157.0,531.3)=    0 (157.5,531.3)=    0 (157.6,531.5)=    0 (157.7,531.7)=    0 (157.9,531.7)=    0 (158.0,531.7)=    0 (158.2,531.7)=    0 (158.4,531.8)=    0 (158.6,531.7)=    0 (158.7,531.9)=    0 (159.0,532.0)=    0 (159.2,532.1)=    0 (159.5,532.4)=    0 (159.8,532.5)=    0 (160.1,532.5)=    0 (160.4,532.6)=    0 (160.9,532.4)=    0 (161.0,532.4)=    0 (161.5,532.3)=    0 (162.0,532.3)=    0 (162.4,532.4)=    0 (162.7,532.4)=    0 (162.9,532.4)=    0 (163.5,532.4)=    0 (163.7,532.4)=    0 (164.2,532.4)=    0 (164.3,532.2)=    0 (164.6,532.2)=    0 (165.1,532.2)=    0 (165.1,532.3)=    0 (165.5,532.5)=    0 (165.8,532.4)=    0 (166.2,532.4)=    0 (166.3,532.4)=    0 (166.6,532.3)=    0 (167.1,532.1)=    0 (167.5,532.3)=    0 (168.0,532.4)=    0 (168.5,532.4)=    0 (169.0,532.4)=    0 (169.5,532.4)=    0 (170.0,532.4)=    0 (170.5,532.4)=    0 (171.3,532.4)=    0 (171.7,532.2)=    0 (172.0,532.2)=    0 (172.5,532.3)=    0 (173.2,532.4)=    0 (173.5,532.5)=    0 (174.1,532.5)=    0 (174.6,532.4)=    0 (175.1,532.4)=    0 (175.6,532.5)=    0 (176.4,532.5)=    0 (176.9,532.7)=    0 (177.4,532.7)=    0 (177.9,532.7)=    0 (178.7,532.7)=    0 (179.3,532.6)=    0 (179.9,532.6)=    0 (180.4,532.6)=    0 (180.9,532.5)=    0 (181.4,532.4)=    0 (182.1,532.4)=    0 (182.6,532.3)=    0 (183.3,532.3)=    0 (183.9,532.2)=    0 (184.6,531.8)=    0 (185.1,531.5)=    0 (185.8,531.3)=    0 (186.4,530.8)=    0 (187.2,530.8)=    0 (187.5,530.5)=    0 (187.8,530.4)=    0 (188.3,530.4)=    0 (188.8,530.4)=    0 (189.2,530.3)=    0 (189.7,530.3)=    0 (190.4,530.1)=    0 (191.2,530.0)=    0 (191.9,529.8)=    0 (192.6,529.7)=    0 (193.7,529.7)=    0 (194.5,529.7)=    0 
     86 | (250.0,649.0)=17714 (250.4,649.3)=    0 (251.0,649.5)=    0 (251.5,649.5)=    0 (251.9,649.4)=    0 (252.3,649.5)=    0 (252.8,649.2)=    0 (253.0,649.3)=    0 (253.3,649.7)=    0 (253.8,649.7)=    0 (254.3,649.8)=    0 (254.6,649.7)=    0 (255.2,649.6)=    0 (255.8,649.3)=    0 (256.0,649.1)=    0 (256.3,648.6)=    0 (256.7,648.2)=    0 (257.0,647.9)=    0 (257.2,647.4)=    0 (257.3,646.9)=    0 (257.3,646.6)=    0 (257.3,646.4)=    0 (257.3,646.2)=    0 (257.6,646.2)=    0 (257.6,646.2)=    0 (257.7,646.2)=    0 (258.0,645.8)=    0 (258.4,645.8)=    0 (258.9,645.8)=    0 (259.4,645.8)=    0 (260.0,645.8)=    0 (260.7,645.7)=    0 (261.6,645.5)=    0 (262.5,645.6)=    0 (263.3,645.7)=    0 (263.9,645.7)=    0 (264.4,645.9)=    0 (265.0,646.0)=    0 (265.5,646.3)=    0 (265.9,646.3)=    0 (266.4,646.3)=    0 (266.9,646.5)=    0 (267.2,646.4)=    0 (267.6,646.7)=    0 (268.0,647.0)=    0 (268.5,646.7)=    0 (269.0,646.7)=    0 (269.4,646.7)=    0 (269.7,647.0)=    0 (270.4,647.3)=    0 (270.4,647.7)=    0 (270.6,648.2)=    0 (271.0,648.4)=    0 (271.3,648.7)=    0 (271.8,648.7)=    0 (272.2,648.6)=    0 (272.5,648.6)=    0 (272.8,648.7)=    0 (273.1,648.4)=    0 (273.2,647.6)=    0 (273.4,647.9)=    0 (273.6,648.0)=    0 (273.9,647.8)=    0 (274.1,647.8)=    0 (274.4,647.8)=    0 (274.4,647.6)=    0 (274.6,647.7)=    0 (275.0,648.1)=    0 (275.3,648.1)=    0 (275.5,648.5)=    0 (275.8,648.8)=    0 (276.1,649.1)=    0 (276.6,649.3)=    0 (277.2,649.3)=    0 (277.6,649.0)=    0 (278.0,649.0)=    0 (278.6,648.7)=    0 (279.2,648.7)=    0 (279.7,649.0)=    0 (280.3,649.1)=    0 (280.6,649.3)=    0 (281.1,649.6)=    0 (281.6,649.5)=    0 (281.8,649.6)=    0 (282.1,649.7)=    0 (282.4,649.8)=    0 (282.7,649.6)=    0 (283.1,649.8)=    0 (283.4,650.0)=    0 (283.6,649.9)=    0 (284.1,649.9)=    0 (284.6,649.8)=    0 (285.0,649.7)=    0 (285.5,649.6)=    0 (286.0,649.4)=    0 (286.1,649.6)=    0 (286.4,649.7)=    0 (286.6,649.9)=    0 (287.0,650.3)=    0 (287.4,650.5)=    0 (287.8,650.7)=    0 (288.2,651.0)=    0 (288.7,651.3)=    0 (289.2,651.5)=    0 (289.7,651.8)=    0 (290.0,652.1)=    0 (290.4,652.6)=    0 (290.9,652.9)=    0 (291.4,653.1)=    0 (292.2,653.4)=    0 (292.7,653.7)=    0 (293.1,653.8)=    0 (293.5,654.2)=    0 (294.2,654.7)=    0 (294.9,655.4)=    0 (295.6,655.6)=    0 (296.4,655.8)=    0 (296.9,655.9)=    0 (297.4,655.7)=    0 (297.9,655.7)=    0 (298.5,655.8)=    0 (299.2,655.8)=    0 (299.8,656.0)=    0 (300.6,656.2)=    0 (301.7,656.4)=    0 (302.5,656.4)=    0 (303.0,656.4)=    0 (303.9,656.2)=    0 (304.4,656.0)=    0 (305.0,655.9)=    0 (305.4,655.8)=    0 (306.0,655.8)=    0 (306.4,655.9)=    0 (306.9,655.9)=    0 (307.2,655.6)=    0 (307.5,655.3)=    0 (307.8,654.9)=    0 (308.2,654.7)=    0 (308.8,654.4)=    0 (309.4,654.2)=    0 (310.2,654.2)=    0 (310.7,654.2)=    0 (311.5,654.2)=    0 (311.9,654.2)=    0 (312.7,654.4)=    0 (313.6,654.4)=    0 (314.3,654.3)=    0 (315.2,654.6)=    0 (316.0,655.1)=    0 (316.9,655.7)=    0 (317.9,656.4)=    0 (318.6,656.8)=    0 (319.2,657.1)=    0 (320.1,657.6)=    0 (320.7,658.1)=    0 (321.7,658.9)=    0 (322.6,659.6)=    0 (323.4,660.4)=    0 (324.1,661.3)=    0 (324.8,661.7)=    0 (325.3,662.1)=    0 (325.5,662.1)=    0 (325.8,661.8)=    0 (325.8,661.8)=    0 (326.1,661.8)=    0 (326.4,661.9)=    0 (326.7,662.2)=    0 (327.3,662.5)=    0 (327.3,662.7)=    0 (327.8,663.0)=    0 (328.1,663.1)=    0 (328.3,663.3)=    0 (328.8,663.5)=    0 (329.5,663.8)=    0 (330.0,664.4)=    0 (330.5,664.9)=    0 (331.1,665.5)=    0 (331.6,665.9)=    0 (332.1,666.4)=    0 (332.6,666.4)=    0 (332.9,666.6)=    0 (333.3,666.7)=    0 (333.5,666.9)=    0 (333.8,667.1)=    0 (333.9,667.4)=    0 (334.2,667.7)=    0 (334.4,667.8)=    0 (334.7,668.0)=    0 (334.8,668.1)=    0 (335.1,668.2)=    0 (335.4,668.2)=    0 (335.6,668.5)=    0 (335.8,668.4)=    0 (336.2,668.4)=    0 (336.5,668.4)=    0 (337.0,668.3)=    0 (337.3,668.3)=    0 (337.4,668.4)=    0 (337.9,668.4)=    0 (338.1,668.5)=    0 (338.2,668.8)=    0 (338.3,669.0)=    0 (338.5,668.9)=    0 (338.6,669.1)=    0 (338.9,669.0)=    0 (339.1,669.1)=    0 (339.1,669.3)=    0 (339.3,669.4)=    0 (339.5,669.5)=    0 (339.8,669.8)=    0 (340.0,669.7)=    0 (340.5,669.9)=    0 (340.7,670.1)=    0 (341.3,669.9)=    0 (341.5,669.9)=    0 (341.9,670.0)=    0 (342.4,669.9)=    0 (342.9,670.1)=    0 (343.2,670.2)=    0 (343.4,670.3)=    0 (344.1,670.3)=    0 (344.3,670.3)=    0 (344.8,670.2)=    0 (345.1,669.9)=    0 (345.1,670.0)=    0 (345.6,670.2)=    0 (345.8,670.2)=    0 (345.9,670.5)=    0 (346.3,670.5)=    0 (346.7,670.4)=    0 (346.9,670.4)=    0 (347.0,670.2)=    0 (347.5,669.9)=    0 (347.9,670.3)=    0 (348.5,670.4)=    0 (349.0,670.4)=    0 (349.5,670.6)=    0 (350.0,670.7)=    0 (350.5,670.8)=    0 (351.1,670.7)=    0 (351.9,670.8)=    0 (352.5,670.7)=    0 (352.8,670.7)=    0 (353.2,671.0)=    0 (353.6,671.1)=    0 (354.2,671.3)=    0 (354.6,671.5)=    0 (355.3,671.5)=    0 (355.8,671.7)=    0 (356.2,671.9)=    0 (356.9,671.8)=    0 (357.6,672.1)=    0 (358.1,672.3)=    0 (358.8,672.4)=    0 (359.3,672.5)=    0 (360.0,672.6)=    0 (360.5,672.5)=    0 (361.2,672.6)=    0 (361.7,672.6)=    0 (362.2,672.7)=    0 (362.9,672.6)=    0 (363.6,672.6)=    0 (364.3,672.7)=    0 (364.8,672.7)=    0 (365.6,672.4)=    0 (366.2,672.3)=    0 (366.9,672.2)=    0 (367.6,671.6)=    0 (368.3,671.6)=    0 (369.0,671.4)=    0 (369.2,671.4)=    0 (369.7,671.6)=    0 (370.2,671.8)=    0 (370.6,671.9)=    0 (371.0,671.9)=    0 (371.6,671.7)=    0 (372.4,671.5)=    0 (373.1,671.4)=    0 (373.8,671.4)=    0 (374.9,671.4)=    0 (375.9,671.4)=    0 
     87 | (403.0,623.0)=17381 (403.5,623.3)=    0 (404.2,623.5)=    0 (404.4,623.5)=    0 (404.9,623.5)=    0 (405.4,623.5)=    0 (405.9,623.5)=    0 (406.2,623.6)=    0 (406.5,623.9)=    0 (407.1,624.1)=    0 (407.6,624.4)=    0 (407.9,624.4)=    0 (408.4,624.3)=    0 (408.9,624.1)=    0 (409.4,623.8)=    0 (409.8,623.6)=    0 (410.1,623.2)=    0 (410.6,622.9)=    0 ( -1.0, -1.0)=   -3 ( -1.0, -1.0)=   -3 ( -1.0, -1.0)=   -3 ( -1.0, -1.0)=   -3 ( -1.0, -1.0)=   -3 ( -1.0, -1.0)=   -3 ( -1.0, -1.0)=   -3 ( -1.0, -1.0)=   -3 ( -1.0, -1.0)=   -3 ( -1.0, -1.0)=   -3 ( -1.0, -1.0)=   -3 ( -1.0, -1.0)=   -3 ( -1.0, -1.0)=   -3 ( -1.0, -1.0)=   -3 ( -1.0, -1.0)=   -3 ( -1.0, -1.0)=   -3 ( -1.0, -1.0)=   -3 ( -1.0, -1.0)=   -3 ( -1.0, -1.0)=   -3 ( -1.0, -1.0)=   -3 ( -1.0, -1.0)=   -3 ( -1.0, -1.0)=   -3 ( -1.0, -1.0)=   -3 ( -1.0, -1.0)=   -3 ( -1.0, -1.0)=   -3 ( -1.0, -1.0)=   -3 ( -1.0, -1.0)=   -3 ( -1.0, -1.0)=   -3 ( -1.0, -1.0)=   -3 ( -1.0, -1.0)=   -3 ( -1.0, -1.0)=   -3 ( -1.0, -1.0)=   -3 ( -1.0, -1.0)=   -3 ( -1.0, -1.0)=   -3 ( -1.0, -1.0)=   -3 ( -1.0, -1.0)=   -3 ( -1.0, -1.0)=   -3 ( -1.0, -1.0)=   -3 ( -1.0, -1.0)=   -3 ( -1.0, -1.0)=   -3 ( -1.0, -1.0)=   -3 ( -1.0, -1.0)=   -3 ( -1.0, -1.0)=   -3 ( -1.0, -1.0)=   -3 ( -1.0, -1.0)=   -3 ( -1.0, -1.0)=   -3 ( -1.0, -1.0)=   -3 ( -1.0, -1.0)=   -3 ( -1.0, -1.0)=   -3 ( -1.0, -1.0)=   -3 ( -1.0, -1.0)=   -3 ( -1.0, -1.0)=   -3 ( -1.0, -1.0)=   -3 ( -1.0, -1.0)=   -3 ( -1.0, -1.0)=   -3 ( -1.0, -1.0)=   -3 ( -1.0, -1.0)=   -3 ( -1.0, -1.0)=   -3 ( -1.0, -1.0)=   -3 ( -1.0, -1.0)=   -3 ( -1.0, -1.0)=   -3 ( -1.0, -1.0)=   -3 ( -1.0, -1.0)=   -3 ( -1.0, -1.0)=   -3 ( -1.0, -1.0)=   -3 ( -1.0, -1.0)=   -3 ( -1.0, -1.0)=   -3 ( -1.0, -1.0)=   -3 ( -1.0, -1.0)=   -3 ( -1.0, -1.0)=   -3 ( -1.0, -1.0)=   -3 ( -1.0, -1.0)=   -3 ( -1.0, -1.0)=   -3 ( -1.0, -1.0)=   -3 ( -1.0, -1.0)=   -3 ( -1.0, -1.0)=   -3 ( -1.0, -1.0)=   -3 ( -1.0, -1.0)=   -3 ( -1.0, -1.0)=   -3 ( -1.0, -1.0)=   -3 ( -1.0, -1.0)=   -3 ( -1.0, -1.0)=   -3 ( -1.0, -1.0)=   -3 ( -1.0, -1.0)=   -3 ( -1.0, -1.0)=   -3 ( -1.0, -1.0)=   -3 ( -1.0, -1.0)=   -3 ( -1.0, -1.0)=   -3 ( -1.0, -1.0)=   -3 ( -1.0, -1.0)=   -3 ( -1.0, -1.0)=   -3 ( -1.0, -1.0)=   -3 ( -1.0, -1.0)=   -3 ( -1.0, -1.0)=   -3 ( -1.0, -1.0)=   -3 ( -1.0, -1.0)=   -3 ( -1.0, -1.0)=   -3 ( -1.0, -1.0)=   -3 ( -1.0, -1.0)=   -3 ( -1.0, -1.0)=   -3 ( -1.0, -1.0)=   -3 ( -1.0, -1.0)=   -3 ( -1.0, -1.0)=   -3 ( -1.0, -1.0)=   -3 ( -1.0, -1.0)=   -3 ( -1.0, -1.0)=   -3 ( -1.0, -1.0)=   -3 ( -1.0, -1.0)=   -3 ( -1.0, -1.0)=   -3 ( -1.0, -1.0)=   -3 ( -1.0, -1.0)=   -3 ( -1.0, -1.0)=   -3 ( -1.0, -1.0)=   -3 ( -1.0, -1.0)=   -3 ( -1.0, -1.0)=   -3 ( -1.0, -1.0)=   -3 ( -1.0, -1.0)=   -3 ( -1.0, -1.0)=   -3 ( -1.0, -1.0)=   -3 ( -1.0, -1.0)=   -3 ( -1.0, -1.0)=   -3 ( -1.0, -1.0)=   -3 ( -1.0, -1.0)=   -3 ( -1.0, -1.0)=   -3 ( -1.0, -1.0)=   -3 ( -1.0, -1.0)=   -3 ( -1.0, -1.0)=   -3 ( -1.0, -1.0)=   -3 ( -1.0, -1.0)=   -3 ( -1.0, -1.0)=   -3 ( -1.0, -1.0)=   -3 ( -1.0, -1.0)=   -3 ( -1.0, -1.0)=   -3 ( -1.0, -1.0)=   -3 ( -1.0, -1.0)=   -3 ( -1.0, -1.0)=   -3 ( -1.0, -1.0)=   -3 ( -1.0, -1.0)=   -3 ( -1.0, -1.0)=   -3 ( -1.0, -1.0)=   -3 ( -1.0, -1.0)=   -3 ( -1.0, -1.0)=   -3 ( -1.0, -1.0)=   -3 ( -1.0, -1.0)=   -3 ( -1.0, -1.0)=   -3 ( -1.0, -1.0)=   -3 ( -1.0, -1.0)=   -3 ( -1.0, -1.0)=   -3 ( -1.0, -1.0)=   -3 ( -1.0, -1.0)=   -3 ( -1.0, -1.0)=   -3 ( -1.0, -1.0)=   -3 ( -1.0, -1.0)=   -3 ( -1.0, -1.0)=   -3 ( -1.0, -1.0)=   -3 ( -1.0, -1.0)=   -3 ( -1.0, -1.0)=   -3 ( -1.0, -1.0)=   -3 ( -1.0, -1.0)=   -3 ( -1.0, -1.0)=   -3 ( -1.0, -1.0)=   -3 ( -1.0, -1.0)=   -3 ( -1.0, -1.0)=   -3 ( -1.0, -1.0)=   -3 ( -1.0, -1.0)=   -3 ( -1.0, -1.0)=   -3 ( -1.0, -1.0)=   -3 ( -1.0, -1.0)=   -3 ( -1.0, -1.0)=   -3 ( -1.0, -1.0)=   -3 ( -1.0, -1.0)=   -3 ( -1.0, -1.0)=   -3 ( -1.0, -1.0)=   -3 ( -1.0, -1.0)=   -3 ( -1.0, -1.0)=   -3 ( -1.0, -1.0)=   -3 ( -1.0, -1.0)=   -3 ( -1.0, -1.0)=   -3 ( -1.0, -1.0)=   -3 ( -1.0, -1.0)=   -3 ( -1.0, -1.0)=   -3 ( -1.0, -1.0)=   -3 ( -1.0, -1.0)=   -3 ( -1.0, -1.0)=   -3 ( -1.0, -1.0)=   -3 ( -1.0, -1.0)=   -3 ( -1.0, -1.0)=   -3 ( -1.0, -1.0)=   -3 ( -1.0, -1.0)=   -3 ( -1.0, -1.0)=   -3 ( -1.0, -1.0)=   -3 ( -1.0, -1.0)=   -3 ( -1.0, -1.0)=   -3 ( -1.0, -1.0)=   -3 ( -1.0, -1.0)=   -3 ( -1.0, -1.0)=   -3 ( -1.0, -1.0)=   -3 ( -1.0, -1.0)=   -3 ( -1.0, -1.0)=   -3 ( -1.0, -1.0)=   -3 ( -1.0, -1.0)=   -3 ( -1.0, -1.0)=   -3 ( -1.0, -1.0)=   -3 ( -1.0, -1.0)=   -3 ( -1.0, -1.0)=   -3 ( -1.0, -1.0)=   -3 ( -1.0, -1.0)=   -3 ( -1.0, -1.0)=   -3 ( -1.0, -1.0)=   -3 ( -1.0, -1.0)=   -3 ( -1.0, -1.0)=   -3 ( -1.0, -1.0)=   -3 ( -1.0, -1.0)=   -3 ( -1.0, -1.0)=   -3 ( -1.0, -1.0)=   -3 ( -1.0, -1.0)=   -3 ( -1.0, -1.0)=   -3 ( -1.0, -1.0)=   -3 ( -1.0, -1.0)=   -3 ( -1.0, -1.0)=   -3 ( -1.0, -1.0)=   -3 ( -1.0, -1.0)=   -3 ( -1.0, -1.0)=   -3 ( -1.0, -1.0)=   -3 ( -1.0, -1.0)=   -3 ( -1.0, -1.0)=   -3 ( -1.0, -1.0)=   -3 ( -1.0, -1.0)=   -3 ( -1.0, -1.0)=   -3 ( -1.0, -1.0)=   -3 ( -1.0, -1.0)=   -3 ( -1.0, -1.0)=   -3 ( -1.0, -1.0)=   -3 ( -1.0, -1.0)=   -3 ( -1.0, -1.0)=   -3 ( -1.0, -1.0)=   -3 ( -1.0, -1.0)=   -3 ( -1.0, -1.0)=   -3 ( -1.0, -1.0)=   -3 ( -1.0, -1.0)=   -3 ( -1.0, -1.0)=   -3 ( -1.0, -1.0)=   -3 ( -1.0, -1.0)=   -3 ( -1.0, -1.0)=   -3 ( -1.0, -1.0)=   -3 ( -1.0, -1.0)=   -3 ( -1.0, -1.0)=   -3 ( -1.0, -1.0)=   -3 ( -1.0, -1.0)=   -3 ( -1.0, -1.0)=   -3 ( -1.0, -1.0)=   -3 ( -1.0, -1.0)=   -3 ( -1.0, -1.0)=   -3 ( -1.0, -1.0)=   -3 ( -1.0, -1.0)=   -3 ( -1.0, -1.0)=   -3 ( -1.0, -1.0)=   -3 ( -1.0, -1.0)=   -3 ( -1.0, -1.0)=   -3 ( -1.0, -1.0)=   -3 ( -1.0, -1.0)=   -3 ( -1.0, -1.0)=   -3 ( -1.0, -1.0)=   -3 
     88 | (265.0,555.0)=17378 (265.5,555.3)=    0 (266.1,555.6)=    0 (266.5,555.6)=    0 (267.0,555.5)=    0 (267.3,555.5)=    0 (267.8,555.4)=    0 (268.1,555.4)=    0 (268.4,555.6)=    0 (268.9,555.7)=    0 (269.4,555.9)=    0 (269.7,555.9)=    0 (270.2,555.6)=    0 (270.7,555.4)=    0 (271.1,555.1)=    0 (271.5,554.8)=    0 (271.8,554.4)=    0 (272.3,554.1)=    0 (272.3,553.7)=    0 (272.5,553.2)=    0 (272.5,553.0)=    0 (272.4,552.9)=    0 (272.5,552.6)=    0 (272.9,552.6)=    0 (273.0,552.5)=    0 (273.2,552.5)=    0 (273.5,552.2)=    0 (274.0,552.1)=    0 (274.5,552.1)=    0 (275.0,552.1)=    0 (275.7,552.2)=    0 (276.4,552.1)=    0 (277.3,551.8)=    0 (278.2,551.8)=    0 (278.9,552.0)=    0 (279.4,552.0)=    0 (279.9,552.3)=    0 (280.4,552.4)=    0 (281.0,552.6)=    0 (281.4,552.8)=    0 (281.9,552.8)=    0 (282.4,552.9)=    0 (282.7,553.0)=    0 (283.2,553.3)=    0 (283.5,553.5)=    0 (284.0,553.4)=    0 (284.6,553.4)=    0 (284.9,553.4)=    0 (285.3,553.6)=    0 (286.0,553.9)=    0 (286.0,554.2)=    0 (286.3,554.6)=    0 (286.7,554.6)=    0 (287.1,554.9)=    0 (287.5,555.0)=    0 (287.9,555.0)=    0 (288.3,554.8)=    0 (288.5,554.9)=    0 (288.8,554.8)=    0 (288.8,554.4)=    0 (289.1,554.6)=    0 (289.2,554.7)=    0 (289.4,554.6)=    0 (289.7,554.6)=    0 (290.0,554.6)=    0 (290.1,554.4)=    0 (290.3,554.4)=    0 (290.6,554.6)=    0 (290.9,554.7)=    0 (291.1,555.0)=    0 (291.4,555.2)=    0 (291.9,555.3)=    0 (292.3,555.6)=    0 (292.6,555.6)=    0 (293.2,555.5)=    0 (293.7,555.3)=    0 (294.2,555.3)=    0 (294.8,555.2)=    0 (295.3,555.4)=    0 (295.8,555.4)=    0 (296.1,555.7)=    0 (296.6,555.9)=    0 (297.1,555.9)=    0 (297.4,556.0)=    0 (297.7,556.1)=    0 (297.9,556.2)=    0 (298.2,556.1)=    0 (298.5,556.2)=    0 (298.8,556.3)=    0 (299.1,556.3)=    0 (299.4,556.0)=    0 (299.9,556.1)=    0 (300.3,555.9)=    0 (300.8,555.9)=    0 (301.2,555.8)=    0 (301.4,555.8)=    0 (301.9,556.0)=    0 (302.0,556.2)=    0 (302.3,556.6)=    0 (302.7,556.9)=    0 (303.1,557.1)=    0 (303.5,557.3)=    0 (304.0,557.6)=    0 (304.3,557.9)=    0 (304.9,558.1)=    0 (305.3,558.3)=    0 (305.8,558.7)=    0 (306.3,558.9)=    0 (306.8,559.2)=    0 (307.5,559.5)=    0 (308.1,559.7)=    0 (308.5,559.8)=    0 (309.0,560.2)=    0 (309.6,560.6)=    0 (310.4,561.2)=    0 (311.1,561.4)=    0 (311.8,561.6)=    0 (312.3,561.6)=    0 (312.7,561.5)=    0 (313.4,561.5)=    0 (314.1,561.5)=    0 (314.6,561.5)=    0 (315.4,561.6)=    0 (316.1,561.8)=    0 (317.1,562.1)=    0 (317.9,562.1)=    0 (318.6,562.0)=    0 (319.4,561.8)=    0 (320.1,561.7)=    0 (320.6,561.7)=    0 (321.1,561.7)=    0 (321.6,561.7)=    0 (322.1,561.7)=    0 (322.5,561.6)=    0 (323.0,561.4)=    0 (323.3,561.0)=    0 (323.5,560.7)=    0 (324.0,560.5)=    0 (324.5,560.2)=    0 (325.2,559.9)=    0 (326.0,559.9)=    0 (326.5,559.9)=    0 (327.2,559.9)=    0 (327.6,560.0)=    0 (328.4,560.1)=    0 (329.2,560.1)=    0 (330.1,559.9)=    0 (330.9,560.2)=    0 (331.7,560.7)=    0 (332.4,561.2)=    0 (333.4,561.9)=    0 (334.2,562.4)=    0 (334.9,562.6)=    0 (335.6,563.1)=    0 (336.3,563.6)=    0 (337.2,564.3)=    0 (338.1,565.0)=    0 (338.8,565.6)=    0 (339.6,566.5)=    0 (340.4,567.1)=    0 (340.9,567.4)=    0 (341.0,567.6)=    0 (341.3,567.4)=    0 (341.5,567.3)=    0 (341.7,567.4)=    0 (342.0,567.4)=    0 (342.3,567.7)=    0 (342.8,568.0)=    0 (343.0,568.3)=    0 (343.5,568.5)=    0 (343.7,568.7)=    0 (344.2,568.8)=    0 (344.7,569.0)=    0 (345.3,569.4)=    0 (345.8,569.8)=    0 (346.3,570.2)=    0 (347.0,570.7)=    0 (347.5,571.2)=    0 (348.0,571.5)=    0 (348.3,571.5)=    0 (348.7,571.6)=    0 (349.1,571.9)=    0 (349.3,572.1)=    0 (349.5,572.2)=    0 (349.8,572.4)=    0 (350.1,572.7)=    0 (350.3,572.7)=    0 (350.6,572.8)=    0 (350.8,572.9)=    0 (351.1,573.0)=    0 (351.3,573.0)=    0 (351.5,573.3)=    0 (351.7,573.2)=    0 (352.1,573.3)=    0 (352.4,573.3)=    0 (352.8,573.3)=    0 (353.1,573.2)=    0 (353.4,573.3)=    0 (353.7,573.3)=    0 (354.0,573.4)=    0 (354.1,573.7)=    0 (354.2,573.9)=    0 (354.4,573.9)=    0 (354.4,574.0)=    0 (354.7,574.0)=    0 (354.9,574.1)=    0 (355.0,574.3)=    0 (355.1,574.4)=    0 (355.3,574.5)=    0 (355.7,574.7)=    0 (356.0,574.8)=    0 (356.4,574.8)=    0 (356.6,575.1)=    0 (357.2,574.9)=    0 (357.5,574.6)=    0 (357.9,574.9)=    0 (358.2,574.8)=    0 (358.7,574.8)=    0 (359.1,575.1)=    0 (359.4,575.1)=    0 (360.1,575.2)=    0 (360.4,575.1)=    0 (360.6,575.1)=    0 (360.8,574.9)=    0 (361.1,574.9)=    0 (361.5,575.2)=    0 (361.7,575.2)=    0 (361.9,575.5)=    0 (362.3,575.5)=    0 (362.6,575.5)=    0 (362.8,575.4)=    0 (363.0,575.4)=    0 (363.3,575.3)=    0 (363.8,575.5)=    0 (364.3,575.7)=    0 (364.8,575.7)=    0 (365.4,575.9)=    0 (365.9,575.9)=    0 (366.4,575.9)=    0 (367.1,575.9)=    0 (367.7,575.9)=    0 (368.3,575.9)=    0 (368.7,575.9)=    0 (369.0,576.2)=    0 (369.6,576.2)=    0 (370.0,576.4)=    0 (370.5,576.5)=    0 (371.1,576.5)=    0 (371.5,576.7)=    0 (372.1,576.7)=    0 (372.6,576.7)=    0 (373.4,577.1)=    0 (374.0,577.2)=    0 (374.6,577.3)=    0 (375.1,577.3)=    0 (376.0,577.3)=    0 (376.5,577.3)=    0 (377.2,577.3)=    0 (377.7,577.3)=    0 (378.1,577.3)=    0 (378.8,577.3)=    0 (379.6,577.3)=    0 (380.3,577.3)=    0 (380.8,577.3)=    0 (381.5,577.2)=    0 (382.3,576.8)=    0 (382.9,576.6)=    0 (383.5,576.1)=    0 (384.2,576.2)=    0 (384.8,575.9)=    0 (385.1,575.9)=    0 (385.8,575.9)=    0 (386.3,576.1)=    0 (386.9,576.2)=    0 (387.2,576.1)=    0 (387.8,576.0)=    0 (388.6,575.8)=    0 (389.5,575.7)=    0 (390.2,575.7)=    0 (391.2,575.7)=    0 (392.2,575.7)=    0 
     89 | (355.0,697.0)=17354 (355.4,697.2)=    0 (356.1,697.6)=    0 (356.4,697.6)=    0 (356.9,697.6)=    0 (357.4,697.6)=    0 (357.8,697.4)=    0 (358.1,697.6)=    0 (358.4,698.0)=    0 (358.9,698.2)=    0 (359.3,698.3)=    0 (359.6,698.4)=    0 (360.1,698.3)=    0 (360.7,698.1)=    0 (361.2,697.8)=    0 (361.4,697.5)=    0 (361.9,697.0)=    0 (362.3,696.7)=    0 (362.4,696.3)=    0 (362.4,695.7)=    0 (362.4,695.5)=    0 (362.2,695.2)=    0 (362.3,695.1)=    0 (362.5,695.1)=    0 (362.8,695.1)=    0 (362.8,695.1)=    0 (363.1,694.9)=    0 (363.3,694.9)=    0 (363.7,695.0)=    0 (364.3,695.0)=    0 (364.8,695.1)=    0 (365.7,695.1)=    0 (366.6,695.0)=    0 (367.6,695.1)=    0 (368.4,695.2)=    0 (369.0,695.2)=    0 (369.5,695.4)=    0 (370.2,695.5)=    0 (370.6,695.8)=    0 (371.1,696.0)=    0 (371.5,696.0)=    0 (372.1,696.2)=    0 (372.3,696.4)=    0 (372.8,696.7)=    0 (373.2,696.8)=    0 (373.6,696.8)=    0 (374.3,696.8)=    0 (374.6,696.8)=    0 (375.1,697.2)=    0 (375.6,697.4)=    0 (375.7,697.9)=    0 (376.0,698.4)=    0 (376.3,698.6)=    0 (376.5,699.1)=    0 (377.0,699.2)=    0 (377.3,699.1)=    0 (377.9,699.0)=    0 (378.1,699.1)=    0 (378.3,698.8)=    0 (378.3,698.1)=    0 (378.5,698.3)=    0 (378.6,698.6)=    0 (378.9,698.3)=    0 (379.3,698.4)=    0 (379.6,698.5)=    0 (379.8,698.3)=    0 (380.0,698.4)=    0 (380.4,698.7)=    0 (380.5,698.9)=    0 (380.8,699.2)=    0 (381.1,699.4)=    0 (381.5,699.7)=    0 (382.0,700.1)=    0 (382.3,700.1)=    0 (383.0,699.9)=    0 (383.5,699.9)=    0 (384.1,699.8)=    0 (384.5,699.8)=    0 (385.2,700.0)=    0 (385.6,700.1)=    0 (386.1,700.4)=    0 (386.5,700.6)=    0 (387.0,700.8)=    0 (387.3,700.9)=    0 (387.5,701.0)=    0 (387.9,701.1)=    0 (388.2,700.8)=    0 (388.5,701.0)=    0 (388.8,701.2)=    0 (389.2,701.2)=    0 (389.6,701.2)=    0 (390.1,701.2)=    0 (390.6,701.1)=    0 (391.1,701.1)=    0 (391.5,700.8)=    0 (391.8,701.0)=    0 (392.1,701.1)=    0 (392.3,701.2)=    0 (392.5,701.7)=    0 (393.0,702.0)=    0 (393.3,702.2)=    0 (393.8,702.6)=    0 (394.3,702.8)=    0 (394.7,703.1)=    0 (395.2,703.4)=    0 (395.5,703.6)=    0 (396.2,704.2)=    0 (396.8,704.4)=    0 (397.3,704.9)=    0 (398.0,705.4)=    0 (398.5,705.6)=    0 (399.0,705.6)=    0 (399.4,706.2)=    0 (400.1,706.7)=    0 (401.2,707.5)=    0 (401.9,707.8)=    0 (402.5,708.1)=    0 (403.0,708.3)=    0 (403.5,708.0)=    0 (404.3,708.0)=    0 (405.0,708.3)=    0 (405.4,708.3)=    0 (406.2,708.5)=    0 (407.0,708.7)=    0 (408.0,709.0)=    0 (408.8,709.1)=    0 (409.7,709.2)=    0 (410.5,709.1)=    0 (411.3,708.8)=    0 (411.8,708.8)=    0 (412.3,708.7)=    0 (412.7,708.7)=    0 (413.3,708.7)=    0 (413.7,708.8)=    0 (414.1,708.8)=    0 (414.3,708.5)=    0 (414.5,708.2)=    0 (415.1,708.0)=    0 (415.6,707.7)=    0 (416.2,707.6)=    0 (417.2,707.6)=    0 (417.6,707.7)=    0 (418.3,707.7)=    0 (418.6,707.7)=    0 (419.6,708.1)=    0 (420.5,708.1)=    0 (421.2,708.1)=    0 (422.2,708.5)=    0 (423.1,709.0)=    0 (423.8,709.6)=    0 (424.8,710.4)=    0 (425.5,710.9)=    0 (426.5,711.4)=    0 (427.1,711.9)=    0 (427.8,712.4)=    0 (428.7,713.3)=    0 (429.5,714.0)=    0 (430.5,714.9)=    0 (431.4,716.0)=    0 (432.2,716.5)=    0 (432.7,716.9)=    0 (433.0,717.1)=    0 (433.1,716.9)=    0 (433.3,716.8)=    0 (433.5,716.8)=    0 (433.8,716.9)=    0 (434.0,717.3)=    0 (434.3,717.8)=    0 (434.5,718.0)=    0 (435.1,718.5)=    0 (435.3,718.4)=    0 (435.8,718.6)=    0 (436.3,718.9)=    0 (436.7,719.4)=    0 (437.4,720.1)=    0 (438.0,720.6)=    0 (438.5,721.2)=    0 (439.1,721.7)=    0 (439.6,722.2)=    0 (440.1,722.4)=    0 (440.4,722.4)=    0 (440.9,722.7)=    0 (441.2,723.1)=    0 (441.4,723.2)=    0 (441.7,723.6)=    0 (441.9,724.0)=    0 (442.2,724.0)=    0 (442.4,724.2)=    0 (442.6,724.4)=    0 (442.8,724.5)=    0 (443.1,724.5)=    0 (443.3,724.7)=    0 (443.5,724.9)=    0 (444.0,724.8)=    0 (444.5,724.9)=    0 (444.9,724.9)=    0 (445.2,724.9)=    0 (445.4,724.9)=    0 (445.9,725.0)=    0 (446.1,725.2)=    0 (446.2,725.6)=    0 (446.3,725.6)=    0 (446.3,725.7)=    0 (446.5,725.9)=    0 (446.8,725.9)=    0 (447.0,725.9)=    0 (447.1,726.2)=    0 (447.1,726.3)=    0 (447.4,726.4)=    0 (447.6,726.7)=    0 (447.8,726.9)=    0 (448.2,727.0)=    0 (448.5,727.2)=    0 (449.0,727.0)=    0 (449.3,727.0)=    0 (449.7,727.3)=    0 (450.1,727.1)=    0 (450.7,727.3)=    0 (451.2,727.6)=    0 (451.5,727.6)=    0 (452.1,727.7)=    0 (452.5,727.7)=    0 ( -1.0, -1.0)=   -4 ( -1.0, -1.0)=   -4 ( -1.0, -1.0)=   -4 ( -1.0, -1.0)=   -4 ( -1.0, -1.0)=   -4 ( -1.0, -1.0)=   -4 ( -1.0, -1.0)=   -4 ( -1.0, -1.0)=   -4 ( -1.0, -1.0)=   -4 ( -1.0, -1.0)=   -4 ( -1.0, -1.0)=   -4 ( -1.0, -1.0)=   -4 ( -1.0, -1.0)=   -4 ( -1.0, -1.0)=   -4 ( -1.0, -1.0)=   -4 ( -1.0, -1.0)=   -4 ( -1.0, -1.0)=   -4 ( -1.0, -1.0)=   -4 ( -1.0, -1.0)=   -4 ( -1.0, -1.0)=   -4 ( -1.0, -1.0)=   -4 ( -1.0, -1.0)=   -4 ( -1.0, -1.0)=   -4 ( -1.0, -1.0)=   -4 ( -1.0, -1.0)=   -4 ( -1.0, -1.0)=   -4 ( -1.0, -1.0)=   -4 ( -1.0, -1.0)=   -4 ( -1.0, -1.0)=   -4 ( -1.0, -1.0)=   -4 ( -1.0, -1.0)=   -4 ( -1.0, -1.0)=   -4 ( -1.0, -1.0)=   -4 ( -1.0, -1.0)=   -4 ( -1.0, -1.0)=   -4 ( -1.0, -1.0)=   -4 ( -1.0, -1.0)=   -4 ( -1.0, -1.0)=   -4 ( -1.0, -1.0)=   -4 ( -1.0, -1.0)=   -4 ( -1.0, -1.0)=   -4 ( -1.0, -1.0)=   -4 ( -1.0, -1.0)=   -4 ( -1.0, -1.0)=   -4 ( -1.0, -1.0)=   -4 ( -1.0, -1.0)=   -4 ( -1.0, -1.0)=   -4 ( -1.0, -1.0)=   -4 ( -1.0, -1.0)=   -4 ( -1.0, -1.0)=   -4 ( -1.0, -1.0)=   -4 ( -1.0, -1.0)=   -4 ( -1.0, -1.0)=   -4 ( -1.0, -1.0)=   -4 ( -1.0, -1.0)=   -4 ( -1.0, -1.0)=   -4 ( -1.0, -1.0)=   -4 ( -1.0, -1.0)=   -4 ( -1.0, -1.0)=   -4 
     90 | (376.0,573.0)=17117 (376.5,573.3)=    0 (377.0,573.6)=    0 (377.4,573.6)=    0 (378.0,573.7)=    0 ( -1.0, -1.0)=   -3 ( -1.0, -1.0)=   -3 ( -1.0, -1.0)=   -3 ( -1.0, -1.0)=   -3 ( -1.0, -1.0)=   -3 ( -1.0, -1.0)=   -3 ( -1.0, -1.0)=   -3 ( -1.0, -1.0)=   -3 ( -1.0, -1.0)=   -3 ( -1.0, -1.0)=   -3 ( -1.0, -1.0)=   -3 ( -1.0, -1.0)=   -3 ( -1.0, -1.0)=   -3 ( -1.0, -1.0)=   -3 ( -1.0, -1.0)=   -3 ( -1.0, -1.0)=   -3 ( -1.0, -1.0)=   -3 ( -1.0, -1.0)=   -3 ( -1.0, -1.0)=   -3 ( -1.0, -1.0)=   -3 ( -1.0, -1.0)=   -3 ( -1.0, -1.0)=   -3 ( -1.0, -1.0)=   -3 ( -1.0, -1.0)=   -3 ( -1.0, -1.0)=   -3 ( -1.0, -1.0)=   -3 ( -1.0, -1.0)=   -3 ( -1.0, -1.0)=   -3 ( -1.0, -1.0)=   -3 ( -1.0, -1.0)=   -3 ( -1.0, -1.0)=   -3 ( -1.0, -1.0)=   -3 ( -1.0, -1.0)=   -3 ( -1.0, -1.0)=   -3 ( -1.0, -1.0)=   -3 ( -1.0, -1.0)=   -3 ( -1.0, -1.0)=   -3 ( -1.0, -1.0)=   -3 ( -1.0, -1.0)=   -3 ( -1.0, -1.0)=   -3 ( -1.0, -1.0)=   -3 ( -1.0, -1.0)=   -3 ( -1.0, -1.0)=   -3 ( -1.0, -1.0)=   -3 ( -1.0, -1.0)=   -3 ( -1.0, -1.0)=   -3 ( -1.0, -1.0)=   -3 ( -1.0, -1.0)=   -3 ( -1.0, -1.0)=   -3 ( -1.0, -1.0)=   -3 ( -1.0, -1.0)=   -3 ( -1.0, -1.0)=   -3 ( -1.0, -1.0)=   -3 ( -1.0, -1.0)=   -3 ( -1.0, -1.0)=   -3 ( -1.0, -1.0)=   -3 ( -1.0, -1.0)=   -3 ( -1.0, -1.0)=   -3 ( -1.0, -1.0)=   -3 ( -1.0, -1.0)=   -3 ( -1.0, -1.0)=   -3 ( -1.0, -1.0)=   -3 ( -1.0, -1.0)=   -3 ( -1.0, -1.0)=   -3 ( -1.0, -1.0)=   -3 ( -1.0, -1.0)=   -3 ( -1.0, -1.0)=   -3 ( -1.0, -1.0)=   -3 ( -1.0, -1.0)=   -3 ( -1.0, -1.0)=   -3 ( -1.0, -1.0)=   -3 ( -1.0, -1.0)=   -3 ( -1.0, -1.0)=   -3 ( -1.0, -1.0)=   -3 ( -1.0, -1.0)=   -3 ( -1.0, -1.0)=   -3 ( -1.0, -1.0)=   -3 ( -1.0, -1.0)=   -3 ( -1.0, -1.0)=   -3 ( -1.0, -1.0)=   -3 ( -1.0, -1.0)=   -3 ( -1.0, -1.0)=   -3 ( -1.0, -1.0)=   -3 ( -1.0, -1.0)=   -3 ( -1.0, -1.0)=   -3 ( -1.0, -1.0)=   -3 ( -1.0, -1.0)=   -3 ( -1.0, -1.0)=   -3 ( -1.0, -1.0)=   -3 ( -1.0, -1.0)=   -3 ( -1.0, -1.0)=   -3 ( -1.0, -1.0)=   -3 ( -1.0, -1.0)=   -3 ( -1.0, -1.0)=   -3 ( -1.0, -1.0)=   -3 ( -1.0, -1.0)=   -3 ( -1.0, -1.0)=   -3 ( -1.0, -1.0)=   -3 ( -1.0, -1.0)=   -3 ( -1.0, -1.0)=   -3 ( -1.0, -1.0)=   -3 ( -1.0, -1.0)=   -3 ( -1.0, -1.0)=   -3 ( -1.0, -1.0)=   -3 ( -1.0, -1.0)=   -3 ( -1.0, -1.0)=   -3 ( -1.0, -1.0)=   -3 ( -1.0, -1.0)=   -3 ( -1.0, -1.0)=   -3 ( -1.0, -1.0)=   -3 ( -1.0, -1.0)=   -3 ( -1.0, -1.0)=   -3 ( -1.0, -1.0)=   -3 ( -1.0, -1.0)=   -3 ( -1.0, -1.0)=   -3 ( -1.0, -1.0)=   -3 ( -1.0, -1.0)=   -3 ( -1.0, -1.0)=   -3 ( -1.0, -1.0)=   -3 ( -1.0, -1.0)=   -3 ( -1.0, -1.0)=   -3 ( -1.0, -1.0)=   -3 ( -1.0, -1.0)=   -3 ( -1.0, -1.0)=   -3 ( -1.0, -1.0)=   -3 ( -1.0, -1.0)=   -3 ( -1.0, -1.0)=   -3 ( -1.0, -1.0)=   -3 ( -1.0, -1.0)=   -3 ( -1.0, -1.0)=   -3 ( -1.0, -1.0)=   -3 ( -1.0, -1.0)=   -3 ( -1.0, -1.0)=   -3 ( -1.0, -1.0)=   -3 ( -1.0, -1.0)=   -3 ( -1.0, -1.0)=   -3 ( -1.0, -1.0)=   -3 ( -1.0, -1.0)=   -3 ( -1.0, -1.0)=   -3 ( -1.0, -1.0)=   -3 ( -1.0, -1.0)=   -3 ( -1.0, -1.0)=   -3 ( -1.0, -1.0)=   -3 ( -1.0, -1.0)=   -3 ( -1.0, -1.0)=   -3 ( -1.0, -1.0)=   -3 ( -1.0, -1.0)=   -3 ( -1.0, -1.0)=   -3 ( -1.0, -1.0)=   -3 ( -1.0, -1.0)=   -3 ( -1.0, -1.0)=   -3 ( -1.0, -1.0)=   -3 ( -1.0, -1.0)=   -3 ( -1.0, -1.0)=   -3 ( -1.0, -1.0)=   -3 ( -1.0, -1.0)=   -3 ( -1.0, -1.0)=   -3 ( -1.0, -1.0)=   -3 ( -1.0, -1.0)=   -3 ( -1.0, -1.0)=   -3 ( -1.0, -1.0)=   -3 ( -1.0, -1.0)=   -3 ( -1.0, -1.0)=   -3 ( -1.0, -1.0)=   -3 ( -1.0, -1.0)=   -3 ( -1.0, -1.0)=   -3 ( -1.0, -1.0)=   -3 ( -1.0, -1.0)=   -3 ( -1.0, -1.0)=   -3 ( -1.0, -1.0)=   -3 ( -1.0, -1.0)=   -3 ( -1.0, -1.0)=   -3 ( -1.0, -1.0)=   -3 ( -1.0, -1.0)=   -3 ( -1.0, -1.0)=   -3 ( -1.0, -1.0)=   -3 ( -1.0, -1.0)=   -3 ( -1.0, -1.0)=   -3 ( -1.0, -1.0)=   -3 ( -1.0, -1.0)=   -3 ( -1.0, -1.0)=   -3 ( -1.0, -1.0)=   -3 ( -1.0, -1.0)=   -3 ( -1.0, -1.0)=   -3 ( -1.0, -1.0)=   -3 ( -1.0, -1.0)=   -3 ( -1.0, -1.0)=   -3 ( -1.0, -1.0)=   -3 ( -1.0, -1.0)=   -3 ( -1.0, -1.0)=   -3 ( -1.0, -1.0)=   -3 ( -1.0, -1.0)=   -3 ( -1.0, -1.0)=   -3 ( -1.0, -1.0)=   -3 ( -1.0, -1.0)=   -3 ( -1.0, -1.0)=   -3 ( -1.0, -1.0)=   -3 ( -1.0, -1.0)=   -3 ( -1.0, -1.0)=   -3 ( -1.0, -1.0)=   -3 ( -1.0, -1.0)=   -3 ( -1.0, -1.0)=   -3 ( -1.0, -1.0)=   -3 ( -1.0, -1.0)=   -3 ( -1.0, -1.0)=   -3 ( -1.0, -1.0)=   -3 ( -1.0, -1.0)=   -3 ( -1.0, -1.0)=   -3 ( -1.0, -1.0)=   -3 ( -1.0, -1.0)=   -3 ( -1.0, -1.0)=   -3 ( -1.0, -1.0)=   -3 ( -1.0, -1.0)=   -3 ( -1.0, -1.0)=   -3 ( -1.0, -1.0)=   -3 ( -1.0, -1.0)=   -3 ( -1.0, -1.0)=   -3 ( -1.0, -1.0)=   -3 ( -1.0, -1.0)=   -3 ( -1.0, -1.0)=   -3 ( -1.0, -1.0)=   -3 ( -1.0, -1.0)=   -3 ( -1.0, -1.0)=   -3 ( -1.0, -1.0)=   -3 ( -1.0, -1.0)=   -3 ( -1.0, -1.0)=   -3 ( -1.0, -1.0)=   -3 ( -1.0, -1.0)=   -3 ( -1.0, -1.0)=   -3 ( -1.0, -1.0)=   -3 ( -1.0, -1.0)=   -3 ( -1.0, -1.0)=   -3 ( -1.0, -1.0)=   -3 ( -1.0, -1.0)=   -3 ( -1.0, -1.0)=   -3 ( -1.0, -1.0)=   -3 ( -1.0, -1.0)=   -3 ( -1.0, -1.0)=   -3 ( -1.0, -1.0)=   -3 ( -1.0, -1.0)=   -3 ( -1.0, -1.0)=   -3 ( -1.0, -1.0)=   -3 ( -1.0, -1.0)=   -3 ( -1.0, -1.0)=   -3 ( -1.0, -1.0)=   -3 ( -1.0, -1.0)=   -3 ( -1.0, -1.0)=   -3 ( -1.0, -1.0)=   -3 ( -1.0, -1.0)=   -3 ( -1.0, -1.0)=   -3 ( -1.0, -1.0)=   -3 ( -1.0, -1.0)=   -3 ( -1.0, -1.0)=   -3 ( -1.0, -1.0)=   -3 ( -1.0, -1.0)=   -3 ( -1.0, -1.0)=   -3 ( -1.0, -1.0)=   -3 ( -1.0, -1.0)=   -3 ( -1.0, -1.0)=   -3 ( -1.0, -1.0)=   -3 ( -1.0, -1.0)=   -3 ( -1.0, -1.0)=   -3 ( -1.0, -1.0)=   -3 ( -1.0, -1.0)=   -3 ( -1.0, -1.0)=   -3 ( -1.0, -1.0)=   -3 ( -1.0, -1.0)=   -3 ( -1.0, -1.0)=   -3 ( -1.0, -1.0)=   -3 ( -1.0, -1.0)=   -3 ( -1.0, -1.0)=   -3 ( -1.0, -1.0)=   -3 ( -1.0, -1.0)=   -3 ( -1.0, -1.0)=   -3 ( -1.0, -1.0)=   -3 ( -1.0, -1.0)=   -3 
     91 | (246.0,549.0)=17081 (246.5,549.3)=    0 (247.0,549.6)=    0 (247.5,549.5)=    0 (248.0,549.5)=    0 (248.4,549.4)=    0 (248.9,549.2)=    0 (249.2,549.3)=    0 (249.6,549.6)=    0 (250.0,549.6)=    0 (250.5,549.8)=    0 (250.8,549.7)=    0 (251.3,549.5)=    0 (251.7,549.2)=    0 (252.1,549.0)=    0 (252.6,548.7)=    0 (252.8,548.3)=    0 (253.3,548.0)=    0 (253.5,547.6)=    0 (253.5,547.1)=    0 (253.5,547.0)=    0 (253.5,546.7)=    0 (253.6,546.5)=    0 (253.8,546.5)=    0 (254.0,546.4)=    0 (254.3,546.4)=    0 (254.4,546.2)=    0 (254.9,546.1)=    0 (255.4,546.1)=    0 (256.0,546.2)=    0 (256.7,546.1)=    0 (257.4,546.0)=    0 (258.3,545.7)=    0 (259.1,545.7)=    0 (259.9,545.9)=    0 (260.5,545.9)=    0 (261.0,546.1)=    0 (261.6,546.2)=    0 (262.0,546.5)=    0 (262.5,546.5)=    0 (263.0,546.5)=    0 (263.4,546.6)=    0 (263.7,546.7)=    0 (264.2,547.0)=    0 (264.5,547.2)=    0 (264.9,547.1)=    0 (265.5,547.2)=    0 (265.9,547.2)=    0 (266.3,547.5)=    0 (266.8,547.6)=    0 (266.9,548.0)=    0 (267.3,548.5)=    0 (267.5,548.7)=    0 (267.8,548.9)=    0 (268.4,549.0)=    0 (268.8,549.0)=    0 (269.1,548.9)=    0 (269.3,548.8)=    0 (269.6,548.6)=    0 (269.7,548.3)=    0 (269.9,548.5)=    0 (270.1,548.7)=    0 (270.4,548.5)=    0 (270.5,548.5)=    0 (270.8,548.5)=    0 (270.9,548.3)=    0 (271.1,548.3)=    0 (271.5,548.6)=    0 (271.7,548.7)=    0 (271.9,549.0)=    0 (272.2,549.3)=    0 (272.5,549.4)=    0 (273.0,549.6)=    0 (273.6,549.5)=    0 (274.0,549.4)=    0 (274.5,549.4)=    0 (275.0,549.3)=    0 (275.5,549.2)=    0 (276.0,549.3)=    0 (276.6,549.5)=    0 (276.8,549.7)=    0 (277.4,550.0)=    0 (277.8,550.0)=    0 (278.0,550.0)=    0 (278.3,550.1)=    0 (278.6,550.2)=    0 (278.9,550.1)=    0 (279.4,550.1)=    0 (279.5,550.3)=    0 (279.8,550.2)=    0 (280.3,550.1)=    0 (280.8,550.1)=    0 (281.1,549.9)=    0 (281.6,549.8)=    0 (282.0,549.6)=    0 (282.1,549.6)=    0 (282.6,549.9)=    0 (282.8,550.0)=    0 (283.1,550.5)=    0 (283.4,550.8)=    0 (283.9,550.8)=    0 (284.4,551.2)=    0 (284.8,551.5)=    0 (285.1,551.7)=    0 (285.7,552.0)=    0 (286.0,552.1)=    0 (286.6,552.5)=    0 (287.2,552.7)=    0 (287.6,553.0)=    0 (288.3,553.3)=    0 (288.7,553.5)=    0 (289.2,553.6)=    0 (289.7,553.9)=    0 (290.4,554.4)=    0 (291.1,554.8)=    0 (291.8,555.1)=    0 (292.5,555.3)=    0 (292.9,555.3)=    0 (293.5,555.1)=    0 (294.0,555.1)=    0 (294.7,555.2)=    0 (295.4,555.2)=    0 (296.0,555.3)=    0 (296.8,555.3)=    0 (297.8,555.5)=    0 (298.6,555.5)=    0 (299.1,555.5)=    0 (300.0,555.5)=    0 (300.6,555.3)=    0 (301.1,555.3)=    0 (301.5,555.2)=    0 (302.0,555.2)=    0 (302.6,555.2)=    0 (303.0,555.2)=    0 (303.5,554.9)=    0 (303.7,554.7)=    0 (304.2,554.2)=    0 (304.6,554.1)=    0 (305.1,553.7)=    0 (305.6,553.5)=    0 (306.4,553.5)=    0 (306.8,553.6)=    0 (307.6,553.6)=    0 (308.0,553.6)=    0 (308.8,553.7)=    0 (309.7,553.7)=    0 (310.6,553.6)=    0 (311.4,553.8)=    0 (312.2,554.4)=    0 (312.9,554.8)=    0 (313.9,555.4)=    0 (314.6,555.9)=    0 (315.4,556.2)=    0 (316.1,556.6)=    0 (316.7,557.2)=    0 (317.6,557.9)=    0 (318.4,558.6)=    0 (319.3,559.2)=    0 (320.1,560.1)=    0 (320.7,560.7)=    0 (321.1,561.0)=    0 (321.5,561.0)=    0 (321.7,560.8)=    0 (321.8,560.7)=    0 (322.0,560.8)=    0 (322.4,560.8)=    0 (322.7,561.1)=    0 (323.2,561.4)=    0 (323.4,561.6)=    0 (323.8,561.8)=    0 (324.1,561.9)=    0 (324.4,562.1)=    0 (324.9,562.3)=    0 (325.7,562.7)=    0 (326.2,563.2)=    0 (326.7,563.5)=    0 (327.3,564.0)=    0 (327.7,564.4)=    0 (328.2,564.9)=    0 (328.7,564.9)=    0 (329.0,565.0)=    0 (329.4,565.2)=    0 (329.7,565.4)=    0 (330.0,565.4)=    0 (330.2,565.7)=    0 (330.5,566.0)=    0 (330.8,566.0)=    0 (331.0,566.1)=    0 (331.2,566.3)=    0 (331.5,566.3)=    0 (331.7,566.3)=    0 (331.9,566.5)=    0 (332.1,566.5)=    0 (332.4,566.6)=    0 (332.9,566.6)=    0 (333.3,566.5)=    0 (333.6,566.5)=    0 (333.8,566.5)=    0 (334.2,566.6)=    0 (334.4,566.8)=    0 (334.5,567.1)=    0 (334.6,567.2)=    0 (334.7,567.2)=    0 (334.9,567.3)=    0 (335.1,567.4)=    0 (335.3,567.4)=    0 (335.3,567.6)=    0 (335.5,567.7)=    0 (335.7,567.8)=    0 (335.9,568.2)=    0 (336.2,568.3)=    0 (336.6,568.3)=    0 (336.9,568.4)=    0 (337.4,568.3)=    0 (337.7,568.2)=    0 (338.0,568.3)=    0 (338.4,568.3)=    0 (338.9,568.4)=    0 (339.2,568.5)=    0 (339.6,568.5)=    0 (340.0,568.6)=    0 (340.4,568.5)=    0 (340.9,568.5)=    0 (341.1,568.2)=    0 (341.4,568.3)=    0 (341.8,568.5)=    0 (341.8,568.6)=    0 (342.2,568.8)=    0 (342.4,568.8)=    0 (342.8,568.7)=    0 (343.0,568.7)=    0 (343.3,568.7)=    0 (343.6,568.5)=    0 (344.0,568.8)=    0 (344.5,569.1)=    0 (344.9,569.0)=    0 (345.7,569.2)=    0 (346.1,569.2)=    0 (346.7,569.2)=    0 (347.2,569.2)=    0 (347.9,569.2)=    0 (348.6,569.2)=    0 (348.8,569.2)=    0 (349.4,569.4)=    0 (349.9,569.5)=    0 (350.3,569.7)=    0 (350.7,569.9)=    0 (351.4,569.8)=    0 (351.8,569.9)=    0 (352.3,569.9)=    0 (352.9,570.0)=    0 (353.7,570.2)=    0 (354.2,570.4)=    0 (354.9,570.4)=    0 (355.4,570.5)=    0 (356.2,570.5)=    0 (356.7,570.6)=    0 (357.4,570.6)=    0 (357.9,570.6)=    0 (358.5,570.6)=    0 (359.2,570.6)=    0 (359.9,570.6)=    0 (360.7,570.6)=    0 (361.2,570.6)=    0 (361.9,570.4)=    0 (362.6,570.2)=    0 (363.1,570.2)=    0 (363.7,569.7)=    0 (364.5,569.7)=    0 (365.0,569.4)=    0 (365.4,569.3)=    0 (365.9,569.4)=    0 (366.5,569.5)=    0 (366.8,569.6)=    0 (367.4,569.5)=    0 (367.9,569.3)=    0 (368.7,569.2)=    0 (369.5,569.1)=    0 (370.3,569.1)=    0 (371.2,569.2)=    0 (372.2,569.2)=    0 
     92 | (145.0,556.0)=17039 (145.4,556.3)=    0 (145.9,556.5)=    0 (146.4,556.4)=    0 (146.8,556.3)=    0 (147.3,556.3)=    0 (147.8,556.1)=    0 (147.9,556.1)=    0 (148.3,556.4)=    0 (148.8,556.4)=    0 (149.3,556.6)=    0 (149.6,556.6)=    0 (150.1,556.4)=    0 (150.6,556.0)=    0 (150.9,555.8)=    0 (151.5,555.3)=    0 (151.7,554.8)=    0 (152.1,554.6)=    0 (152.4,554.1)=    0 (152.4,553.6)=    0 (152.4,553.4)=    0 (152.4,553.2)=    0 (152.5,552.9)=    0 (152.8,552.7)=    0 (152.9,552.5)=    0 (153.2,552.5)=    0 (153.4,552.2)=    0 (153.8,552.1)=    0 (154.3,552.1)=    0 (155.0,552.0)=    0 (155.5,552.0)=    0 (156.4,551.7)=    0 (157.2,551.6)=    0 (158.0,551.7)=    0 (158.7,551.7)=    0 (159.3,551.8)=    0 (159.8,552.0)=    0 (160.4,552.0)=    0 (160.9,552.1)=    0 (161.4,552.2)=    0 (162.0,552.2)=    0 (162.5,552.3)=    0 (162.7,552.5)=    0 (163.2,552.7)=    0 (163.7,552.8)=    0 (164.2,552.8)=    0 (164.8,552.7)=    0 (165.0,552.7)=    0 (165.5,553.0)=    0 (165.9,553.3)=    0 ( -1.0, -1.0)=   -3 ( -1.0, -1.0)=   -3 ( -1.0, -1.0)=   -3 ( -1.0, -1.0)=   -3 ( -1.0, -1.0)=   -3 ( -1.0, -1.0)=   -3 ( -1.0, -1.0)=   -3 ( -1.0, -1.0)=   -3 ( -1.0, -1.0)=   -3 ( -1.0, -1.0)=   -3 ( -1.0, -1.0)=   -3 ( -1.0, -1.0)=   -3 ( -1.0, -1.0)=   -3 ( -1.0, -1.0)=   -3 ( -1.0, -1.0)=   -3 ( -1.0, -1.0)=   -3 ( -1.0, -1.0)=   -3 ( -1.0, -1.0)=   -3 ( -1.0, -1.0)=   -3 ( -1.0, -1.0)=   -3 ( -1.0, -1.0)=   -3 ( -1.0, -1.0)=   -3 ( -1.0, -1.0)=   -3 ( -1.0, -1.0)=   -3 ( -1.0, -1.0)=   -3 ( -1.0, -1.0)=   -3 ( -1.0, -1.0)=   -3 ( -1.0, -1.0)=   -3 ( -1.0, -1.0)=   -3 ( -1.0, -1.0)=   -3 ( -1.0, -1.0)=   -3 ( -1.0, -1.0)=   -3 ( -1.0, -1.0)=   -3 ( -1.0, -1.0)=   -3 ( -1.0, -1.0)=   -3 ( -1.0, -1.0)=   -3 ( -1.0, -1.0)=   -3 ( -1.0, -1.0)=   -3 ( -1.0, -1.0)=   -3 ( -1.0, -1.0)=   -3 ( -1.0, -1.0)=   -3 ( -1.0, -1.0)=   -3 ( -1.0, -1.0)=   -3 ( -1.0, -1.0)=   -3 ( -1.0, -1.0)=   -3 ( -1.0, -1.0)=   -3 ( -1.0, -1.0)=   -3 ( -1.0, -1.0)=   -3 ( -1.0, -1.0)=   -3 ( -1.0, -1.0)=   -3 ( -1.0, -1.0)=   -3 ( -1.0, -1.0)=   -3 ( -1.0, -1.0)=   -3 ( -1.0, -1.0)=   -3 ( -1.0, -1.0)=   -3 ( -1.0, -1.0)=   -3 ( -1.0, -1.0)=   -3 ( -1.0, -1.0)=   -3 ( -1.0, -1.0)=   -3 ( -1.0, -1.0)=   -3 ( -1.0, -1.0)=   -3 ( -1.0, -1.0)=   -3 ( -1.0, -1.0)=   -3 ( -1.0, -1.0)=   -3 ( -1.0, -1.0)=   -3 ( -1.0, -1.0)=   -3 ( -1.0, -1.0)=   -3 ( -1.0, -1.0)=   -3 ( -1.0, -1.0)=   -3 ( -1.0, -1.0)=   -3 ( -1.0, -1.0)=   -3 ( -1.0, -1.0)=   -3 ( -1.0, -1.0)=   -3 ( -1.0, -1.0)=   -3 ( -1.0, -1.0)=   -3 ( -1.0, -1.0)=   -3 ( -1.0, -1.0)=   -3 ( -1.0, -1.0)=   -3 ( -1.0, -1.0)=   -3 ( -1.0, -1.0)=   -3 ( -1.0, -1.0)=   -3 ( -1.0, -1.0)=   -3 ( -1.0, -1.0)=   -3 ( -1.0, -1.0)=   -3 ( -1.0, -1.0)=   -3 ( -1.0, -1.0)=   -3 ( -1.0, -1.0)=   -3 ( -1.0, -1.0)=   -3 ( -1.0, -1.0)=   -3 ( -1.0, -1.0)=   -3 ( -1.0, -1.0)=   -3 ( -1.0, -1.0)=   -3 ( -1.0, -1.0)=   -3 ( -1.0, -1.0)=   -3 ( -1.0, -1.0)=   -3 ( -1.0, -1.0)=   -3 ( -1.0, -1.0)=   -3 ( -1.0, -1.0)=   -3 ( -1.0, -1.0)=   -3 ( -1.0, -1.0)=   -3 ( -1.0, -1.0)=   -3 ( -1.0, -1.0)=   -3 ( -1.0, -1.0)=   -3 ( -1.0, -1.0)=   -3 ( -1.0, -1.0)=   -3 ( -1.0, -1.0)=   -3 ( -1.0, -1.0)=   -3 ( -1.0, -1.0)=   -3 ( -1.0, -1.0)=   -3 ( -1.0, -1.0)=   -3 ( -1.0, -1.0)=   -3 ( -1.0, -1.0)=   -3 ( -1.0, -1.0)=   -3 ( -1.0, -1.0)=   -3 ( -1.0, -1.0)=   -3 ( -1.0, -1.0)=   -3 ( -1.0, -1.0)=   -3 ( -1.0, -1.0)=   -3 ( -1.0, -1.0)=   -3 ( -1.0, -1.0)=   -3 ( -1.0, -1.0)=   -3 ( -1.0, -1.0)=   -3 ( -1.0, -1.0)=   -3 ( -1.0, -1.0)=   -3 ( -1.0, -1.0)=   -3 ( -1.0, -1.0)=   -3 ( -1.0, -1.0)=   -3 ( -1.0, -1.0)=   -3 ( -1.0, -1.0)=   -3 ( -1.0, -1.0)=   -3 ( -1.0, -1.0)=   -3 ( -1.0, -1.0)=   -3 ( -1.0, -1.0)=   -3 ( -1.0, -1.0)=   -3 ( -1.0, -1.0)=   -3 ( -1.0, -1.0)=   -3 ( -1.0, -1.0)=   -3 ( -1.0, -1.0)=   -3 ( -1.0, -1.0)=   -3 ( -1.0, -1.0)=   -3 ( -1.0, -1.0)=   -3 ( -1.0, -1.0)=   -3 ( -1.0, -1.0)=   -3 ( -1.0, -1.0)=   -3 ( -1.0, -1.0)=   -3 ( -1.0, -1.0)=   -3 ( -1.0, -1.0)=   -3 ( -1.0, -1.0)=   -3 ( -1.0, -1.0)=   -3 ( -1.0, -1.0)=   -3 ( -1.0, -1.0)=   -3 ( -1.0, -1.0)=   -3 ( -1.0, -1.0)=   -3 ( -1.0, -1.0)=   -3 ( -1.0, -1.0)=   -3 ( -1.0, -1.0)=   -3 ( -1.0, -1.0)=   -3 ( -1.0, -1.0)=   -3 ( -1.0, -1.0)=   -3 ( -1.0, -1.0)=   -3 ( -1.0, -1.0)=   -3 ( -1.0, -1.0)=   -3 ( -1.0, -1.0)=   -3 ( -1.0, -1.0)=   -3 ( -1.0, -1.0)=   -3 ( -1.0, -1.0)=   -3 ( -1.0, -1.0)=   -3 ( -1.0, -1.0)=   -3 ( -1.0, -1.0)=   -3 ( -1.0, -1.0)=   -3 ( -1.0, -1.0)=   -3 ( -1.0, -1.0)=   -3 ( -1.0, -1.0)=   -3 ( -1.0, -1.0)=   -3 ( -1.0, -1.0)=   -3 ( -1.0, -1.0)=   -3 ( -1.0, -1.0)=   -3 ( -1.0, -1.0)=   -3 ( -1.0, -1.0)=   -3 ( -1.0, -1.0)=   -3 ( -1.0, -1.0)=   -3 ( -1.0, -1.0)=   -3 ( -1.0, -1.0)=   -3 ( -1.0, -1.0)=   -3 ( -1.0, -1.0)=   -3 ( -1.0, -1.0)=   -3 ( -1.0, -1.0)=   -3 ( -1.0, -1.0)=   -3 ( -1.0, -1.0)=   -3 ( -1.0, -1.0)=   -3 ( -1.0, -1.0)=   -3 ( -1.0, -1.0)=   -3 ( -1.0, -1.0)=   -3 ( -1.0, -1.0)=   -3 ( -1.0, -1.0)=   -3 ( -1.0, -1.0)=   -3 ( -1.0, -1.0)=   -3 ( -1.0, -1.0)=   -3 ( -1.0, -1.0)=   -3 ( -1.0, -1.0)=   -3 ( -1.0, -1.0)=   -3 ( -1.0, -1.0)=   -3 ( -1.0, -1.0)=   -3 ( -1.0, -1.0)=   -3 ( -1.0, -1.0)=   -3 ( -1.0, -1.0)=   -3 ( -1.0, -1.0)=   -3 ( -1.0, -1.0)=   -3 ( -1.0, -1.0)=   -3 ( -1.0, -1.0)=   -3 ( -1.0, -1.0)=   -3 ( -1.0, -1.0)=   -3 ( -1.0, -1.0)=   -3 ( -1.0, -1.0)=   -3 ( -1.0, -1.0)=   -3 ( -1.0, -1.0)=   -3 ( -1.0, -1.0)=   -3 ( -1.0, -1.0)=   -3 ( -1.0, -1.0)=   -3 ( -1.0, -1.0)=   -3 ( -1.0, -1.0)=   -3 ( -1.0, -1.0)=   -3 ( -1.0, -1.0)=   -3 ( -1.0, -1.0)=   -3 ( -1.0, -1.0)=   -3 ( -1.0, -1.0)=   -3 ( -1.0, -1.0)=   -3 ( -1.0, -1.0)=   -3 ( -1.0, -1.0)=   -3 ( -1.0, -1.0)=   -3 ( -1.0, -1.0)=   -3 
     93 | (178.0,663.0)=16848 (178.3,663.2)=    0 (178.9,663.3)=    0 (179.4,663.3)=    0 (179.8,663.3)=    0 (180.3,663.2)=    0 (180.8,663.0)=    0 (180.9,663.2)=    0 (181.2,663.4)=    0 (181.8,663.5)=    0 (182.4,663.6)=    0 (182.7,663.5)=    0 (183.2,663.4)=    0 (183.6,663.0)=    0 (184.0,662.7)=    0 (184.3,662.3)=    0 (184.7,661.8)=    0 (185.0,661.4)=    0 (185.3,661.0)=    0 (185.3,660.4)=    0 (185.2,660.3)=    0 (185.2,660.0)=    0 (185.2,659.7)=    0 (185.3,659.6)=    0 (185.4,659.6)=    0 (185.6,659.6)=    0 (185.8,659.2)=    0 (186.1,659.2)=    0 (186.7,659.3)=    0 (187.3,659.2)=    0 (188.0,659.2)=    0 (188.7,658.9)=    0 (189.7,658.7)=    0 (190.5,658.8)=    0 (191.3,658.8)=    0 (191.9,658.8)=    0 (192.3,659.0)=    0 (192.9,659.1)=    0 (193.4,659.3)=    0 (193.9,659.3)=    0 (194.4,659.3)=    0 (194.9,659.4)=    0 (195.1,659.4)=    0 (195.7,659.6)=    0 (195.9,659.6)=    0 (196.5,659.6)=    0 (197.2,659.6)=    0 (197.4,659.5)=    0 (197.9,659.8)=    0 (198.3,660.1)=    0 (198.4,660.4)=    0 (198.6,660.9)=    0 (199.0,661.1)=    0 (199.3,661.3)=    0 (199.9,661.3)=    0 (200.2,661.1)=    0 (200.5,661.2)=    0 (200.8,661.1)=    0 (201.1,660.9)=    0 (201.4,660.3)=    0 (201.7,660.5)=    0 (201.8,660.6)=    0 (202.1,660.3)=    0 (202.3,660.3)=    0 (202.6,660.3)=    0 (202.6,660.2)=    0 (202.7,660.3)=    0 (203.1,660.4)=    0 (203.4,660.5)=    0 (203.6,661.0)=    0 (203.8,661.2)=    0 (204.2,661.2)=    0 (204.7,661.5)=    0 (205.2,661.3)=    0 (205.7,661.2)=    0 (206.2,661.1)=    0 (206.7,661.1)=    0 (207.2,661.1)=    0 (207.7,661.2)=    0 (208.3,661.2)=    0 (208.5,661.5)=    0 (209.1,661.7)=    0 (209.5,661.8)=    0 (209.7,661.8)=    0 (210.0,661.8)=    0 (210.4,662.0)=    0 (210.7,661.9)=    0 (211.0,661.9)=    0 (211.3,662.0)=    0 (211.6,661.9)=    0 (211.9,661.8)=    0 (212.5,661.8)=    0 (212.8,661.6)=    0 (213.4,661.6)=    0 (213.9,661.4)=    0 (213.9,661.5)=    0 (214.3,661.6)=    0 (214.5,662.0)=    0 (215.0,662.3)=    0 (215.2,662.5)=    0 (215.7,662.8)=    0 (216.2,663.1)=    0 (216.6,663.2)=    0 (216.9,663.4)=    0 (217.6,663.6)=    0 (217.9,663.9)=    0 (218.4,664.4)=    0 (218.9,664.5)=    0 (219.4,664.9)=    0 (220.1,665.2)=    0 (220.6,665.3)=    0 (220.9,665.4)=    0 (221.4,665.7)=    0 (221.9,666.3)=    0 (222.8,667.0)=    0 (223.5,667.2)=    0 (224.3,667.4)=    0 (224.8,667.4)=    0 (225.3,667.2)=    0 (225.7,667.2)=    0 (226.3,667.3)=    0 (226.9,667.2)=    0 (227.6,667.4)=    0 (228.3,667.4)=    0 (229.3,667.6)=    0 (230.1,667.6)=    0 (230.6,667.6)=    0 (231.5,667.5)=    0 (232.2,667.2)=    0 (232.6,667.1)=    0 (233.0,667.0)=    0 (233.5,666.9)=    0 (234.0,667.0)=    0 (234.5,666.9)=    0 (234.7,666.6)=    0 (235.0,666.2)=    0 (235.3,665.9)=    0 (235.7,665.6)=    0 (236.2,665.3)=    0 (236.8,665.2)=    0 (237.5,665.1)=    0 (238.1,665.2)=    0 (238.8,665.1)=    0 (239.2,665.1)=    0 (239.9,665.2)=    0 (240.8,665.0)=    0 (241.6,665.0)=    0 (242.5,665.3)=    0 (243.4,665.9)=    0 (244.3,666.3)=    0 (245.2,667.0)=    0 (245.7,667.2)=    0 (246.5,667.5)=    0 (247.3,668.0)=    0 (247.9,668.4)=    0 (248.9,669.2)=    0 (249.9,669.8)=    0 (250.8,670.7)=    0 (251.5,671.5)=    0 (252.4,672.0)=    0 (252.7,672.3)=    0 (253.0,672.3)=    0 (253.2,672.0)=    0 (253.2,671.9)=    0 (253.5,671.9)=    0 (253.7,671.9)=    0 (254.0,672.2)=    0 (254.5,672.4)=    0 (254.6,672.6)=    0 (255.1,672.9)=    0 (255.4,672.9)=    0 (255.7,673.0)=    0 (256.3,673.3)=    0 (256.9,673.8)=    0 (257.3,674.2)=    0 (257.7,674.6)=    0 (258.4,675.2)=    0 (258.9,675.4)=    0 (259.4,676.0)=    0 (259.7,676.0)=    0 (260.0,676.2)=    0 (260.5,676.3)=    0 (260.6,676.4)=    0 (260.9,676.6)=    0 (261.0,677.0)=    0 (261.2,677.2)=    0 (261.5,677.2)=    0 (261.7,677.3)=    0 (261.9,677.5)=    0 (262.2,677.6)=    0 (262.4,677.5)=    0 (262.6,677.8)=    0 (262.8,677.8)=    0 (263.3,677.8)=    0 (263.6,677.8)=    0 (264.0,677.6)=    0 (264.4,677.4)=    0 (264.5,677.6)=    0 (264.8,677.6)=    0 (265.1,678.0)=    0 (265.1,678.1)=    0 (265.3,678.2)=    0 (265.4,678.2)=    0 (265.5,678.2)=    0 (265.8,678.2)=    0 (265.9,678.3)=    0 (266.0,678.5)=    0 (266.3,678.5)=    0 (266.5,678.7)=    0 (266.7,679.0)=    0 (267.1,679.1)=    0 (267.4,679.0)=    0 (267.7,679.0)=    0 (268.3,678.8)=    0 (268.5,678.8)=    0 (268.7,679.0)=    0 (269.3,678.7)=    0 (269.8,679.1)=    0 (270.2,679.2)=    0 (270.4,679.2)=    0 (271.0,679.3)=    0 (271.3,679.1)=    0 (271.6,679.1)=    0 (271.9,678.9)=    0 (272.2,679.0)=    0 (272.5,679.1)=    0 (272.6,679.3)=    0 (272.8,679.4)=    0 (273.3,679.4)=    0 (273.6,679.3)=    0 (273.7,679.4)=    0 (273.9,679.1)=    0 (274.4,678.9)=    0 (274.8,679.2)=    0 (275.4,679.3)=    0 (275.9,679.3)=    0 (276.5,679.6)=    0 (277.0,679.6)=    0 (277.7,679.6)=    0 (278.1,679.7)=    0 (278.8,679.5)=    0 (279.5,679.4)=    0 (279.6,679.5)=    0 (280.1,679.7)=    0 (280.7,679.7)=    0 (281.1,680.0)=    0 (281.6,680.1)=    0 (282.2,679.9)=    0 (282.6,680.1)=    0 (283.1,680.2)=    0 (283.8,680.2)=    0 (284.3,680.4)=    0 (284.8,680.5)=    0 (285.6,680.7)=    0 (286.1,680.7)=    0 (286.8,680.7)=    0 (287.4,680.6)=    0 (287.9,680.6)=    0 (288.4,680.6)=    0 (288.7,680.6)=    0 (289.6,680.5)=    0 (290.2,680.5)=    0 (290.7,680.5)=    0 (291.5,680.5)=    0 (292.2,680.2)=    0 (292.8,680.0)=    0 (293.5,679.7)=    0 (293.9,679.1)=    0 (294.7,679.1)=    0 (295.3,679.0)=    0 (295.5,679.0)=    0 (296.0,679.2)=    0 (296.4,679.2)=    0 (296.8,679.3)=    0 (297.2,679.1)=    0 (297.8,679.0)=    0 (298.6,678.7)=    0 (299.4,678.7)=    0 (300.1,678.7)=    0 (301.0,678.8)=    0 (302.0,678.8)=    0 
     94 | (220.0,546.0)=16779 (220.5,546.3)=    0 (221.0,546.5)=    0 (221.5,546.4)=    0 (221.8,546.4)=    0 (222.4,546.4)=    0 (222.8,546.2)=    0 (223.0,546.2)=    0 (223.5,546.5)=    0 (223.8,546.5)=    0 (224.5,546.6)=    0 (224.7,546.6)=    0 (225.2,546.4)=    0 (225.8,546.1)=    0 (226.0,545.8)=    0 (226.6,545.5)=    0 (226.7,545.0)=    0 (227.3,544.8)=    0 (227.4,544.3)=    0 (227.5,543.8)=    0 (227.5,543.7)=    0 (227.5,543.4)=    0 (227.6,543.2)=    0 (227.8,543.1)=    0 (228.0,543.0)=    0 (228.2,543.0)=    0 (228.5,542.8)=    0 (229.0,542.8)=    0 (229.5,542.8)=    0 (230.0,542.8)=    0 (230.7,542.7)=    0 (231.4,542.6)=    0 (232.3,542.3)=    0 (233.0,542.3)=    0 (233.8,542.4)=    0 (234.4,542.5)=    0 (234.9,542.7)=    0 (235.4,542.7)=    0 (235.8,542.9)=    0 (236.3,542.9)=    0 (236.8,542.9)=    0 (237.4,543.2)=    0 (237.7,543.2)=    0 (238.2,543.5)=    0 (238.6,543.7)=    0 (239.0,543.5)=    0 (239.7,543.5)=    0 (239.9,543.5)=    0 (240.2,543.6)=    0 (240.7,543.8)=    0 (240.8,544.2)=    0 (241.2,544.6)=    0 (241.5,544.8)=    0 (241.8,545.1)=    0 (242.3,545.2)=    0 (242.7,545.1)=    0 (243.0,545.0)=    0 (243.3,545.0)=    0 (243.6,544.8)=    0 (243.7,544.4)=    0 (243.9,544.6)=    0 (244.1,544.7)=    0 (244.4,544.6)=    0 (244.6,544.6)=    0 (244.8,544.6)=    0 (244.8,544.4)=    0 (245.2,544.5)=    0 (245.5,544.7)=    0 (245.7,544.7)=    0 (246.0,545.0)=    0 (246.3,545.3)=    0 (246.6,545.5)=    0 (247.1,545.7)=    0 (247.5,545.6)=    0 (247.9,545.5)=    0 (248.5,545.3)=    0 (249.0,545.2)=    0 (249.6,545.1)=    0 (250.0,545.4)=    0 (250.6,545.4)=    0 (250.8,545.6)=    0 (251.3,545.9)=    0 (251.6,545.9)=    0 (251.9,545.9)=    0 (252.2,546.0)=    0 (252.5,546.1)=    0 (252.9,546.0)=    0 (253.3,546.0)=    0 (253.6,546.2)=    0 (253.7,546.2)=    0 (254.0,546.1)=    0 (254.6,546.1)=    0 (254.9,545.8)=    0 (255.4,545.8)=    0 (256.0,545.7)=    0 (256.0,545.7)=    0 (256.5,546.0)=    0 (256.6,546.2)=    0 (257.0,546.6)=    0 (257.3,546.8)=    0 (257.7,547.0)=    0 (258.2,547.2)=    0 (258.7,547.3)=    0 (259.0,547.6)=    0 (259.6,547.9)=    0 (259.9,548.0)=    0 (260.4,548.3)=    0 (260.9,548.6)=    0 (261.5,548.9)=    0 (262.2,549.3)=    0 (262.7,549.5)=    0 (263.0,549.5)=    0 (263.5,549.8)=    0 (264.2,550.4)=    0 (264.9,550.9)=    0 (265.6,551.1)=    0 (266.3,551.3)=    0 (266.8,551.4)=    0 (267.4,551.1)=    0 (267.8,551.1)=    0 (268.6,551.1)=    0 (269.2,551.1)=    0 (269.8,551.3)=    0 (270.6,551.5)=    0 (271.6,551.5)=    0 (272.4,551.6)=    0 (272.9,551.6)=    0 (273.7,551.5)=    0 (274.4,551.2)=    0 (274.8,551.2)=    0 (275.4,551.1)=    0 (275.9,551.1)=    0 (276.5,551.1)=    0 (276.9,551.0)=    0 (277.2,550.7)=    0 (277.5,550.5)=    0 (277.8,550.1)=    0 (278.4,549.9)=    0 (278.8,549.6)=    0 (279.5,549.4)=    0 (280.3,549.4)=    0 (280.8,549.4)=    0 (281.6,549.4)=    0 (281.8,549.3)=    0 (282.7,549.4)=    0 (283.5,549.4)=    0 (284.3,549.3)=    0 (285.2,549.5)=    0 (286.0,550.0)=    0 (286.8,550.5)=    0 (287.6,551.1)=    0 (288.4,551.4)=    0 (289.2,551.7)=    0 (289.9,552.3)=    0 (290.6,552.7)=    0 (291.5,553.6)=    0 (292.4,554.2)=    0 (293.1,554.8)=    0 (293.8,555.6)=    0 (294.6,556.1)=    0 (295.1,556.5)=    0 (295.3,556.6)=    0 (295.6,556.4)=    0 (295.8,556.3)=    0 (296.0,556.2)=    0 (296.3,556.3)=    0 (296.8,556.6)=    0 (297.1,556.8)=    0 (297.3,557.0)=    0 (297.8,557.4)=    0 (298.1,557.4)=    0 (298.6,557.5)=    0 (299.1,557.7)=    0 (299.5,558.2)=    0 (300.0,558.6)=    0 (300.5,559.0)=    0 (301.1,559.6)=    0 (301.6,559.9)=    0 (302.1,560.4)=    0 (302.5,560.5)=    0 (302.9,560.5)=    0 (303.1,560.7)=    0 (303.5,560.7)=    0 (303.8,560.8)=    0 (304.0,561.1)=    0 (304.3,561.4)=    0 (304.4,561.5)=    0 (304.8,561.5)=    0 (304.9,561.6)=    0 (305.1,561.6)=    0 (305.4,561.6)=    0 (305.5,561.9)=    0 (305.7,561.9)=    0 (306.1,562.0)=    0 (306.4,561.9)=    0 (306.9,561.9)=    0 (307.2,561.8)=    0 (307.4,561.9)=    0 (307.7,562.0)=    0 (307.9,562.1)=    0 (307.9,562.4)=    0 (308.2,562.5)=    0 (308.2,562.5)=    0 (308.4,562.6)=    0 (308.6,562.6)=    0 (308.7,562.7)=    0 (308.9,562.9)=    0 (309.0,563.0)=    0 (309.3,563.1)=    0 (309.6,563.3)=    0 (309.8,563.4)=    0 (310.2,563.6)=    0 (310.5,563.7)=    0 (311.0,563.5)=    0 (311.3,563.5)=    0 (311.5,563.5)=    0 (312.0,563.5)=    0 (312.5,563.5)=    0 (312.7,563.7)=    0 (313.2,563.8)=    0 (313.7,563.8)=    0 (314.0,563.7)=    0 (314.3,563.7)=    0 (314.6,563.5)=    0 (314.7,563.5)=    0 (315.1,563.7)=    0 (315.4,563.8)=    0 (315.6,564.0)=    0 (315.9,564.0)=    0 (316.3,564.0)=    0 (316.4,564.0)=    0 (316.6,563.9)=    0 (316.9,563.8)=    0 (317.5,564.0)=    0 (317.9,564.2)=    0 (318.4,564.2)=    0 (318.9,564.3)=    0 (319.5,564.4)=    0 (320.1,564.4)=    0 (320.6,564.4)=    0 (321.3,564.4)=    0 (321.9,564.3)=    0 (322.3,564.3)=    0 (322.7,564.5)=    0 (323.2,564.5)=    0 (323.7,564.7)=    0 (324.2,564.7)=    0 (324.8,564.7)=    0 (325.2,564.8)=    0 (325.7,565.0)=    0 (326.3,565.0)=    0 (327.1,565.3)=    0 (327.6,565.3)=    0 (328.3,565.3)=    0 (328.8,565.3)=    0 (329.6,565.4)=    0 (330.1,565.3)=    0 (330.6,565.3)=    0 (331.2,565.3)=    0 (331.6,565.3)=    0 (332.4,565.3)=    0 (333.0,565.3)=    0 (333.8,565.3)=    0 (334.3,565.3)=    0 (335.1,565.0)=    0 (335.8,564.8)=    0 (336.4,564.7)=    0 (337.0,564.2)=    0 (337.8,564.2)=    0 (338.3,563.9)=    0 (338.7,563.8)=    0 (339.2,563.8)=    0 (339.7,563.9)=    0 (340.3,563.9)=    0 (340.6,563.8)=    0 (341.1,563.8)=    0 (341.8,563.6)=    0 (342.6,563.5)=    0 (343.3,563.5)=    0 (344.4,563.5)=    0 (345.4,563.5)=    0 
     95 | (224.0,264.0)=16744 (224.5,264.0)=    0 (225.0,264.2)=    0 (225.5,264.3)=    0 (226.0,264.0)=    0 (226.6,264.0)=    0 (227.1,264.1)=    0 (227.4,264.1)=    0 (227.8,264.2)=    0 (228.4,264.2)=    0 (229.0,264.3)=    0 (229.4,264.4)=    0 (229.9,264.1)=    0 (230.5,263.7)=    0 (230.9,263.4)=    0 (231.4,263.1)=    0 (231.8,262.6)=    0 (232.3,262.4)=    0 (232.5,262.2)=    0 (232.6,261.6)=    0 (232.6,261.4)=    0 (232.8,261.3)=    0 (232.8,260.8)=    0 (233.3,260.6)=    0 (233.4,260.4)=    0 (233.6,260.4)=    0 (234.0,260.3)=    0 (234.5,260.2)=    0 (235.1,260.2)=    0 (235.6,260.2)=    0 (236.4,260.2)=    0 (237.2,259.9)=    0 (238.2,259.6)=    0 (239.2,259.6)=    0 (240.0,259.7)=    0 (240.6,259.8)=    0 (241.1,260.1)=    0 (241.7,260.3)=    0 (242.3,260.6)=    0 (242.8,260.7)=    0 (243.5,260.8)=    0 (243.9,261.0)=    0 (244.4,261.0)=    0 (244.9,261.3)=    0 (245.4,261.6)=    0 (245.8,261.5)=    0 (246.6,261.6)=    0 (246.9,261.6)=    0 (247.4,261.8)=    0 (247.9,262.0)=    0 (248.2,262.3)=    0 (248.5,262.8)=    0 (248.8,263.0)=    0 (249.2,263.3)=    0 (249.7,263.5)=    0 (250.2,263.5)=    0 (250.5,263.0)=    0 (250.8,262.9)=    0 (251.0,262.9)=    0 (251.3,263.4)=    0 (251.5,263.5)=    0 (251.6,263.7)=    0 (251.9,263.8)=    0 (252.2,263.5)=    0 (252.5,263.4)=    0 (252.6,262.9)=    0 (252.8,262.9)=    0 (253.2,263.2)=    0 (253.5,263.4)=    0 (253.7,263.6)=    0 (254.1,263.9)=    0 (254.4,264.1)=    0 (254.9,264.3)=    0 (255.4,264.4)=    0 (255.8,264.2)=    0 (256.3,264.0)=    0 (256.8,263.9)=    0 (257.4,263.7)=    0 (257.9,263.8)=    0 (258.4,264.1)=    0 (258.8,264.2)=    0 (259.2,264.6)=    0 (259.6,264.7)=    0 (259.9,264.7)=    0 (260.2,264.4)=    0 ( -1.0, -1.0)=   -5 ( -1.0, -1.0)=   -5 ( -1.0, -1.0)=   -5 ( -1.0, -1.0)=   -5 ( -1.0, -1.0)=   -5 ( -1.0, -1.0)=   -5 ( -1.0, -1.0)=   -5 ( -1.0, -1.0)=   -5 ( -1.0, -1.0)=   -5 ( -1.0, -1.0)=   -5 ( -1.0, -1.0)=   -5 ( -1.0, -1.0)=   -5 ( -1.0, -1.0)=   -5 ( -1.0, -1.0)=   -5 ( -1.0, -1.0)=   -5 ( -1.0, -1.0)=   -5 ( -1.0, -1.0)=   -5 ( -1.0, -1.0)=   -5 ( -1.0, -1.0)=   -5 ( -1.0, -1.0)=   -5 ( -1.0, -1.0)=   -5 ( -1.0, -1.0)=   -5 ( -1.0, -1.0)=   -5 ( -1.0, -1.0)=   -5 ( -1.0, -1.0)=   -5 ( -1.0, -1.0)=   -5 ( -1.0, -1.0)=   -5 ( -1.0, -1.0)=   -5 ( -1.0, -1.0)=   -5 ( -1.0, -1.0)=   -5 ( -1.0, -1.0)=   -5 ( -1.0, -1.0)=   -5 ( -1.0, -1.0)=   -5 ( -1.0, -1.0)=   -5 ( -1.0, -1.0)=   -5 ( -1.0, -1.0)=   -5 ( -1.0, -1.0)=   -5 ( -1.0, -1.0)=   -5 ( -1.0, -1.0)=   -5 ( -1.0, -1.0)=   -5 ( -1.0, -1.0)=   -5 ( -1.0, -1.0)=   -5 ( -1.0, -1.0)=   -5 ( -1.0, -1.0)=   -5 ( -1.0, -1.0)=   -5 ( -1.0, -1.0)=   -5 ( -1.0, -1.0)=   -5 ( -1.0, -1.0)=   -5 ( -1.0, -1.0)=   -5 ( -1.0, -1.0)=   -5 ( -1.0, -1.0)=   -5 ( -1.0, -1.0)=   -5 ( -1.0, -1.0)=   -5 ( -1.0, -1.0)=   -5 ( -1.0, -1.0)=   -5 ( -1.0, -1.0)=   -5 ( -1.0, -1.0)=   -5 ( -1.0, -1.0)=   -5 ( -1.0, -1.0)=   -5 ( -1.0, -1.0)=   -5 ( -1.0, -1.0)=   -5 ( -1.0, -1.0)=   -5 ( -1.0, -1.0)=   -5 ( -1.0, -1.0)=   -5 ( -1.0, -1.0)=   -5 ( -1.0, -1.0)=   -5 ( -1.0, -1.0)=   -5 ( -1.0, -1.0)=   -5 ( -1.0, -1.0)=   -5 ( -1.0, -1.0)=   -5 ( -1.0, -1.0)=   -5 ( -1.0, -1.0)=   -5 ( -1.0, -1.0)=   -5 ( -1.0, -1.0)=   -5 ( -1.0, -1.0)=   -5 ( -1.0, -1.0)=   -5 ( -1.0, -1.0)=   -5 ( -1.0, -1.0)=   -5 ( -1.0, -1.0)=   -5 ( -1.0, -1.0)=   -5 ( -1.0, -1.0)=   -5 ( -1.0, -1.0)=   -5 ( -1.0, -1.0)=   -5 ( -1.0, -1.0)=   -5 ( -1.0, -1.0)=   -5 ( -1.0, -1.0)=   -5 ( -1.0, -1.0)=   -5 ( -1.0, -1.0)=   -5 ( -1.0, -1.0)=   -5 ( -1.0, -1.0)=   -5 ( -1.0, -1.0)=   -5 ( -1.0, -1.0)=   -5 ( -1.0, -1.0)=   -5 ( -1.0, -1.0)=   -5 ( -1.0, -1.0)=   -5 ( -1.0, -1.0)=   -5 ( -1.0, -1.0)=   -5 ( -1.0, -1.0)=   -5 ( -1.0, -1.0)=   -5 ( -1.0, -1.0)=   -5 ( -1.0, -1.0)=   -5 ( -1.0, -1.0)=   -5 ( -1.0, -1.0)=   -5 ( -1.0, -1.0)=   -5 ( -1.0, -1.0)=   -5 ( -1.0, -1.0)=   -5 ( -1.0, -1.0)=   -5 ( -1.0, -1.0)=   -5 ( -1.0, -1.0)=   -5 ( -1.0, -1.0)=   -5 ( -1.0, -1.0)=   -5 ( -1.0, -1.0)=   -5 ( -1.0, -1.0)=   -5 ( -1.0, -1.0)=   -5 ( -1.0, -1.0)=   -5 ( -1.0, -1.0)=   -5 ( -1.0, -1.0)=   -5 ( -1.0, -1.0)=   -5 ( -1.0, -1.0)=   -5 ( -1.0, -1.0)=   -5 ( -1.0, -1.0)=   -5 ( -1.0, -1.0)=   -5 ( -1.0, -1.0)=   -5 ( -1.0, -1.0)=   -5 ( -1.0, -1.0)=   -5 ( -1.0, -1.0)=   -5 ( -1.0, -1.0)=   -5 ( -1.0, -1.0)=   -5 ( -1.0, -1.0)=   -5 ( -1.0, -1.0)=   -5 ( -1.0, -1.0)=   -5 ( -1.0, -1.0)=   -5 ( -1.0, -1.0)=   -5 ( -1.0, -1.0)=   -5 ( -1.0, -1.0)=   -5 ( -1.0, -1.0)=   -5 ( -1.0, -1.0)=   -5 ( -1.0, -1.0)=   -5 ( -1.0, -1.0)=   -5 ( -1.0, -1.0)=   -5 ( -1.0, -1.0)=   -5 ( -1.0, -1.0)=   -5 ( -1.0, -1.0)=   -5 ( -1.0, -1.0)=   -5 ( -1.0, -1.0)=   -5 ( -1.0, -1.0)=   -5 ( -1.0, -1.0)=   -5 ( -1.0, -1.0)=   -5 ( -1.0, -1.0)=   -5 ( -1.0, -1.0)=   -5 ( -1.0, -1.0)=   -5 ( -1.0, -1.0)=   -5 ( -1.0, -1.0)=   -5 ( -1.0, -1.0)=   -5 ( -1.0, -1.0)=   -5 ( -1.0, -1.0)=   -5 ( -1.0, -1.0)=   -5 ( -1.0, -1.0)=   -5 ( -1.0, -1.0)=   -5 ( -1.0, -1.0)=   -5 ( -1.0, -1.0)=   -5 ( -1.0, -1.0)=   -5 ( -1.0, -1.0)=   -5 ( -1.0, -1.0)=   -5 ( -1.0, -1.0)=   -5 ( -1.0, -1.0)=   -5 ( -1.0, -1.0)=   -5 ( -1.0, -1.0)=   -5 ( -1.0, -1.0)=   -5 ( -1.0, -1.0)=   -5 ( -1.0, -1.0)=   -5 ( -1.0, -1.0)=   -5 ( -1.0, -1.0)=   -5 ( -1.0, -1.0)=   -5 ( -1.0, -1.0)=   -5 ( -1.0, -1.0)=   -5 ( -1.0, -1.0)=   -5 ( -1.0, -1.0)=   -5 ( -1.0, -1.0)=   -5 ( -1.0, -1.0)=   -5 ( -1.0, -1.0)=   -5 ( -1.0, -1.0)=   -5 ( -1.0, -1.0)=   -5 ( -1.0, -1.0)=   -5 ( -1.0, -1.0)=   -5 ( -1.0, -1.0)=   -5 ( -1.0, -1.0)=   -5 ( -1.0, -1.0)=   -5 ( -1.0, -1.0)=   -5 ( -1.0, -1.0)=   -5 ( -1.0, -1.0)=   -5 ( -1.0, -1.0)=   -5 ( -1.0, -1.0)=   -5 ( -1.0, -1.0)=   -5 ( -1.0, -1.0)=   -5 ( -1.0, -1.0)=   -5 
     96 | (280.0,683.0)=16036 (280.3,683.3)=    0 (280.9,683.6)=    0 (281.3,683.5)=    0 (281.7,683.4)=    0 (282.2,683.4)=    0 (282.7,683.2)=    0 (283.0,683.4)=    0 (283.3,683.7)=    0 (283.8,683.8)=    0 (284.3,684.1)=    0 (284.6,683.9)=    0 (285.1,683.8)=    0 (285.6,683.5)=    0 (286.1,683.2)=    0 (286.3,682.9)=    0 (286.6,682.3)=    0 (287.0,682.1)=    0 (287.2,681.6)=    0 (287.3,681.0)=    0 (287.2,680.8)=    0 (287.2,680.5)=    0 (287.2,680.4)=    0 (287.4,680.3)=    0 (287.5,680.3)=    0 (287.5,680.3)=    0 (287.7,680.1)=    0 (288.2,680.1)=    0 (288.7,680.2)=    0 (289.3,680.2)=    0 (289.8,680.3)=    0 (290.6,680.1)=    0 (291.5,679.9)=    0 (292.2,680.0)=    0 (293.1,680.1)=    0 (293.6,680.1)=    0 (294.2,680.3)=    0 (294.7,680.4)=    0 (295.2,680.6)=    0 (295.7,680.7)=    0 (296.0,680.7)=    0 (296.5,680.8)=    0 (296.8,681.1)=    0 (297.3,681.3)=    0 (297.5,681.3)=    0 (298.0,681.3)=    0 (298.6,681.3)=    0 (299.0,681.3)=    0 (299.3,681.5)=    0 (299.9,681.8)=    0 (299.9,682.3)=    0 (300.2,682.7)=    0 (300.5,683.0)=    0 (300.9,683.3)=    0 (301.4,683.5)=    0 (301.9,683.4)=    0 (302.2,683.4)=    0 (302.5,683.4)=    0 (302.7,683.1)=    0 (302.8,682.4)=    0 (303.0,682.7)=    0 (303.1,682.8)=    0 (303.5,682.6)=    0 (303.8,682.6)=    0 (304.1,682.8)=    0 (304.2,682.6)=    0 (304.4,682.8)=    0 (304.8,683.0)=    0 (305.0,683.1)=    0 (305.2,683.4)=    0 (305.6,683.7)=    0 (305.9,684.0)=    0 (306.4,684.2)=    0 (306.9,684.2)=    0 (307.4,683.9)=    0 (307.9,683.9)=    0 (308.5,683.9)=    0 (309.0,683.9)=    0 (309.5,684.1)=    0 (310.1,684.2)=    0 (310.3,684.4)=    0 (310.8,684.6)=    0 (311.2,684.7)=    0 (311.5,684.7)=    0 (311.7,684.9)=    0 (312.1,684.9)=    0 (312.4,684.8)=    0 (312.9,684.9)=    0 (313.2,685.1)=    0 (313.4,685.0)=    0 (313.9,685.0)=    0 (314.4,685.0)=    0 (314.9,684.9)=    0 (315.4,684.8)=    0 (315.9,684.6)=    0 (316.0,684.8)=    0 (316.3,684.9)=    0 (316.6,685.2)=    0 (316.9,685.6)=    0 (317.3,685.8)=    0 (317.8,686.1)=    0 (318.1,686.3)=    0 (318.7,686.6)=    0 (319.1,686.9)=    0 (319.5,687.0)=    0 (319.9,687.3)=    0 (320.3,687.7)=    0 (321.0,688.1)=    0 (321.4,688.3)=    0 (322.1,688.7)=    0 (322.6,688.9)=    0 (323.0,689.0)=    0 (323.5,689.3)=    0 (324.2,690.1)=    0 (325.1,690.7)=    0 (325.7,690.8)=    0 (326.5,691.2)=    0 (326.9,691.3)=    0 (327.4,691.0)=    0 (328.0,691.0)=    0 (328.5,691.3)=    0 (329.3,691.3)=    0 (330.0,691.4)=    0 (330.7,691.6)=    0 (331.7,691.9)=    0 (332.7,692.0)=    0 (333.2,692.0)=    0 (334.1,691.9)=    0 (334.6,691.5)=    0 (335.3,691.6)=    0 (335.6,691.3)=    0 (336.1,691.4)=    0 (336.6,691.4)=    0 (337.1,691.4)=    0 (337.5,691.3)=    0 (337.7,690.9)=    0 (338.0,690.7)=    0 (338.5,690.5)=    0 (339.0,690.2)=    0 (339.7,690.0)=    0 (340.4,690.0)=    0 (340.9,690.1)=    0 (341.6,690.1)=    0 (342.1,690.1)=    0 (342.9,690.3)=    0 (343.6,690.3)=    0 (344.5,690.2)=    0 (345.5,690.7)=    0 (346.3,691.2)=    0 (347.1,691.7)=    0 (348.1,692.4)=    0 (348.8,692.9)=    0 (349.6,693.3)=    0 (350.3,693.7)=    0 (350.9,694.3)=    0 (351.8,695.0)=    0 (352.8,695.7)=    0 (353.6,696.5)=    0 (354.3,697.5)=    0 (355.0,698.0)=    0 (355.5,698.3)=    0 (355.8,698.4)=    0 (356.0,698.2)=    0 (356.1,698.1)=    0 (356.2,698.1)=    0 (356.5,698.1)=    0 (357.0,698.5)=    0 (357.2,698.7)=    0 (357.5,699.0)=    0 (358.0,699.3)=    0 (358.3,699.4)=    0 (358.5,699.6)=    0 (359.1,699.8)=    0 (359.8,700.3)=    0 (360.3,700.8)=    0 (360.5,701.4)=    0 (361.3,701.9)=    0 (361.6,702.3)=    0 (362.2,702.7)=    0 (362.7,703.0)=    0 (363.1,703.1)=    0 (363.5,703.4)=    0 (363.8,703.6)=    0 (364.0,703.7)=    0 (364.2,704.0)=    0 (364.4,704.3)=    0 (364.6,704.4)=    0 (364.8,704.4)=    0 (365.0,704.6)=    0 (365.3,704.7)=    0 (365.5,704.7)=    0 (365.7,705.0)=    0 (366.0,705.1)=    0 (366.3,705.1)=    0 (366.9,705.1)=    0 (367.3,705.1)=    0 (367.5,704.9)=    0 (367.8,705.1)=    0 (368.2,705.3)=    0 (368.4,705.4)=    0 (368.6,705.7)=    0 (368.6,705.8)=    0 (368.8,705.9)=    0 (368.9,706.0)=    0 (369.2,706.0)=    0 (369.3,706.0)=    0 (369.4,706.3)=    0 (369.6,706.3)=    0 (369.7,706.5)=    0 (370.0,706.7)=    0 (370.3,706.8)=    0 (370.7,706.9)=    0 (371.0,707.1)=    0 (371.5,706.9)=    0 (371.8,706.9)=    0 (372.3,707.2)=    0 (372.5,706.9)=    0 (373.3,707.2)=    0 (373.6,707.4)=    0 (373.9,707.5)=    0 (374.5,707.5)=    0 (374.9,707.5)=    0 (375.4,707.5)=    0 (375.5,707.3)=    0 (375.8,707.3)=    0 (376.3,707.4)=    0 (376.3,707.6)=    0 (376.6,707.9)=    0 (376.9,707.9)=    0 (377.3,707.8)=    0 (377.4,707.7)=    0 (377.4,707.5)=    0 (377.9,707.3)=    0 (378.4,707.6)=    0 (378.9,707.9)=    0 (379.5,707.8)=    0 (380.0,708.1)=    0 (380.5,708.2)=    0 (381.0,708.1)=    0 (381.6,708.2)=    0 (382.3,708.2)=    0 (383.1,708.1)=    0 (383.5,708.1)=    0 (383.8,708.4)=    0 (384.3,708.4)=    0 (384.9,708.8)=    0 (385.3,708.9)=    0 (386.0,708.9)=    0 (386.5,709.1)=    0 (386.8,709.2)=    0 (387.4,709.2)=    0 (388.4,709.8)=    0 (388.7,709.8)=    0 (389.5,710.0)=    0 (390.0,710.1)=    0 (390.8,710.2)=    0 (391.3,710.1)=    0 (392.0,710.2)=    0 (392.5,710.1)=    0 (393.0,710.2)=    0 (393.6,710.2)=    0 (394.4,710.2)=    0 (395.1,710.3)=    0 (395.7,710.2)=    0 (396.5,710.1)=    0 (397.2,709.7)=    0 (397.8,709.7)=    0 (398.4,709.1)=    0 (399.2,709.1)=    0 (399.6,708.9)=    0 (400.1,708.9)=    0 (400.6,709.1)=    0 (401.3,709.4)=    0 (401.5,709.4)=    0 (402.0,709.4)=    0 (402.5,709.2)=    0 (403.3,709.2)=    0 (404.2,709.2)=    0 (404.8,709.1)=    0 (405.9,709.3)=    0 (406.9,709.3)=    0 
     97 | (323.0,665.0)=15773 (323.4,665.4)=    0 (323.9,665.7)=    0 (324.5,665.7)=    0 (325.0,665.6)=    0 (325.3,665.7)=    0 (325.8,665.5)=    0 (326.0,665.6)=    0 (326.4,665.9)=    0 (326.9,666.2)=    0 (327.4,666.4)=    0 (327.6,666.4)=    0 (328.2,666.3)=    0 (328.8,665.9)=    0 (329.2,665.7)=    0 (329.4,665.5)=    0 (329.8,664.9)=    0 (330.3,664.7)=    0 (330.4,664.1)=    0 (330.5,663.6)=    0 (330.3,663.6)=    0 (330.2,663.4)=    0 (330.2,663.1)=    0 (330.6,663.1)=    0 (330.8,663.1)=    0 (330.9,663.1)=    0 (331.1,662.8)=    0 (331.5,662.8)=    0 (332.0,663.0)=    0 (332.5,663.0)=    0 (333.1,663.0)=    0 (333.8,662.9)=    0 (334.7,662.8)=    0 (335.7,662.9)=    0 (336.5,663.0)=    0 (337.0,663.1)=    0 (337.4,663.4)=    0 (338.0,663.5)=    0 (338.4,663.8)=    0 (338.9,663.8)=    0 (339.4,663.9)=    0 (339.8,664.0)=    0 (340.0,664.3)=    0 (340.6,664.6)=    0 (340.9,664.8)=    0 (341.3,664.7)=    0 (341.9,664.8)=    0 (342.3,664.8)=    0 (342.8,665.0)=    0 (343.3,665.4)=    0 (343.2,665.7)=    0 (343.6,666.2)=    0 (343.9,666.5)=    0 (344.3,666.8)=    0 (344.8,666.9)=    0 (345.0,666.8)=    0 (345.6,666.8)=    0 (345.8,666.8)=    0 (346.1,666.6)=    0 (346.1,665.8)=    0 (346.2,666.0)=    0 (346.3,666.3)=    0 (346.7,666.0)=    0 (347.0,666.0)=    0 (347.4,666.1)=    0 (347.4,665.9)=    0 (347.7,666.0)=    0 (348.0,666.3)=    0 (348.2,666.5)=    0 (348.4,666.8)=    0 (348.7,667.1)=    0 (349.1,667.4)=    0 (349.3,667.7)=    0 (349.8,667.7)=    0 (350.4,667.5)=    0 (351.1,667.5)=    0 (351.6,667.3)=    0 (352.1,667.3)=    0 (352.7,667.6)=    0 (353.3,667.7)=    0 ( -1.0, -1.0)=   -3 ( -1.0, -1.0)=   -3 ( -1.0, -1.0)=   -3 ( -1.0, -1.0)=   -3 ( -1.0, -1.0)=   -3 ( -1.0, -1.0)=   -3 ( -1.0, -1.0)=   -3 ( -1.0, -1.0)=   -3 ( -1.0, -1.0)=   -3 ( -1.0, -1.0)=   -3 ( -1.0, -1.0)=   -3 ( -1.0, -1.0)=   -3 ( -1.0, -1.0)=   -3 ( -1.0, -1.0)=   -3 ( -1.0, -1.0)=   -3 ( -1.0, -1.0)=   -3 ( -1.0, -1.0)=   -3 ( -1.0, -1.0)=   -3 ( -1.0, -1.0)=   -3 ( -1.0, -1.0)=   -3 ( -1.0, -1.0)=   -3 ( -1.0, -1.0)=   -3 ( -1.0, -1.0)=   -3 ( -1.0, -1.0)=   -3 ( -1.0, -1.0)=   -3 ( -1.0, -1.0)=   -3 ( -1.0, -1.0)=   -3 ( -1.0, -1.0)=   -3 ( -1.0, -1.0)=   -3 ( -1.0, -1.0)=   -3 ( -1.0, -1.0)=   -3 ( -1.0, -1.0)=   -3 ( -1.0, -1.0)=   -3 ( -1.0, -1.0)=   -3 ( -1.0, -1.0)=   -3 ( -1.0, -1.0)=   -3 ( -1.0, -1.0)=   -3 ( -1.0, -1.0)=   -3 ( -1.0, -1.0)=   -3 ( -1.0, -1.0)=   -3 ( -1.0, -1.0)=   -3 ( -1.0, -1.0)=   -3 ( -1.0, -1.0)=   -3 ( -1.0, -1.0)=   -3 ( -1.0, -1.0)=   -3 ( -1.0, -1.0)=   -3 ( -1.0, -1.0)=   -3 ( -1.0, -1.0)=   -3 ( -1.0, -1.0)=   -3 ( -1.0, -1.0)=   -3 ( -1.0, -1.0)=   -3 ( -1.0, -1.0)=   -3 ( -1.0, -1.0)=   -3 ( -1.0, -1.0)=   -3 ( -1.0, -1.0)=   -3 ( -1.0, -1.0)=   -3 ( -1.0, -1.0)=   -3 ( -1.0, -1.0)=   -3 ( -1.0, -1.0)=   -3 ( -1.0, -1.0)=   -3 ( -1.0, -1.0)=   -3 ( -1.0, -1.0)=   -3 ( -1.0, -1.0)=   -3 ( -1.0, -1.0)=   -3 ( -1.0, -1.0)=   -3 ( -1.0, -1.0)=   -3 ( -1.0, -1.0)=   -3 ( -1.0, -1.0)=   -3 ( -1.0, -1.0)=   -3 ( -1.0, -1.0)=   -3 ( -1.0, -1.0)=   -3 ( -1.0, -1.0)=   -3 ( -1.0, -1.0)=   -3 ( -1.0, -1.0)=   -3 ( -1.0, -1.0)=   -3 ( -1.0, -1.0)=   -3 ( -1.0, -1.0)=   -3 ( -1.0, -1.0)=   -3 ( -1.0, -1.0)=   -3 ( -1.0, -1.0)=   -3 ( -1.0, -1.0)=   -3 ( -1.0, -1.0)=   -3 ( -1.0, -1.0)=   -3 ( -1.0, -1.0)=   -3 ( -1.0, -1.0)=   -3 ( -1.0, -1.0)=   -3 ( -1.0, -1.0)=   -3 ( -1.0, -1.0)=   -3 ( -1.0, -1.0)=   -3 ( -1.0, -1.0)=   -3 ( -1.0, -1.0)=   -3 ( -1.0, -1.0)=   -3 ( -1.0, -1.0)=   -3 ( -1.0, -1.0)=   -3 ( -1.0, -1.0)=   -3 ( -1.0, -1.0)=   -3 ( -1.0, -1.0)=   -3 ( -1.0, -1.0)=   -3 ( -1.0, -1.0)=   -3 ( -1.0, -1.0)=   -3 ( -1.0, -1.0)=   -3 ( -1.0, -1.0)=   -3 ( -1.0, -1.0)=   -3 ( -1.0, -1.0)=   -3 ( -1.0, -1.0)=   -3 ( -1.0, -1.0)=   -3 ( -1.0, -1.0)=   -3 ( -1.0, -1.0)=   -3 ( -1.0, -1.0)=   -3 ( -1.0, -1.0)=   -3 ( -1.0, -1.0)=   -3 ( -1.0, -1.0)=   -3 ( -1.0, -1.0)=   -3 ( -1.0, -1.0)=   -3 ( -1.0, -1.0)=   -3 ( -1.0, -1.0)=   -3 ( -1.0, -1.0)=   -3 ( -1.0, -1.0)=   -3 ( -1.0, -1.0)=   -3 ( -1.0, -1.0)=   -3 ( -1.0, -1.0)=   -3 ( -1.0, -1.0)=   -3 ( -1.0, -1.0)=   -3 ( -1.0, -1.0)=   -3 ( -1.0, -1.0)=   -3 ( -1.0, -1.0)=   -3 ( -1.0, -1.0)=   -3 ( -1.0, -1.0)=   -3 ( -1.0, -1.0)=   -3 ( -1.0, -1.0)=   -3 ( -1.0, -1.0)=   -3 ( -1.0, -1.0)=   -3 ( -1.0, -1.0)=   -3 ( -1.0, -1.0)=   -3 ( -1.0, -1.0)=   -3 ( -1.0, -1.0)=   -3 ( -1.0, -1.0)=   -3 ( -1.0, -1.0)=   -3 ( -1.0, -1.0)=   -3 ( -1.0, -1.0)=   -3 ( -1.0, -1.0)=   -3 ( -1.0, -1.0)=   -3 ( -1.0, -1.0)=   -3 ( -1.0, -1.0)=   -3 ( -1.0, -1.0)=   -3 ( -1.0, -1.0)=   -3 ( -1.0, -1.0)=   -3 ( -1.0, -1.0)=   -3 ( -1.0, -1.0)=   -3 ( -1.0, -1.0)=   -3 ( -1.0, -1.0)=   -3 ( -1.0, -1.0)=   -3 ( -1.0, -1.0)=   -3 ( -1.0, -1.0)=   -3 ( -1.0, -1.0)=   -3 ( -1.0, -1.0)=   -3 ( -1.0, -1.0)=   -3 ( -1.0, -1.0)=   -3 ( -1.0, -1.0)=   -3 ( -1.0, -1.0)=   -3 ( -1.0, -1.0)=   -3 ( -1.0, -1.0)=   -3 ( -1.0, -1.0)=   -3 ( -1.0, -1.0)=   -3 ( -1.0, -1.0)=   -3 ( -1.0, -1.0)=   -3 ( -1.0, -1.0)=   -3 ( -1.0, -1.0)=   -3 ( -1.0, -1.0)=   -3 ( -1.0, -1.0)=   -3 ( -1.0, -1.0)=   -3 ( -1.0, -1.0)=   -3 ( -1.0, -1.0)=   -3 ( -1.0, -1.0)=   -3 ( -1.0, -1.0)=   -3 ( -1.0, -1.0)=   -3 ( -1.0, -1.0)=   -3 ( -1.0, -1.0)=   -3 ( -1.0, -1.0)=   -3 ( -1.0, -1.0)=   -3 ( -1.0, -1.0)=   -3 ( -1.0, -1.0)=   -3 ( -1.0, -1.0)=   -3 ( -1.0, -1.0)=   -3 ( -1.0, -1.0)=   -3 ( -1.0, -1.0)=   -3 ( -1.0, -1.0)=   -3 ( -1.0, -1.0)=   -3 ( -1.0, -1.0)=   -3 ( -1.0, -1.0)=   -3 ( -1.0, -1.0)=   -3 ( -1.0, -1.0)=   -3 ( -1.0, -1.0)=   -3 ( -1.0, -1.0)=   -3 ( -1.0, -1.0)=   -3 ( -1.0, -1.0)=   -3 ( -1.0, -1.0)=   -3 ( -1.0, -1.0)=   -3 ( -1.0, -1.0)=   -3 ( -1.0, -1.0)=   -3 ( -1.0, -1.0)=   -3 
     98 | (307.0,688.0)=15497 (307.4,688.4)=    0 (308.0,688.7)=    0 (308.4,688.6)=    0 (308.9,688.6)=    0 (309.3,688.6)=    0 (309.8,688.5)=    0 (310.0,688.6)=    0 (310.3,688.9)=    0 (310.9,689.0)=    0 (311.5,689.2)=    0 (311.7,689.2)=    0 (312.2,689.1)=    0 (312.8,688.8)=    0 (313.1,688.5)=    0 (313.5,688.2)=    0 (313.9,687.7)=    0 (314.3,687.4)=    0 (314.4,686.8)=    0 (314.4,686.3)=    0 (314.4,686.2)=    0 (314.3,685.9)=    0 (314.3,685.8)=    0 (314.5,685.7)=    0 (314.8,685.7)=    0 (314.8,685.7)=    0 (315.0,685.5)=    0 (315.3,685.5)=    0 (315.7,685.6)=    0 (316.3,685.6)=    0 (316.9,685.6)=    0 (317.8,685.6)=    0 (318.7,685.4)=    0 (319.6,685.5)=    0 (320.4,685.6)=    0 (320.9,685.6)=    0 (321.6,685.7)=    0 (322.2,685.9)=    0 (322.6,686.2)=    0 (323.0,686.3)=    0 (323.5,686.3)=    0 (324.0,686.4)=    0 (324.3,686.6)=    0 (324.9,686.8)=    0 (325.2,687.0)=    0 (325.6,686.9)=    0 (326.1,686.9)=    0 (326.5,686.9)=    0 (326.9,687.3)=    0 (327.4,687.5)=    0 (327.5,687.9)=    0 (327.7,688.5)=    0 (328.1,688.7)=    0 (328.4,688.9)=    0 (328.9,689.2)=    0 (329.3,689.1)=    0 (329.7,689.1)=    0 (330.0,689.1)=    0 (330.3,688.8)=    0 (330.2,688.0)=    0 (330.4,688.3)=    0 (330.5,688.5)=    0 (330.8,688.3)=    0 (331.1,688.3)=    0 (331.4,688.3)=    0 (331.6,688.1)=    0 (331.7,688.3)=    0 (332.1,688.6)=    0 (332.3,688.6)=    0 (332.6,689.0)=    0 (332.9,689.3)=    0 (333.2,689.5)=    0 (333.7,689.8)=    0 (334.2,689.8)=    0 (334.4,689.7)=    0 (335.1,689.6)=    0 (335.5,689.5)=    0 (336.1,689.5)=    0 (336.6,689.7)=    0 (337.1,689.7)=    0 (337.5,689.9)=    0 (338.0,690.4)=    0 (338.4,690.4)=    0 (338.7,690.5)=    0 (339.0,690.7)=    0 (339.2,690.7)=    0 (339.6,690.6)=    0 (340.0,690.7)=    0 (340.3,690.8)=    0 (340.7,690.8)=    0 (341.1,690.8)=    0 (341.6,690.8)=    0 (342.0,690.8)=    0 (342.5,690.7)=    0 (343.0,690.5)=    0 (343.2,690.5)=    0 (343.4,690.8)=    0 (343.7,690.9)=    0 (344.0,691.4)=    0 (344.3,691.6)=    0 (344.8,691.8)=    0 (345.2,692.1)=    0 (345.7,692.3)=    0 (346.2,692.6)=    0 (346.6,692.8)=    0 (347.1,693.1)=    0 (347.6,693.7)=    0 (348.2,694.0)=    0 (348.7,694.3)=    0 (349.4,694.7)=    0 (350.0,694.9)=    0 (350.4,695.0)=    0 (350.9,695.5)=    0 (351.6,696.1)=    0 (352.4,696.8)=    0 (353.2,697.0)=    0 (353.9,697.3)=    0 (354.3,697.5)=    0 (354.8,697.3)=    0 (355.3,697.3)=    0 (356.1,697.5)=    0 (356.6,697.5)=    0 (357.3,697.7)=    0 (358.1,697.8)=    0 (359.0,697.9)=    0 (359.7,698.2)=    0 (360.6,698.3)=    0 (361.3,698.1)=    0 (362.0,697.8)=    0 (362.6,697.8)=    0 (362.9,697.8)=    0 (363.5,697.8)=    0 (364.1,697.8)=    0 (364.6,697.8)=    0 (365.0,697.5)=    0 (365.3,697.3)=    0 (365.6,697.0)=    0 (366.1,696.9)=    0 (366.5,696.5)=    0 (367.2,696.4)=    0 (367.9,696.5)=    0 (368.5,696.5)=    0 (369.1,696.5)=    0 (369.6,696.5)=    0 (370.4,696.7)=    0 (371.4,696.7)=    0 (372.1,696.6)=    0 (373.1,696.9)=    0 (373.8,697.5)=    0 (374.8,698.0)=    0 (375.8,698.8)=    0 (376.5,699.3)=    0 (377.2,699.6)=    0 (377.9,700.2)=    0 (378.6,700.7)=    0 (379.6,701.5)=    0 (380.5,702.2)=    0 (381.5,703.1)=    0 (382.3,704.1)=    0 (383.0,704.6)=    0 (383.5,705.1)=    0 (383.7,705.1)=    0 (383.8,704.9)=    0 (384.0,704.8)=    0 (384.2,704.9)=    0 (384.5,704.8)=    0 (384.8,705.3)=    0 (385.3,705.5)=    0 (385.4,705.8)=    0 (385.9,706.1)=    0 (386.1,706.2)=    0 (386.5,706.4)=    0 (387.0,706.7)=    0 (387.7,707.2)=    0 (388.2,707.9)=    0 (388.7,708.4)=    0 (389.2,709.0)=    0 (389.7,709.4)=    0 (390.2,709.9)=    0 (390.7,710.0)=    0 (391.1,710.0)=    0 (391.4,710.4)=    0 (391.7,710.6)=    0 (392.0,710.7)=    0 (392.2,711.1)=    0 (392.4,711.5)=    0 (392.7,711.6)=    0 (393.0,711.7)=    0 (393.2,711.9)=    0 (393.4,711.9)=    0 (393.6,711.9)=    0 (393.9,712.2)=    0 (394.1,712.2)=    0 (394.4,712.2)=    0 (394.8,712.3)=    0 (395.2,712.3)=    0 (395.6,712.2)=    0 (395.8,712.2)=    0 (396.1,712.4)=    0 (396.5,712.5)=    0 (396.6,712.8)=    0 (396.7,713.0)=    0 (396.9,713.0)=    0 (396.9,713.2)=    0 (397.2,713.2)=    0 (397.4,713.2)=    0 (397.5,713.4)=    0 (397.7,713.4)=    0 (397.8,713.6)=    0 (398.3,713.9)=    0 (398.5,714.0)=    0 (398.8,714.1)=    0 (399.1,714.3)=    0 (399.6,714.2)=    0 (400.1,714.2)=    0 (400.4,714.4)=    0 (400.7,714.3)=    0 (401.3,714.5)=    0 (401.7,714.7)=    0 (402.2,714.7)=    0 (402.8,714.8)=    0 (403.1,714.8)=    0 (403.6,714.8)=    0 (403.8,714.5)=    0 (404.0,714.6)=    0 (404.3,714.6)=    0 (404.5,714.8)=    0 (404.6,715.1)=    0 (405.1,715.1)=    0 (405.3,715.1)=    0 (405.5,715.0)=    0 (405.6,714.9)=    0 (406.0,714.7)=    0 (406.5,714.9)=    0 (407.0,715.2)=    0 (407.6,715.2)=    0 (408.2,715.3)=    0 (408.6,715.5)=    0 (409.3,715.5)=    0 (409.9,715.6)=    0 (410.6,715.5)=    0 (411.2,715.5)=    0 (411.7,715.5)=    0 (412.0,715.8)=    0 (412.5,715.8)=    0 (413.0,716.1)=    0 (413.5,716.3)=    0 (414.1,716.3)=    0 (414.7,716.5)=    0 (415.1,716.6)=    0 (415.7,716.6)=    0 (416.4,716.9)=    0 (416.9,717.2)=    0 (417.7,717.3)=    0 (418.3,717.4)=    0 (419.1,717.5)=    0 (419.6,717.5)=    0 (420.4,717.5)=    0 (420.8,717.5)=    0 (421.3,717.5)=    0 (422.0,717.5)=    0 (422.7,717.6)=    0 (423.5,717.6)=    0 (424.0,717.7)=    0 (424.7,717.6)=    0 (425.5,717.3)=    0 (426.3,717.2)=    0 (426.9,716.6)=    0 (427.8,716.6)=    0 (428.3,716.5)=    0 (428.8,716.5)=    0 (429.4,716.7)=    0 (429.9,717.0)=    0 (430.4,717.1)=    0 (430.7,717.0)=    0 (431.2,716.8)=    0 (432.0,716.7)=    0 (432.8,716.6)=    0 (433.6,716.7)=    0 (434.6,716.9)=    0 (435.6,716.9)=    0 
     99 | (368.0,700.0)=15396 (368.4,700.4)=    0 (369.1,700.7)=    0 (369.4,700.7)=    0 (369.8,700.6)=    0 (370.3,700.7)=    0 (370.8,700.7)=    0 (371.1,700.7)=    0 (371.3,701.0)=    0 (371.8,701.2)=    0 (372.3,701.5)=    0 (372.8,701.5)=    0 (373.3,701.5)=    0 (373.7,701.2)=    0 (374.2,700.9)=    0 (374.7,700.7)=    0 (375.1,700.4)=    0 (375.4,700.1)=    0 (375.6,699.6)=    0 (375.6,698.8)=    0 (375.5,698.8)=    0 (375.5,698.6)=    0 (375.5,698.4)=    0 (375.7,698.4)=    0 (376.0,698.4)=    0 (376.0,698.4)=    0 (376.2,698.2)=    0 (376.5,698.2)=    0 (377.0,698.4)=    0 (377.7,698.5)=    0 (378.3,698.5)=    0 (379.0,698.5)=    0 (380.0,698.3)=    0 (380.8,698.4)=    0 (381.6,698.5)=    0 (382.1,698.6)=    0 (382.6,698.8)=    0 (383.2,699.0)=    0 (383.6,699.3)=    0 (384.2,699.4)=    0 (384.4,699.3)=    0 (385.1,699.6)=    0 (385.4,699.8)=    0 (385.8,700.0)=    0 (386.1,700.2)=    0 (386.4,700.1)=    0 (387.2,700.3)=    0 (387.4,700.2)=    0 (387.9,700.6)=    0 (388.4,700.9)=    0 (388.5,701.2)=    0 (388.7,701.8)=    0 (389.0,702.0)=    0 (389.4,702.3)=    0 (389.9,702.6)=    0 (390.3,702.5)=    0 (390.7,702.5)=    0 (391.1,702.5)=    0 (391.4,702.3)=    0 (391.2,701.5)=    0 (391.4,701.7)=    0 (391.6,702.0)=    0 (391.9,701.8)=    0 (392.2,701.8)=    0 (392.6,701.9)=    0 (392.8,701.7)=    0 (392.9,701.8)=    0 (393.2,702.0)=    0 (393.5,702.2)=    0 (393.7,702.5)=    0 (394.1,702.8)=    0 (394.4,703.2)=    0 (394.9,703.5)=    0 (395.3,703.4)=    0 (395.8,703.3)=    0 (396.3,703.1)=    0 (396.9,703.0)=    0 (397.4,703.0)=    0 (398.1,703.3)=    0 (398.6,703.4)=    0 (398.9,703.7)=    0 (399.4,704.0)=    0 (399.8,704.1)=    0 (400.1,704.2)=    0 (400.4,704.2)=    0 (400.7,704.4)=    0 (401.1,704.3)=    0 (401.4,704.3)=    0 (401.7,704.4)=    0 (402.1,704.4)=    0 (402.5,704.3)=    0 (403.1,704.4)=    0 (403.6,704.4)=    0 (404.1,704.2)=    0 (404.6,703.9)=    0 (404.7,704.0)=    0 (405.0,704.3)=    0 (405.3,704.5)=    0 (405.5,705.0)=    0 (405.9,705.2)=    0 (406.4,705.5)=    0 (406.8,705.8)=    0 (407.2,706.1)=    0 (407.7,706.3)=    0 (408.1,706.6)=    0 (408.6,706.9)=    0 (409.1,707.4)=    0 (409.9,707.8)=    0 (410.3,708.2)=    0 (411.1,708.6)=    0 (411.6,708.9)=    0 (411.8,708.9)=    0 (412.4,709.4)=    0 (413.1,710.0)=    0 (414.1,710.6)=    0 (414.8,711.1)=    0 (415.5,711.3)=    0 (416.0,711.5)=    0 (416.5,711.2)=    0 (417.1,711.3)=    0 (417.8,711.6)=    0 (418.5,711.5)=    0 (419.2,711.8)=    0 (420.0,712.1)=    0 (421.2,712.4)=    0 (422.3,712.6)=    0 (422.7,712.6)=    0 (423.7,712.7)=    0 (424.3,712.2)=    0 (424.8,712.2)=    0 (425.2,712.1)=    0 (425.5,712.2)=    0 (426.1,712.2)=    0 (426.6,712.2)=    0 (427.1,712.2)=    0 (427.3,711.9)=    0 (427.6,711.4)=    0 (428.0,711.4)=    0 (428.6,711.2)=    0 (429.2,711.1)=    0 (430.1,711.2)=    0 (430.8,711.3)=    0 (431.5,711.3)=    0 (431.8,711.3)=    0 (432.7,711.6)=    0 (433.5,711.7)=    0 (434.5,711.6)=    0 (435.5,711.9)=    0 (436.3,712.7)=    0 (437.3,713.2)=    0 (438.1,714.1)=    0 (438.9,714.6)=    0 (439.7,715.1)=    0 (440.3,715.5)=    0 (441.0,716.1)=    0 (441.8,716.8)=    0 (442.8,717.6)=    0 (443.7,718.5)=    0 (444.6,719.6)=    0 (445.2,720.2)=    0 (445.7,720.7)=    0 (446.0,720.8)=    0 (446.2,720.6)=    0 (446.4,720.4)=    0 (446.5,720.6)=    0 (446.8,720.6)=    0 (447.2,721.0)=    0 (447.6,721.5)=    0 (447.8,721.7)=    0 (448.3,722.2)=    0 (448.6,722.3)=    0 (449.0,722.4)=    0 (449.3,722.6)=    0 (450.1,723.2)=    0 (450.6,723.8)=    0 (450.9,724.3)=    0 (451.6,725.0)=    0 (452.2,725.4)=    0 (452.7,725.9)=    0 ( -1.0, -1.0)=   -4 ( -1.0, -1.0)=   -4 ( -1.0, -1.0)=   -4 ( -1.0, -1.0)=   -4 ( -1.0, -1.0)=   -4 ( -1.0, -1.0)=   -4 ( -1.0, -1.0)=   -4 ( -1.0, -1.0)=   -4 ( -1.0, -1.0)=   -4 ( -1.0, -1.0)=   -4 ( -1.0, -1.0)=   -4 ( -1.0, -1.0)=   -4 ( -1.0, -1.0)=   -4 ( -1.0, -1.0)=   -4 ( -1.0, -1.0)=   -4 ( -1.0, -1.0)=   -4 ( -1.0, -1.0)=   -4 ( -1.0, -1.0)=   -4 ( -1.0, -1.0)=   -4 ( -1.0, -1.0)=   -4 ( -1.0, -1.0)=   -4 ( -1.0, -1.0)=   -4 ( -1.0, -1.0)=   -4 ( -1.0, -1.0)=   -4 ( -1.0, -1.0)=   -4 ( -1.0, -1.0)=   -4 ( -1.0, -1.0)=   -4 ( -1.0, -1.0)=   -4 ( -1.0, -1.0)=   -4 ( -1.0, -1.0)=   -4 ( -1.0, -1.0)=   -4 ( -1.0, -1.0)=   -4 ( -1.0, -1.0)=   -4 ( -1.0, -1.0)=   -4 ( -1.0, -1.0)=   -4 ( -1.0, -1.0)=   -4 ( -1.0, -1.0)=   -4 ( -1.0, -1.0)=   -4 ( -1.0, -1.0)=   -4 ( -1.0, -1.0)=   -4 ( -1.0, -1.0)=   -4 ( -1.0, -1.0)=   -4 ( -1.0, -1.0)=   -4 ( -1.0, -1.0)=   -4 ( -1.0, -1.0)=   -4 ( -1.0, -1.0)=   -4 ( -1.0, -1.0)=   -4 ( -1.0, -1.0)=   -4 ( -1.0, -1.0)=   -4 ( -1.0, -1.0)=   -4 ( -1.0, -1.0)=   -4 ( -1.0, -1.0)=   -4 ( -1.0, -1.0)=   -4 ( -1.0, -1.0)=   -4 ( -1.0, -1.0)=   -4 ( -1.0, -1.0)=   -4 ( -1.0, -1.0)=   -4 ( -1.0, -1.0)=   -4 ( -1.0, -1.0)=   -4 ( -1.0, -1.0)=   -4 ( -1.0, -1.0)=   -4 ( -1.0, -1.0)=   -4 ( -1.0, -1.0)=   -4 ( -1.0, -1.0)=   -4 ( -1.0, -1.0)=   -4 ( -1.0, -1.0)=   -4 ( -1.0, -1.0)=   -4 ( -1.0, -1.0)=   -4 ( -1.0, -1.0)=   -4 ( -1.0, -1.0)=   -4 ( -1.0, -1.0)=   -4 ( -1.0, -1.0)=   -4 ( -1.0, -1.0)=   -4 ( -1.0, -1.0)=   -4 ( -1.0, -1.0)=   -4 ( -1.0, -1.0)=   -4 ( -1.0, -1.0)=   -4 ( -1.0, -1.0)=   -4 ( -1.0, -1.0)=   -4 ( -1.0, -1.0)=   -4 ( -1.0, -1.0)=   -4 ( -1.0, -1.0)=   -4 ( -1.0, -1.0)=   -4 ( -1.0, -1.0)=   -4 ( -1.0, -1.0)=   -4 ( -1.0, -1.0)=   -4 ( -1.0, -1.0)=   -4 ( -1.0, -1.0)=   -4 ( -1.0, -1.0)=   -4 ( -1.0, -1.0)=   -4 ( -1.0, -1.0)=   -4 ( -1.0, -1.0)=   -4 ( -1.0, -1.0)=   -4 ( -1.0, -1.0)=   -4 ( -1.0, -1.0)=   -4 ( -1.0, -1.0)=   -4 ( -1.0, -1.0)=   -4 ( -1.0, -1.0)=   -4 ( -1.0, -1.0)=   -4 ( -1.0, -1.0)=   -4 ( -1.0, -1.0)=   -4 ( -1.0, -1.0)=   -4 
    100 | (211.0,670.0)=15392 (211.3,670.3)=    0 (211.9,670.6)=    0 (212.3,670.3)=    0 (212.8,670.3)=    0 (213.2,670.3)=    0 (213.7,670.1)=    0 (213.8,670.2)=    0 (214.2,670.5)=    0 (214.6,670.5)=    0 (215.2,670.7)=    0 (215.4,670.6)=    0 (216.1,670.4)=    0 (216.6,670.1)=    0 (216.8,669.9)=    0 (217.2,669.4)=    0 (217.6,669.0)=    0 (218.1,668.8)=    0 (218.3,668.2)=    0 (218.3,667.7)=    0 (218.2,667.4)=    0 (218.2,667.2)=    0 (218.2,666.9)=    0 (218.4,666.9)=    0 (218.5,666.9)=    0 (218.6,666.9)=    0 (218.8,666.5)=    0 (219.1,666.5)=    0 (219.8,666.6)=    0 (220.4,666.5)=    0 (220.9,666.5)=    0 (221.7,666.3)=    0 (222.6,666.1)=    0 (223.4,666.2)=    0 (224.2,666.3)=    0 (224.8,666.4)=    0 (225.3,666.5)=    0 (225.8,666.6)=    0 (226.2,666.8)=    0 (226.7,666.8)=    0 (227.2,666.8)=    0 (227.7,667.0)=    0 (228.0,667.1)=    0 (228.5,667.3)=    0 (228.9,667.4)=    0 (229.4,667.4)=    0 (229.9,667.4)=    0 (230.2,667.4)=    0 (230.6,667.6)=    0 (231.2,667.9)=    0 (231.3,668.4)=    0 (231.5,668.9)=    0 (232.0,669.0)=    0 (232.3,669.3)=    0 (232.9,669.4)=    0 (233.2,669.3)=    0 (233.5,669.3)=    0 (233.8,669.3)=    0 (234.0,669.0)=    0 (234.3,668.3)=    0 (234.5,668.7)=    0 (234.8,668.7)=    0 (235.1,668.5)=    0 (235.3,668.5)=    0 (235.6,668.5)=    0 (235.6,668.4)=    0 (235.8,668.5)=    0 (236.3,668.6)=    0 (236.5,668.8)=    0 (236.6,669.1)=    0 (237.1,669.4)=    0 (237.5,669.6)=    0 (238.0,669.9)=    0 (238.5,669.8)=    0 (238.8,669.6)=    0 (239.4,669.5)=    0 (239.8,669.4)=    0 (240.4,669.4)=    0 (241.0,669.6)=    0 (241.4,669.7)=    0 (241.6,670.0)=    0 (242.3,670.3)=    0 (242.8,670.4)=    0 (243.1,670.4)=    0 (243.4,670.5)=    0 (243.6,670.5)=    0 (243.9,670.2)=    0 (244.2,670.4)=    0 (244.4,670.5)=    0 (244.7,670.4)=    0 (245.2,670.4)=    0 (245.7,670.4)=    0 (246.1,670.4)=    0 (246.6,670.2)=    0 (247.1,670.1)=    0 (247.3,670.2)=    0 (247.6,670.3)=    0 (247.8,670.5)=    0 (248.2,670.9)=    0 (248.4,671.1)=    0 (248.8,671.3)=    0 (249.4,671.5)=    0 (249.8,671.7)=    0 (250.2,672.1)=    0 (250.7,672.2)=    0 (251.2,672.5)=    0 (251.5,673.0)=    0 (252.1,673.3)=    0 (252.6,673.5)=    0 (253.4,673.8)=    0 (253.9,674.2)=    0 (254.2,674.2)=    0 (254.7,674.5)=    0 (255.4,675.2)=    0 (256.2,675.8)=    0 (256.9,676.0)=    0 (257.6,676.4)=    0 (258.2,676.4)=    0 (258.5,676.0)=    0 (259.0,676.1)=    0 (259.6,676.1)=    0 (260.3,676.1)=    0 (260.9,676.2)=    0 (261.7,676.3)=    0 (262.8,676.5)=    0 (263.5,676.6)=    0 (264.1,676.7)=    0 (264.9,676.4)=    0 (265.6,676.1)=    0 (266.1,676.1)=    0 (266.5,676.0)=    0 (267.0,676.0)=    0 (267.6,676.0)=    0 (268.1,676.0)=    0 (268.2,675.6)=    0 (268.5,675.4)=    0 (268.7,675.0)=    0 (269.2,674.7)=    0 (269.7,674.5)=    0 (270.4,674.3)=    0 (271.2,674.3)=    0 (271.5,674.3)=    0 (272.3,674.3)=    0 (272.6,674.3)=    0 (273.4,674.4)=    0 (274.4,674.4)=    0 (275.2,674.1)=    0 (276.0,674.5)=    0 (276.7,675.0)=    0 (277.6,675.4)=    0 (278.6,676.2)=    0 (279.3,676.6)=    0 (280.0,676.9)=    0 (280.7,677.4)=    0 (281.4,677.9)=    0 (282.4,678.6)=    0 (283.5,679.4)=    0 (284.2,680.2)=    0 (285.1,681.1)=    0 (285.7,681.5)=    0 (286.2,681.8)=    0 (286.5,681.8)=    0 (286.6,681.5)=    0 (286.6,681.5)=    0 (286.9,681.5)=    0 (287.2,681.5)=    0 (287.5,681.8)=    0 (288.0,682.1)=    0 (288.2,682.4)=    0 (288.6,682.7)=    0 (288.9,682.7)=    0 (289.3,682.9)=    0 (289.8,683.1)=    0 (290.3,683.6)=    0 (290.8,684.1)=    0 (291.3,684.5)=    0 (291.8,685.1)=    0 (292.4,685.5)=    0 (292.9,685.8)=    0 (293.4,685.9)=    0 (293.7,686.0)=    0 (294.0,686.3)=    0 (294.4,686.4)=    0 (294.6,686.6)=    0 (294.7,686.8)=    0 (294.9,687.1)=    0 (295.1,687.2)=    0 (295.4,687.3)=    0 (295.5,687.4)=    0 (295.7,687.5)=    0 (295.9,687.5)=    0 (296.1,687.6)=    0 (296.5,687.7)=    0 (296.9,687.6)=    0 (297.3,687.7)=    0 (297.6,687.6)=    0 (298.0,687.5)=    0 (298.2,687.7)=    0 (298.5,687.7)=    0 (298.7,687.8)=    0 (298.8,688.1)=    0 (298.9,688.2)=    0 (299.0,688.3)=    0 (299.2,688.4)=    0 (299.4,688.4)=    0 (299.6,688.4)=    0 (299.8,688.6)=    0 (299.9,688.7)=    0 (300.1,688.9)=    0 (300.4,689.1)=    0 (300.7,689.2)=    0 (301.1,689.2)=    0 (301.4,689.3)=    0 (302.0,689.2)=    0 (302.3,689.2)=    0 (302.6,689.3)=    0 (303.0,689.2)=    0 (303.6,689.4)=    0 (303.9,689.6)=    0 (304.3,689.6)=    0 (304.9,689.7)=    0 (305.3,689.7)=    0 (305.7,689.7)=    0 (305.9,689.5)=    0 (306.2,689.5)=    0 (306.5,689.6)=    0 (306.7,689.7)=    0 (306.9,690.0)=    0 (307.3,690.0)=    0 (307.6,689.8)=    0 (307.7,689.8)=    0 (307.9,689.6)=    0 (308.4,689.5)=    0 (308.7,689.8)=    0 (309.4,689.8)=    0 (309.8,689.8)=    0 (310.3,690.0)=    0 (310.8,690.1)=    0 (311.5,690.1)=    0 (312.0,690.1)=    0 (312.7,690.1)=    0 (313.5,690.0)=    0 (313.8,690.0)=    0 (314.0,690.1)=    0 (314.7,690.2)=    0 (314.9,690.5)=    0 (315.5,690.6)=    0 (316.1,690.4)=    0 (316.6,690.6)=    0 (316.9,690.6)=    0 (317.6,690.6)=    0 (318.4,691.1)=    0 (318.8,691.2)=    0 (319.7,691.3)=    0 (320.1,691.4)=    0 (320.8,691.4)=    0 (321.5,691.4)=    0 (321.9,691.4)=    0 (322.4,691.4)=    0 (322.9,691.4)=    0 (323.5,691.3)=    0 (324.3,691.3)=    0 (324.8,691.3)=    0 (325.5,691.3)=    0 (326.2,691.0)=    0 (326.8,690.7)=    0 (327.5,690.6)=    0 (328.1,690.0)=    0 (328.9,690.1)=    0 (329.5,689.9)=    0 (329.8,689.8)=    0 (330.3,689.9)=    0 (330.6,690.1)=    0 (331.1,690.2)=    0 (331.5,690.1)=    0 (332.0,689.9)=    0 (332.7,689.8)=    0 (333.7,689.7)=    0 (334.5,689.8)=    0 (335.3,689.8)=    0 (336.3,689.8)=    0 
    101 | ( 43.0,513.0)=15316 ( 43.2,513.3)=    0 ( 43.9,513.5)=    0 ( 44.5,513.2)=    0 ( 44.8,513.1)=    0 ( 45.4,513.1)=    0 ( 45.9,512.9)=    0 ( 46.0,513.1)=    0 ( 46.3,513.2)=    0 ( 46.9,513.2)=    0 ( 47.4,513.2)=    0 ( 47.7,513.1)=    0 ( 48.2,512.8)=    0 ( 48.5,512.5)=    0 ( 49.0,512.1)=    0 ( 49.4,511.7)=    0 ( 49.7,511.3)=    0 ( 50.2,510.9)=    0 ( 50.4,510.5)=    0 ( 50.5,510.0)=    0 ( 50.5,509.8)=    0 ( 50.6,509.6)=    0 ( 50.6,509.3)=    0 ( 50.9,509.3)=    0 ( 51.1,509.1)=    0 ( 51.4,509.0)=    0 ( 51.8,508.6)=    0 ( 52.1,508.7)=    0 ( 52.7,508.6)=    0 ( 53.2,508.5)=    0 ( 53.9,508.3)=    0 ( 54.9,508.0)=    0 ( 55.6,507.9)=    0 ( 56.5,507.9)=    0 ( 57.3,507.8)=    0 ( 58.0,507.8)=    0 ( 58.6,507.9)=    0 ( 59.1,507.9)=    0 ( 59.6,508.2)=    0 ( 60.1,508.2)=    0 ( 60.8,508.2)=    0 ( 61.3,508.2)=    0 ( 61.6,508.3)=    0 ( 62.0,508.5)=    0 ( 62.5,508.5)=    0 ( 63.2,508.4)=    0 ( 63.7,508.5)=    0 ( 64.0,508.4)=    0 ( 64.5,508.5)=    0 ( 65.0,508.7)=    0 ( 65.1,508.9)=    0 ( 65.3,509.3)=    0 ( 65.7,509.4)=    0 ( 66.1,509.7)=    0 ( 66.8,509.7)=    0 ( 67.1,509.6)=    0 ( 67.3,509.6)=    0 ( 67.7,509.4)=    0 ( 68.1,509.3)=    0 ( 68.8,509.0)=    0 ( 68.9,509.1)=    0 ( 69.1,509.1)=    0 ( 69.4,509.1)=    0 ( 69.5,509.0)=    0 ( 69.7,508.9)=    0 ( 69.6,508.6)=    0 ( 69.9,508.7)=    0 ( 70.3,508.9)=    0 ( 70.6,509.0)=    0 ( 70.9,509.3)=    0 ( 71.2,509.5)=    0 ( 71.5,509.5)=    0 ( 72.0,509.7)=    0 ( 72.5,509.7)=    0 ( 73.0,509.6)=    0 ( 73.4,509.4)=    0 ( 73.9,509.3)=    0 ( 74.3,509.3)=    0 ( 74.9,509.5)=    0 ( 75.2,509.6)=    0 ( 75.5,509.8)=    0 ( 76.1,509.9)=    0 ( 76.6,509.9)=    0 ( 76.9,509.8)=    0 ( 77.1,509.9)=    0 ( 77.6,510.0)=    0 ( 77.9,509.9)=    0 ( 78.1,509.9)=    0 ( 78.3,509.9)=    0 ( 78.6,509.9)=    0 ( 79.1,509.8)=    0 ( 79.4,509.9)=    0 ( 79.7,509.8)=    0 ( 80.2,509.8)=    0 ( 80.5,509.6)=    0 ( 80.7,509.6)=    0 ( 81.1,509.7)=    0 ( 81.4,509.9)=    0 ( 81.9,510.3)=    0 ( 82.2,510.5)=    0 ( 82.6,510.7)=    0 ( 83.1,510.8)=    0 ( 83.6,511.0)=    0 ( 84.0,511.3)=    0 ( 84.5,511.4)=    0 ( 85.0,511.6)=    0 ( 85.4,511.9)=    0 ( 86.1,512.0)=    0 ( 86.5,512.3)=    0 ( 87.2,512.5)=    0 ( 87.7,512.7)=    0 ( 88.2,512.8)=    0 ( 88.6,513.1)=    0 ( 89.2,513.5)=    0 ( 89.9,513.8)=    0 ( 90.6,513.9)=    0 ( 91.3,514.2)=    0 ( 92.1,514.2)=    0 ( 92.4,513.8)=    0 ( 92.9,513.7)=    0 ( 93.6,513.8)=    0 ( 94.2,513.8)=    0 ( 94.8,513.9)=    0 ( 95.7,513.8)=    0 ( 96.4,513.9)=    0 ( 97.1,513.9)=    0 ( 97.7,513.7)=    0 ( 98.7,513.6)=    0 ( 99.4,513.4)=    0 ( 99.9,513.3)=    0 (100.5,513.1)=    0 (101.1,513.1)=    0 (101.4,513.0)=    0 (101.8,512.9)=    0 (102.2,512.7)=    0 (102.4,512.3)=    0 (102.7,511.8)=    0 (103.3,511.6)=    0 (103.9,511.3)=    0 (104.4,511.0)=    0 (105.0,511.0)=    0 (105.5,511.0)=    0 (106.3,510.9)=    0 (106.8,510.8)=    0 (107.5,510.9)=    0 (108.4,510.8)=    0 (109.1,510.6)=    0 (109.8,510.8)=    0 (110.7,511.1)=    0 (111.5,511.5)=    0 (112.5,512.0)=    0 (113.3,512.4)=    0 (113.9,512.6)=    0 (114.7,513.0)=    0 (115.5,513.5)=    0 (116.4,514.1)=    0 (117.4,514.6)=    0 (118.2,515.1)=    0 (118.9,515.9)=    0 (119.6,516.4)=    0 (120.3,516.6)=    0 (120.5,516.6)=    0 (120.8,516.3)=    0 (120.9,516.2)=    0 (121.1,516.2)=    0 (121.6,516.2)=    0 (121.9,516.5)=    0 (122.3,516.5)=    0 (122.6,516.6)=    0 (123.2,516.9)=    0 (123.5,517.0)=    0 (124.1,517.1)=    0 (124.5,517.2)=    0 (125.0,517.6)=    0 (125.5,517.8)=    0 (126.1,518.1)=    0 (126.7,518.7)=    0 (127.1,518.9)=    0 (127.6,519.3)=    0 (128.1,519.3)=    0 (128.3,519.4)=    0 (128.5,519.5)=    0 (128.8,519.5)=    0 (129.2,519.6)=    0 (129.2,519.8)=    0 (129.5,520.0)=    0 (129.9,519.9)=    0 (130.1,519.9)=    0 (130.2,520.0)=    0 (130.5,520.1)=    0 (130.7,520.1)=    0 (130.9,520.3)=    0 (131.2,520.3)=    0 (131.7,520.3)=    0 (132.0,520.3)=    0 (132.4,520.1)=    0 (132.7,520.0)=    0 (132.9,520.0)=    0 (133.2,520.2)=    0 (133.3,520.3)=    0 (133.3,520.6)=    0 (133.6,520.6)=    0 (133.8,520.7)=    0 (133.9,520.7)=    0 (134.2,520.7)=    0 (134.3,520.8)=    0 (134.5,520.8)=    0 (134.7,520.9)=    0 (135.0,521.0)=    0 (135.3,521.3)=    0 (135.5,521.3)=    0 (135.9,521.5)=    0 (136.1,521.5)=    0 (136.6,521.2)=    0 (136.8,521.1)=    0 (137.3,521.2)=    0 (137.7,521.1)=    0 (138.1,521.2)=    0 (138.4,521.3)=    0 (138.8,521.3)=    0 (139.3,521.3)=    0 (139.6,521.3)=    0 (140.1,521.1)=    0 (140.2,520.9)=    0 (140.5,520.9)=    0 (140.8,521.0)=    0 (141.1,521.1)=    0 (141.3,521.4)=    0 (141.7,521.3)=    0 (142.1,521.1)=    0 (142.2,521.0)=    0 (142.7,521.0)=    0 (143.1,520.9)=    0 (143.3,521.2)=    0 (144.0,521.4)=    0 (144.4,521.4)=    0 (144.9,521.4)=    0 (145.4,521.3)=    0 (146.0,521.2)=    0 (146.4,521.2)=    0 (147.1,521.1)=    0 (147.7,520.9)=    0 (147.9,521.0)=    0 (148.4,521.3)=    0 (148.9,521.2)=    0 (149.1,521.5)=    0 (149.9,521.4)=    0 (150.4,521.2)=    0 (150.8,521.4)=    0 (151.4,521.5)=    0 (152.1,521.5)=    0 (152.6,521.7)=    0 (153.2,521.7)=    0 (153.9,521.6)=    0 (154.4,521.7)=    0 (155.2,521.6)=    0 (155.7,521.6)=    0 (156.4,521.6)=    0 (156.8,521.4)=    0 (157.3,521.3)=    0 (158.1,521.2)=    0 (158.7,521.0)=    0 (159.4,521.0)=    0 (160.1,520.9)=    0 (160.6,520.7)=    0 (161.1,520.5)=    0 (161.8,520.2)=    0 (162.4,519.7)=    0 (163.2,519.7)=    0 (163.6,519.5)=    0 (164.0,519.4)=    0 (164.4,519.4)=    0 (164.9,519.4)=    0 (165.4,519.4)=    0 (166.0,519.4)=    0 (166.6,519.2)=    0 (167.3,518.9)=    0 (168.0,518.8)=    0 (168.7,518.8)=    0 (169.7,518.8)=    0 (170.6,518.7)=    0 
    102 | ( 34.0,609.0)=15236 ( -1.0, -1.0)=   -3 ( -1.0, -1.0)=   -3 ( -1.0, -1.0)=   -3 ( -1.0, -1.0)=   -3 ( -1.0, -1.0)=   -3 ( -1.0, -1.0)=   -3 ( -1.0, -1.0)=   -3 ( -1.0, -1.0)=   -3 ( -1.0, -1.0)=   -3 ( -1.0, -1.0)=   -3 ( -1.0, -1.0)=   -3 ( -1.0, -1.0)=   -3 ( -1.0, -1.0)=   -3 ( -1.0, -1.0)=   -3 ( -1.0, -1.0)=   -3 ( -1.0, -1.0)=   -3 ( -1.0, -1.0)=   -3 ( -1.0, -1.0)=   -3 ( -1.0, -1.0)=   -3 ( -1.0, -1.0)=   -3 ( -1.0, -1.0)=   -3 ( -1.0, -1.0)=   -3 ( -1.0, -1.0)=   -3 ( -1.0, -1.0)=   -3 ( -1.0, -1.0)=   -3 ( -1.0, -1.0)=   -3 ( -1.0, -1.0)=   -3 ( -1.0, -1.0)=   -3 ( -1.0, -1.0)=   -3 ( -1.0, -1.0)=   -3 ( -1.0, -1.0)=   -3 ( -1.0, -1.0)=   -3 ( -1.0, -1.0)=   -3 ( -1.0, -1.0)=   -3 ( -1.0, -1.0)=   -3 ( -1.0, -1.0)=   -3 ( -1.0, -1.0)=   -3 ( -1.0, -1.0)=   -3 ( -1.0, -1.0)=   -3 ( -1.0, -1.0)=   -3 ( -1.0, -1.0)=   -3 ( -1.0, -1.0)=   -3 ( -1.0, -1.0)=   -3 ( -1.0, -1.0)=   -3 ( -1.0, -1.0)=   -3 ( -1.0, -1.0)=   -3 ( -1.0, -1.0)=   -3 ( -1.0, -1.0)=   -3 ( -1.0, -1.0)=   -3 ( -1.0, -1.0)=   -3 ( -1.0, -1.0)=   -3 ( -1.0, -1.0)=   -3 ( -1.0, -1.0)=   -3 ( -1.0, -1.0)=   -3 ( -1.0, -1.0)=   -3 ( -1.0, -1.0)=   -3 ( -1.0, -1.0)=   -3 ( -1.0, -1.0)=   -3 ( -1.0, -1.0)=   -3 ( -1.0, -1.0)=   -3 ( -1.0, -1.0)=   -3 ( -1.0, -1.0)=   -3 ( -1.0, -1.0)=   -3 ( -1.0, -1.0)=   -3 ( -1.0, -1.0)=   -3 ( -1.0, -1.0)=   -3 ( -1.0, -1.0)=   -3 ( -1.0, -1.0)=   -3 ( -1.0, -1.0)=   -3 ( -1.0, -1.0)=   -3 ( -1.0, -1.0)=   -3 ( -1.0, -1.0)=   -3 ( -1.0, -1.0)=   -3 ( -1.0, -1.0)=   -3 ( -1.0, -1.0)=   -3 ( -1.0, -1.0)=   -3 ( -1.0, -1.0)=   -3 ( -1.0, -1.0)=   -3 ( -1.0, -1.0)=   -3 ( -1.0, -1.0)=   -3 ( -1.0, -1.0)=   -3 ( -1.0, -1.0)=   -3 ( -1.0, -1.0)=   -3 ( -1.0, -1.0)=   -3 ( -1.0, -1.0)=   -3 ( -1.0, -1.0)=   -3 ( -1.0, -1.0)=   -3 ( -1.0, -1.0)=   -3 ( -1.0, -1.0)=   -3 ( -1.0, -1.0)=   -3 ( -1.0, -1.0)=   -3 ( -1.0, -1.0)=   -3 ( -1.0, -1.0)=   -3 ( -1.0, -1.0)=   -3 ( -1.0, -1.0)=   -3 ( -1.0, -1.0)=   -3 ( -1.0, -1.0)=   -3 ( -1.0, -1.0)=   -3 ( -1.0, -1.0)=   -3 ( -1.0, -1.0)=   -3 ( -1.0, -1.0)=   -3 ( -1.0, -1.0)=   -3 ( -1.0, -1.0)=   -3 ( -1.0, -1.0)=   -3 ( -1.0, -1.0)=   -3 ( -1.0, -1.0)=   -3 ( -1.0, -1.0)=   -3 ( -1.0, -1.0)=   -3 ( -1.0, -1.0)=   -3 ( -1.0, -1.0)=   -3 ( -1.0, -1.0)=   -3 ( -1.0, -1.0)=   -3 ( -1.0, -1.0)=   -3 ( -1.0, -1.0)=   -3 ( -1.0, -1.0)=   -3 ( -1.0, -1.0)=   -3 ( -1.0, -1.0)=   -3 ( -1.0, -1.0)=   -3 ( -1.0, -1.0)=   -3 ( -1.0, -1.0)=   -3 ( -1.0, -1.0)=   -3 ( -1.0, -1.0)=   -3 ( -1.0, -1.0)=   -3 ( -1.0, -1.0)=   -3 ( -1.0, -1.0)=   -3 ( -1.0, -1.0)=   -3 ( -1.0, -1.0)=   -3 ( -1.0, -1.0)=   -3 ( -1.0, -1.0)=   -3 ( -1.0, -1.0)=   -3 ( -1.0, -1.0)=   -3 ( -1.0, -1.0)=   -3 ( -1.0, -1.0)=   -3 ( -1.0, -1.0)=   -3 ( -1.0, -1.0)=   -3 ( -1.0, -1.0)=   -3 ( -1.0, -1.0)=   -3 ( -1.0, -1.0)=   -3 ( -1.0, -1.0)=   -3 ( -1.0, -1.0)=   -3 ( -1.0, -1.0)=   -3 ( -1.0, -1.0)=   -3 ( -1.0, -1.0)=   -3 ( -1.0, -1.0)=   -3 ( -1.0, -1.0)=   -3 ( -1.0, -1.0)=   -3 ( -1.0, -1.0)=   -3 ( -1.0, -1.0)=   -3 ( -1.0, -1.0)=   -3 ( -1.0, -1.0)=   -3 ( -1.0, -1.0)=   -3 ( -1.0, -1.0)=   -3 ( -1.0, -1.0)=   -3 ( -1.0, -1.0)=   -3 ( -1.0, -1.0)=   -3 ( -1.0, -1.0)=   -3 ( -1.0, -1.0)=   -3 ( -1.0, -1.0)=   -3 ( -1.0, -1.0)=   -3 ( -1.0, -1.0)=   -3 ( -1.0, -1.0)=   -3 ( -1.0, -1.0)=   -3 ( -1.0, -1.0)=   -3 ( -1.0, -1.0)=   -3 ( -1.0, -1.0)=   -3 ( -1.0, -1.0)=   -3 ( -1.0, -1.0)=   -3 ( -1.0, -1.0)=   -3 ( -1.0, -1.0)=   -3 ( -1.0, -1.0)=   -3 ( -1.0, -1.0)=   -3 ( -1.0, -1.0)=   -3 ( -1.0, -1.0)=   -3 ( -1.0, -1.0)=   -3 ( -1.0, -1.0)=   -3 ( -1.0, -1.0)=   -3 ( -1.0, -1.0)=   -3 ( -1.0, -1.0)=   -3 ( -1.0, -1.0)=   -3 ( -1.0, -1.0)=   -3 ( -1.0, -1.0)=   -3 ( -1.0, -1.0)=   -3 ( -1.0, -1.0)=   -3 ( -1.0, -1.0)=   -3 ( -1.0, -1.0)=   -3 ( -1.0, -1.0)=   -3 ( -1.0, -1.0)=   -3 ( -1.0, -1.0)=   -3 ( -1.0, -1.0)=   -3 ( -1.0, -1.0)=   -3 ( -1.0, -1.0)=   -3 ( -1.0, -1.0)=   -3 ( -1.0, -1.0)=   -3 ( -1.0, -1.0)=   -3 ( -1.0, -1.0)=   -3 ( -1.0, -1.0)=   -3 ( -1.0, -1.0)=   -3 ( -1.0, -1.0)=   -3 ( -1.0, -1.0)=   -3 ( -1.0, -1.0)=   -3 ( -1.0, -1.0)=   -3 ( -1.0, -1.0)=   -3 ( -1.0, -1.0)=   -3 ( -1.0, -1.0)=   -3 ( -1.0, -1.0)=   -3 ( -1.0, -1.0)=   -3 ( -1.0, -1.0)=   -3 ( -1.0, -1.0)=   -3 ( -1.0, -1.0)=   -3 ( -1.0, -1.0)=   -3 ( -1.0, -1.0)=   -3 ( -1.0, -1.0)=   -3 ( -1.0, -1.0)=   -3 ( -1.0, -1.0)=   -3 ( -1.0, -1.0)=   -3 ( -1.0, -1.0)=   -3 ( -1.0, -1.0)=   -3 ( -1.0, -1.0)=   -3 ( -1.0, -1.0)=   -3 ( -1.0, -1.0)=   -3 ( -1.0, -1.0)=   -3 ( -1.0, -1.0)=   -3 ( -1.0, -1.0)=   -3 ( -1.0, -1.0)=   -3 ( -1.0, -1.0)=   -3 ( -1.0, -1.0)=   -3 ( -1.0, -1.0)=   -3 ( -1.0, -1.0)=   -3 ( -1.0, -1.0)=   -3 ( -1.0, -1.0)=   -3 ( -1.0, -1.0)=   -3 ( -1.0, -1.0)=   -3 ( -1.0, -1.0)=   -3 ( -1.0, -1.0)=   -3 ( -1.0, -1.0)=   -3 ( -1.0, -1.0)=   -3 ( -1.0, -1.0)=   -3 ( -1.0, -1.0)=   -3 ( -1.0, -1.0)=   -3 ( -1.0, -1.0)=   -3 ( -1.0, -1.0)=   -3 ( -1.0, -1.0)=   -3 ( -1.0, -1.0)=   -3 ( -1.0, -1.0)=   -3 ( -1.0, -1.0)=   -3 ( -1.0, -1.0)=   -3 ( -1.0, -1.0)=   -3 ( -1.0, -1.0)=   -3 ( -1.0, -1.0)=   -3 ( -1.0, -1.0)=   -3 ( -1.0, -1.0)=   -3 ( -1.0, -1.0)=   -3 ( -1.0, -1.0)=   -3 ( -1.0, -1.0)=   -3 ( -1.0, -1.0)=   -3 ( -1.0, -1.0)=   -3 ( -1.0, -1.0)=   -3 ( -1.0, -1.0)=   -3 ( -1.0, -1.0)=   -3 ( -1.0, -1.0)=   -3 ( -1.0, -1.0)=   -3 ( -1.0, -1.0)=   -3 ( -1.0, -1.0)=   -3 ( -1.0, -1.0)=   -3 ( -1.0, -1.0)=   -3 ( -1.0, -1.0)=   -3 ( -1.0, -1.0)=   -3 ( -1.0, -1.0)=   -3 ( -1.0, -1.0)=   -3 ( -1.0, -1.0)=   -3 ( -1.0, -1.0)=   -3 ( -1.0, -1.0)=   -3 ( -1.0, -1.0)=   -3 ( -1.0, -1.0)=   -3 ( -1.0, -1.0)=   -3 ( -1.0, -1.0)=   -3 ( -1.0, -1.0)=   -3 ( -1.0, -1.0)=   -3 ( -1.0, -1.0)=   -3 ( -1.0, -1.0)=   -3 
    103 | (405.0,576.0)=15154 (405.4,576.3)=    0 (405.9,576.6)=    0 (406.3,576.6)=    0 (406.9,576.6)=    0 (407.3,576.6)=    0 (407.8,576.5)=    0 (408.1,576.6)=    0 (408.5,576.9)=    0 (408.9,577.1)=    0 (409.5,577.3)=    0 (409.8,577.2)=    0 (410.4,577.2)=    0 (411.0,576.9)=    0 (411.3,576.8)=    0 ( -1.0, -1.0)=   -3 ( -1.0, -1.0)=   -3 ( -1.0, -1.0)=   -3 ( -1.0, -1.0)=   -3 ( -1.0, -1.0)=   -3 ( -1.0, -1.0)=   -3 ( -1.0, -1.0)=   -3 ( -1.0, -1.0)=   -3 ( -1.0, -1.0)=   -3 ( -1.0, -1.0)=   -3 ( -1.0, -1.0)=   -3 ( -1.0, -1.0)=   -3 ( -1.0, -1.0)=   -3 ( -1.0, -1.0)=   -3 ( -1.0, -1.0)=   -3 ( -1.0, -1.0)=   -3 ( -1.0, -1.0)=   -3 ( -1.0, -1.0)=   -3 ( -1.0, -1.0)=   -3 ( -1.0, -1.0)=   -3 ( -1.0, -1.0)=   -3 ( -1.0, -1.0)=   -3 ( -1.0, -1.0)=   -3 ( -1.0, -1.0)=   -3 ( -1.0, -1.0)=   -3 ( -1.0, -1.0)=   -3 ( -1.0, -1.0)=   -3 ( -1.0, -1.0)=   -3 ( -1.0, -1.0)=   -3 ( -1.0, -1.0)=   -3 ( -1.0, -1.0)=   -3 ( -1.0, -1.0)=   -3 ( -1.0, -1.0)=   -3 ( -1.0, -1.0)=   -3 ( -1.0, -1.0)=   -3 ( -1.0, -1.0)=   -3 ( -1.0, -1.0)=   -3 ( -1.0, -1.0)=   -3 ( -1.0, -1.0)=   -3 ( -1.0, -1.0)=   -3 ( -1.0, -1.0)=   -3 ( -1.0, -1.0)=   -3 ( -1.0, -1.0)=   -3 ( -1.0, -1.0)=   -3 ( -1.0, -1.0)=   -3 ( -1.0, -1.0)=   -3 ( -1.0, -1.0)=   -3 ( -1.0, -1.0)=   -3 ( -1.0, -1.0)=   -3 ( -1.0, -1.0)=   -3 ( -1.0, -1.0)=   -3 ( -1.0, -1.0)=   -3 ( -1.0, -1.0)=   -3 ( -1.0, -1.0)=   -3 ( -1.0, -1.0)=   -3 ( -1.0, -1.0)=   -3 ( -1.0, -1.0)=   -3 ( -1.0, -1.0)=   -3 ( -1.0, -1.0)=   -3 ( -1.0, -1.0)=   -3 ( -1.0, -1.0)=   -3 ( -1.0, -1.0)=   -3 ( -1.0, -1.0)=   -3 ( -1.0, -1.0)=   -3 ( -1.0, -1.0)=   -3 ( -1.0, -1.0)=   -3 ( -1.0, -1.0)=   -3 ( -1.0, -1.0)=   -3 ( -1.0, -1.0)=   -3 ( -1.0, -1.0)=   -3 ( -1.0, -1.0)=   -3 ( -1.0, -1.0)=   -3 ( -1.0, -1.0)=   -3 ( -1.0, -1.0)=   -3 ( -1.0, -1.0)=   -3 ( -1.0, -1.0)=   -3 ( -1.0, -1.0)=   -3 ( -1.0, -1.0)=   -3 ( -1.0, -1.0)=   -3 ( -1.0, -1.0)=   -3 ( -1.0, -1.0)=   -3 ( -1.0, -1.0)=   -3 ( -1.0, -1.0)=   -3 ( -1.0, -1.0)=   -3 ( -1.0, -1.0)=   -3 ( -1.0, -1.0)=   -3 ( -1.0, -1.0)=   -3 ( -1.0, -1.0)=   -3 ( -1.0, -1.0)=   -3 ( -1.0, -1.0)=   -3 ( -1.0, -1.0)=   -3 ( -1.0, -1.0)=   -3 ( -1.0, -1.0)=   -3 ( -1.0, -1.0)=   -3 ( -1.0, -1.0)=   -3 ( -1.0, -1.0)=   -3 ( -1.0, -1.0)=   -3 ( -1.0, -1.0)=   -3 ( -1.0, -1.0)=   -3 ( -1.0, -1.0)=   -3 ( -1.0, -1.0)=   -3 ( -1.0, -1.0)=   -3 ( -1.0, -1.0)=   -3 ( -1.0, -1.0)=   -3 ( -1.0, -1.0)=   -3 ( -1.0, -1.0)=   -3 ( -1.0, -1.0)=   -3 ( -1.0, -1.0)=   -3 ( -1.0, -1.0)=   -3 ( -1.0, -1.0)=   -3 ( -1.0, -1.0)=   -3 ( -1.0, -1.0)=   -3 ( -1.0, -1.0)=   -3 ( -1.0, -1.0)=   -3 ( -1.0, -1.0)=   -3 ( -1.0, -1.0)=   -3 ( -1.0, -1.0)=   -3 ( -1.0, -1.0)=   -3 ( -1.0, -1.0)=   -3 ( -1.0, -1.0)=   -3 ( -1.0, -1.0)=   -3 ( -1.0, -1.0)=   -3 ( -1.0, -1.0)=   -3 ( -1.0, -1.0)=   -3 ( -1.0, -1.0)=   -3 ( -1.0, -1.0)=   -3 ( -1.0, -1.0)=   -3 ( -1.0, -1.0)=   -3 ( -1.0, -1.0)=   -3 ( -1.0, -1.0)=   -3 ( -1.0, -1.0)=   -3 ( -1.0, -1.0)=   -3 ( -1.0, -1.0)=   -3 ( -1.0, -1.0)=   -3 ( -1.0, -1.0)=   -3 ( -1.0, -1.0)=   -3 ( -1.0, -1.0)=   -3 ( -1.0, -1.0)=   -3 ( -1.0, -1.0)=   -3 ( -1.0, -1.0)=   -3 ( -1.0, -1.0)=   -3 ( -1.0, -1.0)=   -3 ( -1.0, -1.0)=   -3 ( -1.0, -1.0)=   -3 ( -1.0, -1.0)=   -3 ( -1.0, -1.0)=   -3 ( -1.0, -1.0)=   -3 ( -1.0, -1.0)=   -3 ( -1.0, -1.0)=   -3 ( -1.0, -1.0)=   -3 ( -1.0, -1.0)=   -3 ( -1.0, -1.0)=   -3 ( -1.0, -1.0)=   -3 ( -1.0, -1.0)=   -3 ( -1.0, -1.0)=   -3 ( -1.0, -1.0)=   -3 ( -1.0, -1.0)=   -3 ( -1.0, -1.0)=   -3 ( -1.0, -1.0)=   -3 ( -1.0, -1.0)=   -3 ( -1.0, -1.0)=   -3 ( -1.0, -1.0)=   -3 ( -1.0, -1.0)=   -3 ( -1.0, -1.0)=   -3 ( -1.0, -1.0)=   -3 ( -1.0, -1.0)=   -3 ( -1.0, -1.0)=   -3 ( -1.0, -1.0)=   -3 ( -1.0, -1.0)=   -3 ( -1.0, -1.0)=   -3 ( -1.0, -1.0)=   -3 ( -1.0, -1.0)=   -3 ( -1.0, -1.0)=   -3 ( -1.0, -1.0)=   -3 ( -1.0, -1.0)=   -3 ( -1.0, -1.0)=   -3 ( -1.0, -1.0)=   -3 ( -1.0, -1.0)=   -3 ( -1.0, -1.0)=   -3 ( -1.0, -1.0)=   -3 ( -1.0, -1.0)=   -3 ( -1.0, -1.0)=   -3 ( -1.0, -1.0)=   -3 ( -1.0, -1.0)=   -3 ( -1.0, -1.0)=   -3 ( -1.0, -1.0)=   -3 ( -1.0, -1.0)=   -3 ( -1.0, -1.0)=   -3 ( -1.0, -1.0)=   -3 ( -1.0, -1.0)=   -3 ( -1.0, -1.0)=   -3 ( -1.0, -1.0)=   -3 ( -1.0, -1.0)=   -3 ( -1.0, -1.0)=   -3 ( -1.0, -1.0)=   -3 ( -1.0, -1.0)=   -3 ( -1.0, -1.0)=   -3 ( -1.0, -1.0)=   -3 ( -1.0, -1.0)=   -3 ( -1.0, -1.0)=   -3 ( -1.0, -1.0)=   -3 ( -1.0, -1.0)=   -3 ( -1.0, -1.0)=   -3 ( -1.0, -1.0)=   -3 ( -1.0, -1.0)=   -3 ( -1.0, -1.0)=   -3 ( -1.0, -1.0)=   -3 ( -1.0, -1.0)=   -3 ( -1.0, -1.0)=   -3 ( -1.0, -1.0)=   -3 ( -1.0, -1.0)=   -3 ( -1.0, -1.0)=   -3 ( -1.0, -1.0)=   -3 ( -1.0, -1.0)=   -3 ( -1.0, -1.0)=   -3 ( -1.0, -1.0)=   -3 ( -1.0, -1.0)=   -3 ( -1.0, -1.0)=   -3 ( -1.0, -1.0)=   -3 ( -1.0, -1.0)=   -3 ( -1.0, -1.0)=   -3 ( -1.0, -1.0)=   -3 ( -1.0, -1.0)=   -3 ( -1.0, -1.0)=   -3 ( -1.0, -1.0)=   -3 ( -1.0, -1.0)=   -3 ( -1.0, -1.0)=   -3 ( -1.0, -1.0)=   -3 ( -1.0, -1.0)=   -3 ( -1.0, -1.0)=   -3 ( -1.0, -1.0)=   -3 ( -1.0, -1.0)=   -3 ( -1.0, -1.0)=   -3 ( -1.0, -1.0)=   -3 ( -1.0, -1.0)=   -3 ( -1.0, -1.0)=   -3 ( -1.0, -1.0)=   -3 ( -1.0, -1.0)=   -3 ( -1.0, -1.0)=   -3 ( -1.0, -1.0)=   -3 ( -1.0, -1.0)=   -3 ( -1.0, -1.0)=   -3 ( -1.0, -1.0)=   -3 ( -1.0, -1.0)=   -3 ( -1.0, -1.0)=   -3 ( -1.0, -1.0)=   -3 ( -1.0, -1.0)=   -3 ( -1.0, -1.0)=   -3 ( -1.0, -1.0)=   -3 ( -1.0, -1.0)=   -3 ( -1.0, -1.0)=   -3 ( -1.0, -1.0)=   -3 ( -1.0, -1.0)=   -3 ( -1.0, -1.0)=   -3 ( -1.0, -1.0)=   -3 ( -1.0, -1.0)=   -3 ( -1.0, -1.0)=   -3 ( -1.0, -1.0)=   -3 ( -1.0, -1.0)=   -3 ( -1.0, -1.0)=   -3 ( -1.0, -1.0)=   -3 ( -1.0, -1.0)=   -3 ( -1.0, -1.0)=   -3 ( -1.0, -1.0)=   -3 ( -1.0, -1.0)=   -3 ( -1.0, -1.0)=   -3 
    104 | (321.0,563.0)=15139 (321.6,563.3)=    0 (322.0,563.5)=    0 (322.5,563.5)=    0 (323.0,563.5)=    0 (323.4,563.5)=    0 (323.8,563.5)=    0 (324.1,563.5)=    0 (324.6,563.8)=    0 (325.0,563.9)=    0 (325.5,564.1)=    0 (325.7,564.1)=    0 (326.3,564.1)=    0 (326.8,563.8)=    0 (327.3,563.6)=    0 (327.5,563.3)=    0 (327.9,562.9)=    0 (328.4,562.7)=    0 (328.5,562.2)=    0 (328.6,561.8)=    0 (328.6,561.5)=    0 (328.5,561.4)=    0 (328.6,561.3)=    0 (328.9,561.2)=    0 (329.1,561.2)=    0 (329.4,561.2)=    0 (329.6,560.9)=    0 (330.0,560.9)=    0 (330.4,561.0)=    0 (330.9,561.0)=    0 (331.5,561.0)=    0 (332.4,560.9)=    0 (333.4,560.8)=    0 (334.3,560.9)=    0 (335.0,560.9)=    0 (335.5,561.0)=    0 (336.1,561.2)=    0 (336.6,561.4)=    0 (337.1,561.6)=    0 (337.5,561.7)=    0 (338.1,561.7)=    0 (338.5,561.9)=    0 (338.9,562.0)=    0 (339.3,562.3)=    0 (339.6,562.5)=    0 (340.1,562.5)=    0 (340.8,562.5)=    0 (341.1,562.6)=    0 (341.5,562.8)=    0 (342.1,563.1)=    0 (342.2,563.4)=    0 (342.5,563.8)=    0 (342.8,564.1)=    0 (343.1,564.4)=    0 (343.6,564.6)=    0 (344.0,564.5)=    0 (344.4,564.4)=    0 (344.7,564.4)=    0 (345.0,564.4)=    0 (344.9,563.8)=    0 (345.2,564.1)=    0 (345.3,564.3)=    0 (345.5,564.2)=    0 (345.7,564.1)=    0 (346.1,564.1)=    0 (346.3,563.8)=    0 (346.4,563.8)=    0 (346.7,564.2)=    0 (347.1,564.3)=    0 (347.3,564.5)=    0 (347.5,564.8)=    0 (348.0,565.0)=    0 (348.5,565.2)=    0 (348.9,565.2)=    0 (349.3,565.1)=    0 (349.9,564.9)=    0 (350.4,564.8)=    0 (350.8,564.8)=    0 (351.4,564.9)=    0 (351.8,565.0)=    0 (352.1,565.4)=    0 (352.6,565.7)=    0 (352.9,565.7)=    0 (353.3,565.7)=    0 (353.6,565.8)=    0 (353.8,566.0)=    0 (354.3,565.9)=    0 (354.6,565.9)=    0 (354.8,566.0)=    0 (355.1,566.1)=    0 (355.6,565.9)=    0 (356.1,565.9)=    0 (356.5,565.7)=    0 (357.0,565.7)=    0 (357.4,565.6)=    0 (357.7,565.5)=    0 (357.9,565.7)=    0 (358.2,565.8)=    0 (358.4,566.3)=    0 (358.8,566.6)=    0 (359.3,566.9)=    0 (359.8,567.1)=    0 (360.3,567.4)=    0 (360.7,567.6)=    0 (361.1,567.8)=    0 (361.5,568.2)=    0 ( -1.0, -1.0)=   -3 ( -1.0, -1.0)=   -3 ( -1.0, -1.0)=   -3 ( -1.0, -1.0)=   -3 ( -1.0, -1.0)=   -3 ( -1.0, -1.0)=   -3 ( -1.0, -1.0)=   -3 ( -1.0, -1.0)=   -3 ( -1.0, -1.0)=   -3 ( -1.0, -1.0)=   -3 ( -1.0, -1.0)=   -3 ( -1.0, -1.0)=   -3 ( -1.0, -1.0)=   -3 ( -1.0, -1.0)=   -3 ( -1.0, -1.0)=   -3 ( -1.0, -1.0)=   -3 ( -1.0, -1.0)=   -3 ( -1.0, -1.0)=   -3 ( -1.0, -1.0)=   -3 ( -1.0, -1.0)=   -3 ( -1.0, -1.0)=   -3 ( -1.0, -1.0)=   -3 ( -1.0, -1.0)=   -3 ( -1.0, -1.0)=   -3 ( -1.0, -1.0)=   -3 ( -1.0, -1.0)=   -3 ( -1.0, -1.0)=   -3 ( -1.0, -1.0)=   -3 ( -1.0, -1.0)=   -3 ( -1.0, -1.0)=   -3 ( -1.0, -1.0)=   -3 ( -1.0, -1.0)=   -3 ( -1.0, -1.0)=   -3 ( -1.0, -1.0)=   -3 ( -1.0, -1.0)=   -3 ( -1.0, -1.0)=   -3 ( -1.0, -1.0)=   -3 ( -1.0, -1.0)=   -3 ( -1.0, -1.0)=   -3 ( -1.0, -1.0)=   -3 ( -1.0, -1.0)=   -3 ( -1.0, -1.0)=   -3 ( -1.0, -1.0)=   -3 ( -1.0, -1.0)=   -3 ( -1.0, -1.0)=   -3 ( -1.0, -1.0)=   -3 ( -1.0, -1.0)=   -3 ( -1.0, -1.0)=   -3 ( -1.0, -1.0)=   -3 ( -1.0, -1.0)=   -3 ( -1.0, -1.0)=   -3 ( -1.0, -1.0)=   -3 ( -1.0, -1.0)=   -3 ( -1.0, -1.0)=   -3 ( -1.0, -1.0)=   -3 ( -1.0, -1.0)=   -3 ( -1.0, -1.0)=   -3 ( -1.0, -1.0)=   -3 ( -1.0, -1.0)=   -3 ( -1.0, -1.0)=   -3 ( -1.0, -1.0)=   -3 ( -1.0, -1.0)=   -3 ( -1.0, -1.0)=   -3 ( -1.0, -1.0)=   -3 ( -1.0, -1.0)=   -3 ( -1.0, -1.0)=   -3 ( -1.0, -1.0)=   -3 ( -1.0, -1.0)=   -3 ( -1.0, -1.0)=   -3 ( -1.0, -1.0)=   -3 ( -1.0, -1.0)=   -3 ( -1.0, -1.0)=   -3 ( -1.0, -1.0)=   -3 ( -1.0, -1.0)=   -3 ( -1.0, -1.0)=   -3 ( -1.0, -1.0)=   -3 ( -1.0, -1.0)=   -3 ( -1.0, -1.0)=   -3 ( -1.0, -1.0)=   -3 ( -1.0, -1.0)=   -3 ( -1.0, -1.0)=   -3 ( -1.0, -1.0)=   -3 ( -1.0, -1.0)=   -3 ( -1.0, -1.0)=   -3 ( -1.0, -1.0)=   -3 ( -1.0, -1.0)=   -3 ( -1.0, -1.0)=   -3 ( -1.0, -1.0)=   -3 ( -1.0, -1.0)=   -3 ( -1.0, -1.0)=   -3 ( -1.0, -1.0)=   -3 ( -1.0, -1.0)=   -3 ( -1.0, -1.0)=   -3 ( -1.0, -1.0)=   -3 ( -1.0, -1.0)=   -3 ( -1.0, -1.0)=   -3 ( -1.0, -1.0)=   -3 ( -1.0, -1.0)=   -3 ( -1.0, -1.0)=   -3 ( -1.0, -1.0)=   -3 ( -1.0, -1.0)=   -3 ( -1.0, -1.0)=   -3 ( -1.0, -1.0)=   -3 ( -1.0, -1.0)=   -3 ( -1.0, -1.0)=   -3 ( -1.0, -1.0)=   -3 ( -1.0, -1.0)=   -3 ( -1.0, -1.0)=   -3 ( -1.0, -1.0)=   -3 ( -1.0, -1.0)=   -3 ( -1.0, -1.0)=   -3 ( -1.0, -1.0)=   -3 ( -1.0, -1.0)=   -3 ( -1.0, -1.0)=   -3 ( -1.0, -1.0)=   -3 ( -1.0, -1.0)=   -3 ( -1.0, -1.0)=   -3 ( -1.0, -1.0)=   -3 ( -1.0, -1.0)=   -3 ( -1.0, -1.0)=   -3 ( -1.0, -1.0)=   -3 ( -1.0, -1.0)=   -3 ( -1.0, -1.0)=   -3 ( -1.0, -1.0)=   -3 ( -1.0, -1.0)=   -3 ( -1.0, -1.0)=   -3 ( -1.0, -1.0)=   -3 ( -1.0, -1.0)=   -3 ( -1.0, -1.0)=   -3 ( -1.0, -1.0)=   -3 ( -1.0, -1.0)=   -3 ( -1.0, -1.0)=   -3 ( -1.0, -1.0)=   -3 ( -1.0, -1.0)=   -3 ( -1.0, -1.0)=   -3 ( -1.0, -1.0)=   -3 ( -1.0, -1.0)=   -3 ( -1.0, -1.0)=   -3 ( -1.0, -1.0)=   -3 ( -1.0, -1.0)=   -3 ( -1.0, -1.0)=   -3 ( -1.0, -1.0)=   -3 ( -1.0, -1.0)=   -3 ( -1.0, -1.0)=   -3 ( -1.0, -1.0)=   -3 ( -1.0, -1.0)=   -3 ( -1.0, -1.0)=   -3 ( -1.0, -1.0)=   -3 ( -1.0, -1.0)=   -3 ( -1.0, -1.0)=   -3 ( -1.0, -1.0)=   -3 ( -1.0, -1.0)=   -3 ( -1.0, -1.0)=   -3 ( -1.0, -1.0)=   -3 ( -1.0, -1.0)=   -3 ( -1.0, -1.0)=   -3 ( -1.0, -1.0)=   -3 ( -1.0, -1.0)=   -3 ( -1.0, -1.0)=   -3 ( -1.0, -1.0)=   -3 ( -1.0, -1.0)=   -3 ( -1.0, -1.0)=   -3 ( -1.0, -1.0)=   -3 ( -1.0, -1.0)=   -3 ( -1.0, -1.0)=   -3 ( -1.0, -1.0)=   -3 ( -1.0, -1.0)=   -3 ( -1.0, -1.0)=   -3 ( -1.0, -1.0)=   -3 ( -1.0, -1.0)=   -3 ( -1.0, -1.0)=   -3 ( -1.0, -1.0)=   -3 ( -1.0, -1.0)=   -3 ( -1.0, -1.0)=   -3 ( -1.0, -1.0)=   -3 
    105 | (293.0,560.0)=14952 (293.4,560.3)=    0 ( -1.0, -1.0)=   -3 ( -1.0, -1.0)=   -3 ( -1.0, -1.0)=   -3 ( -1.0, -1.0)=   -3 ( -1.0, -1.0)=   -3 ( -1.0, -1.0)=   -3 ( -1.0, -1.0)=   -3 ( -1.0, -1.0)=   -3 ( -1.0, -1.0)=   -3 ( -1.0, -1.0)=   -3 ( -1.0, -1.0)=   -3 ( -1.0, -1.0)=   -3 ( -1.0, -1.0)=   -3 ( -1.0, -1.0)=   -3 ( -1.0, -1.0)=   -3 ( -1.0, -1.0)=   -3 ( -1.0, -1.0)=   -3 ( -1.0, -1.0)=   -3 ( -1.0, -1.0)=   -3 ( -1.0, -1.0)=   -3 ( -1.0, -1.0)=   -3 ( -1.0, -1.0)=   -3 ( -1.0, -1.0)=   -3 ( -1.0, -1.0)=   -3 ( -1.0, -1.0)=   -3 ( -1.0, -1.0)=   -3 ( -1.0, -1.0)=   -3 ( -1.0, -1.0)=   -3 ( -1.0, -1.0)=   -3 ( -1.0, -1.0)=   -3 ( -1.0, -1.0)=   -3 ( -1.0, -1.0)=   -3 ( -1.0, -1.0)=   -3 ( -1.0, -1.0)=   -3 ( -1.0, -1.0)=   -3 ( -1.0, -1.0)=   -3 ( -1.0, -1.0)=   -3 ( -1.0, -1.0)=   -3 ( -1.0, -1.0)=   -3 ( -1.0, -1.0)=   -3 ( -1.0, -1.0)=   -3 ( -1.0, -1.0)=   -3 ( -1.0, -1.0)=   -3 ( -1.0, -1.0)=   -3 ( -1.0, -1.0)=   -3 ( -1.0, -1.0)=   -3 ( -1.0, -1.0)=   -3 ( -1.0, -1.0)=   -3 ( -1.0, -1.0)=   -3 ( -1.0, -1.0)=   -3 ( -1.0, -1.0)=   -3 ( -1.0, -1.0)=   -3 ( -1.0, -1.0)=   -3 ( -1.0, -1.0)=   -3 ( -1.0, -1.0)=   -3 ( -1.0, -1.0)=   -3 ( -1.0, -1.0)=   -3 ( -1.0, -1.0)=   -3 ( -1.0, -1.0)=   -3 ( -1.0, -1.0)=   -3 ( -1.0, -1.0)=   -3 ( -1.0, -1.0)=   -3 ( -1.0, -1.0)=   -3 ( -1.0, -1.0)=   -3 ( -1.0, -1.0)=   -3 ( -1.0, -1.0)=   -3 ( -1.0, -1.0)=   -3 ( -1.0, -1.0)=   -3 ( -1.0, -1.0)=   -3 ( -1.0, -1.0)=   -3 ( -1.0, -1.0)=   -3 ( -1.0, -1.0)=   -3 ( -1.0, -1.0)=   -3 ( -1.0, -1.0)=   -3 ( -1.0, -1.0)=   -3 ( -1.0, -1.0)=   -3 ( -1.0, -1.0)=   -3 ( -1.0, -1.0)=   -3 ( -1.0, -1.0)=   -3 ( -1.0, -1.0)=   -3 ( -1.0, -1.0)=   -3 ( -1.0, -1.0)=   -3 ( -1.0, -1.0)=   -3 ( -1.0, -1.0)=   -3 ( -1.0, -1.0)=   -3 ( -1.0, -1.0)=   -3 ( -1.0, -1.0)=   -3 ( -1.0, -1.0)=   -3 ( -1.0, -1.0)=   -3 ( -1.0, -1.0)=   -3 ( -1.0, -1.0)=   -3 ( -1.0, -1.0)=   -3 ( -1.0, -1.0)=   -3 ( -1.0, -1.0)=   -3 ( -1.0, -1.0)=   -3 ( -1.0, -1.0)=   -3 ( -1.0, -1.0)=   -3 ( -1.0, -1.0)=   -3 ( -1.0, -1.0)=   -3 ( -1.0, -1.0)=   -3 ( -1.0, -1.0)=   -3 ( -1.0, -1.0)=   -3 ( -1.0, -1.0)=   -3 ( -1.0, -1.0)=   -3 ( -1.0, -1.0)=   -3 ( -1.0, -1.0)=   -3 ( -1.0, -1.0)=   -3 ( -1.0, -1.0)=   -3 ( -1.0, -1.0)=   -3 ( -1.0, -1.0)=   -3 ( -1.0, -1.0)=   -3 ( -1.0, -1.0)=   -3 ( -1.0, -1.0)=   -3 ( -1.0, -1.0)=   -3 ( -1.0, -1.0)=   -3 ( -1.0, -1.0)=   -3 ( -1.0, -1.0)=   -3 ( -1.0, -1.0)=   -3 ( -1.0, -1.0)=   -3 ( -1.0, -1.0)=   -3 ( -1.0, -1.0)=   -3 ( -1.0, -1.0)=   -3 ( -1.0, -1.0)=   -3 ( -1.0, -1.0)=   -3 ( -1.0, -1.0)=   -3 ( -1.0, -1.0)=   -3 ( -1.0, -1.0)=   -3 ( -1.0, -1.0)=   -3 ( -1.0, -1.0)=   -3 ( -1.0, -1.0)=   -3 ( -1.0, -1.0)=   -3 ( -1.0, -1.0)=   -3 ( -1.0, -1.0)=   -3 ( -1.0, -1.0)=   -3 ( -1.0, -1.0)=   -3 ( -1.0, -1.0)=   -3 ( -1.0, -1.0)=   -3 ( -1.0, -1.0)=   -3 ( -1.0, -1.0)=   -3 ( -1.0, -1.0)=   -3 ( -1.0, -1.0)=   -3 ( -1.0, -1.0)=   -3 ( -1.0, -1.0)=   -3 ( -1.0, -1.0)=   -3 ( -1.0, -1.0)=   -3 ( -1.0, -1.0)=   -3 ( -1.0, -1.0)=   -3 ( -1.0, -1.0)=   -3 ( -1.0, -1.0)=   -3 ( -1.0, -1.0)=   -3 ( -1.0, -1.0)=   -3 ( -1.0, -1.0)=   -3 ( -1.0, -1.0)=   -3 ( -1.0, -1.0)=   -3 ( -1.0, -1.0)=   -3 ( -1.0, -1.0)=   -3 ( -1.0, -1.0)=   -3 ( -1.0, -1.0)=   -3 ( -1.0, -1.0)=   -3 ( -1.0, -1.0)=   -3 ( -1.0, -1.0)=   -3 ( -1.0, -1.0)=   -3 ( -1.0, -1.0)=   -3 ( -1.0, -1.0)=   -3 ( -1.0, -1.0)=   -3 ( -1.0, -1.0)=   -3 ( -1.0, -1.0)=   -3 ( -1.0, -1.0)=   -3 ( -1.0, -1.0)=   -3 ( -1.0, -1.0)=   -3 ( -1.0, -1.0)=   -3 ( -1.0, -1.0)=   -3 ( -1.0, -1.0)=   -3 ( -1.0, -1.0)=   -3 ( -1.0, -1.0)=   -3 ( -1.0, -1.0)=   -3 ( -1.0, -1.0)=   -3 ( -1.0, -1.0)=   -3 ( -1.0, -1.0)=   -3 ( -1.0, -1.0)=   -3 ( -1.0, -1.0)=   -3 ( -1.0, -1.0)=   -3 ( -1.0, -1.0)=   -3 ( -1.0, -1.0)=   -3 ( -1.0, -1.0)=   -3 ( -1.0, -1.0)=   -3 ( -1.0, -1.0)=   -3 ( -1.0, -1.0)=   -3 ( -1.0, -1.0)=   -3 ( -1.0, -1.0)=   -3 ( -1.0, -1.0)=   -3 ( -1.0, -1.0)=   -3 ( -1.0, -1.0)=   -3 ( -1.0, -1.0)=   -3 ( -1.0, -1.0)=   -3 ( -1.0, -1.0)=   -3 ( -1.0, -1.0)=   -3 ( -1.0, -1.0)=   -3 ( -1.0, -1.0)=   -3 ( -1.0, -1.0)=   -3 ( -1.0, -1.0)=   -3 ( -1.0, -1.0)=   -3 ( -1.0, -1.0)=   -3 ( -1.0, -1.0)=   -3 ( -1.0, -1.0)=   -3 ( -1.0, -1.0)=   -3 ( -1.0, -1.0)=   -3 ( -1.0, -1.0)=   -3 ( -1.0, -1.0)=   -3 ( -1.0, -1.0)=   -3 ( -1.0, -1.0)=   -3 ( -1.0, -1.0)=   -3 ( -1.0, -1.0)=   -3 ( -1.0, -1.0)=   -3 ( -1.0, -1.0)=   -3 ( -1.0, -1.0)=   -3 ( -1.0, -1.0)=   -3 ( -1.0, -1.0)=   -3 ( -1.0, -1.0)=   -3 ( -1.0, -1.0)=   -3 ( -1.0, -1.0)=   -3 ( -1.0, -1.0)=   -3 ( -1.0, -1.0)=   -3 ( -1.0, -1.0)=   -3 ( -1.0, -1.0)=   -3 ( -1.0, -1.0)=   -3 ( -1.0, -1.0)=   -3 ( -1.0, -1.0)=   -3 ( -1.0, -1.0)=   -3 ( -1.0, -1.0)=   -3 ( -1.0, -1.0)=   -3 ( -1.0, -1.0)=   -3 ( -1.0, -1.0)=   -3 ( -1.0, -1.0)=   -3 ( -1.0, -1.0)=   -3 ( -1.0, -1.0)=   -3 ( -1.0, -1.0)=   -3 ( -1.0, -1.0)=   -3 ( -1.0, -1.0)=   -3 ( -1.0, -1.0)=   -3 ( -1.0, -1.0)=   -3 ( -1.0, -1.0)=   -3 ( -1.0, -1.0)=   -3 ( -1.0, -1.0)=   -3 ( -1.0, -1.0)=   -3 ( -1.0, -1.0)=   -3 ( -1.0, -1.0)=   -3 ( -1.0, -1.0)=   -3 ( -1.0, -1.0)=   -3 ( -1.0, -1.0)=   -3 ( -1.0, -1.0)=   -3 ( -1.0, -1.0)=   -3 ( -1.0, -1.0)=   -3 ( -1.0, -1.0)=   -3 ( -1.0, -1.0)=   -3 ( -1.0, -1.0)=   -3 ( -1.0, -1.0)=   -3 ( -1.0, -1.0)=   -3 ( -1.0, -1.0)=   -3 ( -1.0, -1.0)=   -3 ( -1.0, -1.0)=   -3 ( -1.0, -1.0)=   -3 ( -1.0, -1.0)=   -3 ( -1.0, -1.0)=   -3 ( -1.0, -1.0)=   -3 ( -1.0, -1.0)=   -3 ( -1.0, -1.0)=   -3 ( -1.0, -1.0)=   -3 ( -1.0, -1.0)=   -3 ( -1.0, -1.0)=   -3 ( -1.0, -1.0)=   -3 ( -1.0, -1.0)=   -3 ( -1.0, -1.0)=   -3 ( -1.0, -1.0)=   -3 ( -1.0, -1.0)=   -3 ( -1.0, -1.0)=   -3 ( -1.0, -1.0)=   -3 ( -1.0, -1.0)=   -3 ( -1.0, -1.0)=   -3 
    106 | (319.0,690.0)=14338 (319.3,690.3)=    0 (320.0,690.7)=    0 (320.3,690.6)=    0 (320.8,690.6)=    0 (321.3,690.7)=    0 (321.8,690.4)=    0 (322.0,690.6)=    0 (322.4,691.0)=    0 (322.9,691.1)=    0 (323.4,691.4)=    0 (323.7,691.3)=    0 (324.3,691.1)=    0 (324.8,690.9)=    0 (325.3,690.7)=    0 (325.5,690.3)=    0 (325.8,689.7)=    0 (326.4,689.5)=    0 (326.4,688.9)=    0 (326.5,688.3)=    0 (326.4,688.2)=    0 (326.3,688.1)=    0 (326.4,687.8)=    0 (326.6,687.8)=    0 (326.7,687.8)=    0 (326.8,687.8)=    0 (327.0,687.5)=    0 (327.3,687.5)=    0 (328.0,687.8)=    0 (328.5,687.7)=    0 (329.1,687.8)=    0 (329.9,687.7)=    0 (330.8,687.6)=    0 (331.7,687.7)=    0 (332.5,687.8)=    0 (333.0,687.9)=    0 (333.5,688.1)=    0 (334.1,688.2)=    0 (334.4,688.4)=    0 (334.9,688.5)=    0 (335.4,688.5)=    0 (335.8,688.7)=    0 (336.2,688.9)=    0 (336.7,689.2)=    0 (337.0,689.4)=    0 (337.5,689.3)=    0 (338.1,689.4)=    0 (338.4,689.3)=    0 (338.7,689.6)=    0 (339.4,689.9)=    0 (339.4,690.3)=    0 (339.6,690.8)=    0 (339.9,691.0)=    0 (340.2,691.5)=    0 (340.6,691.4)=    0 (341.2,691.5)=    0 (341.6,691.4)=    0 (341.9,691.4)=    0 (342.1,691.2)=    0 (342.1,690.5)=    0 (342.2,690.7)=    0 (342.5,690.7)=    0 (342.7,690.6)=    0 (343.0,690.7)=    0 (343.3,690.7)=    0 (343.5,690.5)=    0 (343.5,690.6)=    0 (343.9,691.0)=    0 (344.3,691.1)=    0 (344.5,691.3)=    0 (344.8,691.7)=    0 (345.1,692.0)=    0 (345.6,692.2)=    0 (346.1,692.2)=    0 (346.6,692.1)=    0 (347.2,691.9)=    0 (347.7,691.7)=    0 (348.2,691.7)=    0 (348.8,692.0)=    0 (349.4,692.2)=    0 (349.6,692.4)=    0 (350.1,692.8)=    0 (350.6,692.8)=    0 (350.9,692.8)=    0 (351.1,693.0)=    0 (351.4,693.1)=    0 (351.8,692.9)=    0 (352.2,693.0)=    0 (352.5,693.2)=    0 (352.9,693.2)=    0 (353.3,693.1)=    0 (353.8,693.1)=    0 (354.2,693.1)=    0 (354.7,692.9)=    0 (355.2,692.7)=    0 (355.4,692.8)=    0 (355.6,693.0)=    0 (355.9,693.2)=    0 (356.2,693.5)=    0 (356.5,693.8)=    0 (357.0,694.2)=    0 (357.3,694.3)=    0 (357.8,694.5)=    0 (358.3,694.8)=    0 (358.8,695.0)=    0 (359.2,695.4)=    0 (359.7,695.9)=    0 (360.2,696.2)=    0 (360.7,696.4)=    0 (361.3,696.7)=    0 (361.9,697.1)=    0 (362.3,697.3)=    0 (362.9,697.6)=    0 (363.6,698.3)=    0 (364.4,699.0)=    0 (365.1,699.2)=    0 (365.9,699.6)=    0 (366.4,699.7)=    0 (366.9,699.5)=    0 (367.4,699.5)=    0 (368.1,699.8)=    0 (368.8,699.8)=    0 (369.5,700.0)=    0 (370.2,700.2)=    0 (371.2,700.4)=    0 (372.4,700.6)=    0 (372.7,700.6)=    0 (373.6,700.5)=    0 (374.3,700.3)=    0 (374.8,700.2)=    0 (375.2,700.1)=    0 (375.7,700.2)=    0 (376.2,700.2)=    0 (376.7,700.3)=    0 (376.9,700.0)=    0 (377.4,699.7)=    0 (377.6,699.4)=    0 (378.1,699.1)=    0 (378.5,698.9)=    0 (379.3,698.9)=    0 (380.0,698.9)=    0 (380.6,698.9)=    0 (381.3,698.9)=    0 (381.7,698.9)=    0 (382.5,699.2)=    0 (383.3,699.2)=    0 (384.1,698.9)=    0 (385.1,699.4)=    0 (386.0,700.0)=    0 (386.8,700.5)=    0 (387.8,701.3)=    0 (388.4,701.8)=    0 (389.2,702.3)=    0 (390.0,702.8)=    0 (390.6,703.4)=    0 (391.4,704.2)=    0 (392.4,704.9)=    0 (393.3,705.6)=    0 (394.1,706.7)=    0 (394.8,707.2)=    0 (395.4,707.7)=    0 (395.6,707.7)=    0 (395.8,707.5)=    0 (395.8,707.4)=    0 (396.1,707.5)=    0 (396.3,707.5)=    0 (396.6,708.0)=    0 (397.1,708.2)=    0 (397.2,708.4)=    0 (397.7,708.8)=    0 (398.0,709.0)=    0 (398.3,709.2)=    0 (398.7,709.4)=    0 (399.4,709.8)=    0 (399.9,710.4)=    0 (400.3,711.0)=    0 (401.1,711.6)=    0 (401.6,711.9)=    0 (402.1,712.4)=    0 (402.5,712.6)=    0 (402.8,712.6)=    0 (403.2,713.1)=    0 (403.6,713.3)=    0 (403.8,713.6)=    0 (404.1,713.9)=    0 (404.2,714.2)=    0 (404.4,714.2)=    0 (404.7,714.4)=    0 (404.9,714.5)=    0 (405.2,714.7)=    0 (405.4,714.7)=    0 (405.6,714.9)=    0 (405.9,715.0)=    0 (406.2,715.0)=    0 (406.7,715.1)=    0 (407.0,715.1)=    0 (407.4,715.0)=    0 (407.6,715.1)=    0 (407.9,715.2)=    0 (408.3,715.3)=    0 (408.5,715.7)=    0 (408.5,715.7)=    0 (408.6,715.8)=    0 (408.8,716.0)=    0 (409.1,716.0)=    0 (409.3,716.0)=    0 (409.3,716.2)=    0 (409.6,716.3)=    0 (409.7,716.5)=    0 (410.0,716.6)=    0 (410.3,716.8)=    0 (410.7,717.1)=    0 (411.0,717.2)=    0 (411.4,717.0)=    0 (411.7,716.9)=    0 (412.2,717.2)=    0 (412.4,717.1)=    0 (413.2,717.2)=    0 (413.5,717.5)=    0 (413.7,717.5)=    0 (414.5,717.6)=    0 (414.7,717.4)=    0 (415.2,717.5)=    0 (415.4,717.2)=    0 (415.7,717.3)=    0 (416.0,717.4)=    0 (416.2,717.7)=    0 (416.3,717.8)=    0 (416.8,718.0)=    0 (417.1,717.8)=    0 (417.2,717.8)=    0 (417.3,717.6)=    0 (417.8,717.4)=    0 (418.2,717.7)=    0 (418.7,718.0)=    0 (419.3,717.9)=    0 (419.8,718.2)=    0 (420.3,718.3)=    0 (420.9,718.3)=    0 (421.6,718.4)=    0 (422.3,718.4)=    0 (423.0,718.3)=    0 (423.4,718.2)=    0 (423.6,718.5)=    0 (424.2,718.6)=    0 (424.7,718.9)=    0 (425.1,719.1)=    0 (425.8,719.1)=    0 (426.4,719.2)=    0 (426.7,719.4)=    0 (427.2,719.4)=    0 (428.2,719.9)=    0 (428.8,719.9)=    0 (429.5,720.1)=    0 (430.0,720.2)=    0 (430.8,720.2)=    0 (431.3,720.3)=    0 (432.0,720.3)=    0 (432.5,720.4)=    0 (433.0,720.4)=    0 (433.7,720.3)=    0 (434.4,720.5)=    0 (435.1,720.6)=    0 (435.7,720.6)=    0 (436.5,720.5)=    0 (437.3,720.2)=    0 (437.9,720.2)=    0 (438.6,719.7)=    0 (439.5,719.6)=    0 (440.0,719.4)=    0 (440.5,719.4)=    0 (441.1,719.8)=    0 (441.6,720.0)=    0 (442.0,720.1)=    0 (442.4,719.9)=    0 (442.9,719.9)=    0 (443.6,719.8)=    0 (444.6,719.8)=    0 (445.4,719.8)=    0 (446.4,720.1)=    0 (447.3,720.2)=    0 
    107 | (193.0,542.0)=14079 (193.4,542.3)=    0 (194.0,542.5)=    0 (194.4,542.4)=    0 (194.7,542.3)=    0 (195.2,542.3)=    0 (195.7,542.2)=    0 (196.0,542.2)=    0 (196.4,542.4)=    0 (196.8,542.4)=    0 (197.4,542.5)=    0 (197.6,542.5)=    0 (198.1,542.2)=    0 (198.5,541.9)=    0 (198.9,541.7)=    0 (199.3,541.2)=    0 (199.6,540.8)=    0 (200.1,540.5)=    0 (200.3,540.0)=    0 (200.3,539.6)=    0 (200.3,539.6)=    0 (200.3,539.4)=    0 (200.4,539.2)=    0 (200.7,539.0)=    0 (200.8,538.8)=    0 (201.1,538.8)=    0 (201.4,538.7)=    0 (201.8,538.6)=    0 (202.3,538.6)=    0 (202.9,538.6)=    0 (203.5,538.5)=    0 (204.2,538.4)=    0 (205.1,538.2)=    0 (205.8,538.2)=    0 (206.6,538.2)=    0 (207.1,538.3)=    0 (207.7,538.5)=    0 (208.2,538.5)=    0 (208.7,538.7)=    0 (209.3,538.7)=    0 (209.8,538.6)=    0 (210.3,538.8)=    0 (210.6,538.9)=    0 (211.1,539.1)=    0 (211.6,539.4)=    0 (212.1,539.3)=    0 (212.6,539.3)=    0 (212.9,539.3)=    0 (213.3,539.3)=    0 (213.7,539.5)=    0 (213.8,539.9)=    0 (214.0,540.3)=    0 (214.4,540.5)=    0 (214.6,540.8)=    0 (215.2,540.8)=    0 (215.7,540.7)=    0 (216.0,540.6)=    0 (216.3,540.6)=    0 (216.5,540.5)=    0 (216.6,540.1)=    0 (216.9,540.3)=    0 (217.2,540.3)=    0 (217.4,540.1)=    0 (217.6,540.1)=    0 (217.8,540.1)=    0 (217.8,539.8)=    0 (218.1,539.8)=    0 (218.4,540.1)=    0 (218.6,540.1)=    0 (218.9,540.5)=    0 (219.2,540.7)=    0 (219.6,540.9)=    0 (220.2,541.1)=    0 (220.6,541.0)=    0 (221.1,540.9)=    0 (221.6,540.8)=    0 (222.1,540.7)=    0 (222.5,540.6)=    0 (223.0,540.8)=    0 (223.5,540.9)=    0 (223.8,541.1)=    0 (224.3,541.4)=    0 (224.7,541.4)=    0 (225.0,541.4)=    0 (225.3,541.5)=    0 (225.6,541.6)=    0 (225.9,541.4)=    0 (226.2,541.4)=    0 (226.4,541.6)=    0 (226.6,541.5)=    0 (226.9,541.6)=    0 (227.6,541.5)=    0 (227.9,541.4)=    0 (228.5,541.3)=    0 (228.8,541.1)=    0 (228.9,541.2)=    0 (229.3,541.3)=    0 (229.5,541.6)=    0 (229.9,542.0)=    0 (230.2,542.2)=    0 (230.7,542.4)=    0 (231.2,542.6)=    0 (231.5,542.8)=    0 (231.9,543.0)=    0 (232.5,543.2)=    0 (232.7,543.5)=    0 (233.2,543.8)=    0 (233.8,544.0)=    0 (234.3,544.2)=    0 (235.0,544.5)=    0 (235.5,544.7)=    0 (235.9,544.9)=    0 (236.4,545.2)=    0 (237.0,545.6)=    0 (237.6,546.1)=    0 (238.3,546.3)=    0 (239.0,546.6)=    0 (239.5,546.6)=    0 (240.1,546.5)=    0 (240.5,546.5)=    0 (241.1,546.5)=    0 (241.9,546.5)=    0 (242.5,546.6)=    0 (243.3,546.8)=    0 (244.3,546.7)=    0 (245.0,546.7)=    0 (245.5,546.7)=    0 (246.3,546.5)=    0 (247.0,546.4)=    0 (247.6,546.3)=    0 (248.0,546.3)=    0 (248.5,546.3)=    0 (249.0,546.2)=    0 (249.5,546.2)=    0 (249.7,545.9)=    0 (250.1,545.5)=    0 (250.4,545.1)=    0 (250.9,544.9)=    0 (251.5,544.6)=    0 (252.1,544.4)=    0 (252.7,544.3)=    0 (253.2,544.4)=    0 (254.0,544.3)=    0 (254.5,544.3)=    0 (255.2,544.4)=    0 (256.0,544.4)=    0 (256.8,544.2)=    0 (257.7,544.4)=    0 (258.4,544.9)=    0 (259.2,545.4)=    0 (260.2,546.0)=    0 (260.9,546.4)=    0 (261.6,546.7)=    0 (262.3,547.2)=    0 (263.1,547.7)=    0 (264.0,548.4)=    0 (264.9,549.1)=    0 (265.7,549.6)=    0 (266.5,550.5)=    0 (267.2,551.0)=    0 (267.7,551.3)=    0 (268.1,551.3)=    0 (268.3,551.3)=    0 (268.4,551.0)=    0 (268.5,551.0)=    0 (269.0,551.0)=    0 (269.4,551.3)=    0 (269.7,551.6)=    0 (270.0,551.7)=    0 (270.5,552.0)=    0 (270.8,552.1)=    0 (271.3,552.3)=    0 (271.7,552.5)=    0 (272.3,552.8)=    0 (272.8,553.2)=    0 (273.3,553.6)=    0 (273.8,554.2)=    0 (274.4,554.5)=    0 (274.8,554.8)=    0 (275.3,555.1)=    0 (275.6,555.0)=    0 (275.8,555.3)=    0 (276.2,555.3)=    0 (276.5,555.3)=    0 (276.7,555.5)=    0 (277.0,555.8)=    0 (277.2,555.8)=    0 (277.4,556.0)=    0 (277.6,556.2)=    0 (277.8,556.4)=    0 (278.1,556.3)=    0 (278.2,556.5)=    0 (278.5,556.5)=    0 (279.0,556.5)=    0 (279.2,556.5)=    0 (279.6,556.5)=    0 (280.0,556.4)=    0 (280.3,556.4)=    0 (280.5,556.4)=    0 (280.7,556.6)=    0 (280.7,556.9)=    0 (280.8,556.9)=    0 (281.0,556.9)=    0 (281.1,557.0)=    0 (281.4,557.0)=    0 (281.6,557.1)=    0 (281.6,557.3)=    0 (281.7,557.4)=    0 (282.0,557.5)=    0 (282.3,557.7)=    0 (282.6,557.8)=    0 (282.9,557.9)=    0 (283.2,558.1)=    0 (283.7,558.0)=    0 (284.0,557.8)=    0 (284.4,557.9)=    0 (284.9,557.9)=    0 (285.4,557.9)=    0 (285.7,558.1)=    0 (285.9,558.1)=    0 (286.5,558.2)=    0 (286.8,558.1)=    0 (287.2,558.1)=    0 (287.4,557.8)=    0 (287.7,557.9)=    0 (288.0,558.0)=    0 (288.1,558.2)=    0 (288.5,558.4)=    0 (288.8,558.4)=    0 (289.1,558.4)=    0 (289.2,558.3)=    0 (289.5,558.3)=    0 (290.0,558.0)=    0 (290.4,558.3)=    0 (290.9,558.5)=    0 (291.4,558.4)=    0 (291.9,558.5)=    0 (292.3,558.5)=    0 (292.8,558.5)=    0 (293.3,558.5)=    0 (294.1,558.5)=    0 (294.7,558.4)=    0 (294.9,558.5)=    0 (295.4,558.6)=    0 (296.0,558.6)=    0 (296.3,558.8)=    0 (296.9,558.9)=    0 (297.5,558.9)=    0 (297.9,558.9)=    0 (298.4,559.1)=    0 (299.0,559.2)=    0 (299.7,559.4)=    0 (300.3,559.4)=    0 (300.8,559.4)=    0 (301.4,559.4)=    0 (302.1,559.4)=    0 (302.7,559.4)=    0 (303.4,559.4)=    0 (303.8,559.4)=    0 (304.3,559.4)=    0 (304.9,559.3)=    0 (305.7,559.3)=    0 (306.4,559.3)=    0 (307.0,559.2)=    0 (307.6,559.1)=    0 (308.1,558.8)=    0 (308.9,558.5)=    0 (309.4,558.0)=    0 (310.1,558.0)=    0 (310.6,557.8)=    0 (310.9,557.7)=    0 (311.5,557.7)=    0 (312.0,557.7)=    0 (312.5,557.7)=    0 (312.9,557.7)=    0 (313.5,557.5)=    0 (314.3,557.4)=    0 (315.0,557.4)=    0 (315.7,557.4)=    0 (316.8,557.3)=    0 (317.7,557.3)=    0 
    108 | (243.0,243.0)=14015 (243.5,243.0)=    0 (244.0,243.3)=    0 (244.5,243.3)=    0 (245.0,243.1)=    0 (245.6,243.2)=    0 (246.0,243.2)=    0 (246.5,243.2)=    0 (246.8,243.4)=    0 (247.5,243.4)=    0 (248.0,243.5)=    0 (248.5,243.5)=    0 (249.0,243.2)=    0 (249.8,242.9)=    0 (250.0,242.6)=    0 (250.8,242.3)=    0 (251.1,241.7)=    0 (251.5,241.4)=    0 (251.8,241.2)=    0 (251.8,240.6)=    0 (251.8,240.5)=    0 (251.9,240.4)=    0 (252.3,240.1)=    0 (252.6,239.8)=    0 (252.8,239.6)=    0 (253.0,239.6)=    0 (253.3,239.5)=    0 (253.8,239.3)=    0 (254.6,239.3)=    0 (255.4,239.0)=    0 (256.1,239.0)=    0 (256.9,238.8)=    0 (257.9,238.5)=    0 (258.8,238.5)=    0 (259.7,238.8)=    0 (260.1,238.9)=    0 (260.7,239.2)=    0 (261.0,239.3)=    0 (261.8,239.5)=    0 (262.2,239.7)=    0 (262.9,239.9)=    0 (263.3,239.9)=    0 (263.8,240.0)=    0 (264.3,240.2)=    0 (264.9,240.6)=    0 (265.3,240.6)=    0 (266.0,240.6)=    0 (266.6,240.5)=    0 (266.8,240.8)=    0 (267.5,241.1)=    0 (267.6,241.2)=    0 (267.9,241.6)=    0 (268.2,241.9)=    0 (268.7,242.1)=    0 (269.2,242.5)=    0 (269.7,242.4)=    0 (270.0,242.0)=    0 (270.5,241.9)=    0 (270.7,242.0)=    0 (270.7,242.4)=    0 (270.9,242.4)=    0 (271.0,242.7)=    0 (271.5,242.7)=    0 (271.8,242.4)=    0 (272.0,242.4)=    0 (272.1,242.0)=    0 (272.4,241.9)=    0 (272.8,242.3)=    0 (272.9,242.4)=    0 (273.1,242.7)=    0 (273.7,243.0)=    0 (273.8,243.2)=    0 (274.4,243.4)=    0 (274.7,243.4)=    0 (275.2,243.2)=    0 (275.7,243.0)=    0 (276.3,242.8)=    0 (276.8,242.8)=    0 (277.4,243.1)=    0 (277.9,243.3)=    0 (278.1,243.4)=    0 (278.7,243.7)=    0 (279.0,243.9)=    0 (279.5,243.8)=    0 (280.0,244.2)=    0 (280.5,245.3)=    0 (281.0,245.3)=    0 (281.2,245.3)=    0 (281.2,245.4)=    0 (281.5,245.4)=    0 (282.0,245.4)=    0 (282.4,245.1)=    0 (282.8,245.1)=    0 (283.3,245.0)=    0 (283.7,244.7)=    0 (284.0,244.8)=    0 (284.4,244.8)=    0 (284.7,245.1)=    0 (285.1,245.8)=    0 (285.3,246.1)=    0 (285.8,246.3)=    0 (286.4,246.5)=    0 (286.9,246.8)=    0 (287.2,247.1)=    0 (288.0,247.6)=    0 (288.3,247.6)=    0 (288.8,247.8)=    0 (289.5,248.0)=    0 (290.0,248.3)=    0 (290.8,248.5)=    0 (291.3,248.8)=    0 (291.7,248.9)=    0 (292.2,249.1)=    0 (292.9,249.4)=    0 (293.7,249.8)=    0 (294.4,250.1)=    0 (295.2,250.4)=    0 (295.8,250.6)=    0 (296.5,250.4)=    0 (297.2,250.2)=    0 (297.7,250.2)=    0 (298.4,250.2)=    0 (299.2,250.2)=    0 (300.0,250.2)=    0 (301.2,250.3)=    0 (302.1,250.1)=    0 (302.7,250.1)=    0 (303.5,250.0)=    0 (304.2,249.9)=    0 (304.8,249.9)=    0 (305.4,250.0)=    0 (305.9,250.0)=    0 (306.4,250.0)=    0 (306.8,249.5)=    0 (307.3,249.5)=    0 (307.6,249.1)=    0 (308.0,248.5)=    0 (308.6,248.1)=    0 (309.3,247.9)=    0 (310.0,247.6)=    0 (310.6,247.3)=    0 (311.3,247.3)=    0 (312.0,247.6)=    0 (312.6,247.5)=    0 (313.4,247.5)=    0 (314.4,247.5)=    0 (315.1,247.3)=    0 (316.2,247.3)=    0 (317.2,248.1)=    0 (318.1,248.6)=    0 (319.0,249.3)=    0 (319.8,249.7)=    0 (320.8,250.0)=    0 (321.6,250.7)=    0 (322.4,251.3)=    0 (323.5,252.1)=    0 (324.5,253.1)=    0 (325.3,253.5)=    0 (326.3,254.3)=    0 (327.3,255.4)=    0 (327.5,255.6)=    0 (327.7,255.8)=    0 (328.4,255.7)=    0 (328.4,255.3)=    0 (328.6,255.3)=    0 (328.9,255.4)=    0 (329.4,255.5)=    0 (330.1,256.1)=    0 (330.3,256.2)=    0 (330.7,256.4)=    0 (331.1,256.6)=    0 (331.6,256.9)=    0 (332.2,257.1)=    0 (332.9,257.4)=    0 (333.4,257.6)=    0 (333.9,257.9)=    0 (334.6,258.6)=    0 (335.2,259.1)=    0 (335.6,259.3)=    0 (336.2,259.6)=    0 (336.6,259.5)=    0 (337.0,259.6)=    0 (337.5,259.7)=    0 (337.8,259.8)=    0 (338.1,260.0)=    0 (338.4,260.3)=    0 (338.6,260.4)=    0 (339.1,260.5)=    0 (339.4,260.4)=    0 (339.6,260.6)=    0 (339.8,260.6)=    0 (340.1,260.9)=    0 (340.4,260.9)=    0 (340.9,261.0)=    0 (341.2,260.9)=    0 (341.7,260.9)=    0 (342.0,260.7)=    0 (342.2,260.7)=    0 (342.5,260.9)=    0 (342.9,260.9)=    0 (343.1,261.1)=    0 (343.2,261.4)=    0 (343.4,261.4)=    0 (343.6,261.4)=    0 (343.9,261.4)=    0 (344.1,261.4)=    0 (344.3,261.6)=    0 (344.4,261.9)=    0 (344.7,262.0)=    0 (344.9,262.3)=    0 (345.2,262.5)=    0 (345.7,262.7)=    0 (345.9,262.7)=    0 (346.5,262.6)=    0 (347.0,262.4)=    0 (347.3,262.2)=    0 (347.7,262.3)=    0 (348.2,262.4)=    0 (348.7,262.6)=    0 (349.0,262.4)=    0 (349.6,262.5)=    0 (349.9,262.4)=    0 (350.3,262.3)=    0 (350.6,262.1)=    0 (350.9,262.1)=    0 (351.2,262.4)=    0 (351.5,262.4)=    0 (351.8,262.8)=    0 (352.1,262.8)=    0 (352.7,262.6)=    0 (352.9,262.6)=    0 (353.1,262.7)=    0 (353.5,262.7)=    0 (354.0,262.8)=    0 (354.5,263.2)=    0 (355.0,263.3)=    0 (355.6,263.2)=    0 (356.1,263.5)=    0 (356.7,263.2)=    0 (357.5,263.2)=    0 (358.2,263.2)=    0 (358.9,263.1)=    0 (359.2,262.8)=    0 (359.5,263.2)=    0 (360.1,263.5)=    0 (360.6,263.5)=    0 (361.1,263.7)=    0 (362.0,263.5)=    0 (362.5,263.4)=    0 (363.0,263.7)=    0 (363.6,263.7)=    0 (364.5,263.9)=    0 (365.0,264.0)=    0 (365.8,263.9)=    0 (366.6,263.9)=    0 (367.4,263.9)=    0 (368.0,263.9)=    0 (368.6,263.8)=    0 (369.2,263.7)=    0 (369.7,263.6)=    0 (370.5,263.5)=    0 (371.3,263.4)=    0 (372.0,263.3)=    0 (372.7,263.3)=    0 (373.5,263.1)=    0 (374.2,262.5)=    0 (374.8,262.3)=    0 (375.4,261.6)=    0 (376.2,261.4)=    0 (376.7,261.4)=    0 (377.2,261.2)=    0 (377.8,261.0)=    0 (378.4,260.9)=    0 (378.9,260.9)=    0 (379.2,260.8)=    0 (379.7,260.7)=    0 (380.6,260.6)=    0 (381.6,260.3)=    0 (382.3,260.2)=    0 (383.5,260.1)=    0 (384.4,260.0)=    0 
    109 | (246.0,676.0)=13950 (246.4,676.3)=    0 (247.1,676.5)=    0 (247.3,676.4)=    0 (247.8,676.4)=    0 (248.3,676.4)=    0 (248.8,676.2)=    0 (249.1,676.3)=    0 (249.4,676.5)=    0 (249.8,676.6)=    0 (250.3,676.8)=    0 (250.6,676.8)=    0 (251.1,676.7)=    0 (251.6,676.2)=    0 (251.9,676.1)=    0 (252.3,675.7)=    0 (252.7,675.2)=    0 (253.0,674.9)=    0 (253.2,674.3)=    0 (253.3,673.8)=    0 (253.3,673.6)=    0 (253.2,673.4)=    0 (253.2,673.1)=    0 (253.5,673.1)=    0 (253.5,673.1)=    0 (253.7,673.0)=    0 (253.8,672.6)=    0 (254.1,672.6)=    0 (254.7,672.7)=    0 (255.2,672.7)=    0 (255.9,672.7)=    0 (256.7,672.5)=    0 (257.6,672.4)=    0 (258.4,672.5)=    0 (259.3,672.6)=    0 (259.9,672.7)=    0 (260.4,672.9)=    0 (260.9,673.0)=    0 (261.3,673.2)=    0 (261.7,673.2)=    0 (262.2,673.2)=    0 (262.7,673.4)=    0 (263.0,673.6)=    0 (263.4,673.8)=    0 (263.9,674.0)=    0 (264.3,673.9)=    0 (264.8,673.8)=    0 (265.1,673.9)=    0 (265.6,674.2)=    0 (266.1,674.4)=    0 (266.1,674.9)=    0 (266.4,675.3)=    0 (266.9,675.4)=    0 (267.2,675.9)=    0 (267.7,675.9)=    0 (268.1,675.7)=    0 (268.4,675.8)=    0 (268.6,675.8)=    0 (268.9,675.5)=    0 (268.9,674.8)=    0 (269.1,675.1)=    0 (269.5,675.3)=    0 (269.8,675.1)=    0 (270.0,675.1)=    0 (270.3,675.1)=    0 (270.3,674.9)=    0 (270.4,675.1)=    0 (270.9,675.2)=    0 (271.1,675.4)=    0 (271.4,675.7)=    0 (271.9,676.1)=    0 (272.2,676.2)=    0 (272.7,676.5)=    0 (273.1,676.4)=    0 (273.5,676.2)=    0 (274.0,676.1)=    0 (274.5,675.8)=    0 (275.0,675.9)=    0 (275.7,676.3)=    0 (276.2,676.3)=    0 (276.4,676.4)=    0 (277.0,676.7)=    0 (277.4,676.8)=    0 (277.6,676.8)=    0 (277.9,677.0)=    0 (278.2,677.0)=    0 (278.6,676.8)=    0 (279.1,677.0)=    0 (279.4,677.2)=    0 (279.6,677.1)=    0 (280.0,677.1)=    0 (280.5,677.0)=    0 (280.9,676.8)=    0 (281.5,676.7)=    0 (281.9,676.6)=    0 (282.1,676.7)=    0 (282.3,676.9)=    0 (282.6,677.1)=    0 (283.0,677.4)=    0 (283.3,677.6)=    0 (283.8,678.0)=    0 (284.3,678.3)=    0 (284.7,678.4)=    0 (284.9,678.7)=    0 (285.5,678.9)=    0 (285.9,679.2)=    0 (286.4,679.7)=    0 (286.9,680.0)=    0 (287.4,680.2)=    0 (288.2,680.6)=    0 (288.7,680.9)=    0 (289.2,681.1)=    0 (289.6,681.4)=    0 (290.1,682.0)=    0 (291.0,682.6)=    0 (291.5,682.7)=    0 (292.3,683.1)=    0 (292.8,683.1)=    0 (293.3,682.8)=    0 (293.8,682.8)=    0 (294.3,683.1)=    0 (295.0,683.1)=    0 (295.7,683.2)=    0 (296.5,683.3)=    0 (297.6,683.4)=    0 (298.5,683.6)=    0 (298.9,683.6)=    0 (299.8,683.3)=    0 (300.5,683.1)=    0 (300.9,683.0)=    0 (301.4,682.8)=    0 (301.8,682.9)=    0 (302.4,682.9)=    0 (302.9,682.8)=    0 (303.2,682.6)=    0 (303.5,682.4)=    0 (303.7,682.0)=    0 (304.3,681.8)=    0 (304.8,681.5)=    0 (305.4,681.3)=    0 (306.1,681.3)=    0 (306.7,681.3)=    0 (307.5,681.4)=    0 (307.9,681.3)=    0 (308.6,681.5)=    0 (309.4,681.4)=    0 (310.3,681.4)=    0 (311.1,681.7)=    0 (311.8,682.1)=    0 (312.8,682.7)=    0 (313.8,683.4)=    0 (314.4,683.9)=    0 (315.2,684.2)=    0 (315.9,684.8)=    0 (316.5,685.3)=    0 (317.4,686.0)=    0 (318.5,686.7)=    0 (319.4,687.6)=    0 (320.1,688.5)=    0 (320.9,689.1)=    0 (321.5,689.4)=    0 (321.8,689.3)=    0 (321.9,689.1)=    0 (321.9,689.0)=    0 (322.1,689.1)=    0 (322.5,689.2)=    0 (322.7,689.4)=    0 (323.2,689.8)=    0 (323.5,690.0)=    0 (323.7,690.3)=    0 (324.0,690.4)=    0 (324.4,690.4)=    0 (324.8,690.7)=    0 (325.5,691.2)=    0 (326.0,691.8)=    0 (326.5,692.2)=    0 (327.0,692.8)=    0 (327.5,693.1)=    0 (328.1,693.6)=    0 (328.6,693.7)=    0 (328.9,694.0)=    0 (329.2,694.3)=    0 (329.5,694.3)=    0 (329.7,694.5)=    0 (329.8,694.8)=    0 (330.1,695.1)=    0 (330.3,695.1)=    0 (330.6,695.3)=    0 (330.8,695.4)=    0 (331.0,695.5)=    0 (331.2,695.5)=    0 (331.4,695.8)=    0 (331.6,695.8)=    0 (332.1,695.8)=    0 (332.5,695.8)=    0 (332.9,695.8)=    0 (333.3,695.7)=    0 (333.4,695.7)=    0 (333.8,695.8)=    0 (334.1,696.1)=    0 (334.1,696.3)=    0 (334.3,696.4)=    0 (334.3,696.4)=    0 (334.5,696.5)=    0 (334.7,696.5)=    0 (334.8,696.6)=    0 (334.9,696.7)=    0 (335.1,696.8)=    0 (335.4,697.1)=    0 (335.6,697.2)=    0 (335.9,697.3)=    0 (336.2,697.3)=    0 (336.5,697.3)=    0 (337.0,697.2)=    0 (337.4,697.3)=    0 (337.8,697.5)=    0 (338.3,697.4)=    0 (338.7,697.4)=    0 (339.1,697.6)=    0 (339.4,697.6)=    0 (339.9,697.7)=    0 (340.2,697.6)=    0 (340.6,697.5)=    0 (340.8,697.3)=    0 (341.0,697.4)=    0 (341.5,697.6)=    0 (341.6,697.8)=    0 (341.8,698.0)=    0 (342.2,698.0)=    0 (342.5,697.7)=    0 (342.7,697.7)=    0 (342.9,697.5)=    0 (343.2,697.3)=    0 (343.7,697.6)=    0 (344.2,697.7)=    0 (344.8,697.8)=    0 (345.4,698.1)=    0 (345.8,698.2)=    0 (346.4,698.1)=    0 (346.9,698.1)=    0 (347.7,698.2)=    0 (348.4,698.1)=    0 (348.7,698.0)=    0 (349.1,698.3)=    0 (349.7,698.3)=    0 (350.0,698.6)=    0 (350.6,698.7)=    0 (351.3,698.6)=    0 (351.7,698.9)=    0 (352.1,699.0)=    0 (352.7,699.1)=    0 (353.5,699.3)=    0 (354.0,699.4)=    0 (354.7,699.6)=    0 (355.2,699.6)=    0 (356.0,699.8)=    0 (356.6,699.7)=    0 (357.2,699.7)=    0 (357.7,699.7)=    0 (358.2,699.7)=    0 (358.9,699.6)=    0 (359.4,699.7)=    0 (360.2,699.7)=    0 (360.8,699.6)=    0 (361.6,699.6)=    0 (362.2,699.3)=    0 (362.9,699.2)=    0 (363.4,698.4)=    0 (364.2,698.5)=    0 (364.8,698.4)=    0 (365.1,698.4)=    0 (365.6,698.4)=    0 (366.2,698.7)=    0 (366.6,698.8)=    0 (366.9,698.7)=    0 (367.5,698.5)=    0 (368.3,698.4)=    0 (369.0,698.3)=    0 (369.8,698.3)=    0 (370.7,698.4)=    0 (371.7,698.4)=    0 
    110 | ( 75.0,140.0)=13692 ( 75.5,140.1)=    0 ( 76.1,140.3)=    0 ( 76.7,140.2)=    0 ( 76.9,139.9)=    0 ( 77.8,140.2)=    0 ( 78.3,140.1)=    0 ( 78.6,140.1)=    0 ( 79.1,140.2)=    0 ( 79.6,140.2)=    0 ( 80.2,140.3)=    0 ( 80.6,140.1)=    0 ( 81.2,139.8)=    0 ( 81.7,139.3)=    0 ( 82.1,139.2)=    0 ( 82.6,138.8)=    0 ( 83.1,138.3)=    0 ( 83.4,137.9)=    0 ( 84.0,137.6)=    0 ( 84.0,137.2)=    0 ( 84.1,137.0)=    0 ( 84.4,136.9)=    0 ( 84.6,136.3)=    0 ( 84.8,136.0)=    0 ( 85.2,135.7)=    0 ( 85.4,135.8)=    0 ( 86.1,135.7)=    0 ( 86.6,135.4)=    0 ( 87.1,135.4)=    0 ( 87.9,135.2)=    0 ( 88.5,135.1)=    0 ( 89.5,135.0)=    0 ( 90.3,134.5)=    0 ( 91.3,134.5)=    0 ( 92.1,135.0)=    0 ( 92.8,135.1)=    0 ( 93.4,135.3)=    0 ( 94.1,135.4)=    0 ( 94.5,135.6)=    0 ( 95.0,136.0)=    0 ( 95.8,136.1)=    0 ( 96.3,136.2)=    0 ( 96.8,136.3)=    0 ( 97.3,136.5)=    0 ( 98.0,136.9)=    0 ( 98.4,137.0)=    0 ( 98.9,137.0)=    0 ( 99.5,136.9)=    0 (100.0,137.1)=    0 (100.5,137.2)=    0 (100.5,137.4)=    0 (100.9,138.1)=    0 (101.5,138.2)=    0 (101.7,138.4)=    0 (102.3,138.6)=    0 (102.8,138.4)=    0 (103.0,138.0)=    0 (103.2,138.0)=    0 (103.8,138.1)=    0 (104.3,138.8)=    0 (104.4,139.0)=    0 (104.6,139.2)=    0 (105.0,139.0)=    0 (105.3,138.6)=    0 (105.3,138.6)=    0 (105.3,138.1)=    0 (105.6,138.1)=    0 (106.0,138.4)=    0 (106.2,138.8)=    0 (106.6,139.2)=    0 (106.9,139.5)=    0 (107.2,139.6)=    0 (107.9,139.7)=    0 (108.4,139.7)=    0 (108.7,139.4)=    0 (109.2,139.4)=    0 (109.8,139.2)=    0 (110.2,139.1)=    0 (110.8,139.3)=    0 (111.3,139.7)=    0 (111.5,140.0)=    0 (112.1,140.2)=    0 (112.6,140.4)=    0 (112.9,140.2)=    0 (113.2,140.3)=    0 (113.4,140.6)=    0 (113.7,140.4)=    0 (114.0,140.4)=    0 (114.2,140.5)=    0 (114.3,140.4)=    0 (114.6,140.2)=    0 (115.2,140.1)=    0 (115.5,139.9)=    0 (116.0,140.1)=    0 (116.4,139.6)=    0 (116.6,139.8)=    0 (116.9,140.1)=    0 (117.3,140.4)=    0 (117.9,140.8)=    0 (118.3,141.4)=    0 (118.7,141.7)=    0 (119.3,142.0)=    0 (119.9,142.2)=    0 (120.4,142.4)=    0 (120.9,142.8)=    0 (121.3,142.9)=    0 (121.8,143.1)=    0 (122.6,143.4)=    0 (123.1,143.5)=    0 (123.8,143.9)=    0 (124.3,144.1)=    0 (124.7,144.5)=    0 (125.2,144.7)=    0 (125.9,144.9)=    0 (126.7,145.2)=    0 (127.5,145.6)=    0 (128.2,145.9)=    0 (128.8,146.1)=    0 (129.6,145.6)=    0 (130.0,145.3)=    0 (130.7,145.4)=    0 (131.4,145.4)=    0 (132.2,145.4)=    0 (133.0,145.6)=    0 (134.1,145.6)=    0 (134.8,145.5)=    0 (135.6,145.3)=    0 (136.3,145.3)=    0 (137.1,145.2)=    0 (137.6,145.2)=    0 (138.4,145.2)=    0 (138.9,145.2)=    0 (139.4,145.2)=    0 (139.8,145.0)=    0 (140.4,144.7)=    0 (140.8,144.3)=    0 (141.1,143.6)=    0 (141.8,143.3)=    0 (142.3,143.1)=    0 (143.1,142.6)=    0 (143.7,142.4)=    0 (144.4,142.5)=    0 (145.1,142.9)=    0 (145.5,142.6)=    0 (146.3,142.7)=    0 (147.1,142.6)=    0 (148.2,142.4)=    0 (149.0,142.5)=    0 ( -1.0, -1.0)=   -3 ( -1.0, -1.0)=   -3 ( -1.0, -1.0)=   -3 ( -1.0, -1.0)=   -3 ( -1.0, -1.0)=   -3 ( -1.0, -1.0)=   -3 ( -1.0, -1.0)=   -3 ( -1.0, -1.0)=   -3 ( -1.0, -1.0)=   -3 ( -1.0, -1.0)=   -3 ( -1.0, -1.0)=   -3 ( -1.0, -1.0)=   -3 ( -1.0, -1.0)=   -3 ( -1.0, -1.0)=   -3 ( -1.0, -1.0)=   -3 ( -1.0, -1.0)=   -3 ( -1.0, -1.0)=   -3 ( -1.0, -1.0)=   -3 ( -1.0, -1.0)=   -3 ( -1.0, -1.0)=   -3 ( -1.0, -1.0)=   -3 ( -1.0, -1.0)=   -3 ( -1.0, -1.0)=   -3 ( -1.0, -1.0)=   -3 ( -1.0, -1.0)=   -3 ( -1.0, -1.0)=   -3 ( -1.0, -1.0)=   -3 ( -1.0, -1.0)=   -3 ( -1.0, -1.0)=   -3 ( -1.0, -1.0)=   -3 ( -1.0, -1.0)=   -3 ( -1.0, -1.0)=   -3 ( -1.0, -1.0)=   -3 ( -1.0, -1.0)=   -3 ( -1.0, -1.0)=   -3 ( -1.0, -1.0)=   -3 ( -1.0, -1.0)=   -3 ( -1.0, -1.0)=   -3 ( -1.0, -1.0)=   -3 ( -1.0, -1.0)=   -3 ( -1.0, -1.0)=   -3 ( -1.0, -1.0)=   -3 ( -1.0, -1.0)=   -3 ( -1.0, -1.0)=   -3 ( -1.0, -1.0)=   -3 ( -1.0, -1.0)=   -3 ( -1.0, -1.0)=   -3 ( -1.0, -1.0)=   -3 ( -1.0, -1.0)=   -3 ( -1.0, -1.0)=   -3 ( -1.0, -1.0)=   -3 ( -1.0, -1.0)=   -3 ( -1.0, -1.0)=   -3 ( -1.0, -1.0)=   -3 ( -1.0, -1.0)=   -3 ( -1.0, -1.0)=   -3 ( -1.0, -1.0)=   -3 ( -1.0, -1.0)=   -3 ( -1.0, -1.0)=   -3 ( -1.0, -1.0)=   -3 ( -1.0, -1.0)=   -3 ( -1.0, -1.0)=   -3 ( -1.0, -1.0)=   -3 ( -1.0, -1.0)=   -3 ( -1.0, -1.0)=   -3 ( -1.0, -1.0)=   -3 ( -1.0, -1.0)=   -3 ( -1.0, -1.0)=   -3 ( -1.0, -1.0)=   -3 ( -1.0, -1.0)=   -3 ( -1.0, -1.0)=   -3 ( -1.0, -1.0)=   -3 ( -1.0, -1.0)=   -3 ( -1.0, -1.0)=   -3 ( -1.0, -1.0)=   -3 ( -1.0, -1.0)=   -3 ( -1.0, -1.0)=   -3 ( -1.0, -1.0)=   -3 ( -1.0, -1.0)=   -3 ( -1.0, -1.0)=   -3 ( -1.0, -1.0)=   -3 ( -1.0, -1.0)=   -3 ( -1.0, -1.0)=   -3 ( -1.0, -1.0)=   -3 ( -1.0, -1.0)=   -3 ( -1.0, -1.0)=   -3 ( -1.0, -1.0)=   -3 ( -1.0, -1.0)=   -3 ( -1.0, -1.0)=   -3 ( -1.0, -1.0)=   -3 ( -1.0, -1.0)=   -3 ( -1.0, -1.0)=   -3 ( -1.0, -1.0)=   -3 ( -1.0, -1.0)=   -3 ( -1.0, -1.0)=   -3 ( -1.0, -1.0)=   -3 ( -1.0, -1.0)=   -3 ( -1.0, -1.0)=   -3 ( -1.0, -1.0)=   -3 ( -1.0, -1.0)=   -3 ( -1.0, -1.0)=   -3 ( -1.0, -1.0)=   -3 ( -1.0, -1.0)=   -3 ( -1.0, -1.0)=   -3 ( -1.0, -1.0)=   -3 ( -1.0, -1.0)=   -3 ( -1.0, -1.0)=   -3 ( -1.0, -1.0)=   -3 ( -1.0, -1.0)=   -3 ( -1.0, -1.0)=   -3 ( -1.0, -1.0)=   -3 ( -1.0, -1.0)=   -3 ( -1.0, -1.0)=   -3 ( -1.0, -1.0)=   -3 ( -1.0, -1.0)=   -3 ( -1.0, -1.0)=   -3 ( -1.0, -1.0)=   -3 ( -1.0, -1.0)=   -3 ( -1.0, -1.0)=   -3 ( -1.0, -1.0)=   -3 ( -1.0, -1.0)=   -3 ( -1.0, -1.0)=   -3 ( -1.0, -1.0)=   -3 ( -1.0, -1.0)=   -3 ( -1.0, -1.0)=   -3 ( -1.0, -1.0)=   -3 ( -1.0, -1.0)=   -3 ( -1.0, -1.0)=   -3 ( -1.0, -1.0)=   -3 ( -1.0, -1.0)=   -3 ( -1.0, -1.0)=   -3 ( -1.0, -1.0)=   -3 ( -1.0, -1.0)=   -3 
    111 | (168.0,539.0)=13688 (168.4,539.3)=    0 (168.9,539.5)=    0 (169.4,539.4)=    0 (169.8,539.3)=    0 (170.4,539.4)=    0 (170.8,539.2)=    0 (171.1,539.2)=    0 (171.4,539.4)=    0 (171.9,539.4)=    0 (172.3,539.5)=    0 (172.6,539.5)=    0 (173.1,539.3)=    0 (173.7,539.0)=    0 (174.1,538.7)=    0 (174.5,538.3)=    0 (174.7,538.0)=    0 (175.2,537.6)=    0 (175.4,537.1)=    0 (175.4,536.6)=    0 (175.4,536.5)=    0 (175.4,536.3)=    0 (175.5,536.0)=    0 (175.7,535.9)=    0 (175.9,535.7)=    0 (176.2,535.7)=    0 (176.4,535.5)=    0 (176.9,535.5)=    0 (177.4,535.5)=    0 (178.0,535.4)=    0 (178.7,535.4)=    0 (179.4,535.1)=    0 (180.3,534.8)=    0 (181.0,534.9)=    0 (181.8,535.0)=    0 (182.4,535.1)=    0 (182.9,535.3)=    0 (183.4,535.3)=    0 (184.0,535.4)=    0 (184.4,535.4)=    0 (184.9,535.4)=    0 (185.4,535.5)=    0 (185.7,535.6)=    0 (186.1,535.8)=    0 (186.6,536.0)=    0 (187.1,536.0)=    0 (187.6,535.9)=    0 (187.8,535.9)=    0 (188.4,536.0)=    0 (188.9,536.3)=    0 (188.9,536.6)=    0 (189.2,536.9)=    0 (189.6,537.0)=    0 (189.9,537.4)=    0 (190.5,537.4)=    0 (190.9,537.3)=    0 (191.2,537.2)=    0 (191.5,537.2)=    0 (191.7,537.0)=    0 (192.0,536.6)=    0 (192.2,536.9)=    0 (192.4,537.0)=    0 (192.7,536.8)=    0 (193.0,536.8)=    0 (193.2,536.7)=    0 (193.2,536.5)=    0 (193.3,536.5)=    0 (193.7,536.8)=    0 (193.9,536.9)=    0 (194.2,537.2)=    0 (194.5,537.4)=    0 (194.8,537.6)=    0 (195.4,537.8)=    0 (195.8,537.8)=    0 (196.2,537.6)=    0 (196.6,537.5)=    0 (197.1,537.4)=    0 (197.5,537.3)=    0 (198.2,537.5)=    0 (198.6,537.6)=    0 (198.9,537.8)=    0 (199.3,538.1)=    0 (199.8,538.2)=    0 (200.0,538.2)=    0 (200.3,538.2)=    0 (200.7,538.3)=    0 (201.1,538.2)=    0 (201.3,538.2)=    0 (201.6,538.4)=    0 (202.0,538.3)=    0 (202.3,538.2)=    0 (202.7,538.2)=    0 (203.0,538.0)=    0 (203.5,538.0)=    0 (203.9,537.8)=    0 (204.1,537.9)=    0 (204.4,538.0)=    0 (204.8,538.3)=    0 (205.2,538.7)=    0 (205.4,538.9)=    0 (206.0,539.1)=    0 (206.5,539.3)=    0 (206.8,539.5)=    0 (207.3,539.7)=    0 (207.8,539.9)=    0 (208.0,540.2)=    0 (208.5,540.5)=    0 (209.0,540.7)=    0 (209.5,541.0)=    0 (210.3,541.3)=    0 (210.8,541.5)=    0 (211.1,541.4)=    0 (211.6,541.7)=    0 (212.1,542.2)=    0 (212.8,542.7)=    0 (213.5,542.8)=    0 (214.3,543.0)=    0 (214.8,543.1)=    0 (215.3,542.8)=    0 (215.8,542.9)=    0 (216.3,542.8)=    0 (217.1,542.8)=    0 (217.7,542.9)=    0 (218.5,543.0)=    0 (219.5,543.2)=    0 (220.2,543.1)=    0 (220.6,543.1)=    0 (221.5,542.9)=    0 (222.2,542.8)=    0 (222.7,542.7)=    0 (223.2,542.5)=    0 (223.7,542.5)=    0 (224.2,542.6)=    0 (224.6,542.5)=    0 (225.1,542.3)=    0 (225.4,541.9)=    0 (225.7,541.4)=    0 (226.1,541.3)=    0 (226.5,540.9)=    0 (227.1,540.7)=    0 (227.8,540.7)=    0 (228.3,540.7)=    0 (229.1,540.7)=    0 (229.6,540.7)=    0 (230.4,540.7)=    0 (231.1,540.7)=    0 (231.9,540.5)=    0 (232.7,540.8)=    0 (233.5,541.3)=    0 (234.4,541.8)=    0 (235.4,542.4)=    0 (236.1,542.6)=    0 (236.8,543.0)=    0 (237.6,543.5)=    0 (238.2,543.9)=    0 (239.2,544.7)=    0 (240.1,545.2)=    0 (240.8,545.9)=    0 (241.6,546.6)=    0 (242.3,547.2)=    0 (242.8,547.5)=    0 (243.1,547.5)=    0 (243.4,547.4)=    0 (243.4,547.2)=    0 (243.6,547.2)=    0 (243.9,547.2)=    0 (244.4,547.5)=    0 (244.9,547.7)=    0 (245.1,547.9)=    0 (245.5,548.3)=    0 (246.0,548.3)=    0 (246.3,548.4)=    0 (246.8,548.6)=    0 (247.3,548.9)=    0 (247.8,549.3)=    0 (248.4,549.7)=    0 (248.9,550.3)=    0 (249.4,550.5)=    0 (249.7,550.9)=    0 (250.1,550.9)=    0 (250.5,551.1)=    0 (250.8,551.2)=    0 (251.1,551.4)=    0 (251.3,551.4)=    0 (251.6,551.6)=    0 (251.9,551.9)=    0 (252.2,551.9)=    0 (252.4,552.0)=    0 (252.5,552.1)=    0 (252.7,552.1)=    0 (252.9,552.1)=    0 (253.2,552.4)=    0 (253.5,552.4)=    0 (253.9,552.4)=    0 (254.2,552.4)=    0 (254.5,552.4)=    0 (254.9,552.3)=    0 (255.0,552.4)=    0 (255.4,552.4)=    0 (255.6,552.5)=    0 (255.7,552.8)=    0 (256.0,552.9)=    0 (256.1,552.9)=    0 (256.2,553.0)=    0 (256.5,553.1)=    0 (256.7,553.1)=    0 (256.7,553.3)=    0 (257.0,553.4)=    0 (257.1,553.5)=    0 (257.4,553.7)=    0 (257.7,553.8)=    0 (258.0,553.8)=    0 (258.3,554.0)=    0 (258.9,553.9)=    0 (259.1,553.9)=    0 (259.4,553.9)=    0 (259.9,553.9)=    0 (260.4,553.9)=    0 (260.6,554.1)=    0 (260.9,554.1)=    0 (261.4,554.1)=    0 (261.8,554.0)=    0 (262.1,554.0)=    0 (262.4,553.7)=    0 (262.6,553.8)=    0 (262.9,554.0)=    0 (263.1,554.1)=    0 (263.4,554.3)=    0 (263.6,554.3)=    0 (264.2,554.3)=    0 (264.2,554.3)=    0 (264.5,554.2)=    0 (264.9,554.0)=    0 (265.4,554.3)=    0 (265.8,554.4)=    0 (266.3,554.4)=    0 (266.8,554.4)=    0 (267.3,554.5)=    0 (267.9,554.5)=    0 (268.4,554.5)=    0 (269.1,554.5)=    0 (269.7,554.2)=    0 (270.0,554.3)=    0 (270.4,554.5)=    0 (271.0,554.6)=    0 (271.4,554.8)=    0 (271.9,554.8)=    0 (272.4,554.7)=    0 (272.9,554.8)=    0 (273.4,554.9)=    0 (273.9,555.0)=    0 (274.7,555.2)=    0 (275.3,555.3)=    0 (275.9,555.3)=    0 (276.4,555.3)=    0 (277.2,555.3)=    0 (277.6,555.3)=    0 (278.3,555.2)=    0 (278.8,555.2)=    0 (279.2,555.2)=    0 (280.0,555.1)=    0 (280.6,555.0)=    0 (281.3,555.0)=    0 (281.8,555.0)=    0 (282.5,554.7)=    0 (283.2,554.5)=    0 (283.7,554.3)=    0 (284.5,553.7)=    0 (285.2,553.8)=    0 ( -1.0, -1.0)=   -3 ( -1.0, -1.0)=   -3 ( -1.0, -1.0)=   -3 ( -1.0, -1.0)=   -3 ( -1.0, -1.0)=   -3 ( -1.0, -1.0)=   -3 ( -1.0, -1.0)=   -3 ( -1.0, -1.0)=   -3 ( -1.0, -1.0)=   -3 ( -1.0, -1.0)=   -3 ( -1.0, -1.0)=   -3 ( -1.0, -1.0)=   -3 
    112 | (313.0,663.0)=13591 (313.6,663.4)=    0 (314.1,663.7)=    0 (314.6,663.7)=    0 (315.1,663.7)=    0 (315.5,663.7)=    0 (316.0,663.6)=    0 (316.2,663.6)=    0 (316.6,663.9)=    0 (317.1,664.1)=    0 (317.6,664.2)=    0 (317.8,664.2)=    0 (318.4,664.1)=    0 (318.9,663.8)=    0 (319.3,663.6)=    0 (319.6,663.2)=    0 (319.9,662.7)=    0 (320.5,662.5)=    0 (320.6,661.9)=    0 (320.6,661.4)=    0 (320.6,661.3)=    0 (320.6,661.0)=    0 (320.5,660.8)=    0 (320.8,660.7)=    0 (321.0,660.7)=    0 (321.1,660.7)=    0 (321.3,660.5)=    0 (321.5,660.5)=    0 (322.0,660.5)=    0 (322.6,660.6)=    0 (323.1,660.6)=    0 (324.1,660.6)=    0 (324.9,660.4)=    0 (325.7,660.5)=    0 (326.6,660.6)=    0 (327.1,660.7)=    0 (327.7,660.9)=    0 (328.2,661.1)=    0 (328.7,661.4)=    0 (329.1,661.5)=    0 (329.6,661.5)=    0 (330.0,661.6)=    0 (330.5,661.9)=    0 (331.0,662.2)=    0 (331.3,662.3)=    0 (331.8,662.3)=    0 (332.4,662.4)=    0 (332.7,662.3)=    0 (333.1,662.7)=    0 (333.5,662.9)=    0 (333.6,663.2)=    0 (333.9,663.7)=    0 (334.2,663.9)=    0 (334.5,664.3)=    0 (335.1,664.5)=    0 (335.5,664.3)=    0 (335.9,664.3)=    0 (336.2,664.3)=    0 (336.4,664.0)=    0 (336.4,663.4)=    0 (336.5,663.6)=    0 (336.7,663.7)=    0 (336.9,663.5)=    0 (337.3,663.6)=    0 (337.6,663.6)=    0 (337.7,663.4)=    0 (337.9,663.6)=    0 (338.3,663.8)=    0 (338.5,663.9)=    0 (338.7,664.2)=    0 (339.0,664.4)=    0 (339.5,664.6)=    0 (339.8,664.8)=    0 (340.3,664.9)=    0 (340.8,664.7)=    0 (341.3,664.6)=    0 (341.8,664.5)=    0 (342.3,664.5)=    0 (342.9,664.7)=    0 (343.5,664.8)=    0 (343.8,665.0)=    0 (344.4,665.4)=    0 (344.6,665.4)=    0 (344.8,665.4)=    0 (345.3,665.6)=    0 (345.5,665.8)=    0 (346.0,665.6)=    0 (346.3,665.7)=    0 (346.6,665.9)=    0 (347.0,665.9)=    0 (347.5,665.9)=    0 (347.9,665.8)=    0 (348.4,665.8)=    0 (348.8,665.6)=    0 (349.2,665.5)=    0 (349.5,665.6)=    0 (349.8,665.8)=    0 (350.0,666.0)=    0 (350.4,666.5)=    0 (350.6,666.6)=    0 (351.2,666.9)=    0 (351.4,667.0)=    0 (351.9,667.4)=    0 (352.3,667.7)=    0 (352.8,667.8)=    0 (353.2,668.0)=    0 (353.9,668.7)=    0 (354.2,668.9)=    0 (354.8,669.2)=    0 (355.4,669.6)=    0 (356.0,669.9)=    0 (356.4,670.1)=    0 (356.9,670.5)=    0 (357.6,671.0)=    0 (358.4,671.7)=    0 (359.0,671.8)=    0 (359.9,672.2)=    0 (360.4,672.4)=    0 (360.9,672.1)=    0 (361.3,672.2)=    0 (362.1,672.3)=    0 (362.6,672.3)=    0 (363.3,672.5)=    0 (364.1,672.7)=    0 (365.1,672.8)=    0 (365.9,672.9)=    0 (366.7,673.0)=    0 (367.5,672.8)=    0 (368.2,672.6)=    0 (368.7,672.5)=    0 (369.1,672.5)=    0 (369.6,672.6)=    0 (370.1,672.6)=    0 (370.6,672.6)=    0 (370.8,672.4)=    0 (371.2,672.1)=    0 (371.5,671.7)=    0 (372.2,671.6)=    0 (372.6,671.3)=    0 (373.3,671.1)=    0 (374.1,671.2)=    0 (374.6,671.2)=    0 (375.3,671.3)=    0 (375.7,671.2)=    0 (376.4,671.5)=    0 (377.4,671.6)=    0 (378.2,671.4)=    0 (379.1,671.8)=    0 (379.9,672.3)=    0 (380.9,672.8)=    0 (381.8,673.6)=    0 (382.5,674.1)=    0 (383.3,674.5)=    0 (383.8,674.9)=    0 (384.5,675.5)=    0 (385.5,676.3)=    0 (386.4,676.9)=    0 (387.5,677.8)=    0 (388.2,678.8)=    0 (388.9,679.4)=    0 (389.5,679.8)=    0 (389.6,679.9)=    0 (389.9,679.7)=    0 (390.1,679.6)=    0 (390.2,679.7)=    0 (390.4,679.7)=    0 (390.9,680.0)=    0 (391.3,680.4)=    0 (391.5,680.6)=    0 (391.9,681.0)=    0 (392.2,681.0)=    0 (392.6,681.3)=    0 (393.1,681.5)=    0 (393.7,682.0)=    0 (394.3,682.6)=    0 (394.6,683.0)=    0 (395.3,683.5)=    0 (395.6,683.9)=    0 (396.4,684.5)=    0 (396.6,684.6)=    0 (397.0,684.6)=    0 (397.4,684.9)=    0 (397.7,685.2)=    0 (397.9,685.3)=    0 (398.2,685.6)=    0 (398.4,686.0)=    0 (398.5,686.0)=    0 (399.0,686.2)=    0 (399.2,686.4)=    0 (399.4,686.5)=    0 (399.6,686.5)=    0 (399.8,686.7)=    0 (400.0,686.8)=    0 (400.5,686.9)=    0 (400.9,686.9)=    0 (401.3,686.9)=    0 (401.6,686.9)=    0 (401.8,687.0)=    0 (402.3,687.2)=    0 (402.4,687.3)=    0 (402.7,687.6)=    0 (402.6,687.7)=    0 (402.9,687.7)=    0 (403.0,687.8)=    0 (403.3,687.8)=    0 (403.5,687.9)=    0 (403.5,688.0)=    0 (403.7,688.1)=    0 (404.0,688.4)=    0 (404.4,688.6)=    0 (404.5,688.7)=    0 (404.7,688.7)=    0 (405.1,688.9)=    0 (405.7,688.7)=    0 (406.0,688.7)=    0 (406.3,688.9)=    0 (406.7,688.8)=    0 (407.3,688.9)=    0 (407.5,689.2)=    0 (408.1,689.3)=    0 (408.8,689.4)=    0 (408.9,689.2)=    0 (409.5,689.3)=    0 (409.7,689.1)=    0 (410.0,689.1)=    0 (410.3,689.3)=    0 (410.4,689.4)=    0 (410.7,689.7)=    0 (410.9,689.7)=    0 (411.2,689.7)=    0 (411.5,689.7)=    0 (411.7,689.6)=    0 (411.9,689.3)=    0 (412.6,689.7)=    0 (413.1,689.9)=    0 (413.6,689.8)=    0 (414.1,690.0)=    0 (414.6,690.3)=    0 (415.2,690.2)=    0 (415.8,690.3)=    0 (416.6,690.4)=    0 (417.1,690.2)=    0 (417.6,690.2)=    0 (418.0,690.5)=    0 (418.5,690.6)=    0 (418.9,690.8)=    0 (419.6,691.0)=    0 (420.2,691.0)=    0 (420.7,691.1)=    0 (421.1,691.3)=    0 (421.7,691.4)=    0 (422.5,691.7)=    0 (422.9,691.8)=    0 (423.7,692.1)=    0 (424.5,692.2)=    0 (425.2,692.3)=    0 (425.7,692.3)=    0 (426.5,692.3)=    0 (426.9,692.3)=    0 (427.4,692.3)=    0 (428.2,692.3)=    0 (428.6,692.3)=    0 (429.5,692.4)=    0 (430.2,692.5)=    0 (430.9,692.4)=    0 (431.7,692.1)=    0 (432.4,692.1)=    0 (432.9,691.4)=    0 (433.6,691.5)=    0 (434.3,691.4)=    0 (434.6,691.4)=    0 (435.3,691.5)=    0 (435.8,691.7)=    0 (436.4,691.8)=    0 (436.8,691.8)=    0 (437.4,691.7)=    0 (438.0,691.6)=    0 (438.8,691.5)=    0 (439.6,691.6)=    0 (440.6,691.7)=    0 (441.5,691.7)=    0 
    113 | (140.0,527.0)=13021 (140.4,527.3)=    0 (141.0,527.6)=    0 (141.4,527.5)=    0 (141.7,527.4)=    0 (142.2,527.3)=    0 (142.8,527.2)=    0 (143.0,527.2)=    0 (143.3,527.5)=    0 (143.8,527.5)=    0 (144.2,527.6)=    0 (144.6,527.5)=    0 (145.2,527.3)=    0 (145.6,526.9)=    0 (145.9,526.7)=    0 (146.4,526.2)=    0 (146.7,525.9)=    0 (147.0,525.5)=    0 (147.4,525.0)=    0 (147.3,524.8)=    0 (147.3,524.6)=    0 (147.3,524.4)=    0 (147.6,524.0)=    0 (147.8,524.0)=    0 (147.9,523.8)=    0 (148.2,523.7)=    0 (148.6,523.3)=    0 (148.8,523.4)=    0 (149.3,523.4)=    0 (150.0,523.2)=    0 (150.5,523.2)=    0 (151.5,522.9)=    0 (152.2,522.7)=    0 (153.3,522.7)=    0 (154.0,522.8)=    0 (154.4,522.8)=    0 (155.2,522.9)=    0 (155.6,522.9)=    0 (156.2,523.2)=    0 (156.7,523.2)=    0 (157.2,523.2)=    0 (157.7,523.3)=    0 (158.1,523.4)=    0 (158.6,523.7)=    0 (159.0,523.8)=    0 (159.5,523.8)=    0 (160.0,523.8)=    0 (160.4,523.6)=    0 (160.7,523.7)=    0 (161.3,524.0)=    0 (161.3,524.3)=    0 (161.6,524.6)=    0 (162.1,524.7)=    0 (162.5,525.0)=    0 (163.0,525.1)=    0 (163.4,525.0)=    0 (163.6,524.9)=    0 (163.8,524.9)=    0 (164.1,524.8)=    0 (164.6,524.6)=    0 (164.6,524.7)=    0 (164.8,524.8)=    0 (165.2,524.7)=    0 (165.5,524.7)=    0 (165.7,524.6)=    0 (165.7,524.3)=    0 (165.9,524.3)=    0 (166.4,524.7)=    0 (166.6,524.8)=    0 (166.9,525.0)=    0 (167.2,525.2)=    0 (167.5,525.4)=    0 (168.0,525.7)=    0 (168.4,525.7)=    0 (168.8,525.4)=    0 (169.3,525.4)=    0 (169.8,525.2)=    0 (170.3,525.3)=    0 (170.8,525.3)=    0 (171.1,525.4)=    0 (171.5,525.7)=    0 (172.0,525.8)=    0 (172.5,525.8)=    0 (172.7,525.8)=    0 (173.0,525.9)=    0 (173.4,525.9)=    0 (173.7,525.8)=    0 (174.0,525.8)=    0 (174.2,526.0)=    0 (174.5,526.0)=    0 (174.9,526.0)=    0 (175.4,525.9)=    0 (175.7,525.8)=    0 (176.2,525.7)=    0 (176.5,525.6)=    0 (176.6,525.7)=    0 (177.1,525.8)=    0 (177.4,525.9)=    0 (177.8,526.4)=    0 (178.1,526.5)=    0 (178.5,526.8)=    0 (179.0,526.9)=    0 (179.4,527.1)=    0 (179.7,527.4)=    0 (180.3,527.6)=    0 (180.6,527.8)=    0 (181.2,528.2)=    0 (181.6,528.4)=    0 (182.2,528.6)=    0 (182.9,528.9)=    0 (183.4,528.9)=    0 (183.8,529.1)=    0 (184.2,529.4)=    0 (184.8,529.8)=    0 (185.5,530.2)=    0 (186.3,530.4)=    0 (187.0,530.7)=    0 (187.6,530.7)=    0 (188.0,530.5)=    0 (188.5,530.4)=    0 (189.1,530.4)=    0 (189.6,530.4)=    0 (190.4,530.5)=    0 (191.1,530.5)=    0 (192.1,530.6)=    0 (192.7,530.6)=    0 (193.3,530.6)=    0 (194.3,530.4)=    0 (194.9,530.2)=    0 (195.4,530.1)=    0 (195.9,530.0)=    0 (196.5,530.1)=    0 (196.9,529.9)=    0 (197.3,529.8)=    0 (197.7,529.6)=    0 (198.0,529.3)=    0 (198.3,528.9)=    0 (198.7,528.7)=    0 (199.3,528.4)=    0 (199.9,528.0)=    0 (200.5,528.1)=    0 (201.0,528.2)=    0 (201.9,528.1)=    0 (202.4,528.0)=    0 (203.0,528.2)=    0 (203.9,528.0)=    0 (204.6,527.9)=    0 (205.3,528.2)=    0 (206.2,528.6)=    0 (207.0,529.0)=    0 (207.8,529.5)=    0 (208.7,529.8)=    0 (209.4,529.9)=    0 (210.2,530.4)=    0 (210.9,530.9)=    0 (211.8,531.7)=    0 (212.7,532.2)=    0 (213.5,533.0)=    0 (214.3,533.8)=    0 (215.0,534.2)=    0 (215.4,534.4)=    0 (215.8,534.3)=    0 (216.1,534.1)=    0 (216.0,534.1)=    0 (216.4,534.0)=    0 (216.8,534.1)=    0 (217.1,534.5)=    0 (217.5,534.7)=    0 (217.7,534.8)=    0 (218.2,535.1)=    0 (218.6,535.1)=    0 (219.1,535.4)=    0 (219.6,535.4)=    0 (220.0,535.8)=    0 (220.5,536.3)=    0 (220.9,536.7)=    0 (221.6,537.1)=    0 (222.0,537.5)=    0 (222.5,537.8)=    0 (222.9,537.8)=    0 (223.3,537.9)=    0 (223.7,538.0)=    0 (224.0,538.1)=    0 (224.2,538.2)=    0 (224.4,538.6)=    0 (224.7,538.8)=    0 (225.0,538.8)=    0 (225.2,538.8)=    0 (225.3,538.9)=    0 (225.5,538.9)=    0 (225.7,538.9)=    0 (226.0,538.9)=    0 (226.3,538.9)=    0 (226.8,539.0)=    0 (227.0,539.0)=    0 (227.3,539.0)=    0 (227.6,538.9)=    0 (227.9,539.0)=    0 (228.2,539.1)=    0 (228.4,539.1)=    0 (228.5,539.5)=    0 (228.7,539.5)=    0 (228.8,539.6)=    0 (229.0,539.6)=    0 (229.3,539.6)=    0 (229.3,539.7)=    0 (229.5,539.7)=    0 (229.7,539.9)=    0 (230.0,540.1)=    0 (230.3,540.3)=    0 (230.5,540.3)=    0 (230.8,540.4)=    0 (231.1,540.5)=    0 (231.6,540.5)=    0 (231.9,540.4)=    0 (232.2,540.4)=    0 (232.7,540.4)=    0 (233.1,540.4)=    0 (233.4,540.4)=    0 (233.6,540.4)=    0 (234.2,540.4)=    0 (234.4,540.5)=    0 (234.9,540.4)=    0 (235.2,540.1)=    0 (235.4,540.1)=    0 (235.7,540.2)=    0 (235.9,540.4)=    0 (236.2,540.7)=    0 (236.5,540.6)=    0 (237.0,540.6)=    0 (237.0,540.6)=    0 (237.4,540.6)=    0 (237.9,540.4)=    0 (238.2,540.5)=    0 (238.7,540.7)=    0 (239.3,540.8)=    0 (239.7,540.8)=    0 (240.3,540.8)=    0 (240.8,540.8)=    0 (241.3,540.9)=    0 (242.0,540.9)=    0 (242.5,540.8)=    0 (242.8,540.8)=    0 (243.3,540.9)=    0 (243.9,540.9)=    0 (244.4,541.2)=    0 (244.9,541.2)=    0 (245.4,541.2)=    0 (245.9,541.2)=    0 (246.4,541.3)=    0 (246.9,541.3)=    0 (247.6,541.6)=    0 (248.1,541.6)=    0 (248.7,541.6)=    0 (249.2,541.7)=    0 (249.9,541.7)=    0 (250.6,541.6)=    0 (251.1,541.6)=    0 (251.7,541.5)=    0 (252.2,541.5)=    0 (252.8,541.5)=    0 (253.4,541.4)=    0 (254.1,541.3)=    0 (254.7,541.3)=    0 (255.4,541.0)=    0 (256.0,540.8)=    0 (256.7,540.6)=    0 (257.3,540.0)=    0 (258.0,540.0)=    0 (258.5,539.8)=    0 (258.9,539.6)=    0 (259.4,539.7)=    0 (259.9,539.7)=    0 (260.3,539.6)=    0 (260.8,539.6)=    0 (261.3,539.5)=    0 (262.2,539.2)=    0 (262.9,539.0)=    0 (263.7,539.1)=    0 (264.6,539.2)=    0 (265.5,539.2)=    0 
    114 | (115.0,523.0)=12988 (115.2,523.4)=    0 (115.9,523.5)=    0 (116.3,523.4)=    0 (116.7,523.4)=    0 (117.2,523.3)=    0 (117.8,523.1)=    0 (117.9,523.1)=    0 (118.4,523.4)=    0 (118.9,523.4)=    0 (119.4,523.4)=    0 (119.6,523.4)=    0 (120.2,523.2)=    0 (120.6,522.7)=    0 (120.8,522.5)=    0 (121.4,522.2)=    0 (121.6,521.6)=    0 (122.2,521.3)=    0 (122.4,520.9)=    0 (122.4,520.4)=    0 (122.4,520.4)=    0 (122.5,520.1)=    0 (122.6,519.9)=    0 (122.8,519.7)=    0 (123.1,519.6)=    0 (123.3,519.6)=    0 (123.7,519.3)=    0 (124.0,519.2)=    0 (124.4,519.1)=    0 (125.1,519.0)=    0 (125.5,518.9)=    0 (126.4,518.6)=    0 (127.2,518.4)=    0 (128.1,518.4)=    0 (128.8,518.4)=    0 (129.4,518.5)=    0 (130.0,518.7)=    0 (130.6,518.7)=    0 (131.2,518.9)=    0 (131.6,518.9)=    0 (132.2,518.9)=    0 (132.7,518.9)=    0 (133.1,519.1)=    0 (133.4,519.3)=    0 (134.1,519.5)=    0 (134.6,519.4)=    0 (135.2,519.4)=    0 (135.5,519.3)=    0 (136.0,519.5)=    0 (136.4,519.7)=    0 (136.5,519.9)=    0 (136.7,520.5)=    0 (137.2,520.5)=    0 (137.4,520.7)=    0 (138.2,520.8)=    0 (138.4,520.7)=    0 (138.7,520.6)=    0 (139.0,520.6)=    0 (139.3,520.4)=    0 (139.8,520.0)=    0 (139.8,520.3)=    0 (140.1,520.3)=    0 (140.5,520.1)=    0 (140.5,520.1)=    0 (140.8,519.9)=    0 (140.8,519.7)=    0 (140.8,519.8)=    0 (141.2,520.0)=    0 (141.5,520.1)=    0 (141.8,520.4)=    0 (142.3,520.6)=    0 (142.5,520.7)=    0 (143.0,521.0)=    0 (143.5,520.7)=    0 (144.0,520.6)=    0 (144.4,520.6)=    0 (144.9,520.5)=    0 (145.4,520.4)=    0 (146.0,520.7)=    0 (146.3,520.7)=    0 (146.7,521.0)=    0 (147.2,521.3)=    0 (147.7,521.3)=    0 (148.0,521.3)=    0 (148.2,521.4)=    0 (148.6,521.5)=    0 (149.0,521.2)=    0 (149.3,521.4)=    0 (149.4,521.3)=    0 (149.7,521.3)=    0 (150.2,521.2)=    0 (150.7,521.3)=    0 (150.9,521.2)=    0 (151.4,521.0)=    0 (151.6,520.8)=    0 (151.9,520.8)=    0 (152.2,521.1)=    0 (152.5,521.3)=    0 (153.0,521.7)=    0 (153.3,521.8)=    0 (153.8,522.1)=    0 (154.3,522.3)=    0 (154.7,522.5)=    0 (155.2,522.8)=    0 (155.6,522.9)=    0 (156.1,523.2)=    0 (156.6,523.4)=    0 (157.1,523.6)=    0 (157.5,523.7)=    0 (158.3,524.1)=    0 (158.8,524.4)=    0 (159.1,524.4)=    0 (159.6,524.6)=    0 (160.1,524.9)=    0 (161.0,525.4)=    0 (161.6,525.6)=    0 (162.3,525.9)=    0 (162.9,525.9)=    0 (163.4,525.7)=    0 (163.8,525.6)=    0 (164.4,525.5)=    0 (165.1,525.5)=    0 (165.7,525.6)=    0 (166.5,525.6)=    0 (167.3,525.6)=    0 (167.9,525.6)=    0 (168.6,525.6)=    0 (169.5,525.4)=    0 (170.3,525.2)=    0 (170.8,525.2)=    0 (171.3,525.2)=    0 (171.8,525.2)=    0 (172.4,525.1)=    0 (172.7,525.0)=    0 (173.1,524.7)=    0 (173.4,524.4)=    0 (173.6,523.8)=    0 (174.1,523.6)=    0 (174.5,523.4)=    0 (175.3,523.2)=    0 (175.9,523.1)=    0 (176.4,523.1)=    0 (177.1,523.1)=    0 (177.6,523.0)=    0 (178.4,523.0)=    0 (179.1,523.0)=    0 (179.9,523.0)=    0 (180.7,523.1)=    0 (181.5,523.5)=    0 (182.5,523.8)=    0 (183.3,524.4)=    0 (184.0,524.7)=    0 (184.7,524.9)=    0 (185.4,525.4)=    0 (186.2,525.8)=    0 (187.1,526.7)=    0 (188.1,527.2)=    0 (188.9,527.8)=    0 (189.6,528.6)=    0 (190.4,529.0)=    0 (190.9,529.3)=    0 (191.1,529.3)=    0 (191.3,529.2)=    0 (191.4,528.8)=    0 (191.7,528.9)=    0 (192.2,528.9)=    0 (192.5,529.1)=    0 (193.0,529.4)=    0 (193.2,529.4)=    0 (193.7,529.7)=    0 (194.0,529.6)=    0 (194.4,529.8)=    0 (194.9,530.0)=    0 (195.5,530.4)=    0 (196.0,530.7)=    0 (196.4,531.1)=    0 (196.9,531.6)=    0 (197.4,531.9)=    0 (197.9,532.2)=    0 (198.5,532.3)=    0 (198.7,532.3)=    0 (199.1,532.4)=    0 (199.3,532.6)=    0 (199.5,532.7)=    0 (199.8,532.9)=    0 (200.1,533.2)=    0 (200.3,533.3)=    0 (200.6,533.3)=    0 (200.6,533.3)=    0 (200.9,533.4)=    0 (201.2,533.4)=    0 (201.5,533.6)=    0 (201.7,533.6)=    0 (202.1,533.6)=    0 (202.5,533.6)=    0 (202.8,533.6)=    0 (203.1,533.5)=    0 (203.3,533.6)=    0 (203.5,533.6)=    0 (203.8,533.6)=    0 (203.9,533.8)=    0 (204.2,533.9)=    0 (204.3,533.9)=    0 (204.4,534.0)=    0 (204.7,533.9)=    0 (204.8,534.0)=    0 (204.9,534.1)=    0 (205.2,534.2)=    0 (205.3,534.4)=    0 (205.5,534.5)=    0 (205.9,534.7)=    0 (206.2,534.7)=    0 (206.5,534.7)=    0 (207.0,534.7)=    0 (207.4,534.6)=    0 (207.6,534.6)=    0 (208.2,534.6)=    0 (208.5,534.7)=    0 (208.8,534.8)=    0 (209.1,534.8)=    0 (209.6,534.9)=    0 (210.1,534.8)=    0 (210.5,534.8)=    0 (210.7,534.6)=    0 (210.8,534.7)=    0 (211.2,534.8)=    0 (211.4,534.8)=    0 (211.7,535.0)=    0 (212.0,535.0)=    0 (212.3,534.9)=    0 (212.5,534.9)=    0 (212.8,534.8)=    0 (213.3,534.8)=    0 (213.6,535.1)=    0 (214.1,535.1)=    0 (214.6,535.1)=    0 (215.1,535.3)=    0 (215.6,535.3)=    0 (216.1,535.3)=    0 (216.5,535.3)=    0 (217.3,535.3)=    0 (217.8,535.0)=    0 (218.1,535.0)=    0 (218.5,535.2)=    0 (219.2,535.3)=    0 (219.5,535.4)=    0 (220.1,535.5)=    0 (220.7,535.4)=    0 (221.1,535.5)=    0 (221.5,535.5)=    0 (222.2,535.6)=    0 (222.9,535.7)=    0 (223.4,535.7)=    0 (224.0,535.8)=    0 (224.5,535.8)=    0 (225.3,535.8)=    0 (225.9,535.6)=    0 (226.4,535.6)=    0 (226.9,535.6)=    0 (227.4,535.5)=    0 (228.1,535.4)=    0 (228.8,535.4)=    0 (229.5,535.4)=    0 (230.1,535.2)=    0 (230.8,535.0)=    0 (231.3,534.8)=    0 (232.0,534.5)=    0 (232.5,534.0)=    0 (233.2,533.9)=    0 (233.7,533.7)=    0 (233.9,533.7)=    0 (234.5,533.8)=    0 (235.0,533.7)=    0 (235.4,533.7)=    0 (236.0,533.7)=    0 (236.6,533.4)=    0 (237.3,533.3)=    0 (238.0,533.1)=    0 (238.7,533.1)=    0 (239.6,533.1)=    0 (240.5,533.0)=    0 
    115 | (386.0,572.0)=12847 (386.5,572.3)=    0 (387.1,572.5)=    0 (387.4,572.5)=    0 (388.1,572.4)=    0 (388.4,572.5)=    0 (388.9,572.4)=    0 (389.2,572.5)=    0 (389.5,572.8)=    0 (390.0,573.0)=    0 (390.6,573.2)=    0 (390.9,573.2)=    0 (391.4,573.2)=    0 (392.1,572.9)=    0 (392.4,572.6)=    0 (392.7,572.4)=    0 (393.2,572.0)=    0 (393.5,571.7)=    0 (393.8,571.3)=    0 (393.8,570.8)=    0 (393.8,570.6)=    0 (393.8,570.6)=    0 (393.9,570.3)=    0 (394.3,570.3)=    0 (394.6,570.3)=    0 (394.6,570.3)=    0 (394.8,569.9)=    0 (395.3,569.9)=    0 (395.8,570.1)=    0 (396.6,570.1)=    0 (397.1,570.1)=    0 (397.8,570.1)=    0 (398.8,569.9)=    0 (399.6,570.1)=    0 (400.4,570.3)=    0 (401.0,570.4)=    0 (401.4,570.6)=    0 (401.9,570.7)=    0 (402.3,571.0)=    0 (402.8,571.2)=    0 (403.3,571.3)=    0 (403.7,571.3)=    0 ( -1.0, -1.0)=   -3 ( -1.0, -1.0)=   -3 ( -1.0, -1.0)=   -3 ( -1.0, -1.0)=   -3 ( -1.0, -1.0)=   -3 ( -1.0, -1.0)=   -3 ( -1.0, -1.0)=   -3 ( -1.0, -1.0)=   -3 ( -1.0, -1.0)=   -3 ( -1.0, -1.0)=   -3 ( -1.0, -1.0)=   -3 ( -1.0, -1.0)=   -3 ( -1.0, -1.0)=   -3 ( -1.0, -1.0)=   -3 ( -1.0, -1.0)=   -3 ( -1.0, -1.0)=   -3 ( -1.0, -1.0)=   -3 ( -1.0, -1.0)=   -3 ( -1.0, -1.0)=   -3 ( -1.0, -1.0)=   -3 ( -1.0, -1.0)=   -3 ( -1.0, -1.0)=   -3 ( -1.0, -1.0)=   -3 ( -1.0, -1.0)=   -3 ( -1.0, -1.0)=   -3 ( -1.0, -1.0)=   -3 ( -1.0, -1.0)=   -3 ( -1.0, -1.0)=   -3 ( -1.0, -1.0)=   -3 ( -1.0, -1.0)=   -3 ( -1.0, -1.0)=   -3 ( -1.0, -1.0)=   -3 ( -1.0, -1.0)=   -3 ( -1.0, -1.0)=   -3 ( -1.0, -1.0)=   -3 ( -1.0, -1.0)=   -3 ( -1.0, -1.0)=   -3 ( -1.0, -1.0)=   -3 ( -1.0, -1.0)=   -3 ( -1.0, -1.0)=   -3 ( -1.0, -1.0)=   -3 ( -1.0, -1.0)=   -3 ( -1.0, -1.0)=   -3 ( -1.0, -1.0)=   -3 ( -1.0, -1.0)=   -3 ( -1.0, -1.0)=   -3 ( -1.0, -1.0)=   -3 ( -1.0, -1.0)=   -3 ( -1.0, -1.0)=   -3 ( -1.0, -1.0)=   -3 ( -1.0, -1.0)=   -3 ( -1.0, -1.0)=   -3 ( -1.0, -1.0)=   -3 ( -1.0, -1.0)=   -3 ( -1.0, -1.0)=   -3 ( -1.0, -1.0)=   -3 ( -1.0, -1.0)=   -3 ( -1.0, -1.0)=   -3 ( -1.0, -1.0)=   -3 ( -1.0, -1.0)=   -3 ( -1.0, -1.0)=   -3 ( -1.0, -1.0)=   -3 ( -1.0, -1.0)=   -3 ( -1.0, -1.0)=   -3 ( -1.0, -1.0)=   -3 ( -1.0, -1.0)=   -3 ( -1.0, -1.0)=   -3 ( -1.0, -1.0)=   -3 ( -1.0, -1.0)=   -3 ( -1.0, -1.0)=   -3 ( -1.0, -1.0)=   -3 ( -1.0, -1.0)=   -3 ( -1.0, -1.0)=   -3 ( -1.0, -1.0)=   -3 ( -1.0, -1.0)=   -3 ( -1.0, -1.0)=   -3 ( -1.0, -1.0)=   -3 ( -1.0, -1.0)=   -3 ( -1.0, -1.0)=   -3 ( -1.0, -1.0)=   -3 ( -1.0, -1.0)=   -3 ( -1.0, -1.0)=   -3 ( -1.0, -1.0)=   -3 ( -1.0, -1.0)=   -3 ( -1.0, -1.0)=   -3 ( -1.0, -1.0)=   -3 ( -1.0, -1.0)=   -3 ( -1.0, -1.0)=   -3 ( -1.0, -1.0)=   -3 ( -1.0, -1.0)=   -3 ( -1.0, -1.0)=   -3 ( -1.0, -1.0)=   -3 ( -1.0, -1.0)=   -3 ( -1.0, -1.0)=   -3 ( -1.0, -1.0)=   -3 ( -1.0, -1.0)=   -3 ( -1.0, -1.0)=   -3 ( -1.0, -1.0)=   -3 ( -1.0, -1.0)=   -3 ( -1.0, -1.0)=   -3 ( -1.0, -1.0)=   -3 ( -1.0, -1.0)=   -3 ( -1.0, -1.0)=   -3 ( -1.0, -1.0)=   -3 ( -1.0, -1.0)=   -3 ( -1.0, -1.0)=   -3 ( -1.0, -1.0)=   -3 ( -1.0, -1.0)=   -3 ( -1.0, -1.0)=   -3 ( -1.0, -1.0)=   -3 ( -1.0, -1.0)=   -3 ( -1.0, -1.0)=   -3 ( -1.0, -1.0)=   -3 ( -1.0, -1.0)=   -3 ( -1.0, -1.0)=   -3 ( -1.0, -1.0)=   -3 ( -1.0, -1.0)=   -3 ( -1.0, -1.0)=   -3 ( -1.0, -1.0)=   -3 ( -1.0, -1.0)=   -3 ( -1.0, -1.0)=   -3 ( -1.0, -1.0)=   -3 ( -1.0, -1.0)=   -3 ( -1.0, -1.0)=   -3 ( -1.0, -1.0)=   -3 ( -1.0, -1.0)=   -3 ( -1.0, -1.0)=   -3 ( -1.0, -1.0)=   -3 ( -1.0, -1.0)=   -3 ( -1.0, -1.0)=   -3 ( -1.0, -1.0)=   -3 ( -1.0, -1.0)=   -3 ( -1.0, -1.0)=   -3 ( -1.0, -1.0)=   -3 ( -1.0, -1.0)=   -3 ( -1.0, -1.0)=   -3 ( -1.0, -1.0)=   -3 ( -1.0, -1.0)=   -3 ( -1.0, -1.0)=   -3 ( -1.0, -1.0)=   -3 ( -1.0, -1.0)=   -3 ( -1.0, -1.0)=   -3 ( -1.0, -1.0)=   -3 ( -1.0, -1.0)=   -3 ( -1.0, -1.0)=   -3 ( -1.0, -1.0)=   -3 ( -1.0, -1.0)=   -3 ( -1.0, -1.0)=   -3 ( -1.0, -1.0)=   -3 ( -1.0, -1.0)=   -3 ( -1.0, -1.0)=   -3 ( -1.0, -1.0)=   -3 ( -1.0, -1.0)=   -3 ( -1.0, -1.0)=   -3 ( -1.0, -1.0)=   -3 ( -1.0, -1.0)=   -3 ( -1.0, -1.0)=   -3 ( -1.0, -1.0)=   -3 ( -1.0, -1.0)=   -3 ( -1.0, -1.0)=   -3 ( -1.0, -1.0)=   -3 ( -1.0, -1.0)=   -3 ( -1.0, -1.0)=   -3 ( -1.0, -1.0)=   -3 ( -1.0, -1.0)=   -3 ( -1.0, -1.0)=   -3 ( -1.0, -1.0)=   -3 ( -1.0, -1.0)=   -3 ( -1.0, -1.0)=   -3 ( -1.0, -1.0)=   -3 ( -1.0, -1.0)=   -3 ( -1.0, -1.0)=   -3 ( -1.0, -1.0)=   -3 ( -1.0, -1.0)=   -3 ( -1.0, -1.0)=   -3 ( -1.0, -1.0)=   -3 ( -1.0, -1.0)=   -3 ( -1.0, -1.0)=   -3 ( -1.0, -1.0)=   -3 ( -1.0, -1.0)=   -3 ( -1.0, -1.0)=   -3 ( -1.0, -1.0)=   -3 ( -1.0, -1.0)=   -3 ( -1.0, -1.0)=   -3 ( -1.0, -1.0)=   -3 ( -1.0, -1.0)=   -3 ( -1.0, -1.0)=   -3 ( -1.0, -1.0)=   -3 ( -1.0, -1.0)=   -3 ( -1.0, -1.0)=   -3 ( -1.0, -1.0)=   -3 ( -1.0, -1.0)=   -3 ( -1.0, -1.0)=   -3 ( -1.0, -1.0)=   -3 ( -1.0, -1.0)=   -3 ( -1.0, -1.0)=   -3 ( -1.0, -1.0)=   -3 ( -1.0, -1.0)=   -3 ( -1.0, -1.0)=   -3 ( -1.0, -1.0)=   -3 ( -1.0, -1.0)=   -3 ( -1.0, -1.0)=   -3 ( -1.0, -1.0)=   -3 ( -1.0, -1.0)=   -3 ( -1.0, -1.0)=   -3 ( -1.0, -1.0)=   -3 ( -1.0, -1.0)=   -3 ( -1.0, -1.0)=   -3 ( -1.0, -1.0)=   -3 ( -1.0, -1.0)=   -3 ( -1.0, -1.0)=   -3 ( -1.0, -1.0)=   -3 ( -1.0, -1.0)=   -3 ( -1.0, -1.0)=   -3 ( -1.0, -1.0)=   -3 ( -1.0, -1.0)=   -3 ( -1.0, -1.0)=   -3 ( -1.0, -1.0)=   -3 ( -1.0, -1.0)=   -3 ( -1.0, -1.0)=   -3 ( -1.0, -1.0)=   -3 ( -1.0, -1.0)=   -3 ( -1.0, -1.0)=   -3 ( -1.0, -1.0)=   -3 ( -1.0, -1.0)=   -3 ( -1.0, -1.0)=   -3 ( -1.0, -1.0)=   -3 ( -1.0, -1.0)=   -3 ( -1.0, -1.0)=   -3 ( -1.0, -1.0)=   -3 ( -1.0, -1.0)=   -3 ( -1.0, -1.0)=   -3 ( -1.0, -1.0)=   -3 ( -1.0, -1.0)=   -3 ( -1.0, -1.0)=   -3 ( -1.0, -1.0)=   -3 ( -1.0, -1.0)=   -3 ( -1.0, -1.0)=   -3 ( -1.0, -1.0)=   -3 
    116 | ( 34.0,478.0)=12738 ( 34.3,478.2)=    0 ( 35.0,478.4)=    0 ( 35.5,478.3)=    0 ( 35.8,478.3)=    0 ( 36.4,478.2)=    0 ( 37.0,478.0)=    0 ( 37.2,478.1)=    0 ( 37.6,478.2)=    0 ( 38.0,478.3)=    0 ( 38.5,478.2)=    0 ( 38.8,478.2)=    0 ( 39.4,477.9)=    0 ( 39.8,477.5)=    0 ( 40.1,477.2)=    0 ( 40.6,476.9)=    0 ( 40.9,476.5)=    0 ( 41.3,476.1)=    0 ( 41.6,475.8)=    0 ( 41.6,475.3)=    0 ( 41.6,475.2)=    0 ( 41.8,474.9)=    0 ( 41.9,474.5)=    0 ( 42.2,474.5)=    0 ( 42.3,474.3)=    0 ( 42.7,474.3)=    0 ( 43.2,474.0)=    0 ( 43.4,473.9)=    0 ( 44.0,473.8)=    0 ( 44.6,473.7)=    0 ( 45.3,473.5)=    0 ( 46.2,473.2)=    0 ( 46.9,473.1)=    0 ( 47.8,473.2)=    0 ( 48.5,473.1)=    0 ( 49.3,473.2)=    0 ( 49.7,473.4)=    0 ( 50.4,473.4)=    0 ( 50.9,473.5)=    0 ( 51.4,473.6)=    0 ( 52.2,473.6)=    0 ( 52.5,473.8)=    0 ( 52.9,473.8)=    0 ( 53.4,473.9)=    0 ( 53.9,474.2)=    0 ( 54.5,473.9)=    0 ( 55.1,473.9)=    0 ( 55.4,473.9)=    0 ( 55.9,474.2)=    0 ( 56.4,474.3)=    0 ( 56.4,474.5)=    0 ( 56.7,474.9)=    0 ( 57.2,475.0)=    0 ( 57.4,475.2)=    0 ( 58.1,475.2)=    0 ( 58.3,475.0)=    0 ( 58.5,474.8)=    0 ( 58.9,474.8)=    0 ( 59.2,474.7)=    0 ( 60.0,474.6)=    0 ( 60.0,474.8)=    0 ( 60.4,474.8)=    0 ( 60.6,474.6)=    0 ( 60.7,474.6)=    0 ( 61.0,474.6)=    0 ( 60.9,474.3)=    0 ( 61.2,474.4)=    0 ( 61.7,474.7)=    0 ( 61.9,474.9)=    0 ( 62.2,475.0)=    0 ( 62.4,475.3)=    0 ( 62.8,475.3)=    0 ( 63.3,475.6)=    0 ( 63.7,475.4)=    0 ( 64.2,475.2)=    0 ( 64.6,475.1)=    0 ( 65.0,475.1)=    0 ( 65.5,475.0)=    0 ( 66.0,475.1)=    0 ( 66.6,475.2)=    0 ( 66.8,475.4)=    0 ( 67.4,475.6)=    0 ( 67.9,475.6)=    0 ( 68.1,475.5)=    0 ( 68.4,475.5)=    0 ( 68.8,475.6)=    0 ( 69.1,475.5)=    0 ( 69.4,475.6)=    0 ( 69.5,475.7)=    0 ( 69.7,475.6)=    0 ( 70.1,475.4)=    0 ( 70.5,475.5)=    0 ( 70.7,475.3)=    0 ( 71.4,475.2)=    0 ( 71.6,475.2)=    0 ( 71.8,475.2)=    0 ( 72.3,475.2)=    0 ( 72.5,475.5)=    0 ( 73.0,476.0)=    0 ( 73.5,476.0)=    0 ( 73.9,476.2)=    0 ( 74.4,476.4)=    0 ( 74.8,476.6)=    0 ( 75.2,476.8)=    0 ( 75.8,477.0)=    0 ( 76.2,477.1)=    0 ( 76.7,477.4)=    0 ( 77.2,477.5)=    0 ( 77.7,477.8)=    0 ( 78.4,478.0)=    0 ( 79.0,478.2)=    0 ( 79.4,478.2)=    0 ( 79.8,478.4)=    0 ( 80.3,478.8)=    0 ( 81.1,479.2)=    0 ( 81.8,479.3)=    0 ( 82.6,479.5)=    0 ( 83.3,479.4)=    0 ( 83.6,479.2)=    0 ( 84.1,479.2)=    0 ( 84.7,479.2)=    0 ( 85.5,479.2)=    0 ( 86.1,479.2)=    0 ( 86.9,479.2)=    0 ( 87.7,479.3)=    0 ( 88.4,479.2)=    0 ( 89.0,479.2)=    0 ( 89.9,478.9)=    0 ( 90.7,478.9)=    0 ( 91.3,478.7)=    0 ( 91.7,478.7)=    0 ( 92.4,478.6)=    0 ( 92.8,478.6)=    0 ( 93.2,478.4)=    0 ( 93.6,478.1)=    0 ( 94.0,477.8)=    0 ( 94.3,477.4)=    0 ( 94.7,477.2)=    0 ( 95.3,476.9)=    0 ( 95.8,476.7)=    0 ( 96.5,476.6)=    0 ( 97.2,476.6)=    0 ( 97.9,476.6)=    0 ( 98.4,476.5)=    0 ( 99.1,476.5)=    0 (100.0,476.4)=    0 (100.7,476.2)=    0 (101.5,476.5)=    0 (102.5,476.8)=    0 (103.4,477.1)=    0 (104.1,477.7)=    0 (105.1,477.9)=    0 (105.7,478.2)=    0 (106.6,478.5)=    0 (107.3,478.9)=    0 (108.3,479.5)=    0 (109.3,480.0)=    0 (109.9,480.6)=    0 (110.8,481.2)=    0 (111.5,481.6)=    0 (112.0,481.9)=    0 (112.3,481.8)=    0 (112.5,481.5)=    0 (112.5,481.6)=    0 (112.9,481.5)=    0 (113.4,481.6)=    0 (113.7,481.8)=    0 (114.1,482.1)=    0 (114.5,482.1)=    0 (115.0,482.4)=    0 (115.3,482.4)=    0 (115.7,482.4)=    0 (116.3,482.6)=    0 (116.8,482.9)=    0 (117.3,483.3)=    0 (117.7,483.5)=    0 (118.4,483.9)=    0 (118.9,484.2)=    0 (119.4,484.5)=    0 (119.7,484.5)=    0 (120.0,484.4)=    0 (120.3,484.6)=    0 (120.7,484.6)=    0 (121.0,484.7)=    0 (121.1,485.0)=    0 (121.4,485.1)=    0 (121.7,485.1)=    0 (121.9,485.1)=    0 (122.0,485.2)=    0 (122.3,485.2)=    0 (122.5,485.2)=    0 (122.8,485.3)=    0 (123.1,485.3)=    0 (123.6,485.3)=    0 (123.8,485.4)=    0 (124.2,485.3)=    0 (124.4,485.2)=    0 (124.6,485.2)=    0 (124.9,485.2)=    0 (125.2,485.2)=    0 (125.3,485.3)=    0 (125.5,485.5)=    0 (125.6,485.5)=    0 (125.7,485.5)=    0 (126.0,485.5)=    0 (126.1,485.5)=    0 (126.3,485.7)=    0 (126.5,485.8)=    0 (126.7,486.0)=    0 (127.0,486.1)=    0 (127.3,486.1)=    0 (127.7,486.2)=    0 (128.0,486.2)=    0 (128.4,486.1)=    0 (128.4,486.0)=    0 (128.9,486.0)=    0 (129.4,486.0)=    0 (129.8,486.0)=    0 (130.0,486.0)=    0 (130.3,486.0)=    0 (130.8,486.0)=    0 (131.1,486.0)=    0 (131.5,485.9)=    0 (131.7,485.7)=    0 (131.9,485.7)=    0 (132.3,485.8)=    0 (132.5,485.9)=    0 (132.8,486.1)=    0 (133.1,486.0)=    0 (133.4,486.0)=    0 (133.5,485.9)=    0 (133.9,485.9)=    0 (134.4,485.7)=    0 (134.7,486.0)=    0 (135.4,486.1)=    0 (135.8,486.0)=    0 (136.3,486.1)=    0 (136.8,486.1)=    0 (137.3,486.0)=    0 (137.8,486.0)=    0 (138.4,486.1)=    0 (139.0,485.9)=    0 (139.3,485.9)=    0 (139.8,486.0)=    0 (140.5,486.1)=    0 (140.9,486.1)=    0 (141.4,486.1)=    0 (142.0,486.0)=    0 (142.4,486.2)=    0 (143.1,486.2)=    0 (143.6,486.2)=    0 (144.3,486.4)=    0 (144.8,486.4)=    0 (145.4,486.5)=    0 (146.0,486.4)=    0 (146.8,486.4)=    0 (147.4,486.4)=    0 (147.9,486.3)=    0 (148.4,486.2)=    0 (148.9,486.1)=    0 (149.6,486.1)=    0 (150.2,485.9)=    0 (150.9,485.8)=    0 (151.5,485.8)=    0 (152.1,485.5)=    0 (152.6,485.2)=    0 (153.4,485.0)=    0 (153.9,484.5)=    0 (154.6,484.4)=    0 (155.1,484.2)=    0 (155.3,484.2)=    0 (155.8,484.1)=    0 (156.4,484.1)=    0 (156.8,484.1)=    0 (157.4,484.0)=    0 (158.2,483.8)=    0 (158.8,483.6)=    0 (159.6,483.5)=    0 (160.4,483.5)=    0 (161.3,483.5)=    0 (162.2,483.4)=    0 
    117 | (249.0,598.0)=11986 (249.4,598.3)=    0 (249.9,598.5)=    0 (250.3,598.5)=    0 (250.7,598.5)=    0 (251.2,598.5)=    0 (251.8,598.2)=    0 (252.0,598.3)=    0 (252.4,598.6)=    0 (252.8,598.6)=    0 (253.4,598.7)=    0 (253.6,598.7)=    0 (254.2,598.5)=    0 (254.7,598.2)=    0 (255.1,598.0)=    0 (255.5,597.7)=    0 (255.7,597.3)=    0 (256.3,597.0)=    0 (256.5,596.6)=    0 (256.6,595.9)=    0 (256.3,595.9)=    0 (256.3,595.7)=    0 (256.4,595.5)=    0 (256.6,595.4)=    0 (256.7,595.3)=    0 (256.9,595.3)=    0 (257.2,595.0)=    0 (257.6,595.0)=    0 (258.1,594.9)=    0 (258.7,594.9)=    0 (259.5,594.9)=    0 (260.2,594.7)=    0 (261.1,594.5)=    0 (261.9,594.6)=    0 (262.7,594.7)=    0 (263.2,594.7)=    0 (263.8,595.0)=    0 (264.3,595.0)=    0 (264.7,595.3)=    0 (265.2,595.4)=    0 (265.6,595.4)=    0 (266.1,595.5)=    0 (266.5,595.5)=    0 (267.0,595.7)=    0 (267.3,595.9)=    0 (267.8,595.9)=    0 (268.3,595.8)=    0 (268.7,595.8)=    0 (269.0,596.1)=    0 (269.6,596.3)=    0 (269.6,596.7)=    0 (269.9,597.2)=    0 (270.4,597.4)=    0 (270.7,597.6)=    0 (271.1,597.7)=    0 (271.5,597.7)=    0 (271.8,597.5)=    0 (272.1,597.5)=    0 (272.4,597.3)=    0 (272.5,596.7)=    0 (272.7,597.0)=    0 (272.9,597.1)=    0 (273.3,596.9)=    0 (273.5,596.9)=    0 (273.8,596.8)=    0 (273.9,596.6)=    0 (274.0,596.7)=    0 (274.4,596.9)=    0 (274.7,596.9)=    0 (274.9,597.3)=    0 (275.2,597.5)=    0 (275.7,597.8)=    0 (276.1,598.1)=    0 (276.6,598.1)=    0 (277.0,597.8)=    0 (277.6,597.7)=    0 (278.1,597.5)=    0 (278.6,597.5)=    0 (279.2,597.7)=    0 (279.7,597.8)=    0 (280.1,598.1)=    0 (280.4,598.3)=    0 (280.8,598.4)=    0 (281.1,598.4)=    0 (281.4,598.5)=    0 (281.7,598.5)=    0 (282.0,598.4)=    0 (282.3,598.5)=    0 (282.6,598.6)=    0 (282.8,598.6)=    0 (283.2,598.5)=    0 (283.7,598.5)=    0 (284.1,598.4)=    0 (284.7,598.3)=    0 (285.2,598.1)=    0 (285.3,598.1)=    0 (285.5,598.3)=    0 (285.7,598.6)=    0 (286.3,599.0)=    0 (286.5,599.3)=    0 (286.9,599.5)=    0 (287.3,599.7)=    0 (287.8,599.9)=    0 (288.1,600.2)=    0 (288.6,600.4)=    0 (289.0,600.6)=    0 (289.5,601.1)=    0 (289.9,601.4)=    0 (290.4,601.6)=    0 (291.2,602.0)=    0 (291.6,602.3)=    0 (292.1,602.4)=    0 (292.6,602.6)=    0 (293.2,603.1)=    0 (293.8,603.7)=    0 (294.6,603.9)=    0 (295.3,604.2)=    0 (295.8,604.2)=    0 (296.4,603.9)=    0 (297.0,603.9)=    0 (297.7,604.1)=    0 (298.4,604.1)=    0 (299.0,604.2)=    0 (299.7,604.5)=    0 (300.7,604.5)=    0 (301.5,604.5)=    0 (302.1,604.5)=    0 (303.0,604.4)=    0 (303.6,604.1)=    0 (304.2,604.1)=    0 (304.5,604.0)=    0 (305.0,604.0)=    0 (305.5,604.0)=    0 (306.0,603.9)=    0 (306.5,603.7)=    0 (306.6,603.4)=    0 (307.0,602.9)=    0 (307.5,602.8)=    0 (307.9,602.5)=    0 (308.6,602.3)=    0 (309.4,602.3)=    0 (309.8,602.3)=    0 (310.6,602.4)=    0 (310.9,602.4)=    0 (311.7,602.6)=    0 (312.6,602.5)=    0 (313.5,602.5)=    0 (314.5,602.7)=    0 (315.3,603.2)=    0 (316.0,603.7)=    0 (317.0,604.5)=    0 (317.7,604.8)=    0 (318.4,605.3)=    0 (319.2,605.7)=    0 (319.8,606.2)=    0 (320.7,606.9)=    0 (321.6,607.6)=    0 (322.3,608.2)=    0 (323.1,609.1)=    0 (323.9,609.6)=    0 (324.4,609.9)=    0 (324.6,610.0)=    0 (325.1,609.8)=    0 (325.1,609.7)=    0 (325.2,609.7)=    0 (325.6,609.7)=    0 (325.9,610.1)=    0 (326.3,610.4)=    0 (326.4,610.6)=    0 (327.0,610.8)=    0 (327.2,610.9)=    0 (327.7,611.0)=    0 (328.2,611.3)=    0 (328.9,611.7)=    0 (329.4,612.2)=    0 (329.8,612.7)=    0 (330.4,613.2)=    0 (331.0,613.5)=    0 (331.5,614.0)=    0 (331.8,614.0)=    0 (332.1,614.2)=    0 (332.3,614.4)=    0 (332.6,614.7)=    0 (332.9,614.7)=    0 (333.2,615.0)=    0 (333.4,615.3)=    0 (333.6,615.4)=    0 (334.0,615.4)=    0 (334.2,615.6)=    0 (334.4,615.6)=    0 (334.6,615.6)=    0 (334.9,615.9)=    0 (335.2,615.9)=    0 (335.4,615.9)=    0 (335.8,615.9)=    0 (336.2,615.9)=    0 (336.7,615.8)=    0 (336.9,615.9)=    0 (337.1,615.9)=    0 (337.3,616.1)=    0 (337.4,616.4)=    0 (337.7,616.5)=    0 (337.7,616.5)=    0 (337.9,616.6)=    0 (338.2,616.7)=    0 (338.3,616.7)=    0 (338.3,616.9)=    0 (338.5,617.0)=    0 (338.7,617.2)=    0 (339.0,617.4)=    0 (339.2,617.5)=    0 (339.5,617.6)=    0 (339.8,617.7)=    0 (340.4,617.6)=    0 (340.7,617.5)=    0 (340.9,617.6)=    0 (341.4,617.5)=    0 (341.9,617.6)=    0 (342.3,617.9)=    0 (342.7,617.9)=    0 (343.2,617.9)=    0 (343.6,617.9)=    0 (344.0,617.8)=    0 (344.2,617.5)=    0 (344.5,617.6)=    0 (344.9,617.8)=    0 (345.1,617.8)=    0 (345.3,618.1)=    0 (345.6,618.1)=    0 (345.9,618.0)=    0 (346.2,618.0)=    0 (346.3,618.0)=    0 (346.6,617.7)=    0 (347.1,617.9)=    0 (347.6,618.2)=    0 (348.1,618.2)=    0 (348.6,618.4)=    0 (349.2,618.4)=    0 (349.8,618.4)=    0 (350.3,618.4)=    0 (351.0,618.4)=    0 (351.8,618.4)=    0 (352.1,618.4)=    0 (352.5,618.6)=    0 (353.0,618.7)=    0 (353.4,619.0)=    0 (353.8,619.1)=    0 (354.6,619.0)=    0 (355.0,619.2)=    0 (355.5,619.2)=    0 (356.0,619.3)=    0 (356.8,619.6)=    0 (357.3,619.7)=    0 (358.0,619.8)=    0 (358.7,619.8)=    0 (359.4,619.9)=    0 (359.9,619.9)=    0 (360.7,619.9)=    0 (361.2,619.9)=    0 (361.7,619.9)=    0 (362.4,619.9)=    0 (363.0,619.8)=    0 (363.7,619.8)=    0 (364.3,619.9)=    0 (364.9,619.7)=    0 (365.7,619.5)=    0 (366.4,619.3)=    0 (366.9,618.8)=    0 (367.8,618.8)=    0 (368.3,618.6)=    0 (368.7,618.5)=    0 (369.2,618.6)=    0 (369.7,618.7)=    0 (370.2,618.7)=    0 (370.6,618.7)=    0 (371.1,618.5)=    0 (372.0,618.4)=    0 (372.6,618.2)=    0 (373.4,618.2)=    0 (374.3,618.3)=    0 (375.3,618.4)=    0 
    118 | (331.0,564.0)=11740 (331.6,564.3)=    0 ( -1.0, -1.0)=   -3 ( -1.0, -1.0)=   -3 ( -1.0, -1.0)=   -3 ( -1.0, -1.0)=   -3 ( -1.0, -1.0)=   -3 ( -1.0, -1.0)=   -3 ( -1.0, -1.0)=   -3 ( -1.0, -1.0)=   -3 ( -1.0, -1.0)=   -3 ( -1.0, -1.0)=   -3 ( -1.0, -1.0)=   -3 ( -1.0, -1.0)=   -3 ( -1.0, -1.0)=   -3 ( -1.0, -1.0)=   -3 ( -1.0, -1.0)=   -3 ( -1.0, -1.0)=   -3 ( -1.0, -1.0)=   -3 ( -1.0, -1.0)=   -3 ( -1.0, -1.0)=   -3 ( -1.0, -1.0)=   -3 ( -1.0, -1.0)=   -3 ( -1.0, -1.0)=   -3 ( -1.0, -1.0)=   -3 ( -1.0, -1.0)=   -3 ( -1.0, -1.0)=   -3 ( -1.0, -1.0)=   -3 ( -1.0, -1.0)=   -3 ( -1.0, -1.0)=   -3 ( -1.0, -1.0)=   -3 ( -1.0, -1.0)=   -3 ( -1.0, -1.0)=   -3 ( -1.0, -1.0)=   -3 ( -1.0, -1.0)=   -3 ( -1.0, -1.0)=   -3 ( -1.0, -1.0)=   -3 ( -1.0, -1.0)=   -3 ( -1.0, -1.0)=   -3 ( -1.0, -1.0)=   -3 ( -1.0, -1.0)=   -3 ( -1.0, -1.0)=   -3 ( -1.0, -1.0)=   -3 ( -1.0, -1.0)=   -3 ( -1.0, -1.0)=   -3 ( -1.0, -1.0)=   -3 ( -1.0, -1.0)=   -3 ( -1.0, -1.0)=   -3 ( -1.0, -1.0)=   -3 ( -1.0, -1.0)=   -3 ( -1.0, -1.0)=   -3 ( -1.0, -1.0)=   -3 ( -1.0, -1.0)=   -3 ( -1.0, -1.0)=   -3 ( -1.0, -1.0)=   -3 ( -1.0, -1.0)=   -3 ( -1.0, -1.0)=   -3 ( -1.0, -1.0)=   -3 ( -1.0, -1.0)=   -3 ( -1.0, -1.0)=   -3 ( -1.0, -1.0)=   -3 ( -1.0, -1.0)=   -3 ( -1.0, -1.0)=   -3 ( -1.0, -1.0)=   -3 ( -1.0, -1.0)=   -3 ( -1.0, -1.0)=   -3 ( -1.0, -1.0)=   -3 ( -1.0, -1.0)=   -3 ( -1.0, -1.0)=   -3 ( -1.0, -1.0)=   -3 ( -1.0, -1.0)=   -3 ( -1.0, -1.0)=   -3 ( -1.0, -1.0)=   -3 ( -1.0, -1.0)=   -3 ( -1.0, -1.0)=   -3 ( -1.0, -1.0)=   -3 ( -1.0, -1.0)=   -3 ( -1.0, -1.0)=   -3 ( -1.0, -1.0)=   -3 ( -1.0, -1.0)=   -3 ( -1.0, -1.0)=   -3 ( -1.0, -1.0)=   -3 ( -1.0, -1.0)=   -3 ( -1.0, -1.0)=   -3 ( -1.0, -1.0)=   -3 ( -1.0, -1.0)=   -3 ( -1.0, -1.0)=   -3 ( -1.0, -1.0)=   -3 ( -1.0, -1.0)=   -3 ( -1.0, -1.0)=   -3 ( -1.0, -1.0)=   -3 ( -1.0, -1.0)=   -3 ( -1.0, -1.0)=   -3 ( -1.0, -1.0)=   -3 ( -1.0, -1.0)=   -3 ( -1.0, -1.0)=   -3 ( -1.0, -1.0)=   -3 ( -1.0, -1.0)=   -3 ( -1.0, -1.0)=   -3 ( -1.0, -1.0)=   -3 ( -1.0, -1.0)=   -3 ( -1.0, -1.0)=   -3 ( -1.0, -1.0)=   -3 ( -1.0, -1.0)=   -3 ( -1.0, -1.0)=   -3 ( -1.0, -1.0)=   -3 ( -1.0, -1.0)=   -3 ( -1.0, -1.0)=   -3 ( -1.0, -1.0)=   -3 ( -1.0, -1.0)=   -3 ( -1.0, -1.0)=   -3 ( -1.0, -1.0)=   -3 ( -1.0, -1.0)=   -3 ( -1.0, -1.0)=   -3 ( -1.0, -1.0)=   -3 ( -1.0, -1.0)=   -3 ( -1.0, -1.0)=   -3 ( -1.0, -1.0)=   -3 ( -1.0, -1.0)=   -3 ( -1.0, -1.0)=   -3 ( -1.0, -1.0)=   -3 ( -1.0, -1.0)=   -3 ( -1.0, -1.0)=   -3 ( -1.0, -1.0)=   -3 ( -1.0, -1.0)=   -3 ( -1.0, -1.0)=   -3 ( -1.0, -1.0)=   -3 ( -1.0, -1.0)=   -3 ( -1.0, -1.0)=   -3 ( -1.0, -1.0)=   -3 ( -1.0, -1.0)=   -3 ( -1.0, -1.0)=   -3 ( -1.0, -1.0)=   -3 ( -1.0, -1.0)=   -3 ( -1.0, -1.0)=   -3 ( -1.0, -1.0)=   -3 ( -1.0, -1.0)=   -3 ( -1.0, -1.0)=   -3 ( -1.0, -1.0)=   -3 ( -1.0, -1.0)=   -3 ( -1.0, -1.0)=   -3 ( -1.0, -1.0)=   -3 ( -1.0, -1.0)=   -3 ( -1.0, -1.0)=   -3 ( -1.0, -1.0)=   -3 ( -1.0, -1.0)=   -3 ( -1.0, -1.0)=   -3 ( -1.0, -1.0)=   -3 ( -1.0, -1.0)=   -3 ( -1.0, -1.0)=   -3 ( -1.0, -1.0)=   -3 ( -1.0, -1.0)=   -3 ( -1.0, -1.0)=   -3 ( -1.0, -1.0)=   -3 ( -1.0, -1.0)=   -3 ( -1.0, -1.0)=   -3 ( -1.0, -1.0)=   -3 ( -1.0, -1.0)=   -3 ( -1.0, -1.0)=   -3 ( -1.0, -1.0)=   -3 ( -1.0, -1.0)=   -3 ( -1.0, -1.0)=   -3 ( -1.0, -1.0)=   -3 ( -1.0, -1.0)=   -3 ( -1.0, -1.0)=   -3 ( -1.0, -1.0)=   -3 ( -1.0, -1.0)=   -3 ( -1.0, -1.0)=   -3 ( -1.0, -1.0)=   -3 ( -1.0, -1.0)=   -3 ( -1.0, -1.0)=   -3 ( -1.0, -1.0)=   -3 ( -1.0, -1.0)=   -3 ( -1.0, -1.0)=   -3 ( -1.0, -1.0)=   -3 ( -1.0, -1.0)=   -3 ( -1.0, -1.0)=   -3 ( -1.0, -1.0)=   -3 ( -1.0, -1.0)=   -3 ( -1.0, -1.0)=   -3 ( -1.0, -1.0)=   -3 ( -1.0, -1.0)=   -3 ( -1.0, -1.0)=   -3 ( -1.0, -1.0)=   -3 ( -1.0, -1.0)=   -3 ( -1.0, -1.0)=   -3 ( -1.0, -1.0)=   -3 ( -1.0, -1.0)=   -3 ( -1.0, -1.0)=   -3 ( -1.0, -1.0)=   -3 ( -1.0, -1.0)=   -3 ( -1.0, -1.0)=   -3 ( -1.0, -1.0)=   -3 ( -1.0, -1.0)=   -3 ( -1.0, -1.0)=   -3 ( -1.0, -1.0)=   -3 ( -1.0, -1.0)=   -3 ( -1.0, -1.0)=   -3 ( -1.0, -1.0)=   -3 ( -1.0, -1.0)=   -3 ( -1.0, -1.0)=   -3 ( -1.0, -1.0)=   -3 ( -1.0, -1.0)=   -3 ( -1.0, -1.0)=   -3 ( -1.0, -1.0)=   -3 ( -1.0, -1.0)=   -3 ( -1.0, -1.0)=   -3 ( -1.0, -1.0)=   -3 ( -1.0, -1.0)=   -3 ( -1.0, -1.0)=   -3 ( -1.0, -1.0)=   -3 ( -1.0, -1.0)=   -3 ( -1.0, -1.0)=   -3 ( -1.0, -1.0)=   -3 ( -1.0, -1.0)=   -3 ( -1.0, -1.0)=   -3 ( -1.0, -1.0)=   -3 ( -1.0, -1.0)=   -3 ( -1.0, -1.0)=   -3 ( -1.0, -1.0)=   -3 ( -1.0, -1.0)=   -3 ( -1.0, -1.0)=   -3 ( -1.0, -1.0)=   -3 ( -1.0, -1.0)=   -3 ( -1.0, -1.0)=   -3 ( -1.0, -1.0)=   -3 ( -1.0, -1.0)=   -3 ( -1.0, -1.0)=   -3 ( -1.0, -1.0)=   -3 ( -1.0, -1.0)=   -3 ( -1.0, -1.0)=   -3 ( -1.0, -1.0)=   -3 ( -1.0, -1.0)=   -3 ( -1.0, -1.0)=   -3 ( -1.0, -1.0)=   -3 ( -1.0, -1.0)=   -3 ( -1.0, -1.0)=   -3 ( -1.0, -1.0)=   -3 ( -1.0, -1.0)=   -3 ( -1.0, -1.0)=   -3 ( -1.0, -1.0)=   -3 ( -1.0, -1.0)=   -3 ( -1.0, -1.0)=   -3 ( -1.0, -1.0)=   -3 ( -1.0, -1.0)=   -3 ( -1.0, -1.0)=   -3 ( -1.0, -1.0)=   -3 ( -1.0, -1.0)=   -3 ( -1.0, -1.0)=   -3 ( -1.0, -1.0)=   -3 ( -1.0, -1.0)=   -3 ( -1.0, -1.0)=   -3 ( -1.0, -1.0)=   -3 ( -1.0, -1.0)=   -3 ( -1.0, -1.0)=   -3 ( -1.0, -1.0)=   -3 ( -1.0, -1.0)=   -3 ( -1.0, -1.0)=   -3 ( -1.0, -1.0)=   -3 ( -1.0, -1.0)=   -3 ( -1.0, -1.0)=   -3 ( -1.0, -1.0)=   -3 ( -1.0, -1.0)=   -3 ( -1.0, -1.0)=   -3 ( -1.0, -1.0)=   -3 ( -1.0, -1.0)=   -3 ( -1.0, -1.0)=   -3 ( -1.0, -1.0)=   -3 ( -1.0, -1.0)=   -3 ( -1.0, -1.0)=   -3 ( -1.0, -1.0)=   -3 ( -1.0, -1.0)=   -3 ( -1.0, -1.0)=   -3 ( -1.0, -1.0)=   -3 ( -1.0, -1.0)=   -3 ( -1.0, -1.0)=   -3 ( -1.0, -1.0)=   -3 ( -1.0, -1.0)=   -3 ( -1.0, -1.0)=   -3 ( -1.0, -1.0)=   -3 ( -1.0, -1.0)=   -3 
    119 | (223.0,242.0)=11736 (223.2,242.1)=    0 (223.9,242.3)=    0 (224.3,242.4)=    0 (224.7,242.1)=    0 (225.3,242.2)=    0 (226.0,242.2)=    0 (226.3,242.2)=    0 (226.7,242.4)=    0 (227.2,242.4)=    0 (227.9,242.7)=    0 (228.2,242.7)=    0 (228.9,242.3)=    0 (229.3,241.8)=    0 (229.7,241.5)=    0 (230.2,241.3)=    0 (230.6,240.7)=    0 (231.1,240.5)=    0 (231.2,240.2)=    0 (231.3,239.7)=    0 (231.5,239.5)=    0 (231.7,239.4)=    0 (231.9,239.1)=    0 (232.2,238.8)=    0 (232.2,238.6)=    0 (232.6,238.6)=    0 (233.0,238.6)=    0 (233.5,238.4)=    0 (234.2,238.3)=    0 (234.9,238.2)=    0 (235.5,238.2)=    0 (236.3,237.8)=    0 (237.2,237.6)=    0 (238.2,237.6)=    0 (239.0,237.8)=    0 (239.6,238.1)=    0 (240.2,238.3)=    0 (240.8,238.3)=    0 (241.1,238.6)=    0 (241.8,238.8)=    0 (242.4,238.8)=    0 (242.8,239.2)=    0 (243.1,239.2)=    0 (243.9,239.4)=    0 (244.4,239.7)=    0 (244.9,239.8)=    0 (245.7,239.8)=    0 (245.9,239.7)=    0 (246.3,239.9)=    0 (247.1,240.3)=    0 (247.1,240.4)=    0 (247.5,240.8)=    0 (247.9,241.2)=    0 (248.2,241.4)=    0 (248.8,241.6)=    0 (249.1,241.6)=    0 (249.4,241.1)=    0 (249.9,241.1)=    0 (250.1,241.1)=    0 (250.1,241.6)=    0 (250.4,241.6)=    0 (250.7,241.8)=    0 (250.9,241.8)=    0 (251.3,241.5)=    0 (251.6,241.3)=    0 (251.6,240.9)=    0 (251.7,240.9)=    0 (252.1,241.3)=    0 (252.3,241.6)=    0 (252.7,241.9)=    0 (252.9,242.1)=    0 (253.3,242.1)=    0 (253.8,242.4)=    0 (254.4,242.4)=    0 (254.8,242.2)=    0 (255.1,242.0)=    0 (255.8,242.0)=    0 (256.3,242.0)=    0 (256.8,242.0)=    0 (257.4,242.3)=    0 (257.7,242.4)=    0 (258.1,242.9)=    0 (258.8,243.0)=    0 (258.8,243.0)=    0 (259.2,242.9)=    0 (259.6,243.0)=    0 (259.9,243.0)=    0 (260.1,243.0)=    0 (260.4,243.0)=    0 (260.6,243.0)=    0 (260.9,243.0)=    0 (261.5,242.6)=    0 (261.8,242.5)=    0 (262.2,242.5)=    0 (262.7,242.3)=    0 (262.7,242.3)=    0 (263.3,242.5)=    0 (263.6,242.7)=    0 (264.1,243.3)=    0 (264.5,243.8)=    0 (264.9,244.0)=    0 (265.6,244.1)=    0 (265.8,244.6)=    0 (266.3,244.9)=    0 (266.8,245.2)=    0 (267.3,245.2)=    0 (267.8,245.5)=    0 (268.6,245.8)=    0 (268.9,246.1)=    0 (269.7,246.2)=    0 (270.3,246.4)=    0 (270.7,246.5)=    0 (271.2,247.0)=    0 (271.7,247.0)=    0 (272.7,247.6)=    0 (273.4,248.1)=    0 (274.0,248.3)=    0 (274.6,248.5)=    0 (275.3,248.2)=    0 (275.8,247.9)=    0 (276.6,248.0)=    0 (277.4,248.0)=    0 (278.1,248.0)=    0 (278.9,248.0)=    0 (280.2,248.0)=    0 (281.1,248.0)=    0 (281.5,247.9)=    0 (282.3,247.7)=    0 (283.1,247.6)=    0 (283.8,247.7)=    0 (284.2,247.5)=    0 (284.7,247.5)=    0 (285.4,247.4)=    0 (285.9,247.1)=    0 (286.3,246.9)=    0 (286.5,246.7)=    0 (286.9,246.1)=    0 (287.7,245.8)=    0 (287.9,245.4)=    0 (288.8,245.1)=    0 (289.6,244.9)=    0 (290.1,244.9)=    0 (291.0,245.2)=    0 (291.3,245.1)=    0 (292.2,245.1)=    0 (293.0,244.9)=    0 (294.0,244.8)=    0 (295.0,244.8)=    0 (296.0,245.4)=    0 (297.0,246.0)=    0 (298.0,246.6)=    0 (298.7,247.1)=    0 (299.6,247.5)=    0 (300.4,248.1)=    0 (301.2,248.6)=    0 (302.2,249.4)=    0 (303.2,250.2)=    0 (304.1,250.8)=    0 (305.2,251.7)=    0 (306.1,252.5)=    0 (306.4,252.9)=    0 (306.9,253.0)=    0 (307.0,252.8)=    0 (307.2,252.6)=    0 (307.5,252.6)=    0 (307.8,252.6)=    0 (308.5,252.7)=    0 (309.0,253.3)=    0 (309.2,253.5)=    0 (309.9,253.8)=    0 (310.1,253.9)=    0 (310.8,254.0)=    0 (311.2,254.2)=    0 (311.8,254.7)=    0 (312.4,254.9)=    0 (313.1,255.3)=    0 (313.8,255.9)=    0 (314.2,256.4)=    0 (314.7,256.8)=    0 (315.1,256.8)=    0 (315.7,256.8)=    0 (316.0,256.8)=    0 (316.5,257.0)=    0 (316.8,257.1)=    0 (317.0,257.2)=    0 (317.5,257.5)=    0 (317.7,257.6)=    0 (318.1,257.6)=    0 (318.2,257.6)=    0 (318.5,257.7)=    0 (318.8,257.7)=    0 (319.1,257.7)=    0 (319.1,257.9)=    0 (319.9,257.9)=    0 (320.1,257.9)=    0 (320.6,257.9)=    0 (321.0,257.8)=    0 (321.1,257.8)=    0 (321.6,257.8)=    0 (321.9,257.8)=    0 (321.9,258.2)=    0 (322.0,258.4)=    0 (322.3,258.6)=    0 (322.4,258.6)=    0 (322.7,258.6)=    0 (323.0,258.7)=    0 (323.1,258.7)=    0 (323.2,258.9)=    0 (323.6,259.0)=    0 (324.0,259.4)=    0 (324.2,259.7)=    0 (324.6,259.7)=    0 (324.9,259.9)=    0 (325.4,259.9)=    0 (325.7,259.4)=    0 (326.0,259.6)=    0 (326.5,259.6)=    0 (327.2,259.7)=    0 (327.7,259.7)=    0 (328.0,259.7)=    0 (328.5,259.7)=    0 (329.1,259.7)=    0 (329.3,259.6)=    0 (329.5,259.5)=    0 (329.8,259.4)=    0 (330.1,259.6)=    0 (330.3,259.8)=    0 (330.6,260.0)=    0 (330.9,260.1)=    0 (331.5,259.9)=    0 (331.7,259.9)=    0 (332.0,259.9)=    0 (332.3,259.9)=    0 (333.0,260.1)=    0 (333.3,260.4)=    0 (334.0,260.4)=    0 (334.5,260.5)=    0 (335.0,260.5)=    0 (335.7,260.5)=    0 (336.2,260.3)=    0 (336.9,260.3)=    0 (337.7,260.2)=    0 (338.0,260.0)=    0 (338.4,260.3)=    0 (339.0,260.8)=    0 (339.4,260.7)=    0 (340.2,260.8)=    0 (340.8,260.5)=    0 (341.1,260.6)=    0 (341.7,260.9)=    0 (342.5,260.9)=    0 (343.2,260.9)=    0 (344.0,261.0)=    0 (344.7,261.0)=    0 (345.2,261.0)=    0 (346.1,260.9)=    0 (346.6,260.9)=    0 (347.4,260.8)=    0 (348.0,260.8)=    0 (348.4,260.7)=    0 (349.2,260.6)=    0 (349.9,260.4)=    0 (350.7,260.4)=    0 (351.3,260.5)=    0 (352.1,260.2)=    0 (352.9,259.7)=    0 (353.4,259.5)=    0 (354.2,258.9)=    0 (354.9,258.9)=    0 (355.4,258.6)=    0 (355.8,258.3)=    0 (356.5,258.0)=    0 (356.9,258.0)=    0 (357.4,257.9)=    0 (357.8,257.9)=    0 (358.4,257.9)=    0 (359.2,257.8)=    0 (360.1,257.5)=    0 (360.9,257.3)=    0 (362.0,257.3)=    0 (362.9,257.2)=    0 
    120 | (275.0,553.0)=11686 (275.4,553.3)=    0 ( -1.0, -1.0)=   -3 ( -1.0, -1.0)=   -3 ( -1.0, -1.0)=   -3 ( -1.0, -1.0)=   -3 ( -1.0, -1.0)=   -3 ( -1.0, -1.0)=   -3 ( -1.0, -1.0)=   -3 ( -1.0, -1.0)=   -3 ( -1.0, -1.0)=   -3 ( -1.0, -1.0)=   -3 ( -1.0, -1.0)=   -3 ( -1.0, -1.0)=   -3 ( -1.0, -1.0)=   -3 ( -1.0, -1.0)=   -3 ( -1.0, -1.0)=   -3 ( -1.0, -1.0)=   -3 ( -1.0, -1.0)=   -3 ( -1.0, -1.0)=   -3 ( -1.0, -1.0)=   -3 ( -1.0, -1.0)=   -3 ( -1.0, -1.0)=   -3 ( -1.0, -1.0)=   -3 ( -1.0, -1.0)=   -3 ( -1.0, -1.0)=   -3 ( -1.0, -1.0)=   -3 ( -1.0, -1.0)=   -3 ( -1.0, -1.0)=   -3 ( -1.0, -1.0)=   -3 ( -1.0, -1.0)=   -3 ( -1.0, -1.0)=   -3 ( -1.0, -1.0)=   -3 ( -1.0, -1.0)=   -3 ( -1.0, -1.0)=   -3 ( -1.0, -1.0)=   -3 ( -1.0, -1.0)=   -3 ( -1.0, -1.0)=   -3 ( -1.0, -1.0)=   -3 ( -1.0, -1.0)=   -3 ( -1.0, -1.0)=   -3 ( -1.0, -1.0)=   -3 ( -1.0, -1.0)=   -3 ( -1.0, -1.0)=   -3 ( -1.0, -1.0)=   -3 ( -1.0, -1.0)=   -3 ( -1.0, -1.0)=   -3 ( -1.0, -1.0)=   -3 ( -1.0, -1.0)=   -3 ( -1.0, -1.0)=   -3 ( -1.0, -1.0)=   -3 ( -1.0, -1.0)=   -3 ( -1.0, -1.0)=   -3 ( -1.0, -1.0)=   -3 ( -1.0, -1.0)=   -3 ( -1.0, -1.0)=   -3 ( -1.0, -1.0)=   -3 ( -1.0, -1.0)=   -3 ( -1.0, -1.0)=   -3 ( -1.0, -1.0)=   -3 ( -1.0, -1.0)=   -3 ( -1.0, -1.0)=   -3 ( -1.0, -1.0)=   -3 ( -1.0, -1.0)=   -3 ( -1.0, -1.0)=   -3 ( -1.0, -1.0)=   -3 ( -1.0, -1.0)=   -3 ( -1.0, -1.0)=   -3 ( -1.0, -1.0)=   -3 ( -1.0, -1.0)=   -3 ( -1.0, -1.0)=   -3 ( -1.0, -1.0)=   -3 ( -1.0, -1.0)=   -3 ( -1.0, -1.0)=   -3 ( -1.0, -1.0)=   -3 ( -1.0, -1.0)=   -3 ( -1.0, -1.0)=   -3 ( -1.0, -1.0)=   -3 ( -1.0, -1.0)=   -3 ( -1.0, -1.0)=   -3 ( -1.0, -1.0)=   -3 ( -1.0, -1.0)=   -3 ( -1.0, -1.0)=   -3 ( -1.0, -1.0)=   -3 ( -1.0, -1.0)=   -3 ( -1.0, -1.0)=   -3 ( -1.0, -1.0)=   -3 ( -1.0, -1.0)=   -3 ( -1.0, -1.0)=   -3 ( -1.0, -1.0)=   -3 ( -1.0, -1.0)=   -3 ( -1.0, -1.0)=   -3 ( -1.0, -1.0)=   -3 ( -1.0, -1.0)=   -3 ( -1.0, -1.0)=   -3 ( -1.0, -1.0)=   -3 ( -1.0, -1.0)=   -3 ( -1.0, -1.0)=   -3 ( -1.0, -1.0)=   -3 ( -1.0, -1.0)=   -3 ( -1.0, -1.0)=   -3 ( -1.0, -1.0)=   -3 ( -1.0, -1.0)=   -3 ( -1.0, -1.0)=   -3 ( -1.0, -1.0)=   -3 ( -1.0, -1.0)=   -3 ( -1.0, -1.0)=   -3 ( -1.0, -1.0)=   -3 ( -1.0, -1.0)=   -3 ( -1.0, -1.0)=   -3 ( -1.0, -1.0)=   -3 ( -1.0, -1.0)=   -3 ( -1.0, -1.0)=   -3 ( -1.0, -1.0)=   -3 ( -1.0, -1.0)=   -3 ( -1.0, -1.0)=   -3 ( -1.0, -1.0)=   -3 ( -1.0, -1.0)=   -3 ( -1.0, -1.0)=   -3 ( -1.0, -1.0)=   -3 ( -1.0, -1.0)=   -3 ( -1.0, -1.0)=   -3 ( -1.0, -1.0)=   -3 ( -1.0, -1.0)=   -3 ( -1.0, -1.0)=   -3 ( -1.0, -1.0)=   -3 ( -1.0, -1.0)=   -3 ( -1.0, -1.0)=   -3 ( -1.0, -1.0)=   -3 ( -1.0, -1.0)=   -3 ( -1.0, -1.0)=   -3 ( -1.0, -1.0)=   -3 ( -1.0, -1.0)=   -3 ( -1.0, -1.0)=   -3 ( -1.0, -1.0)=   -3 ( -1.0, -1.0)=   -3 ( -1.0, -1.0)=   -3 ( -1.0, -1.0)=   -3 ( -1.0, -1.0)=   -3 ( -1.0, -1.0)=   -3 ( -1.0, -1.0)=   -3 ( -1.0, -1.0)=   -3 ( -1.0, -1.0)=   -3 ( -1.0, -1.0)=   -3 ( -1.0, -1.0)=   -3 ( -1.0, -1.0)=   -3 ( -1.0, -1.0)=   -3 ( -1.0, -1.0)=   -3 ( -1.0, -1.0)=   -3 ( -1.0, -1.0)=   -3 ( -1.0, -1.0)=   -3 ( -1.0, -1.0)=   -3 ( -1.0, -1.0)=   -3 ( -1.0, -1.0)=   -3 ( -1.0, -1.0)=   -3 ( -1.0, -1.0)=   -3 ( -1.0, -1.0)=   -3 ( -1.0, -1.0)=   -3 ( -1.0, -1.0)=   -3 ( -1.0, -1.0)=   -3 ( -1.0, -1.0)=   -3 ( -1.0, -1.0)=   -3 ( -1.0, -1.0)=   -3 ( -1.0, -1.0)=   -3 ( -1.0, -1.0)=   -3 ( -1.0, -1.0)=   -3 ( -1.0, -1.0)=   -3 ( -1.0, -1.0)=   -3 ( -1.0, -1.0)=   -3 ( -1.0, -1.0)=   -3 ( -1.0, -1.0)=   -3 ( -1.0, -1.0)=   -3 ( -1.0, -1.0)=   -3 ( -1.0, -1.0)=   -3 ( -1.0, -1.0)=   -3 ( -1.0, -1.0)=   -3 ( -1.0, -1.0)=   -3 ( -1.0, -1.0)=   -3 ( -1.0, -1.0)=   -3 ( -1.0, -1.0)=   -3 ( -1.0, -1.0)=   -3 ( -1.0, -1.0)=   -3 ( -1.0, -1.0)=   -3 ( -1.0, -1.0)=   -3 ( -1.0, -1.0)=   -3 ( -1.0, -1.0)=   -3 ( -1.0, -1.0)=   -3 ( -1.0, -1.0)=   -3 ( -1.0, -1.0)=   -3 ( -1.0, -1.0)=   -3 ( -1.0, -1.0)=   -3 ( -1.0, -1.0)=   -3 ( -1.0, -1.0)=   -3 ( -1.0, -1.0)=   -3 ( -1.0, -1.0)=   -3 ( -1.0, -1.0)=   -3 ( -1.0, -1.0)=   -3 ( -1.0, -1.0)=   -3 ( -1.0, -1.0)=   -3 ( -1.0, -1.0)=   -3 ( -1.0, -1.0)=   -3 ( -1.0, -1.0)=   -3 ( -1.0, -1.0)=   -3 ( -1.0, -1.0)=   -3 ( -1.0, -1.0)=   -3 ( -1.0, -1.0)=   -3 ( -1.0, -1.0)=   -3 ( -1.0, -1.0)=   -3 ( -1.0, -1.0)=   -3 ( -1.0, -1.0)=   -3 ( -1.0, -1.0)=   -3 ( -1.0, -1.0)=   -3 ( -1.0, -1.0)=   -3 ( -1.0, -1.0)=   -3 ( -1.0, -1.0)=   -3 ( -1.0, -1.0)=   -3 ( -1.0, -1.0)=   -3 ( -1.0, -1.0)=   -3 ( -1.0, -1.0)=   -3 ( -1.0, -1.0)=   -3 ( -1.0, -1.0)=   -3 ( -1.0, -1.0)=   -3 ( -1.0, -1.0)=   -3 ( -1.0, -1.0)=   -3 ( -1.0, -1.0)=   -3 ( -1.0, -1.0)=   -3 ( -1.0, -1.0)=   -3 ( -1.0, -1.0)=   -3 ( -1.0, -1.0)=   -3 ( -1.0, -1.0)=   -3 ( -1.0, -1.0)=   -3 ( -1.0, -1.0)=   -3 ( -1.0, -1.0)=   -3 ( -1.0, -1.0)=   -3 ( -1.0, -1.0)=   -3 ( -1.0, -1.0)=   -3 ( -1.0, -1.0)=   -3 ( -1.0, -1.0)=   -3 ( -1.0, -1.0)=   -3 ( -1.0, -1.0)=   -3 ( -1.0, -1.0)=   -3 ( -1.0, -1.0)=   -3 ( -1.0, -1.0)=   -3 ( -1.0, -1.0)=   -3 ( -1.0, -1.0)=   -3 ( -1.0, -1.0)=   -3 ( -1.0, -1.0)=   -3 ( -1.0, -1.0)=   -3 ( -1.0, -1.0)=   -3 ( -1.0, -1.0)=   -3 ( -1.0, -1.0)=   -3 ( -1.0, -1.0)=   -3 ( -1.0, -1.0)=   -3 ( -1.0, -1.0)=   -3 ( -1.0, -1.0)=   -3 ( -1.0, -1.0)=   -3 ( -1.0, -1.0)=   -3 ( -1.0, -1.0)=   -3 ( -1.0, -1.0)=   -3 ( -1.0, -1.0)=   -3 ( -1.0, -1.0)=   -3 ( -1.0, -1.0)=   -3 ( -1.0, -1.0)=   -3 ( -1.0, -1.0)=   -3 ( -1.0, -1.0)=   -3 ( -1.0, -1.0)=   -3 ( -1.0, -1.0)=   -3 ( -1.0, -1.0)=   -3 ( -1.0, -1.0)=   -3 ( -1.0, -1.0)=   -3 ( -1.0, -1.0)=   -3 ( -1.0, -1.0)=   -3 ( -1.0, -1.0)=   -3 ( -1.0, -1.0)=   -3 ( -1.0, -1.0)=   -3 ( -1.0, -1.0)=   -3 ( -1.0, -1.0)=   -3 ( -1.0, -1.0)=   -3 ( -1.0, -1.0)=   -3 ( -1.0, -1.0)=   -3 ( -1.0, -1.0)=   -3 
    121 | ( 24.0,507.0)=11676 ( 24.3,507.3)=    0 ( 25.0,507.4)=    0 ( 25.4,507.2)=    0 ( 25.8,507.2)=    0 ( 26.4,507.1)=    0 ( 26.9,506.9)=    0 ( 27.1,506.9)=    0 ( 27.5,507.1)=    0 ( 28.1,507.2)=    0 ( 28.5,507.2)=    0 ( 28.9,507.1)=    0 ( 29.4,506.8)=    0 ( 29.8,506.6)=    0 ( 30.0,506.4)=    0 ( 30.6,505.8)=    0 ( 30.8,505.4)=    0 ( 31.3,505.0)=    0 ( 31.7,504.6)=    0 ( 31.7,504.2)=    0 ( 31.7,504.0)=    0 ( 31.8,503.6)=    0 ( 31.8,503.5)=    0 ( 32.2,503.2)=    0 ( 32.2,503.2)=    0 ( 32.6,503.1)=    0 ( 33.0,502.7)=    0 ( 33.5,502.7)=    0 ( 34.0,502.5)=    0 ( 34.5,502.5)=    0 ( 35.3,502.2)=    0 ( 36.2,502.1)=    0 ( 37.0,501.8)=    0 ( 37.8,501.9)=    0 ( 38.5,501.9)=    0 ( 39.3,501.9)=    0 ( 39.9,502.1)=    0 ( 40.3,502.1)=    0 ( 41.0,502.3)=    0 ( 41.4,502.3)=    0 ( 42.2,502.3)=    0 ( 42.5,502.2)=    0 ( 43.0,502.3)=    0 ( 43.4,502.4)=    0 ( 44.0,502.6)=    0 ( 44.5,502.4)=    0 ( 45.1,502.5)=    0 ( 45.4,502.3)=    0 ( 45.8,502.5)=    0 ( 46.3,502.6)=    0 ( 46.4,502.9)=    0 ( 46.7,503.2)=    0 ( 47.1,503.4)=    0 ( 47.4,503.7)=    0 ( 47.9,503.7)=    0 ( 48.3,503.5)=    0 ( 48.5,503.3)=    0 ( 48.9,503.3)=    0 ( 49.1,503.2)=    0 ( 50.0,502.9)=    0 ( 50.1,503.1)=    0 ( 50.4,503.1)=    0 ( 50.7,502.9)=    0 ( 50.8,502.8)=    0 ( 51.0,502.7)=    0 ( 50.9,502.5)=    0 ( 51.0,502.7)=    0 ( 51.5,503.0)=    0 ( 51.8,503.0)=    0 ( 52.0,503.3)=    0 ( 52.5,503.4)=    0 ( 52.7,503.6)=    0 ( 53.2,503.7)=    0 ( 53.7,503.6)=    0 ( 54.3,503.4)=    0 ( 54.8,503.2)=    0 ( 55.2,503.0)=    0 ( 55.6,503.0)=    0 ( 56.1,503.4)=    0 ( 56.5,503.4)=    0 ( 57.0,503.7)=    0 ( 57.6,503.9)=    0 ( 58.1,503.9)=    0 ( 58.4,503.9)=    0 ( 58.6,504.0)=    0 ( 59.1,504.1)=    0 ( 59.3,503.8)=    0 ( 59.6,504.1)=    0 ( 59.8,504.1)=    0 ( 60.0,504.1)=    0 ( 60.5,503.9)=    0 ( 60.9,503.8)=    0 ( 61.2,503.7)=    0 ( 61.7,503.7)=    0 ( 62.0,503.4)=    0 ( 62.2,503.6)=    0 ( 62.6,503.7)=    0 ( 62.8,504.0)=    0 ( 63.4,504.4)=    0 ( 63.7,504.4)=    0 ( 64.3,504.6)=    0 ( 64.7,504.7)=    0 ( 65.2,505.0)=    0 ( 65.7,505.1)=    0 ( 66.3,505.3)=    0 ( 66.6,505.6)=    0 ( 67.1,505.8)=    0 ( 67.6,506.0)=    0 ( 68.1,506.3)=    0 ( 68.8,506.5)=    0 ( 69.3,506.7)=    0 ( 69.8,506.7)=    0 ( 70.3,507.0)=    0 ( 70.7,507.4)=    0 ( 71.5,507.8)=    0 ( 72.3,507.8)=    0 ( 73.1,508.1)=    0 ( 73.7,508.1)=    0 ( 74.2,507.8)=    0 ( 74.6,507.7)=    0 ( 75.4,507.8)=    0 ( 76.0,507.8)=    0 ( 76.5,507.7)=    0 ( 77.3,507.8)=    0 ( 78.2,507.9)=    0 ( 78.9,507.8)=    0 ( 79.5,507.6)=    0 ( 80.3,507.4)=    0 ( 81.2,507.1)=    0 ( 81.6,507.0)=    0 ( 82.2,507.0)=    0 ( 82.8,507.0)=    0 ( 83.2,506.9)=    0 ( 83.6,506.7)=    0 ( 83.9,506.5)=    0 ( 84.3,506.2)=    0 ( 84.5,505.7)=    0 ( 85.0,505.4)=    0 ( 85.5,505.1)=    0 ( 86.2,504.9)=    0 ( 86.7,504.8)=    0 ( 87.4,504.8)=    0 ( 88.2,504.7)=    0 ( 88.7,504.7)=    0 ( 89.4,504.7)=    0 ( 90.3,504.5)=    0 ( 91.1,504.5)=    0 ( 91.7,504.6)=    0 ( 92.8,504.9)=    0 ( 93.6,505.3)=    0 ( 94.4,505.7)=    0 ( 95.4,506.0)=    0 ( 95.9,506.4)=    0 ( 96.8,506.7)=    0 ( 97.7,507.1)=    0 ( 98.6,507.8)=    0 ( 99.6,508.3)=    0 (100.4,508.8)=    0 (101.1,509.5)=    0 (101.8,509.9)=    0 (102.3,510.1)=    0 (102.6,510.1)=    0 (102.8,509.9)=    0 (102.9,509.7)=    0 (103.3,509.7)=    0 (103.7,509.6)=    0 (104.0,509.9)=    0 (104.5,510.2)=    0 (104.6,510.2)=    0 (105.2,510.5)=    0 (105.6,510.5)=    0 (106.0,510.6)=    0 (106.6,510.8)=    0 (107.0,511.1)=    0 (107.5,511.4)=    0 (108.0,511.7)=    0 (108.7,512.2)=    0 (109.2,512.5)=    0 (109.7,512.7)=    0 (110.2,512.7)=    0 (110.4,512.7)=    0 (110.6,512.8)=    0 (111.2,512.8)=    0 (111.3,512.9)=    0 (111.4,513.1)=    0 (111.6,513.4)=    0 (111.8,513.4)=    0 (112.1,513.4)=    0 (112.3,513.4)=    0 (112.5,513.5)=    0 (112.8,513.5)=    0 (112.9,513.6)=    0 (113.3,513.7)=    0 (113.8,513.7)=    0 (114.0,513.7)=    0 (114.4,513.6)=    0 (114.6,513.5)=    0 (114.8,513.5)=    0 (115.3,513.5)=    0 (115.5,513.6)=    0 (115.5,513.8)=    0 (115.8,513.9)=    0 (115.9,513.9)=    0 (116.2,513.9)=    0 (116.3,513.9)=    0 (116.4,514.0)=    0 (116.5,514.2)=    0 (116.8,514.2)=    0 (117.1,514.4)=    0 (117.3,514.5)=    0 (117.7,514.5)=    0 (118.0,514.7)=    0 (118.4,514.7)=    0 (118.9,514.6)=    0 (119.0,514.6)=    0 (119.4,514.6)=    0 (119.8,514.4)=    0 (120.4,514.5)=    0 (120.6,514.6)=    0 (120.8,514.5)=    0 (121.3,514.6)=    0 (121.6,514.4)=    0 (121.9,514.3)=    0 (122.2,514.2)=    0 (122.5,514.2)=    0 (122.7,514.3)=    0 (123.1,514.4)=    0 (123.4,514.5)=    0 (123.7,514.6)=    0 (124.1,514.5)=    0 (124.2,514.5)=    0 (124.6,514.5)=    0 (125.1,514.2)=    0 (125.4,514.4)=    0 (126.1,514.4)=    0 (126.5,514.4)=    0 (127.0,514.4)=    0 (127.5,514.4)=    0 (128.0,514.4)=    0 (128.5,514.4)=    0 (129.2,514.4)=    0 (129.7,514.2)=    0 (129.9,514.2)=    0 (130.5,514.3)=    0 (131.1,514.4)=    0 (131.4,514.6)=    0 (132.1,514.6)=    0 (132.6,514.5)=    0 (132.8,514.6)=    0 (133.5,514.6)=    0 (134.1,514.6)=    0 (134.8,514.7)=    0 (135.3,514.7)=    0 (135.9,514.6)=    0 (136.4,514.7)=    0 (137.2,514.7)=    0 (137.8,514.6)=    0 (138.3,514.4)=    0 (138.8,514.3)=    0 (139.3,514.2)=    0 (140.0,514.2)=    0 (140.6,514.1)=    0 (141.4,514.1)=    0 (142.0,514.0)=    0 (142.7,513.7)=    0 (143.1,513.5)=    0 (143.9,513.2)=    0 (144.5,512.7)=    0 (145.2,512.7)=    0 (145.7,512.5)=    0 (146.0,512.4)=    0 (146.4,512.3)=    0 (146.9,512.3)=    0 (147.3,512.4)=    0 (147.9,512.1)=    0 (148.6,511.9)=    0 (149.4,511.7)=    0 (150.1,511.5)=    0 (150.8,511.5)=    0 (151.9,511.5)=    0 (152.6,511.4)=    0 
    122 | (209.0,282.0)=11296 (209.4,282.1)=    0 (209.9,282.4)=    0 (210.5,282.4)=    0 (211.0,282.2)=    0 (211.5,282.2)=    0 (212.1,282.2)=    0 (212.4,282.2)=    0 (212.9,282.3)=    0 (213.4,282.3)=    0 (214.1,282.4)=    0 (214.4,282.4)=    0 (215.0,282.2)=    0 (215.4,281.8)=    0 (215.9,281.5)=    0 (216.4,281.2)=    0 (216.8,280.7)=    0 (217.1,280.4)=    0 (217.5,280.1)=    0 (217.5,279.6)=    0 (217.5,279.5)=    0 (217.7,279.3)=    0 (217.8,278.9)=    0 (218.2,278.7)=    0 (218.4,278.6)=    0 (218.6,278.6)=    0 (219.0,278.4)=    0 (219.6,278.3)=    0 (220.1,278.2)=    0 (220.5,278.0)=    0 (221.3,278.0)=    0 (222.3,277.8)=    0 (223.3,277.5)=    0 (224.1,277.5)=    0 (224.8,277.7)=    0 (225.5,277.8)=    0 (226.1,278.1)=    0 (226.7,278.3)=    0 (227.2,278.6)=    0 (227.7,278.7)=    0 (228.3,278.8)=    0 (228.9,278.9)=    0 (229.3,278.8)=    0 (229.9,279.1)=    0 (230.1,279.4)=    0 (230.8,279.5)=    0 (231.4,279.6)=    0 (231.7,279.5)=    0 (232.3,279.6)=    0 (232.8,279.8)=    0 (233.0,280.1)=    0 (233.3,280.6)=    0 (233.7,280.8)=    0 (234.1,281.1)=    0 (234.8,281.4)=    0 (235.1,281.3)=    0 (235.3,280.9)=    0 (235.7,280.8)=    0 (236.0,280.8)=    0 (236.4,281.2)=    0 (236.8,281.4)=    0 (236.8,281.6)=    0 (237.0,281.6)=    0 (237.2,281.3)=    0 (237.7,281.0)=    0 (237.6,280.7)=    0 (237.8,280.7)=    0 (238.1,281.1)=    0 (238.6,281.3)=    0 (238.9,281.6)=    0 (239.2,281.8)=    0 (239.5,281.8)=    0 (240.0,282.2)=    0 (240.5,282.2)=    0 (240.9,282.1)=    0 (241.4,281.8)=    0 (242.0,281.7)=    0 (242.3,281.7)=    0 (243.0,281.7)=    0 (243.4,282.0)=    0 (243.9,282.2)=    0 (244.2,282.4)=    0 (244.6,282.6)=    0 (244.9,282.7)=    0 (245.4,282.6)=    0 (245.5,282.8)=    0 (245.7,282.7)=    0 (246.2,282.6)=    0 (246.4,282.7)=    0 (246.7,282.7)=    0 (247.0,282.7)=    0 (247.5,282.6)=    0 (247.8,282.3)=    0 (248.4,282.2)=    0 (248.7,282.2)=    0 (248.9,282.0)=    0 (249.2,282.3)=    0 (249.7,282.6)=    0 (249.9,283.1)=    0 (250.4,283.4)=    0 (251.0,283.7)=    0 (251.5,283.9)=    0 (251.9,284.1)=    0 (252.3,284.5)=    0 (252.6,284.8)=    0 (253.2,284.8)=    0 (253.7,285.2)=    0 (254.3,285.3)=    0 (254.7,285.6)=    0 (255.5,285.8)=    0 (256.1,286.2)=    0 (256.6,286.3)=    0 (257.1,286.5)=    0 (257.7,286.8)=    0 (258.4,287.3)=    0 (259.3,287.4)=    0 (259.9,287.8)=    0 (260.4,287.9)=    0 (260.8,287.7)=    0 (261.5,287.5)=    0 (262.2,287.6)=    0 (262.9,287.5)=    0 (263.6,287.5)=    0 (264.5,287.7)=    0 (265.2,287.7)=    0 (265.9,287.6)=    0 (266.9,287.5)=    0 (267.8,287.4)=    0 (268.6,287.3)=    0 (269.3,287.3)=    0 (269.7,287.3)=    0 (270.3,287.3)=    0 (270.7,287.2)=    0 (271.0,286.9)=    0 (271.4,286.8)=    0 (271.8,286.5)=    0 (272.0,285.9)=    0 (272.8,285.8)=    0 (273.4,285.2)=    0 (274.0,285.0)=    0 (274.7,284.9)=    0 (275.3,285.0)=    0 (276.0,285.0)=    0 (276.5,284.9)=    0 (277.4,284.9)=    0 (278.2,284.9)=    0 (278.9,284.7)=    0 (280.0,284.8)=    0 (280.8,285.4)=    0 (281.8,285.8)=    0 (282.7,286.5)=    0 (283.5,287.0)=    0 (284.4,287.3)=    0 (285.0,287.8)=    0 (285.9,288.4)=    0 (286.9,289.2)=    0 (287.9,290.0)=    0 (288.9,290.5)=    0 (289.7,291.5)=    0 (290.5,292.2)=    0 (291.1,292.6)=    0 (291.3,292.8)=    0 (291.5,292.6)=    0 (291.7,292.4)=    0 (292.3,292.3)=    0 (292.7,292.4)=    0 (293.0,292.8)=    0 (293.4,293.2)=    0 (293.9,293.1)=    0 (294.5,293.5)=    0 (294.8,293.8)=    0 (295.2,293.8)=    0 (295.7,294.0)=    0 (296.6,294.3)=    0 (297.1,294.6)=    0 (297.6,295.0)=    0 (298.2,295.6)=    0 (298.8,296.1)=    0 (299.4,296.4)=    0 (299.9,296.5)=    0 (300.2,296.5)=    0 (300.7,296.6)=    0 (300.9,296.8)=    0 (301.3,296.9)=    0 (301.6,297.0)=    0 (302.0,297.4)=    0 (302.3,297.3)=    0 (302.6,297.3)=    0 (302.9,297.3)=    0 (303.0,297.5)=    0 (303.4,297.5)=    0 (303.7,297.7)=    0 (303.9,297.7)=    0 (304.4,297.8)=    0 (304.8,297.8)=    0 (305.0,297.7)=    0 (305.4,297.6)=    0 (305.7,297.6)=    0 (306.1,297.7)=    0 (306.4,297.7)=    0 (306.5,297.8)=    0 (306.5,298.2)=    0 (306.8,298.3)=    0 (307.0,298.4)=    0 (307.3,298.4)=    0 (307.5,298.4)=    0 (307.6,298.5)=    0 (307.7,298.7)=    0 (307.8,299.0)=    0 (308.2,299.1)=    0 (308.5,299.3)=    0 (308.8,299.5)=    0 (309.3,299.6)=    0 (309.7,299.5)=    0 (309.9,299.2)=    0 (310.4,299.3)=    0 (310.9,299.2)=    0 (311.4,299.3)=    0 (311.8,299.4)=    0 (312.3,299.4)=    0 (312.9,299.5)=    0 (313.1,299.3)=    0 (313.5,299.3)=    0 (313.8,299.0)=    0 (313.9,299.1)=    0 (314.4,299.4)=    0 (314.6,299.4)=    0 (314.8,299.7)=    0 (315.4,299.7)=    0 (315.6,299.7)=    0 (315.7,299.5)=    0 (315.9,299.7)=    0 (316.5,299.8)=    0 (317.2,299.8)=    0 (317.3,300.2)=    0 (318.0,300.1)=    0 (318.6,300.2)=    0 (319.3,300.2)=    0 (319.7,300.2)=    0 (320.3,300.0)=    0 (320.9,300.1)=    0 (321.6,300.0)=    0 (321.8,299.9)=    0 (322.3,300.1)=    0 (323.1,300.2)=    0 (323.6,300.4)=    0 (324.2,300.6)=    0 (324.7,300.4)=    0 (325.2,300.4)=    0 (325.8,300.7)=    0 (326.5,300.8)=    0 (327.3,300.7)=    0 (327.6,300.9)=    0 (328.4,300.9)=    0 (329.1,300.7)=    0 (329.8,300.8)=    0 (330.5,300.8)=    0 (331.2,300.7)=    0 (331.8,300.7)=    0 (332.4,300.6)=    0 (333.1,300.5)=    0 (333.7,300.4)=    0 (334.4,300.4)=    0 (335.2,300.2)=    0 (335.8,300.1)=    0 (336.2,299.7)=    0 (337.1,299.4)=    0 (337.8,298.9)=    0 (338.6,298.8)=    0 (339.2,298.4)=    0 (339.4,298.2)=    0 (340.0,298.1)=    0 (340.8,297.9)=    0 (341.1,297.9)=    0 (341.6,297.9)=    0 (342.2,297.9)=    0 (343.0,297.7)=    0 (343.8,297.5)=    0 (344.6,297.4)=    0 (345.5,297.4)=    0 (346.5,297.3)=    0 
    123 | (303.0,558.0)=11054 (303.5,558.2)=    0 (304.0,558.4)=    0 (304.5,558.3)=    0 (304.8,558.3)=    0 (305.3,558.3)=    0 (305.8,558.2)=    0 (306.0,558.2)=    0 ( -1.0, -1.0)=   -3 ( -1.0, -1.0)=   -3 ( -1.0, -1.0)=   -3 ( -1.0, -1.0)=   -3 ( -1.0, -1.0)=   -3 ( -1.0, -1.0)=   -3 ( -1.0, -1.0)=   -3 ( -1.0, -1.0)=   -3 ( -1.0, -1.0)=   -3 ( -1.0, -1.0)=   -3 ( -1.0, -1.0)=   -3 ( -1.0, -1.0)=   -3 ( -1.0, -1.0)=   -3 ( -1.0, -1.0)=   -3 ( -1.0, -1.0)=   -3 ( -1.0, -1.0)=   -3 ( -1.0, -1.0)=   -3 ( -1.0, -1.0)=   -3 ( -1.0, -1.0)=   -3 ( -1.0, -1.0)=   -3 ( -1.0, -1.0)=   -3 ( -1.0, -1.0)=   -3 ( -1.0, -1.0)=   -3 ( -1.0, -1.0)=   -3 ( -1.0, -1.0)=   -3 ( -1.0, -1.0)=   -3 ( -1.0, -1.0)=   -3 ( -1.0, -1.0)=   -3 ( -1.0, -1.0)=   -3 ( -1.0, -1.0)=   -3 ( -1.0, -1.0)=   -3 ( -1.0, -1.0)=   -3 ( -1.0, -1.0)=   -3 ( -1.0, -1.0)=   -3 ( -1.0, -1.0)=   -3 ( -1.0, -1.0)=   -3 ( -1.0, -1.0)=   -3 ( -1.0, -1.0)=   -3 ( -1.0, -1.0)=   -3 ( -1.0, -1.0)=   -3 ( -1.0, -1.0)=   -3 ( -1.0, -1.0)=   -3 ( -1.0, -1.0)=   -3 ( -1.0, -1.0)=   -3 ( -1.0, -1.0)=   -3 ( -1.0, -1.0)=   -3 ( -1.0, -1.0)=   -3 ( -1.0, -1.0)=   -3 ( -1.0, -1.0)=   -3 ( -1.0, -1.0)=   -3 ( -1.0, -1.0)=   -3 ( -1.0, -1.0)=   -3 ( -1.0, -1.0)=   -3 ( -1.0, -1.0)=   -3 ( -1.0, -1.0)=   -3 ( -1.0, -1.0)=   -3 ( -1.0, -1.0)=   -3 ( -1.0, -1.0)=   -3 ( -1.0, -1.0)=   -3 ( -1.0, -1.0)=   -3 ( -1.0, -1.0)=   -3 ( -1.0, -1.0)=   -3 ( -1.0, -1.0)=   -3 ( -1.0, -1.0)=   -3 ( -1.0, -1.0)=   -3 ( -1.0, -1.0)=   -3 ( -1.0, -1.0)=   -3 ( -1.0, -1.0)=   -3 ( -1.0, -1.0)=   -3 ( -1.0, -1.0)=   -3 ( -1.0, -1.0)=   -3 ( -1.0, -1.0)=   -3 ( -1.0, -1.0)=   -3 ( -1.0, -1.0)=   -3 ( -1.0, -1.0)=   -3 ( -1.0, -1.0)=   -3 ( -1.0, -1.0)=   -3 ( -1.0, -1.0)=   -3 ( -1.0, -1.0)=   -3 ( -1.0, -1.0)=   -3 ( -1.0, -1.0)=   -3 ( -1.0, -1.0)=   -3 ( -1.0, -1.0)=   -3 ( -1.0, -1.0)=   -3 ( -1.0, -1.0)=   -3 ( -1.0, -1.0)=   -3 ( -1.0, -1.0)=   -3 ( -1.0, -1.0)=   -3 ( -1.0, -1.0)=   -3 ( -1.0, -1.0)=   -3 ( -1.0, -1.0)=   -3 ( -1.0, -1.0)=   -3 ( -1.0, -1.0)=   -3 ( -1.0, -1.0)=   -3 ( -1.0, -1.0)=   -3 ( -1.0, -1.0)=   -3 ( -1.0, -1.0)=   -3 ( -1.0, -1.0)=   -3 ( -1.0, -1.0)=   -3 ( -1.0, -1.0)=   -3 ( -1.0, -1.0)=   -3 ( -1.0, -1.0)=   -3 ( -1.0, -1.0)=   -3 ( -1.0, -1.0)=   -3 ( -1.0, -1.0)=   -3 ( -1.0, -1.0)=   -3 ( -1.0, -1.0)=   -3 ( -1.0, -1.0)=   -3 ( -1.0, -1.0)=   -3 ( -1.0, -1.0)=   -3 ( -1.0, -1.0)=   -3 ( -1.0, -1.0)=   -3 ( -1.0, -1.0)=   -3 ( -1.0, -1.0)=   -3 ( -1.0, -1.0)=   -3 ( -1.0, -1.0)=   -3 ( -1.0, -1.0)=   -3 ( -1.0, -1.0)=   -3 ( -1.0, -1.0)=   -3 ( -1.0, -1.0)=   -3 ( -1.0, -1.0)=   -3 ( -1.0, -1.0)=   -3 ( -1.0, -1.0)=   -3 ( -1.0, -1.0)=   -3 ( -1.0, -1.0)=   -3 ( -1.0, -1.0)=   -3 ( -1.0, -1.0)=   -3 ( -1.0, -1.0)=   -3 ( -1.0, -1.0)=   -3 ( -1.0, -1.0)=   -3 ( -1.0, -1.0)=   -3 ( -1.0, -1.0)=   -3 ( -1.0, -1.0)=   -3 ( -1.0, -1.0)=   -3 ( -1.0, -1.0)=   -3 ( -1.0, -1.0)=   -3 ( -1.0, -1.0)=   -3 ( -1.0, -1.0)=   -3 ( -1.0, -1.0)=   -3 ( -1.0, -1.0)=   -3 ( -1.0, -1.0)=   -3 ( -1.0, -1.0)=   -3 ( -1.0, -1.0)=   -3 ( -1.0, -1.0)=   -3 ( -1.0, -1.0)=   -3 ( -1.0, -1.0)=   -3 ( -1.0, -1.0)=   -3 ( -1.0, -1.0)=   -3 ( -1.0, -1.0)=   -3 ( -1.0, -1.0)=   -3 ( -1.0, -1.0)=   -3 ( -1.0, -1.0)=   -3 ( -1.0, -1.0)=   -3 ( -1.0, -1.0)=   -3 ( -1.0, -1.0)=   -3 ( -1.0, -1.0)=   -3 ( -1.0, -1.0)=   -3 ( -1.0, -1.0)=   -3 ( -1.0, -1.0)=   -3 ( -1.0, -1.0)=   -3 ( -1.0, -1.0)=   -3 ( -1.0, -1.0)=   -3 ( -1.0, -1.0)=   -3 ( -1.0, -1.0)=   -3 ( -1.0, -1.0)=   -3 ( -1.0, -1.0)=   -3 ( -1.0, -1.0)=   -3 ( -1.0, -1.0)=   -3 ( -1.0, -1.0)=   -3 ( -1.0, -1.0)=   -3 ( -1.0, -1.0)=   -3 ( -1.0, -1.0)=   -3 ( -1.0, -1.0)=   -3 ( -1.0, -1.0)=   -3 ( -1.0, -1.0)=   -3 ( -1.0, -1.0)=   -3 ( -1.0, -1.0)=   -3 ( -1.0, -1.0)=   -3 ( -1.0, -1.0)=   -3 ( -1.0, -1.0)=   -3 ( -1.0, -1.0)=   -3 ( -1.0, -1.0)=   -3 ( -1.0, -1.0)=   -3 ( -1.0, -1.0)=   -3 ( -1.0, -1.0)=   -3 ( -1.0, -1.0)=   -3 ( -1.0, -1.0)=   -3 ( -1.0, -1.0)=   -3 ( -1.0, -1.0)=   -3 ( -1.0, -1.0)=   -3 ( -1.0, -1.0)=   -3 ( -1.0, -1.0)=   -3 ( -1.0, -1.0)=   -3 ( -1.0, -1.0)=   -3 ( -1.0, -1.0)=   -3 ( -1.0, -1.0)=   -3 ( -1.0, -1.0)=   -3 ( -1.0, -1.0)=   -3 ( -1.0, -1.0)=   -3 ( -1.0, -1.0)=   -3 ( -1.0, -1.0)=   -3 ( -1.0, -1.0)=   -3 ( -1.0, -1.0)=   -3 ( -1.0, -1.0)=   -3 ( -1.0, -1.0)=   -3 ( -1.0, -1.0)=   -3 ( -1.0, -1.0)=   -3 ( -1.0, -1.0)=   -3 ( -1.0, -1.0)=   -3 ( -1.0, -1.0)=   -3 ( -1.0, -1.0)=   -3 ( -1.0, -1.0)=   -3 ( -1.0, -1.0)=   -3 ( -1.0, -1.0)=   -3 ( -1.0, -1.0)=   -3 ( -1.0, -1.0)=   -3 ( -1.0, -1.0)=   -3 ( -1.0, -1.0)=   -3 ( -1.0, -1.0)=   -3 ( -1.0, -1.0)=   -3 ( -1.0, -1.0)=   -3 ( -1.0, -1.0)=   -3 ( -1.0, -1.0)=   -3 ( -1.0, -1.0)=   -3 ( -1.0, -1.0)=   -3 ( -1.0, -1.0)=   -3 ( -1.0, -1.0)=   -3 ( -1.0, -1.0)=   -3 ( -1.0, -1.0)=   -3 ( -1.0, -1.0)=   -3 ( -1.0, -1.0)=   -3 ( -1.0, -1.0)=   -3 ( -1.0, -1.0)=   -3 ( -1.0, -1.0)=   -3 ( -1.0, -1.0)=   -3 ( -1.0, -1.0)=   -3 ( -1.0, -1.0)=   -3 ( -1.0, -1.0)=   -3 ( -1.0, -1.0)=   -3 ( -1.0, -1.0)=   -3 ( -1.0, -1.0)=   -3 ( -1.0, -1.0)=   -3 ( -1.0, -1.0)=   -3 ( -1.0, -1.0)=   -3 ( -1.0, -1.0)=   -3 ( -1.0, -1.0)=   -3 ( -1.0, -1.0)=   -3 ( -1.0, -1.0)=   -3 ( -1.0, -1.0)=   -3 ( -1.0, -1.0)=   -3 ( -1.0, -1.0)=   -3 ( -1.0, -1.0)=   -3 ( -1.0, -1.0)=   -3 ( -1.0, -1.0)=   -3 ( -1.0, -1.0)=   -3 ( -1.0, -1.0)=   -3 ( -1.0, -1.0)=   -3 ( -1.0, -1.0)=   -3 ( -1.0, -1.0)=   -3 ( -1.0, -1.0)=   -3 ( -1.0, -1.0)=   -3 ( -1.0, -1.0)=   -3 ( -1.0, -1.0)=   -3 ( -1.0, -1.0)=   -3 ( -1.0, -1.0)=   -3 ( -1.0, -1.0)=   -3 ( -1.0, -1.0)=   -3 ( -1.0, -1.0)=   -3 ( -1.0, -1.0)=   -3 ( -1.0, -1.0)=   -3 ( -1.0, -1.0)=   -3 ( -1.0, -1.0)=   -3 ( -1.0, -1.0)=   -3 
    124 | (280.0,604.0)=11034 (280.3,604.4)=    0 (281.0,604.8)=    0 (281.3,604.7)=    0 (281.7,604.7)=    0 (282.2,604.6)=    0 (282.7,604.6)=    0 (282.8,604.6)=    0 (283.4,604.8)=    0 (283.9,604.8)=    0 (284.4,605.0)=    0 (284.7,604.9)=    0 (285.2,604.8)=    0 (285.7,604.6)=    0 (286.2,604.3)=    0 (286.5,604.0)=    0 (286.6,603.6)=    0 (287.2,603.3)=    0 (287.3,602.8)=    0 (287.3,602.4)=    0 (287.2,602.2)=    0 (287.2,602.0)=    0 (287.2,601.9)=    0 (287.4,601.8)=    0 (287.7,601.8)=    0 (287.7,601.8)=    0 (287.9,601.6)=    0 (288.5,601.6)=    0 (289.0,601.6)=    0 (289.5,601.7)=    0 (290.2,601.7)=    0 (290.8,601.6)=    0 (291.8,601.3)=    0 (292.6,601.4)=    0 (293.3,601.7)=    0 (293.8,601.6)=    0 (294.5,601.9)=    0 (294.9,601.8)=    0 (295.4,602.1)=    0 (295.9,602.2)=    0 (296.3,602.3)=    0 (296.7,602.5)=    0 (297.1,602.5)=    0 (297.6,602.7)=    0 (297.9,602.9)=    0 (298.3,602.9)=    0 (299.0,602.9)=    0 (299.3,602.9)=    0 (299.6,603.1)=    0 (300.2,603.5)=    0 (300.3,603.8)=    0 (300.6,604.3)=    0 (300.8,604.5)=    0 (301.3,604.7)=    0 (301.7,604.8)=    0 (302.0,604.8)=    0 (302.5,604.7)=    0 (302.7,604.8)=    0 (302.9,604.5)=    0 ( -1.0, -1.0)=   -3 ( -1.0, -1.0)=   -3 ( -1.0, -1.0)=   -3 ( -1.0, -1.0)=   -3 ( -1.0, -1.0)=   -3 ( -1.0, -1.0)=   -3 ( -1.0, -1.0)=   -3 ( -1.0, -1.0)=   -3 ( -1.0, -1.0)=   -3 ( -1.0, -1.0)=   -3 ( -1.0, -1.0)=   -3 ( -1.0, -1.0)=   -3 ( -1.0, -1.0)=   -3 ( -1.0, -1.0)=   -3 ( -1.0, -1.0)=   -3 ( -1.0, -1.0)=   -3 ( -1.0, -1.0)=   -3 ( -1.0, -1.0)=   -3 ( -1.0, -1.0)=   -3 ( -1.0, -1.0)=   -3 ( -1.0, -1.0)=   -3 ( -1.0, -1.0)=   -3 ( -1.0, -1.0)=   -3 ( -1.0, -1.0)=   -3 ( -1.0, -1.0)=   -3 ( -1.0, -1.0)=   -3 ( -1.0, -1.0)=   -3 ( -1.0, -1.0)=   -3 ( -1.0, -1.0)=   -3 ( -1.0, -1.0)=   -3 ( -1.0, -1.0)=   -3 ( -1.0, -1.0)=   -3 ( -1.0, -1.0)=   -3 ( -1.0, -1.0)=   -3 ( -1.0, -1.0)=   -3 ( -1.0, -1.0)=   -3 ( -1.0, -1.0)=   -3 ( -1.0, -1.0)=   -3 ( -1.0, -1.0)=   -3 ( -1.0, -1.0)=   -3 ( -1.0, -1.0)=   -3 ( -1.0, -1.0)=   -3 ( -1.0, -1.0)=   -3 ( -1.0, -1.0)=   -3 ( -1.0, -1.0)=   -3 ( -1.0, -1.0)=   -3 ( -1.0, -1.0)=   -3 ( -1.0, -1.0)=   -3 ( -1.0, -1.0)=   -3 ( -1.0, -1.0)=   -3 ( -1.0, -1.0)=   -3 ( -1.0, -1.0)=   -3 ( -1.0, -1.0)=   -3 ( -1.0, -1.0)=   -3 ( -1.0, -1.0)=   -3 ( -1.0, -1.0)=   -3 ( -1.0, -1.0)=   -3 ( -1.0, -1.0)=   -3 ( -1.0, -1.0)=   -3 ( -1.0, -1.0)=   -3 ( -1.0, -1.0)=   -3 ( -1.0, -1.0)=   -3 ( -1.0, -1.0)=   -3 ( -1.0, -1.0)=   -3 ( -1.0, -1.0)=   -3 ( -1.0, -1.0)=   -3 ( -1.0, -1.0)=   -3 ( -1.0, -1.0)=   -3 ( -1.0, -1.0)=   -3 ( -1.0, -1.0)=   -3 ( -1.0, -1.0)=   -3 ( -1.0, -1.0)=   -3 ( -1.0, -1.0)=   -3 ( -1.0, -1.0)=   -3 ( -1.0, -1.0)=   -3 ( -1.0, -1.0)=   -3 ( -1.0, -1.0)=   -3 ( -1.0, -1.0)=   -3 ( -1.0, -1.0)=   -3 ( -1.0, -1.0)=   -3 ( -1.0, -1.0)=   -3 ( -1.0, -1.0)=   -3 ( -1.0, -1.0)=   -3 ( -1.0, -1.0)=   -3 ( -1.0, -1.0)=   -3 ( -1.0, -1.0)=   -3 ( -1.0, -1.0)=   -3 ( -1.0, -1.0)=   -3 ( -1.0, -1.0)=   -3 ( -1.0, -1.0)=   -3 ( -1.0, -1.0)=   -3 ( -1.0, -1.0)=   -3 ( -1.0, -1.0)=   -3 ( -1.0, -1.0)=   -3 ( -1.0, -1.0)=   -3 ( -1.0, -1.0)=   -3 ( -1.0, -1.0)=   -3 ( -1.0, -1.0)=   -3 ( -1.0, -1.0)=   -3 ( -1.0, -1.0)=   -3 ( -1.0, -1.0)=   -3 ( -1.0, -1.0)=   -3 ( -1.0, -1.0)=   -3 ( -1.0, -1.0)=   -3 ( -1.0, -1.0)=   -3 ( -1.0, -1.0)=   -3 ( -1.0, -1.0)=   -3 ( -1.0, -1.0)=   -3 ( -1.0, -1.0)=   -3 ( -1.0, -1.0)=   -3 ( -1.0, -1.0)=   -3 ( -1.0, -1.0)=   -3 ( -1.0, -1.0)=   -3 ( -1.0, -1.0)=   -3 ( -1.0, -1.0)=   -3 ( -1.0, -1.0)=   -3 ( -1.0, -1.0)=   -3 ( -1.0, -1.0)=   -3 ( -1.0, -1.0)=   -3 ( -1.0, -1.0)=   -3 ( -1.0, -1.0)=   -3 ( -1.0, -1.0)=   -3 ( -1.0, -1.0)=   -3 ( -1.0, -1.0)=   -3 ( -1.0, -1.0)=   -3 ( -1.0, -1.0)=   -3 ( -1.0, -1.0)=   -3 ( -1.0, -1.0)=   -3 ( -1.0, -1.0)=   -3 ( -1.0, -1.0)=   -3 ( -1.0, -1.0)=   -3 ( -1.0, -1.0)=   -3 ( -1.0, -1.0)=   -3 ( -1.0, -1.0)=   -3 ( -1.0, -1.0)=   -3 ( -1.0, -1.0)=   -3 ( -1.0, -1.0)=   -3 ( -1.0, -1.0)=   -3 ( -1.0, -1.0)=   -3 ( -1.0, -1.0)=   -3 ( -1.0, -1.0)=   -3 ( -1.0, -1.0)=   -3 ( -1.0, -1.0)=   -3 ( -1.0, -1.0)=   -3 ( -1.0, -1.0)=   -3 ( -1.0, -1.0)=   -3 ( -1.0, -1.0)=   -3 ( -1.0, -1.0)=   -3 ( -1.0, -1.0)=   -3 ( -1.0, -1.0)=   -3 ( -1.0, -1.0)=   -3 ( -1.0, -1.0)=   -3 ( -1.0, -1.0)=   -3 ( -1.0, -1.0)=   -3 ( -1.0, -1.0)=   -3 ( -1.0, -1.0)=   -3 ( -1.0, -1.0)=   -3 ( -1.0, -1.0)=   -3 ( -1.0, -1.0)=   -3 ( -1.0, -1.0)=   -3 ( -1.0, -1.0)=   -3 ( -1.0, -1.0)=   -3 ( -1.0, -1.0)=   -3 ( -1.0, -1.0)=   -3 ( -1.0, -1.0)=   -3 ( -1.0, -1.0)=   -3 ( -1.0, -1.0)=   -3 ( -1.0, -1.0)=   -3 ( -1.0, -1.0)=   -3 ( -1.0, -1.0)=   -3 ( -1.0, -1.0)=   -3 ( -1.0, -1.0)=   -3 ( -1.0, -1.0)=   -3 ( -1.0, -1.0)=   -3 ( -1.0, -1.0)=   -3 ( -1.0, -1.0)=   -3 ( -1.0, -1.0)=   -3 ( -1.0, -1.0)=   -3 ( -1.0, -1.0)=   -3 ( -1.0, -1.0)=   -3 ( -1.0, -1.0)=   -3 ( -1.0, -1.0)=   -3 ( -1.0, -1.0)=   -3 ( -1.0, -1.0)=   -3 ( -1.0, -1.0)=   -3 ( -1.0, -1.0)=   -3 ( -1.0, -1.0)=   -3 ( -1.0, -1.0)=   -3 ( -1.0, -1.0)=   -3 ( -1.0, -1.0)=   -3 ( -1.0, -1.0)=   -3 ( -1.0, -1.0)=   -3 ( -1.0, -1.0)=   -3 ( -1.0, -1.0)=   -3 ( -1.0, -1.0)=   -3 ( -1.0, -1.0)=   -3 ( -1.0, -1.0)=   -3 ( -1.0, -1.0)=   -3 ( -1.0, -1.0)=   -3 ( -1.0, -1.0)=   -3 ( -1.0, -1.0)=   -3 ( -1.0, -1.0)=   -3 ( -1.0, -1.0)=   -3 ( -1.0, -1.0)=   -3 ( -1.0, -1.0)=   -3 ( -1.0, -1.0)=   -3 ( -1.0, -1.0)=   -3 ( -1.0, -1.0)=   -3 ( -1.0, -1.0)=   -3 ( -1.0, -1.0)=   -3 ( -1.0, -1.0)=   -3 ( -1.0, -1.0)=   -3 ( -1.0, -1.0)=   -3 ( -1.0, -1.0)=   -3 ( -1.0, -1.0)=   -3 ( -1.0, -1.0)=   -3 ( -1.0, -1.0)=   -3 ( -1.0, -1.0)=   -3 ( -1.0, -1.0)=   -3 ( -1.0, -1.0)=   -3 ( -1.0, -1.0)=   -3 ( -1.0, -1.0)=   -3 
    125 | (236.0,674.0)=10527 (236.4,674.2)=    0 (237.1,674.4)=    0 (237.3,674.3)=    0 (237.9,674.3)=    0 (238.3,674.3)=    0 (238.9,674.1)=    0 (239.1,674.1)=    0 (239.4,674.4)=    0 (239.9,674.5)=    0 (240.4,674.7)=    0 (240.7,674.6)=    0 (241.3,674.5)=    0 (241.8,674.2)=    0 (242.2,673.9)=    0 (242.5,673.6)=    0 (243.0,673.1)=    0 (243.2,672.8)=    0 (243.4,672.1)=    0 (243.3,671.6)=    0 (243.3,671.4)=    0 (243.3,671.2)=    0 (243.2,671.0)=    0 (243.4,671.0)=    0 (243.4,671.0)=    0 (243.6,671.0)=    0 (243.7,670.6)=    0 (244.3,670.6)=    0 (244.6,670.7)=    0 (245.1,670.7)=    0 (245.7,670.7)=    0 (246.5,670.5)=    0 (247.5,670.4)=    0 (248.5,670.4)=    0 (249.2,670.4)=    0 (249.8,670.6)=    0 (250.3,670.7)=    0 (251.0,670.9)=    0 (251.4,671.1)=    0 (251.7,671.1)=    0 (252.4,671.1)=    0 (252.9,671.3)=    0 (253.2,671.4)=    0 (253.4,671.6)=    0 (254.0,671.7)=    0 (254.4,671.7)=    0 (255.0,671.7)=    0 (255.2,671.6)=    0 (255.6,672.0)=    0 (256.1,672.2)=    0 (256.2,672.7)=    0 (256.4,673.1)=    0 (256.9,673.2)=    0 (257.3,673.6)=    0 (257.7,673.6)=    0 (258.1,673.5)=    0 (258.2,673.5)=    0 (258.7,673.5)=    0 (259.0,673.3)=    0 (259.1,672.5)=    0 (259.2,672.9)=    0 (259.4,673.0)=    0 (259.6,672.7)=    0 (260.1,672.8)=    0 (260.3,672.8)=    0 (260.3,672.7)=    0 (260.3,672.9)=    0 (260.8,673.0)=    0 (261.1,673.1)=    0 (261.2,673.4)=    0 (261.6,673.7)=    0 (262.0,673.9)=    0 (262.3,674.2)=    0 (262.7,674.2)=    0 (263.2,674.0)=    0 (263.9,673.8)=    0 (264.2,673.8)=    0 (264.9,673.8)=    0 (265.5,673.9)=    0 (266.0,674.0)=    0 (266.1,674.2)=    0 (266.5,674.4)=    0 (267.2,674.5)=    0 (267.3,674.5)=    0 (267.6,674.8)=    0 (268.1,674.8)=    0 (268.4,674.6)=    0 (269.0,674.8)=    0 (269.1,675.0)=    0 (269.4,674.9)=    0 (269.9,674.9)=    0 (270.3,674.9)=    0 (270.7,674.7)=    0 (271.2,674.5)=    0 (271.7,674.4)=    0 (271.8,674.5)=    0 (272.2,674.7)=    0 (272.4,674.9)=    0 (272.9,675.3)=    0 (273.1,675.5)=    0 (273.6,675.7)=    0 (274.1,676.0)=    0 (274.4,676.1)=    0 (275.0,676.4)=    0 (275.4,676.7)=    0 (275.8,676.9)=    0 (276.3,677.4)=    0 (276.8,677.7)=    0 (277.3,677.9)=    0 (278.1,678.4)=    0 (278.4,678.6)=    0 (278.7,678.7)=    0 (279.2,679.1)=    0 (280.0,679.7)=    0 (280.7,680.1)=    0 (281.4,680.4)=    0 (282.2,680.7)=    0 (282.6,680.7)=    0 (283.2,680.5)=    0 (283.7,680.5)=    0 (284.4,680.6)=    0 (285.1,680.6)=    0 (285.6,680.8)=    0 (286.4,681.0)=    0 (287.2,681.0)=    0 (288.0,681.2)=    0 (288.5,681.2)=    0 (289.5,681.1)=    0 (290.2,680.8)=    0 (290.6,680.8)=    0 (291.0,680.6)=    0 (291.5,680.7)=    0 (292.1,680.7)=    0 (292.5,680.6)=    0 (292.8,680.4)=    0 (293.0,680.2)=    0 (293.2,679.6)=    0 (293.8,679.6)=    0 (294.2,679.3)=    0 (295.0,679.2)=    0 (295.6,679.1)=    0 (296.1,679.2)=    0 (296.8,679.1)=    0 (297.2,679.1)=    0 (297.9,679.3)=    0 (299.0,679.3)=    0 (299.9,679.1)=    0 (300.8,679.5)=    0 (301.5,680.0)=    0 (302.2,680.4)=    0 (303.2,681.1)=    0 (304.0,681.5)=    0 (304.8,681.9)=    0 (305.5,682.3)=    0 (306.2,683.0)=    0 (307.1,683.6)=    0 (308.1,684.4)=    0 (309.0,685.2)=    0 (309.7,686.1)=    0 (310.5,686.6)=    0 (310.9,687.0)=    0 (311.2,687.0)=    0 (311.4,686.7)=    0 (311.5,686.6)=    0 (311.7,686.7)=    0 (312.1,686.7)=    0 (312.2,687.1)=    0 (312.7,687.3)=    0 (313.0,687.5)=    0 (313.3,687.8)=    0 (313.5,687.8)=    0 (314.0,688.0)=    0 (314.4,688.2)=    0 (315.2,688.7)=    0 (315.6,689.2)=    0 (316.2,689.7)=    0 (316.6,690.3)=    0 (317.1,690.7)=    0 (317.7,691.2)=    0 (318.2,691.2)=    0 (318.5,691.3)=    0 (319.0,691.6)=    0 (319.3,691.8)=    0 (319.5,691.9)=    0 (319.7,692.2)=    0 (320.0,692.5)=    0 (320.1,692.6)=    0 (320.4,692.7)=    0 (320.5,692.8)=    0 (320.7,692.9)=    0 (321.0,692.9)=    0 (321.2,693.2)=    0 (321.4,693.2)=    0 (321.9,693.2)=    0 (322.2,693.2)=    0 (322.5,693.2)=    0 (323.0,693.1)=    0 (323.1,693.2)=    0 (323.5,693.2)=    0 (323.8,693.4)=    0 (323.9,693.7)=    0 (324.1,693.8)=    0 (324.2,693.8)=    0 (324.2,693.9)=    0 (324.4,694.0)=    0 (324.6,694.1)=    0 (324.6,694.2)=    0 (324.8,694.3)=    0 (325.1,694.5)=    0 (325.3,694.7)=    0 (325.5,694.8)=    0 (325.9,694.8)=    0 (326.2,695.0)=    0 (326.8,694.8)=    0 (327.0,694.8)=    0 (327.2,695.0)=    0 (327.8,694.9)=    0 (328.2,695.0)=    0 (328.4,695.3)=    0 (328.9,695.3)=    0 (329.4,695.4)=    0 (329.8,695.3)=    0 (330.3,695.2)=    0 (330.7,694.9)=    0 (330.9,695.0)=    0 (331.1,695.3)=    0 (331.3,695.3)=    0 (331.5,695.5)=    0 (331.9,695.6)=    0 (332.3,695.5)=    0 (332.4,695.5)=    0 (332.5,695.3)=    0 (333.0,695.1)=    0 (333.3,695.4)=    0 (334.0,695.4)=    0 (334.4,695.4)=    0 (335.0,695.7)=    0 (335.4,695.8)=    0 (336.0,695.7)=    0 (336.5,695.8)=    0 (337.3,695.8)=    0 (338.0,695.5)=    0 (338.3,695.6)=    0 (338.8,695.8)=    0 (339.4,695.8)=    0 (339.8,696.2)=    0 (340.2,696.2)=    0 (341.0,696.2)=    0 (341.5,696.4)=    0 (341.9,696.5)=    0 (342.4,696.5)=    0 (343.1,696.8)=    0 (343.6,696.9)=    0 (344.4,697.0)=    0 (344.8,697.1)=    0 (345.6,697.2)=    0 (346.3,697.1)=    0 (346.8,697.1)=    0 (347.3,697.1)=    0 (347.8,697.1)=    0 (348.5,697.0)=    0 (349.1,697.0)=    0 (349.7,697.1)=    0 (350.4,697.0)=    0 (351.0,696.8)=    0 (351.6,696.6)=    0 (352.5,696.5)=    0 (353.0,695.8)=    0 (353.9,696.0)=    0 (354.5,695.9)=    0 (354.7,695.8)=    0 (355.4,695.9)=    0 (355.9,696.2)=    0 (356.3,696.2)=    0 (356.5,696.1)=    0 (357.1,695.9)=    0 (357.9,695.8)=    0 (358.5,695.6)=    0 (359.3,695.7)=    0 (360.3,695.8)=    0 (361.3,695.8)=    0 
    126 | ( 81.0,668.0)=10480 ( 81.2,668.4)=    0 ( 81.8,668.6)=    0 ( 82.3,668.3)=    0 ( 82.6,668.4)=    0 ( 83.3,668.3)=    0 ( 83.8,667.9)=    0 ( 83.9,668.0)=    0 ( 84.4,668.3)=    0 ( 84.8,668.3)=    0 ( 85.3,668.4)=    0 ( 85.6,668.3)=    0 ( 86.1,668.0)=    0 ( 86.6,667.8)=    0 ( 86.8,667.5)=    0 ( -1.0, -1.0)=   -3 ( -1.0, -1.0)=   -3 ( -1.0, -1.0)=   -3 ( -1.0, -1.0)=   -3 ( -1.0, -1.0)=   -3 ( -1.0, -1.0)=   -3 ( -1.0, -1.0)=   -3 ( -1.0, -1.0)=   -3 ( -1.0, -1.0)=   -3 ( -1.0, -1.0)=   -3 ( -1.0, -1.0)=   -3 ( -1.0, -1.0)=   -3 ( -1.0, -1.0)=   -3 ( -1.0, -1.0)=   -3 ( -1.0, -1.0)=   -3 ( -1.0, -1.0)=   -3 ( -1.0, -1.0)=   -3 ( -1.0, -1.0)=   -3 ( -1.0, -1.0)=   -3 ( -1.0, -1.0)=   -3 ( -1.0, -1.0)=   -3 ( -1.0, -1.0)=   -3 ( -1.0, -1.0)=   -3 ( -1.0, -1.0)=   -3 ( -1.0, -1.0)=   -3 ( -1.0, -1.0)=   -3 ( -1.0, -1.0)=   -3 ( -1.0, -1.0)=   -3 ( -1.0, -1.0)=   -3 ( -1.0, -1.0)=   -3 ( -1.0, -1.0)=   -3 ( -1.0, -1.0)=   -3 ( -1.0, -1.0)=   -3 ( -1.0, -1.0)=   -3 ( -1.0, -1.0)=   -3 ( -1.0, -1.0)=   -3 ( -1.0, -1.0)=   -3 ( -1.0, -1.0)=   -3 ( -1.0, -1.0)=   -3 ( -1.0, -1.0)=   -3 ( -1.0, -1.0)=   -3 ( -1.0, -1.0)=   -3 ( -1.0, -1.0)=   -3 ( -1.0, -1.0)=   -3 ( -1.0, -1.0)=   -3 ( -1.0, -1.0)=   -3 ( -1.0, -1.0)=   -3 ( -1.0, -1.0)=   -3 ( -1.0, -1.0)=   -3 ( -1.0, -1.0)=   -3 ( -1.0, -1.0)=   -3 ( -1.0, -1.0)=   -3 ( -1.0, -1.0)=   -3 ( -1.0, -1.0)=   -3 ( -1.0, -1.0)=   -3 ( -1.0, -1.0)=   -3 ( -1.0, -1.0)=   -3 ( -1.0, -1.0)=   -3 ( -1.0, -1.0)=   -3 ( -1.0, -1.0)=   -3 ( -1.0, -1.0)=   -3 ( -1.0, -1.0)=   -3 ( -1.0, -1.0)=   -3 ( -1.0, -1.0)=   -3 ( -1.0, -1.0)=   -3 ( -1.0, -1.0)=   -3 ( -1.0, -1.0)=   -3 ( -1.0, -1.0)=   -3 ( -1.0, -1.0)=   -3 ( -1.0, -1.0)=   -3 ( -1.0, -1.0)=   -3 ( -1.0, -1.0)=   -3 ( -1.0, -1.0)=   -3 ( -1.0, -1.0)=   -3 ( -1.0, -1.0)=   -3 ( -1.0, -1.0)=   -3 ( -1.0, -1.0)=   -3 ( -1.0, -1.0)=   -3 ( -1.0, -1.0)=   -3 ( -1.0, -1.0)=   -3 ( -1.0, -1.0)=   -3 ( -1.0, -1.0)=   -3 ( -1.0, -1.0)=   -3 ( -1.0, -1.0)=   -3 ( -1.0, -1.0)=   -3 ( -1.0, -1.0)=   -3 ( -1.0, -1.0)=   -3 ( -1.0, -1.0)=   -3 ( -1.0, -1.0)=   -3 ( -1.0, -1.0)=   -3 ( -1.0, -1.0)=   -3 ( -1.0, -1.0)=   -3 ( -1.0, -1.0)=   -3 ( -1.0, -1.0)=   -3 ( -1.0, -1.0)=   -3 ( -1.0, -1.0)=   -3 ( -1.0, -1.0)=   -3 ( -1.0, -1.0)=   -3 ( -1.0, -1.0)=   -3 ( -1.0, -1.0)=   -3 ( -1.0, -1.0)=   -3 ( -1.0, -1.0)=   -3 ( -1.0, -1.0)=   -3 ( -1.0, -1.0)=   -3 ( -1.0, -1.0)=   -3 ( -1.0, -1.0)=   -3 ( -1.0, -1.0)=   -3 ( -1.0, -1.0)=   -3 ( -1.0, -1.0)=   -3 ( -1.0, -1.0)=   -3 ( -1.0, -1.0)=   -3 ( -1.0, -1.0)=   -3 ( -1.0, -1.0)=   -3 ( -1.0, -1.0)=   -3 ( -1.0, -1.0)=   -3 ( -1.0, -1.0)=   -3 ( -1.0, -1.0)=   -3 ( -1.0, -1.0)=   -3 ( -1.0, -1.0)=   -3 ( -1.0, -1.0)=   -3 ( -1.0, -1.0)=   -3 ( -1.0, -1.0)=   -3 ( -1.0, -1.0)=   -3 ( -1.0, -1.0)=   -3 ( -1.0, -1.0)=   -3 ( -1.0, -1.0)=   -3 ( -1.0, -1.0)=   -3 ( -1.0, -1.0)=   -3 ( -1.0, -1.0)=   -3 ( -1.0, -1.0)=   -3 ( -1.0, -1.0)=   -3 ( -1.0, -1.0)=   -3 ( -1.0, -1.0)=   -3 ( -1.0, -1.0)=   -3 ( -1.0, -1.0)=   -3 ( -1.0, -1.0)=   -3 ( -1.0, -1.0)=   -3 ( -1.0, -1.0)=   -3 ( -1.0, -1.0)=   -3 ( -1.0, -1.0)=   -3 ( -1.0, -1.0)=   -3 ( -1.0, -1.0)=   -3 ( -1.0, -1.0)=   -3 ( -1.0, -1.0)=   -3 ( -1.0, -1.0)=   -3 ( -1.0, -1.0)=   -3 ( -1.0, -1.0)=   -3 ( -1.0, -1.0)=   -3 ( -1.0, -1.0)=   -3 ( -1.0, -1.0)=   -3 ( -1.0, -1.0)=   -3 ( -1.0, -1.0)=   -3 ( -1.0, -1.0)=   -3 ( -1.0, -1.0)=   -3 ( -1.0, -1.0)=   -3 ( -1.0, -1.0)=   -3 ( -1.0, -1.0)=   -3 ( -1.0, -1.0)=   -3 ( -1.0, -1.0)=   -3 ( -1.0, -1.0)=   -3 ( -1.0, -1.0)=   -3 ( -1.0, -1.0)=   -3 ( -1.0, -1.0)=   -3 ( -1.0, -1.0)=   -3 ( -1.0, -1.0)=   -3 ( -1.0, -1.0)=   -3 ( -1.0, -1.0)=   -3 ( -1.0, -1.0)=   -3 ( -1.0, -1.0)=   -3 ( -1.0, -1.0)=   -3 ( -1.0, -1.0)=   -3 ( -1.0, -1.0)=   -3 ( -1.0, -1.0)=   -3 ( -1.0, -1.0)=   -3 ( -1.0, -1.0)=   -3 ( -1.0, -1.0)=   -3 ( -1.0, -1.0)=   -3 ( -1.0, -1.0)=   -3 ( -1.0, -1.0)=   -3 ( -1.0, -1.0)=   -3 ( -1.0, -1.0)=   -3 ( -1.0, -1.0)=   -3 ( -1.0, -1.0)=   -3 ( -1.0, -1.0)=   -3 ( -1.0, -1.0)=   -3 ( -1.0, -1.0)=   -3 ( -1.0, -1.0)=   -3 ( -1.0, -1.0)=   -3 ( -1.0, -1.0)=   -3 ( -1.0, -1.0)=   -3 ( -1.0, -1.0)=   -3 ( -1.0, -1.0)=   -3 ( -1.0, -1.0)=   -3 ( -1.0, -1.0)=   -3 ( -1.0, -1.0)=   -3 ( -1.0, -1.0)=   -3 ( -1.0, -1.0)=   -3 ( -1.0, -1.0)=   -3 ( -1.0, -1.0)=   -3 ( -1.0, -1.0)=   -3 ( -1.0, -1.0)=   -3 ( -1.0, -1.0)=   -3 ( -1.0, -1.0)=   -3 ( -1.0, -1.0)=   -3 ( -1.0, -1.0)=   -3 ( -1.0, -1.0)=   -3 ( -1.0, -1.0)=   -3 ( -1.0, -1.0)=   -3 ( -1.0, -1.0)=   -3 ( -1.0, -1.0)=   -3 ( -1.0, -1.0)=   -3 ( -1.0, -1.0)=   -3 ( -1.0, -1.0)=   -3 ( -1.0, -1.0)=   -3 ( -1.0, -1.0)=   -3 ( -1.0, -1.0)=   -3 ( -1.0, -1.0)=   -3 ( -1.0, -1.0)=   -3 ( -1.0, -1.0)=   -3 ( -1.0, -1.0)=   -3 ( -1.0, -1.0)=   -3 ( -1.0, -1.0)=   -3 ( -1.0, -1.0)=   -3 ( -1.0, -1.0)=   -3 ( -1.0, -1.0)=   -3 ( -1.0, -1.0)=   -3 ( -1.0, -1.0)=   -3 ( -1.0, -1.0)=   -3 ( -1.0, -1.0)=   -3 ( -1.0, -1.0)=   -3 ( -1.0, -1.0)=   -3 ( -1.0, -1.0)=   -3 ( -1.0, -1.0)=   -3 ( -1.0, -1.0)=   -3 ( -1.0, -1.0)=   -3 ( -1.0, -1.0)=   -3 ( -1.0, -1.0)=   -3 ( -1.0, -1.0)=   -3 ( -1.0, -1.0)=   -3 ( -1.0, -1.0)=   -3 ( -1.0, -1.0)=   -3 ( -1.0, -1.0)=   -3 ( -1.0, -1.0)=   -3 ( -1.0, -1.0)=   -3 ( -1.0, -1.0)=   -3 ( -1.0, -1.0)=   -3 ( -1.0, -1.0)=   -3 ( -1.0, -1.0)=   -3 ( -1.0, -1.0)=   -3 ( -1.0, -1.0)=   -3 ( -1.0, -1.0)=   -3 ( -1.0, -1.0)=   -3 ( -1.0, -1.0)=   -3 ( -1.0, -1.0)=   -3 ( -1.0, -1.0)=   -3 ( -1.0, -1.0)=   -3 ( -1.0, -1.0)=   -3 ( -1.0, -1.0)=   -3 ( -1.0, -1.0)=   -3 ( -1.0, -1.0)=   -3 ( -1.0, -1.0)=   -3 ( -1.0, -1.0)=   -3 ( -1.0, -1.0)=   -3 ( -1.0, -1.0)=   -3 ( -1.0, -1.0)=   -3 ( -1.0, -1.0)=   -3 
    127 | (312.0,610.0)=10476 (312.4,610.4)=    0 (312.9,610.7)=    0 (313.4,610.7)=    0 (313.9,610.7)=    0 (314.4,610.6)=    0 (314.8,610.5)=    0 (315.0,610.5)=    0 (315.4,610.7)=    0 (315.8,610.8)=    0 (316.4,611.2)=    0 (316.8,611.1)=    0 (317.2,611.0)=    0 (317.7,610.8)=    0 (318.1,610.5)=    0 (318.4,610.2)=    0 (318.8,609.8)=    0 (319.1,609.6)=    0 (319.3,609.3)=    0 (319.3,608.8)=    0 (319.1,608.6)=    0 (319.1,608.4)=    0 (319.3,608.2)=    0 (319.5,608.0)=    0 (319.7,608.1)=    0 (319.8,608.1)=    0 (320.0,607.9)=    0 (320.4,607.9)=    0 (321.0,607.9)=    0 (321.6,607.9)=    0 ( -1.0, -1.0)=   -3 ( -1.0, -1.0)=   -3 ( -1.0, -1.0)=   -3 ( -1.0, -1.0)=   -3 ( -1.0, -1.0)=   -3 ( -1.0, -1.0)=   -3 ( -1.0, -1.0)=   -3 ( -1.0, -1.0)=   -3 ( -1.0, -1.0)=   -3 ( -1.0, -1.0)=   -3 ( -1.0, -1.0)=   -3 ( -1.0, -1.0)=   -3 ( -1.0, -1.0)=   -3 ( -1.0, -1.0)=   -3 ( -1.0, -1.0)=   -3 ( -1.0, -1.0)=   -3 ( -1.0, -1.0)=   -3 ( -1.0, -1.0)=   -3 ( -1.0, -1.0)=   -3 ( -1.0, -1.0)=   -3 ( -1.0, -1.0)=   -3 ( -1.0, -1.0)=   -3 ( -1.0, -1.0)=   -3 ( -1.0, -1.0)=   -3 ( -1.0, -1.0)=   -3 ( -1.0, -1.0)=   -3 ( -1.0, -1.0)=   -3 ( -1.0, -1.0)=   -3 ( -1.0, -1.0)=   -3 ( -1.0, -1.0)=   -3 ( -1.0, -1.0)=   -3 ( -1.0, -1.0)=   -3 ( -1.0, -1.0)=   -3 ( -1.0, -1.0)=   -3 ( -1.0, -1.0)=   -3 ( -1.0, -1.0)=   -3 ( -1.0, -1.0)=   -3 ( -1.0, -1.0)=   -3 ( -1.0, -1.0)=   -3 ( -1.0, -1.0)=   -3 ( -1.0, -1.0)=   -3 ( -1.0, -1.0)=   -3 ( -1.0, -1.0)=   -3 ( -1.0, -1.0)=   -3 ( -1.0, -1.0)=   -3 ( -1.0, -1.0)=   -3 ( -1.0, -1.0)=   -3 ( -1.0, -1.0)=   -3 ( -1.0, -1.0)=   -3 ( -1.0, -1.0)=   -3 ( -1.0, -1.0)=   -3 ( -1.0, -1.0)=   -3 ( -1.0, -1.0)=   -3 ( -1.0, -1.0)=   -3 ( -1.0, -1.0)=   -3 ( -1.0, -1.0)=   -3 ( -1.0, -1.0)=   -3 ( -1.0, -1.0)=   -3 ( -1.0, -1.0)=   -3 ( -1.0, -1.0)=   -3 ( -1.0, -1.0)=   -3 ( -1.0, -1.0)=   -3 ( -1.0, -1.0)=   -3 ( -1.0, -1.0)=   -3 ( -1.0, -1.0)=   -3 ( -1.0, -1.0)=   -3 ( -1.0, -1.0)=   -3 ( -1.0, -1.0)=   -3 ( -1.0, -1.0)=   -3 ( -1.0, -1.0)=   -3 ( -1.0, -1.0)=   -3 ( -1.0, -1.0)=   -3 ( -1.0, -1.0)=   -3 ( -1.0, -1.0)=   -3 ( -1.0, -1.0)=   -3 ( -1.0, -1.0)=   -3 ( -1.0, -1.0)=   -3 ( -1.0, -1.0)=   -3 ( -1.0, -1.0)=   -3 ( -1.0, -1.0)=   -3 ( -1.0, -1.0)=   -3 ( -1.0, -1.0)=   -3 ( -1.0, -1.0)=   -3 ( -1.0, -1.0)=   -3 ( -1.0, -1.0)=   -3 ( -1.0, -1.0)=   -3 ( -1.0, -1.0)=   -3 ( -1.0, -1.0)=   -3 ( -1.0, -1.0)=   -3 ( -1.0, -1.0)=   -3 ( -1.0, -1.0)=   -3 ( -1.0, -1.0)=   -3 ( -1.0, -1.0)=   -3 ( -1.0, -1.0)=   -3 ( -1.0, -1.0)=   -3 ( -1.0, -1.0)=   -3 ( -1.0, -1.0)=   -3 ( -1.0, -1.0)=   -3 ( -1.0, -1.0)=   -3 ( -1.0, -1.0)=   -3 ( -1.0, -1.0)=   -3 ( -1.0, -1.0)=   -3 ( -1.0, -1.0)=   -3 ( -1.0, -1.0)=   -3 ( -1.0, -1.0)=   -3 ( -1.0, -1.0)=   -3 ( -1.0, -1.0)=   -3 ( -1.0, -1.0)=   -3 ( -1.0, -1.0)=   -3 ( -1.0, -1.0)=   -3 ( -1.0, -1.0)=   -3 ( -1.0, -1.0)=   -3 ( -1.0, -1.0)=   -3 ( -1.0, -1.0)=   -3 ( -1.0, -1.0)=   -3 ( -1.0, -1.0)=   -3 ( -1.0, -1.0)=   -3 ( -1.0, -1.0)=   -3 ( -1.0, -1.0)=   -3 ( -1.0, -1.0)=   -3 ( -1.0, -1.0)=   -3 ( -1.0, -1.0)=   -3 ( -1.0, -1.0)=   -3 ( -1.0, -1.0)=   -3 ( -1.0, -1.0)=   -3 ( -1.0, -1.0)=   -3 ( -1.0, -1.0)=   -3 ( -1.0, -1.0)=   -3 ( -1.0, -1.0)=   -3 ( -1.0, -1.0)=   -3 ( -1.0, -1.0)=   -3 ( -1.0, -1.0)=   -3 ( -1.0, -1.0)=   -3 ( -1.0, -1.0)=   -3 ( -1.0, -1.0)=   -3 ( -1.0, -1.0)=   -3 ( -1.0, -1.0)=   -3 ( -1.0, -1.0)=   -3 ( -1.0, -1.0)=   -3 ( -1.0, -1.0)=   -3 ( -1.0, -1.0)=   -3 ( -1.0, -1.0)=   -3 ( -1.0, -1.0)=   -3 ( -1.0, -1.0)=   -3 ( -1.0, -1.0)=   -3 ( -1.0, -1.0)=   -3 ( -1.0, -1.0)=   -3 ( -1.0, -1.0)=   -3 ( -1.0, -1.0)=   -3 ( -1.0, -1.0)=   -3 ( -1.0, -1.0)=   -3 ( -1.0, -1.0)=   -3 ( -1.0, -1.0)=   -3 ( -1.0, -1.0)=   -3 ( -1.0, -1.0)=   -3 ( -1.0, -1.0)=   -3 ( -1.0, -1.0)=   -3 ( -1.0, -1.0)=   -3 ( -1.0, -1.0)=   -3 ( -1.0, -1.0)=   -3 ( -1.0, -1.0)=   -3 ( -1.0, -1.0)=   -3 ( -1.0, -1.0)=   -3 ( -1.0, -1.0)=   -3 ( -1.0, -1.0)=   -3 ( -1.0, -1.0)=   -3 ( -1.0, -1.0)=   -3 ( -1.0, -1.0)=   -3 ( -1.0, -1.0)=   -3 ( -1.0, -1.0)=   -3 ( -1.0, -1.0)=   -3 ( -1.0, -1.0)=   -3 ( -1.0, -1.0)=   -3 ( -1.0, -1.0)=   -3 ( -1.0, -1.0)=   -3 ( -1.0, -1.0)=   -3 ( -1.0, -1.0)=   -3 ( -1.0, -1.0)=   -3 ( -1.0, -1.0)=   -3 ( -1.0, -1.0)=   -3 ( -1.0, -1.0)=   -3 ( -1.0, -1.0)=   -3 ( -1.0, -1.0)=   -3 ( -1.0, -1.0)=   -3 ( -1.0, -1.0)=   -3 ( -1.0, -1.0)=   -3 ( -1.0, -1.0)=   -3 ( -1.0, -1.0)=   -3 ( -1.0, -1.0)=   -3 ( -1.0, -1.0)=   -3 ( -1.0, -1.0)=   -3 ( -1.0, -1.0)=   -3 ( -1.0, -1.0)=   -3 ( -1.0, -1.0)=   -3 ( -1.0, -1.0)=   -3 ( -1.0, -1.0)=   -3 ( -1.0, -1.0)=   -3 ( -1.0, -1.0)=   -3 ( -1.0, -1.0)=   -3 ( -1.0, -1.0)=   -3 ( -1.0, -1.0)=   -3 ( -1.0, -1.0)=   -3 ( -1.0, -1.0)=   -3 ( -1.0, -1.0)=   -3 ( -1.0, -1.0)=   -3 ( -1.0, -1.0)=   -3 ( -1.0, -1.0)=   -3 ( -1.0, -1.0)=   -3 ( -1.0, -1.0)=   -3 ( -1.0, -1.0)=   -3 ( -1.0, -1.0)=   -3 ( -1.0, -1.0)=   -3 ( -1.0, -1.0)=   -3 ( -1.0, -1.0)=   -3 ( -1.0, -1.0)=   -3 ( -1.0, -1.0)=   -3 ( -1.0, -1.0)=   -3 ( -1.0, -1.0)=   -3 ( -1.0, -1.0)=   -3 ( -1.0, -1.0)=   -3 ( -1.0, -1.0)=   -3 ( -1.0, -1.0)=   -3 ( -1.0, -1.0)=   -3 ( -1.0, -1.0)=   -3 ( -1.0, -1.0)=   -3 ( -1.0, -1.0)=   -3 ( -1.0, -1.0)=   -3 ( -1.0, -1.0)=   -3 ( -1.0, -1.0)=   -3 ( -1.0, -1.0)=   -3 ( -1.0, -1.0)=   -3 ( -1.0, -1.0)=   -3 ( -1.0, -1.0)=   -3 ( -1.0, -1.0)=   -3 ( -1.0, -1.0)=   -3 ( -1.0, -1.0)=   -3 ( -1.0, -1.0)=   -3 ( -1.0, -1.0)=   -3 ( -1.0, -1.0)=   -3 ( -1.0, -1.0)=   -3 ( -1.0, -1.0)=   -3 ( -1.0, -1.0)=   -3 ( -1.0, -1.0)=   -3 ( -1.0, -1.0)=   -3 ( -1.0, -1.0)=   -3 ( -1.0, -1.0)=   -3 ( -1.0, -1.0)=   -3 ( -1.0, -1.0)=   -3 ( -1.0, -1.0)=   -3 ( -1.0, -1.0)=   -3 ( -1.0, -1.0)=   -3 
    128 | ( 96.0,517.0)= 9946 ( 96.3,517.3)=    0 ( 96.9,517.5)=    0 ( 97.5,517.3)=    0 ( 97.9,517.3)=    0 ( 98.4,517.3)=    0 ( 99.1,517.1)=    0 ( 99.1,517.1)=    0 ( 99.5,517.4)=    0 (100.0,517.3)=    0 (100.5,517.4)=    0 (100.9,517.4)=    0 (101.4,517.2)=    0 (101.8,516.8)=    0 (102.0,516.5)=    0 (102.5,516.2)=    0 (102.8,515.7)=    0 (103.3,515.5)=    0 (103.5,514.9)=    0 (103.5,514.4)=    0 (103.5,514.2)=    0 (103.6,514.0)=    0 (103.7,513.7)=    0 (103.9,513.6)=    0 (104.1,513.5)=    0 (104.4,513.5)=    0 (104.9,513.1)=    0 (105.3,513.1)=    0 (105.8,513.1)=    0 (106.4,513.0)=    0 (106.9,512.9)=    0 (107.8,512.7)=    0 (108.6,512.5)=    0 (109.4,512.5)=    0 (110.3,512.5)=    0 (110.7,512.5)=    0 (111.4,512.6)=    0 (111.9,512.7)=    0 (112.4,512.8)=    0 (112.9,512.8)=    0 (113.7,512.8)=    0 (114.2,512.9)=    0 (114.5,513.0)=    0 (115.0,513.3)=    0 (115.5,513.3)=    0 (115.9,513.2)=    0 (116.5,513.2)=    0 (116.8,513.2)=    0 (117.2,513.4)=    0 (117.7,513.6)=    0 (117.7,513.8)=    0 (118.1,514.2)=    0 (118.6,514.4)=    0 (118.8,514.6)=    0 (119.4,514.6)=    0 (119.8,514.6)=    0 (120.0,514.5)=    0 (120.3,514.5)=    0 (120.7,514.3)=    0 (121.2,513.8)=    0 (121.4,514.1)=    0 (121.6,514.1)=    0 (121.8,513.9)=    0 (122.0,513.9)=    0 (122.2,513.8)=    0 (122.2,513.6)=    0 (122.3,513.7)=    0 (122.8,514.0)=    0 (123.1,513.9)=    0 (123.4,514.3)=    0 (123.7,514.5)=    0 (124.1,514.7)=    0 (124.6,514.8)=    0 (125.0,514.7)=    0 (125.5,514.6)=    0 (126.0,514.6)=    0 (126.4,514.5)=    0 (126.8,514.4)=    0 (127.3,514.6)=    0 (127.8,514.7)=    0 (128.3,514.8)=    0 (128.6,515.1)=    0 (129.2,515.2)=    0 (129.4,515.2)=    0 (129.7,515.2)=    0 (130.0,515.2)=    0 (130.4,515.2)=    0 (130.7,515.3)=    0 (130.9,515.3)=    0 (131.2,515.3)=    0 (131.6,515.2)=    0 (131.9,515.1)=    0 (132.4,515.0)=    0 (132.9,515.0)=    0 (133.1,514.8)=    0 (133.4,514.8)=    0 (133.7,514.9)=    0 (134.0,515.2)=    0 (134.4,515.5)=    0 (134.8,515.7)=    0 (135.4,516.0)=    0 (135.6,516.2)=    0 (136.1,516.4)=    0 (136.6,516.6)=    0 (137.1,516.8)=    0 (137.5,516.8)=    0 (138.0,517.3)=    0 (138.5,517.3)=    0 (139.0,517.6)=    0 (139.7,517.8)=    0 (140.2,518.1)=    0 (140.7,518.1)=    0 (141.0,518.4)=    0 (141.5,518.6)=    0 (142.3,519.2)=    0 (142.9,519.4)=    0 (143.8,519.5)=    0 (144.3,519.7)=    0 (144.8,519.3)=    0 (145.2,519.3)=    0 (146.0,519.3)=    0 (146.6,519.3)=    0 (147.3,519.4)=    0 (148.0,519.4)=    0 (148.8,519.5)=    0 (149.6,519.5)=    0 (150.1,519.5)=    0 (151.0,519.3)=    0 (151.7,518.9)=    0 (152.3,518.8)=    0 (152.7,518.7)=    0 (153.3,518.7)=    0 (153.8,518.7)=    0 (154.2,518.5)=    0 (154.7,518.3)=    0 (154.9,518.0)=    0 (155.2,517.5)=    0 (155.7,517.4)=    0 (156.2,517.1)=    0 (156.6,516.7)=    0 (157.5,516.7)=    0 (158.0,516.7)=    0 (158.8,516.8)=    0 (159.3,516.6)=    0 (160.0,516.6)=    0 (160.9,516.5)=    0 (161.6,516.4)=    0 (162.2,516.6)=    0 (163.2,517.1)=    0 (163.9,517.4)=    0 (164.9,518.0)=    0 (165.7,518.3)=    0 (166.5,518.6)=    0 (167.2,519.1)=    0 (167.8,519.5)=    0 (168.8,520.1)=    0 (169.7,520.6)=    0 (170.5,521.1)=    0 (171.3,521.9)=    0 (172.1,522.4)=    0 (172.6,522.7)=    0 (172.8,522.7)=    0 (173.0,522.5)=    0 (173.0,522.3)=    0 (173.4,522.2)=    0 (173.7,522.2)=    0 (174.0,522.5)=    0 (174.5,522.7)=    0 (174.8,522.8)=    0 (175.2,523.1)=    0 (175.5,523.1)=    0 (175.9,523.3)=    0 (176.4,523.4)=    0 (176.8,523.7)=    0 (177.5,524.1)=    0 (177.8,524.5)=    0 (178.5,525.0)=    0 (179.0,525.3)=    0 (179.5,525.6)=    0 (180.0,525.6)=    0 (180.2,525.6)=    0 (180.5,525.7)=    0 (180.9,525.9)=    0 (181.2,526.0)=    0 (181.3,526.2)=    0 (181.6,526.4)=    0 (181.9,526.5)=    0 (182.2,526.5)=    0 (182.4,526.6)=    0 (182.6,526.7)=    0 (182.8,526.7)=    0 (183.0,526.8)=    0 (183.4,526.9)=    0 (183.8,526.9)=    0 (184.1,526.9)=    0 (184.4,526.7)=    0 (184.6,526.6)=    0 (184.7,526.7)=    0 (185.2,526.6)=    0 (185.4,526.7)=    0 (185.4,526.9)=    0 (185.7,527.0)=    0 (185.7,527.0)=    0 (185.9,527.1)=    0 (186.2,527.2)=    0 (186.3,527.2)=    0 (186.5,527.3)=    0 (186.7,527.4)=    0 (186.9,527.4)=    0 (187.2,527.6)=    0 (187.5,527.6)=    0 (187.8,527.8)=    0 (188.0,527.7)=    0 (188.5,527.7)=    0 (188.7,527.6)=    0 (189.1,527.6)=    0 (189.6,527.6)=    0 (190.0,527.7)=    0 (190.3,527.7)=    0 (190.6,527.7)=    0 (191.1,527.7)=    0 (191.4,527.6)=    0 (191.7,527.5)=    0 (192.1,527.3)=    0 (192.3,527.4)=    0 (192.6,527.5)=    0 (192.7,527.7)=    0 (193.0,527.8)=    0 (193.5,527.8)=    0 (193.7,527.7)=    0 (193.8,527.6)=    0 (194.2,527.6)=    0 (194.6,527.4)=    0 (195.1,527.6)=    0 (195.5,527.7)=    0 (196.0,527.7)=    0 (196.5,527.7)=    0 (197.0,527.8)=    0 (197.6,527.8)=    0 (198.1,527.8)=    0 (198.8,527.7)=    0 (199.3,527.5)=    0 (199.5,527.5)=    0 (200.0,527.7)=    0 (200.5,527.7)=    0 (201.0,528.0)=    0 (201.6,527.9)=    0 (202.1,527.9)=    0 (202.6,528.0)=    0 (203.2,528.0)=    0 (203.6,528.0)=    0 (204.3,528.3)=    0 (204.7,528.3)=    0 (205.4,528.3)=    0 (205.9,528.3)=    0 (206.6,528.3)=    0 (207.3,528.2)=    0 (207.8,528.2)=    0 (208.3,528.1)=    0 (208.8,528.1)=    0 (209.6,527.9)=    0 (210.2,527.9)=    0 (210.8,527.7)=    0 (211.5,527.8)=    0 (212.0,527.5)=    0 (212.6,527.3)=    0 (213.4,527.0)=    0 (213.8,526.5)=    0 (214.5,526.5)=    0 (215.1,526.2)=    0 (215.3,526.1)=    0 (215.8,526.1)=    0 (216.3,526.1)=    0 (216.7,526.2)=    0 (217.3,526.0)=    0 (218.0,525.8)=    0 (218.6,525.7)=    0 (219.3,525.6)=    0 (220.1,525.6)=    0 (221.0,525.6)=    0 (221.9,525.6)=    0 
    129 | (195.0,532.0)= 9936 (195.3,532.2)=    0 (196.0,532.5)=    0 (196.4,532.5)=    0 (196.8,532.5)=    0 (197.3,532.5)=    0 (197.8,532.3)=    0 (198.1,532.3)=    0 (198.3,532.5)=    0 (198.8,532.5)=    0 (199.3,532.6)=    0 (199.8,532.6)=    0 (200.2,532.4)=    0 (200.7,532.2)=    0 (201.0,531.9)=    0 (201.5,531.6)=    0 (201.7,531.2)=    0 (202.2,530.8)=    0 (202.4,530.3)=    0 (202.4,529.8)=    0 (202.5,529.7)=    0 (202.4,529.6)=    0 (202.5,529.4)=    0 (202.8,529.2)=    0 (203.0,529.1)=    0 (203.2,529.1)=    0 (203.4,528.7)=    0 (203.9,528.7)=    0 (204.4,528.8)=    0 (204.9,528.8)=    0 (205.6,528.5)=    0 (206.3,528.4)=    0 (207.2,528.2)=    0 (208.0,528.3)=    0 (208.7,528.3)=    0 (209.3,528.3)=    0 (209.8,528.5)=    0 (210.3,528.5)=    0 (210.9,528.6)=    0 (211.3,528.7)=    0 (211.9,528.6)=    0 (212.4,528.8)=    0 (212.7,528.9)=    0 (213.2,529.1)=    0 (213.6,529.3)=    0 (214.2,529.1)=    0 (214.6,529.1)=    0 (214.9,529.1)=    0 (215.3,529.3)=    0 (215.8,529.6)=    0 (215.9,529.8)=    0 (216.2,530.4)=    0 (216.6,530.5)=    0 (216.9,530.7)=    0 (217.4,530.8)=    0 (217.9,530.7)=    0 (218.1,530.5)=    0 (218.4,530.5)=    0 (218.7,530.4)=    0 (219.1,529.9)=    0 (219.2,530.1)=    0 (219.3,530.3)=    0 (219.5,530.2)=    0 (219.8,530.2)=    0 (220.1,530.0)=    0 (220.1,529.8)=    0 (220.3,529.8)=    0 (220.6,530.1)=    0 (220.9,530.1)=    0 (221.2,530.4)=    0 (221.5,530.5)=    0 (221.8,530.6)=    0 (222.3,530.8)=    0 (222.8,530.8)=    0 (223.3,530.7)=    0 (223.6,530.5)=    0 (224.2,530.4)=    0 (224.7,530.4)=    0 (225.2,530.6)=    0 (225.7,530.7)=    0 (225.9,530.9)=    0 (226.4,531.1)=    0 (226.9,531.2)=    0 (227.2,531.2)=    0 (227.5,531.2)=    0 (227.6,531.3)=    0 (228.2,531.2)=    0 (228.4,531.3)=    0 (228.7,531.3)=    0 (228.9,531.3)=    0 (229.3,531.3)=    0 (229.9,531.2)=    0 (230.1,531.1)=    0 (230.6,531.1)=    0 (231.0,530.8)=    0 (231.1,530.9)=    0 (231.5,531.2)=    0 (231.8,531.2)=    0 (232.3,531.7)=    0 (232.5,531.9)=    0 (233.0,532.2)=    0 (233.4,532.4)=    0 (233.7,532.7)=    0 (234.3,532.9)=    0 (234.7,533.1)=    0 (235.0,533.3)=    0 (235.5,533.5)=    0 (236.1,533.8)=    0 (236.5,534.1)=    0 (237.2,534.3)=    0 (237.7,534.5)=    0 (238.0,534.7)=    0 (238.5,535.0)=    0 (239.1,535.4)=    0 (239.9,535.8)=    0 (240.5,536.1)=    0 (241.3,536.3)=    0 (241.8,536.3)=    0 (242.3,536.1)=    0 (242.8,536.1)=    0 (243.4,536.2)=    0 (244.1,536.2)=    0 (244.7,536.2)=    0 (245.5,536.3)=    0 (246.4,536.4)=    0 (247.1,536.4)=    0 (247.6,536.4)=    0 (248.5,536.2)=    0 (249.2,536.0)=    0 (249.7,536.0)=    0 (250.3,536.0)=    0 (250.7,536.0)=    0 (251.2,535.8)=    0 (251.7,535.7)=    0 (252.0,535.5)=    0 (252.3,535.3)=    0 (252.7,534.7)=    0 (253.1,534.6)=    0 (253.6,534.4)=    0 (254.2,534.1)=    0 (255.0,534.1)=    0 (255.4,534.1)=    0 (256.1,534.1)=    0 (256.6,534.1)=    0 (257.3,534.2)=    0 (258.1,534.1)=    0 (259.0,534.1)=    0 (259.8,534.3)=    0 (260.5,534.7)=    0 (261.4,535.2)=    0 (262.3,535.8)=    0 (263.0,536.1)=    0 (263.7,536.4)=    0 (264.4,536.8)=    0 (265.2,537.4)=    0 (266.0,538.1)=    0 (267.0,538.6)=    0 (267.7,539.1)=    0 (268.6,540.0)=    0 ( -1.0, -1.0)=   -3 ( -1.0, -1.0)=   -3 ( -1.0, -1.0)=   -3 ( -1.0, -1.0)=   -3 ( -1.0, -1.0)=   -3 ( -1.0, -1.0)=   -3 ( -1.0, -1.0)=   -3 ( -1.0, -1.0)=   -3 ( -1.0, -1.0)=   -3 ( -1.0, -1.0)=   -3 ( -1.0, -1.0)=   -3 ( -1.0, -1.0)=   -3 ( -1.0, -1.0)=   -3 ( -1.0, -1.0)=   -3 ( -1.0, -1.0)=   -3 ( -1.0, -1.0)=   -3 ( -1.0, -1.0)=   -3 ( -1.0, -1.0)=   -3 ( -1.0, -1.0)=   -3 ( -1.0, -1.0)=   -3 ( -1.0, -1.0)=   -3 ( -1.0, -1.0)=   -3 ( -1.0, -1.0)=   -3 ( -1.0, -1.0)=   -3 ( -1.0, -1.0)=   -3 ( -1.0, -1.0)=   -3 ( -1.0, -1.0)=   -3 ( -1.0, -1.0)=   -3 ( -1.0, -1.0)=   -3 ( -1.0, -1.0)=   -3 ( -1.0, -1.0)=   -3 ( -1.0, -1.0)=   -3 ( -1.0, -1.0)=   -3 ( -1.0, -1.0)=   -3 ( -1.0, -1.0)=   -3 ( -1.0, -1.0)=   -3 ( -1.0, -1.0)=   -3 ( -1.0, -1.0)=   -3 ( -1.0, -1.0)=   -3 ( -1.0, -1.0)=   -3 ( -1.0, -1.0)=   -3 ( -1.0, -1.0)=   -3 ( -1.0, -1.0)=   -3 ( -1.0, -1.0)=   -3 ( -1.0, -1.0)=   -3 ( -1.0, -1.0)=   -3 ( -1.0, -1.0)=   -3 ( -1.0, -1.0)=   -3 ( -1.0, -1.0)=   -3 ( -1.0, -1.0)=   -3 ( -1.0, -1.0)=   -3 ( -1.0, -1.0)=   -3 ( -1.0, -1.0)=   -3 ( -1.0, -1.0)=   -3 ( -1.0, -1.0)=   -3 ( -1.0, -1.0)=   -3 ( -1.0, -1.0)=   -3 ( -1.0, -1.0)=   -3 ( -1.0, -1.0)=   -3 ( -1.0, -1.0)=   -3 ( -1.0, -1.0)=   -3 ( -1.0, -1.0)=   -3 ( -1.0, -1.0)=   -3 ( -1.0, -1.0)=   -3 ( -1.0, -1.0)=   -3 ( -1.0, -1.0)=   -3 ( -1.0, -1.0)=   -3 ( -1.0, -1.0)=   -3 ( -1.0, -1.0)=   -3 ( -1.0, -1.0)=   -3 ( -1.0, -1.0)=   -3 ( -1.0, -1.0)=   -3 ( -1.0, -1.0)=   -3 ( -1.0, -1.0)=   -3 ( -1.0, -1.0)=   -3 ( -1.0, -1.0)=   -3 ( -1.0, -1.0)=   -3 ( -1.0, -1.0)=   -3 ( -1.0, -1.0)=   -3 ( -1.0, -1.0)=   -3 ( -1.0, -1.0)=   -3 ( -1.0, -1.0)=   -3 ( -1.0, -1.0)=   -3 ( -1.0, -1.0)=   -3 ( -1.0, -1.0)=   -3 ( -1.0, -1.0)=   -3 ( -1.0, -1.0)=   -3 ( -1.0, -1.0)=   -3 ( -1.0, -1.0)=   -3 ( -1.0, -1.0)=   -3 ( -1.0, -1.0)=   -3 ( -1.0, -1.0)=   -3 ( -1.0, -1.0)=   -3 ( -1.0, -1.0)=   -3 ( -1.0, -1.0)=   -3 ( -1.0, -1.0)=   -3 ( -1.0, -1.0)=   -3 ( -1.0, -1.0)=   -3 ( -1.0, -1.0)=   -3 ( -1.0, -1.0)=   -3 ( -1.0, -1.0)=   -3 ( -1.0, -1.0)=   -3 ( -1.0, -1.0)=   -3 ( -1.0, -1.0)=   -3 ( -1.0, -1.0)=   -3 ( -1.0, -1.0)=   -3 ( -1.0, -1.0)=   -3 ( -1.0, -1.0)=   -3 ( -1.0, -1.0)=   -3 ( -1.0, -1.0)=   -3 ( -1.0, -1.0)=   -3 ( -1.0, -1.0)=   -3 ( -1.0, -1.0)=   -3 ( -1.0, -1.0)=   -3 ( -1.0, -1.0)=   -3 ( -1.0, -1.0)=   -3 ( -1.0, -1.0)=   -3 ( -1.0, -1.0)=   -3 ( -1.0, -1.0)=   -3 ( -1.0, -1.0)=   -3 ( -1.0, -1.0)=   -3 ( -1.0, -1.0)=   -3 
    130 | ( 76.0,682.0)= 9832 ( 76.3,682.3)=    0 ( 76.9,682.4)=    0 ( 77.3,682.2)=    0 ( 77.7,682.1)=    0 ( 78.2,682.1)=    0 ( 78.7,681.8)=    0 ( 78.8,681.9)=    0 ( 79.2,682.1)=    0 ( 79.8,682.2)=    0 ( 80.3,682.2)=    0 ( 80.6,682.2)=    0 ( 81.2,681.9)=    0 ( 81.6,681.5)=    0 ( 81.8,681.2)=    0 ( 82.3,680.7)=    0 ( 82.6,680.3)=    0 ( 83.0,679.8)=    0 ( 83.3,679.2)=    0 ( 83.3,678.7)=    0 ( 83.1,678.4)=    0 ( 83.2,678.2)=    0 ( 83.2,678.0)=    0 ( 83.4,677.9)=    0 ( 83.4,677.8)=    0 ( 83.6,677.6)=    0 ( 83.9,677.3)=    0 ( 84.2,677.3)=    0 ( 84.6,677.2)=    0 ( 85.1,677.2)=    0 ( 85.8,677.0)=    0 ( 86.8,676.7)=    0 ( 87.7,676.5)=    0 ( 88.6,676.5)=    0 ( 89.4,676.6)=    0 ( 90.1,676.5)=    0 ( 90.8,676.5)=    0 ( 91.4,676.6)=    0 ( 91.8,676.7)=    0 ( 92.3,676.8)=    0 ( 92.9,676.8)=    0 ( 93.4,676.7)=    0 ( 93.7,676.9)=    0 ( 94.2,677.1)=    0 ( 94.6,677.1)=    0 ( 95.2,676.9)=    0 ( 95.7,676.9)=    0 ( 96.0,676.9)=    0 ( 96.5,677.2)=    0 ( 96.8,677.3)=    0 ( 96.9,677.8)=    0 ( 97.2,678.3)=    0 ( 97.6,678.3)=    0 ( 97.9,678.5)=    0 ( 98.5,678.5)=    0 ( 98.8,678.4)=    0 ( 99.0,678.5)=    0 ( 99.3,678.5)=    0 ( 99.5,678.1)=    0 (100.3,677.4)=    0 (100.4,677.7)=    0 (100.6,677.6)=    0 (100.8,677.5)=    0 (100.9,677.5)=    0 (101.2,677.5)=    0 (101.2,677.3)=    0 (101.3,677.6)=    0 (101.7,677.6)=    0 (102.1,677.8)=    0 (102.3,678.1)=    0 (102.6,678.3)=    0 (102.9,678.5)=    0 (103.5,678.7)=    0 (104.0,678.6)=    0 (104.3,678.4)=    0 (104.8,678.3)=    0 (105.4,678.2)=    0 (105.9,678.2)=    0 (106.5,678.4)=    0 (107.0,678.4)=    0 (107.4,678.6)=    0 (107.8,678.9)=    0 (108.3,678.9)=    0 (108.7,678.9)=    0 (108.9,679.0)=    0 (109.4,679.0)=    0 (109.8,678.7)=    0 (110.1,679.1)=    0 (110.4,679.2)=    0 (110.8,679.1)=    0 (111.1,679.1)=    0 (111.6,679.0)=    0 (112.0,678.8)=    0 (112.5,678.6)=    0 (112.8,678.5)=    0 (113.0,678.6)=    0 (113.5,678.6)=    0 (113.7,678.8)=    0 (114.3,679.3)=    0 (114.7,679.5)=    0 (115.1,679.6)=    0 (115.5,679.8)=    0 (116.0,679.8)=    0 (116.4,680.1)=    0 (116.8,680.3)=    0 (117.1,680.5)=    0 (117.5,681.0)=    0 (118.1,681.2)=    0 (118.5,681.4)=    0 (119.3,681.6)=    0 (119.7,681.9)=    0 (120.2,682.0)=    0 (120.7,682.3)=    0 (121.2,682.7)=    0 (121.9,683.3)=    0 (122.7,683.4)=    0 (123.5,683.6)=    0 (124.1,683.7)=    0 (124.4,683.4)=    0 (124.9,683.3)=    0 (125.6,683.3)=    0 (126.3,683.4)=    0 (126.8,683.5)=    0 (127.6,683.5)=    0 (128.5,683.6)=    0 (129.2,683.7)=    0 (129.7,683.6)=    0 (130.7,683.3)=    0 (131.5,683.0)=    0 (132.1,682.7)=    0 (132.5,682.7)=    0 (133.0,682.7)=    0 (133.4,682.6)=    0 (133.7,682.4)=    0 (134.1,682.2)=    0 (134.4,681.7)=    0 (134.4,681.3)=    0 (134.9,681.0)=    0 (135.5,680.5)=    0 (136.0,680.3)=    0 (136.7,680.4)=    0 (137.3,680.4)=    0 (138.1,680.3)=    0 (138.4,680.3)=    0 (139.3,680.4)=    0 (140.2,680.1)=    0 (140.9,680.1)=    0 (141.6,680.4)=    0 (142.6,680.7)=    0 (143.4,681.2)=    0 (144.4,681.8)=    0 (145.2,682.0)=    0 (145.9,682.3)=    0 (146.6,682.7)=    0 (147.4,683.3)=    0 (148.5,684.0)=    0 (149.5,684.5)=    0 (150.3,685.2)=    0 (151.2,686.0)=    0 (152.1,686.4)=    0 (152.7,686.7)=    0 (152.8,686.6)=    0 (152.9,686.3)=    0 (153.0,686.1)=    0 (153.2,686.1)=    0 (153.5,686.0)=    0 (153.8,686.3)=    0 (154.3,686.5)=    0 (154.5,686.7)=    0 (154.9,686.8)=    0 (155.3,686.8)=    0 (155.8,687.0)=    0 (156.3,687.1)=    0 (156.8,687.6)=    0 (157.3,688.0)=    0 (157.7,688.4)=    0 (158.2,688.9)=    0 (158.7,689.2)=    0 (159.2,689.5)=    0 (159.6,689.4)=    0 (159.9,689.6)=    0 (160.2,689.8)=    0 (160.5,689.8)=    0 (160.6,689.9)=    0 (160.7,690.3)=    0 (161.1,690.5)=    0 (161.3,690.5)=    0 (161.5,690.5)=    0 (161.7,690.7)=    0 (161.9,690.7)=    0 (162.1,690.7)=    0 (162.3,690.9)=    0 (162.6,690.8)=    0 (163.1,690.9)=    0 (163.4,690.8)=    0 (163.7,690.6)=    0 (164.1,690.5)=    0 (164.3,690.6)=    0 (164.8,690.6)=    0 (164.8,690.9)=    0 (164.9,691.2)=    0 (165.1,691.2)=    0 (165.2,691.2)=    0 (165.4,691.2)=    0 (165.6,691.2)=    0 (165.8,691.2)=    0 (165.9,691.4)=    0 (166.2,691.4)=    0 (166.4,691.6)=    0 (166.7,691.6)=    0 (167.1,691.7)=    0 (167.4,691.8)=    0 (167.8,691.8)=    0 (168.3,691.7)=    0 (168.4,691.6)=    0 (168.8,691.6)=    0 (169.4,691.6)=    0 (169.8,691.8)=    0 (170.0,691.8)=    0 (170.5,691.9)=    0 (171.0,691.9)=    0 (171.3,691.6)=    0 (171.6,691.6)=    0 (171.9,691.4)=    0 (172.1,691.4)=    0 (172.5,691.4)=    0 (172.6,691.6)=    0 (173.0,691.9)=    0 (173.3,691.8)=    0 (173.7,691.5)=    0 (173.7,691.5)=    0 (174.2,691.3)=    0 (174.6,691.1)=    0 (175.1,691.5)=    0 (175.7,691.5)=    0 (176.1,691.4)=    0 (176.6,691.6)=    0 (177.0,691.7)=    0 (177.5,691.6)=    0 (178.1,691.6)=    0 (178.9,691.5)=    0 (179.4,691.3)=    0 (179.7,691.3)=    0 (180.2,691.6)=    0 (180.8,691.5)=    0 (181.1,691.7)=    0 (181.6,691.7)=    0 (182.2,691.7)=    0 (182.5,691.9)=    0 (183.1,691.8)=    0 (183.6,691.8)=    0 (184.5,692.0)=    0 (184.8,692.0)=    0 (185.4,692.1)=    0 (186.0,692.1)=    0 (186.7,692.1)=    0 (187.4,692.0)=    0 (187.9,691.9)=    0 (188.3,691.8)=    0 (188.8,691.8)=    0 (189.6,691.6)=    0 (190.1,691.7)=    0 (190.8,691.6)=    0 (191.5,691.5)=    0 (192.2,691.2)=    0 (192.7,691.0)=    0 (193.5,690.6)=    0 (194.0,690.1)=    0 (194.7,690.1)=    0 (195.2,689.8)=    0 (195.4,689.8)=    0 (195.9,689.8)=    0 (196.4,689.9)=    0 (196.6,690.0)=    0 (197.1,689.7)=    0 (197.6,689.5)=    0 (198.4,689.3)=    0 (199.1,689.2)=    0 (199.8,689.1)=    0 (200.7,689.2)=    0 (201.5,689.1)=    0 
    131 | (221.0,536.0)= 9512 (221.5,536.1)=    0 (222.1,536.5)=    0 (222.5,536.3)=    0 (222.9,536.3)=    0 (223.4,536.4)=    0 (223.8,536.2)=    0 (224.1,536.3)=    0 (224.5,536.4)=    0 (224.8,536.6)=    0 (225.4,536.7)=    0 (225.6,536.7)=    0 (226.2,536.5)=    0 (226.7,536.2)=    0 (227.1,535.9)=    0 (227.5,535.6)=    0 (227.7,535.1)=    0 (228.2,534.8)=    0 (228.3,534.3)=    0 (228.4,533.8)=    0 (228.4,533.6)=    0 (228.4,533.5)=    0 (228.5,533.3)=    0 (228.7,533.4)=    0 (229.0,533.2)=    0 (229.2,533.1)=    0 (229.5,532.8)=    0 (229.9,532.8)=    0 (230.4,532.8)=    0 (230.9,532.8)=    0 (231.5,532.7)=    0 (232.3,532.5)=    0 (233.2,532.3)=    0 (233.9,532.3)=    0 (234.7,532.4)=    0 (235.3,532.5)=    0 (235.7,532.7)=    0 (236.2,532.7)=    0 (236.8,532.9)=    0 (237.3,532.9)=    0 (237.8,532.9)=    0 (238.2,532.9)=    0 (238.5,533.1)=    0 (238.9,533.4)=    0 (239.4,533.5)=    0 (239.8,533.5)=    0 (240.5,533.5)=    0 (240.8,533.5)=    0 (241.2,533.5)=    0 (241.6,533.8)=    0 (241.9,534.1)=    0 (242.1,534.6)=    0 (242.4,534.7)=    0 (242.7,535.0)=    0 (243.3,535.1)=    0 (243.7,535.1)=    0 (243.9,535.1)=    0 (244.3,535.0)=    0 (244.6,534.9)=    0 (244.6,534.4)=    0 (244.9,534.6)=    0 (245.1,534.7)=    0 (245.3,534.5)=    0 (245.5,534.5)=    0 (245.8,534.4)=    0 (245.9,534.1)=    0 (246.0,534.3)=    0 (246.3,534.5)=    0 (246.5,534.6)=    0 (246.8,534.9)=    0 (247.2,535.1)=    0 (247.5,535.4)=    0 (248.1,535.6)=    0 (248.4,535.5)=    0 (248.8,535.3)=    0 (249.4,535.3)=    0 (250.0,535.0)=    0 (250.5,535.0)=    0 (250.8,535.3)=    0 (251.4,535.5)=    0 (251.7,535.7)=    0 (252.2,535.9)=    0 (252.5,536.0)=    0 (252.8,535.9)=    0 (253.1,535.9)=    0 (253.4,536.1)=    0 (253.7,536.1)=    0 (254.2,536.0)=    0 (254.4,536.1)=    0 (254.6,536.1)=    0 (254.9,536.0)=    0 (255.6,536.0)=    0 (255.8,535.9)=    0 (256.4,535.8)=    0 (256.7,535.7)=    0 (256.7,535.7)=    0 (257.1,535.8)=    0 (257.4,536.0)=    0 (257.8,536.5)=    0 (258.1,536.5)=    0 (258.5,536.8)=    0 (259.0,537.1)=    0 (259.4,537.2)=    0 (259.9,537.5)=    0 (260.4,537.7)=    0 (260.7,537.9)=    0 (261.2,538.3)=    0 (261.7,538.5)=    0 (262.2,538.7)=    0 (262.9,539.0)=    0 (263.3,539.3)=    0 (263.6,539.4)=    0 (264.1,539.7)=    0 (264.8,540.2)=    0 (265.7,540.6)=    0 (266.3,540.8)=    0 (267.0,541.1)=    0 (267.6,541.2)=    0 (268.1,541.0)=    0 (268.6,540.9)=    0 (269.2,541.0)=    0 (269.8,541.0)=    0 (270.4,541.0)=    0 (271.2,541.1)=    0 (272.1,541.3)=    0 (272.8,541.4)=    0 (273.4,541.4)=    0 (274.3,541.1)=    0 (275.0,540.9)=    0 (275.5,540.9)=    0 (276.0,540.8)=    0 (276.5,540.8)=    0 (277.0,540.7)=    0 (277.4,540.6)=    0 (277.8,540.4)=    0 (278.2,540.1)=    0 (278.4,539.8)=    0 (278.9,539.6)=    0 (279.4,539.2)=    0 (279.9,539.0)=    0 (280.7,539.0)=    0 (281.2,539.1)=    0 (282.0,539.1)=    0 (282.4,539.1)=    0 (283.2,539.1)=    0 (283.9,539.1)=    0 (284.8,539.1)=    0 (285.5,539.2)=    0 (286.5,539.7)=    0 (287.2,540.1)=    0 (288.1,540.8)=    0 (288.8,541.1)=    0 (289.5,541.5)=    0 (290.3,541.9)=    0 (291.0,542.5)=    0 (291.9,543.3)=    0 (292.8,543.8)=    0 (293.6,544.4)=    0 (294.3,545.3)=    0 (295.2,545.9)=    0 (295.7,546.2)=    0 (295.7,546.2)=    0 (295.9,546.1)=    0 (296.2,546.0)=    0 (296.5,546.1)=    0 (296.7,546.1)=    0 (297.2,546.4)=    0 (297.6,546.7)=    0 (297.9,546.7)=    0 (298.4,547.2)=    0 (298.6,547.2)=    0 (299.1,547.2)=    0 (299.5,547.4)=    0 (300.0,547.7)=    0 (300.5,548.2)=    0 (300.9,548.6)=    0 (301.5,549.2)=    0 (302.0,549.4)=    0 (302.5,549.7)=    0 (303.0,549.8)=    0 (303.3,550.0)=    0 (303.5,550.3)=    0 (303.8,550.4)=    0 (304.1,550.5)=    0 (304.3,550.7)=    0 (304.6,551.0)=    0 (304.9,551.0)=    0 (305.1,551.2)=    0 (305.2,551.2)=    0 (305.4,551.2)=    0 (305.7,551.3)=    0 (305.9,551.5)=    0 (306.2,551.6)=    0 (306.6,551.6)=    0 (306.9,551.6)=    0 (307.3,551.6)=    0 (307.6,551.4)=    0 (307.7,551.5)=    0 (308.1,551.6)=    0 (308.4,551.6)=    0 (308.4,551.9)=    0 (308.7,552.1)=    0 (308.8,552.1)=    0 (309.1,552.2)=    0 (309.2,552.2)=    0 (309.5,552.2)=    0 (309.5,552.4)=    0 (309.6,552.5)=    0 (309.9,552.6)=    0 (310.2,552.9)=    0 (310.5,553.0)=    0 (310.8,553.1)=    0 (311.2,553.2)=    0 (311.7,553.2)=    0 (311.9,553.1)=    0 (312.2,553.1)=    0 (312.6,553.1)=    0 (313.2,553.2)=    0 (313.5,553.3)=    0 (313.7,553.3)=    0 (314.2,553.3)=    0 (314.5,553.2)=    0 (315.0,553.2)=    0 (315.2,553.0)=    0 (315.5,553.0)=    0 (315.8,553.2)=    0 (316.0,553.3)=    0 (316.3,553.5)=    0 (316.5,553.5)=    0 (316.9,553.5)=    0 (317.1,553.4)=    0 (317.4,553.4)=    0 (317.7,553.3)=    0 (318.2,553.5)=    0 (318.7,553.6)=    0 (319.3,553.7)=    0 (319.7,553.9)=    0 (320.2,553.9)=    0 (320.7,553.9)=    0 (321.3,553.9)=    0 (322.0,553.8)=    0 (322.5,553.8)=    0 (322.9,553.7)=    0 (323.3,554.0)=    0 (323.9,554.0)=    0 (324.3,554.3)=    0 (324.8,554.4)=    0 (325.4,554.3)=    0 (325.9,554.3)=    0 (326.4,554.5)=    0 (327.0,554.5)=    0 (327.7,554.8)=    0 (328.3,554.8)=    0 (329.0,554.9)=    0 (329.5,554.8)=    0 (330.2,554.9)=    0 (330.8,554.9)=    0 (331.4,554.9)=    0 (331.9,554.9)=    0 (332.4,554.9)=    0 (333.3,554.8)=    0 (333.9,554.8)=    0 (334.7,554.8)=    0 (335.4,554.8)=    0 (336.0,554.7)=    0 (336.6,554.5)=    0 (337.2,554.2)=    0 (337.7,553.7)=    0 (338.5,553.6)=    0 (339.0,553.5)=    0 (339.4,553.3)=    0 (339.9,553.4)=    0 (340.5,553.4)=    0 (340.9,553.4)=    0 (341.4,553.4)=    0 (342.0,553.3)=    0 (342.8,553.1)=    0 (343.5,553.0)=    0 (344.3,553.0)=    0 (345.3,553.0)=    0 (346.1,553.0)=    0 
    132 | (174.0,583.0)= 9349 (174.4,583.3)=    0 ( -1.0, -1.0)=   -3 ( -1.0, -1.0)=   -3 ( -1.0, -1.0)=   -3 ( -1.0, -1.0)=   -3 ( -1.0, -1.0)=   -3 ( -1.0, -1.0)=   -3 ( -1.0, -1.0)=   -3 ( -1.0, -1.0)=   -3 ( -1.0, -1.0)=   -3 ( -1.0, -1.0)=   -3 ( -1.0, -1.0)=   -3 ( -1.0, -1.0)=   -3 ( -1.0, -1.0)=   -3 ( -1.0, -1.0)=   -3 ( -1.0, -1.0)=   -3 ( -1.0, -1.0)=   -3 ( -1.0, -1.0)=   -3 ( -1.0, -1.0)=   -3 ( -1.0, -1.0)=   -3 ( -1.0, -1.0)=   -3 ( -1.0, -1.0)=   -3 ( -1.0, -1.0)=   -3 ( -1.0, -1.0)=   -3 ( -1.0, -1.0)=   -3 ( -1.0, -1.0)=   -3 ( -1.0, -1.0)=   -3 ( -1.0, -1.0)=   -3 ( -1.0, -1.0)=   -3 ( -1.0, -1.0)=   -3 ( -1.0, -1.0)=   -3 ( -1.0, -1.0)=   -3 ( -1.0, -1.0)=   -3 ( -1.0, -1.0)=   -3 ( -1.0, -1.0)=   -3 ( -1.0, -1.0)=   -3 ( -1.0, -1.0)=   -3 ( -1.0, -1.0)=   -3 ( -1.0, -1.0)=   -3 ( -1.0, -1.0)=   -3 ( -1.0, -1.0)=   -3 ( -1.0, -1.0)=   -3 ( -1.0, -1.0)=   -3 ( -1.0, -1.0)=   -3 ( -1.0, -1.0)=   -3 ( -1.0, -1.0)=   -3 ( -1.0, -1.0)=   -3 ( -1.0, -1.0)=   -3 ( -1.0, -1.0)=   -3 ( -1.0, -1.0)=   -3 ( -1.0, -1.0)=   -3 ( -1.0, -1.0)=   -3 ( -1.0, -1.0)=   -3 ( -1.0, -1.0)=   -3 ( -1.0, -1.0)=   -3 ( -1.0, -1.0)=   -3 ( -1.0, -1.0)=   -3 ( -1.0, -1.0)=   -3 ( -1.0, -1.0)=   -3 ( -1.0, -1.0)=   -3 ( -1.0, -1.0)=   -3 ( -1.0, -1.0)=   -3 ( -1.0, -1.0)=   -3 ( -1.0, -1.0)=   -3 ( -1.0, -1.0)=   -3 ( -1.0, -1.0)=   -3 ( -1.0, -1.0)=   -3 ( -1.0, -1.0)=   -3 ( -1.0, -1.0)=   -3 ( -1.0, -1.0)=   -3 ( -1.0, -1.0)=   -3 ( -1.0, -1.0)=   -3 ( -1.0, -1.0)=   -3 ( -1.0, -1.0)=   -3 ( -1.0, -1.0)=   -3 ( -1.0, -1.0)=   -3 ( -1.0, -1.0)=   -3 ( -1.0, -1.0)=   -3 ( -1.0, -1.0)=   -3 ( -1.0, -1.0)=   -3 ( -1.0, -1.0)=   -3 ( -1.0, -1.0)=   -3 ( -1.0, -1.0)=   -3 ( -1.0, -1.0)=   -3 ( -1.0, -1.0)=   -3 ( -1.0, -1.0)=   -3 ( -1.0, -1.0)=   -3 ( -1.0, -1.0)=   -3 ( -1.0, -1.0)=   -3 ( -1.0, -1.0)=   -3 ( -1.0, -1.0)=   -3 ( -1.0, -1.0)=   -3 ( -1.0, -1.0)=   -3 ( -1.0, -1.0)=   -3 ( -1.0, -1.0)=   -3 ( -1.0, -1.0)=   -3 ( -1.0, -1.0)=   -3 ( -1.0, -1.0)=   -3 ( -1.0, -1.0)=   -3 ( -1.0, -1.0)=   -3 ( -1.0, -1.0)=   -3 ( -1.0, -1.0)=   -3 ( -1.0, -1.0)=   -3 ( -1.0, -1.0)=   -3 ( -1.0, -1.0)=   -3 ( -1.0, -1.0)=   -3 ( -1.0, -1.0)=   -3 ( -1.0, -1.0)=   -3 ( -1.0, -1.0)=   -3 ( -1.0, -1.0)=   -3 ( -1.0, -1.0)=   -3 ( -1.0, -1.0)=   -3 ( -1.0, -1.0)=   -3 ( -1.0, -1.0)=   -3 ( -1.0, -1.0)=   -3 ( -1.0, -1.0)=   -3 ( -1.0, -1.0)=   -3 ( -1.0, -1.0)=   -3 ( -1.0, -1.0)=   -3 ( -1.0, -1.0)=   -3 ( -1.0, -1.0)=   -3 ( -1.0, -1.0)=   -3 ( -1.0, -1.0)=   -3 ( -1.0, -1.0)=   -3 ( -1.0, -1.0)=   -3 ( -1.0, -1.0)=   -3 ( -1.0, -1.0)=   -3 ( -1.0, -1.0)=   -3 ( -1.0, -1.0)=   -3 ( -1.0, -1.0)=   -3 ( -1.0, -1.0)=   -3 ( -1.0, -1.0)=   -3 ( -1.0, -1.0)=   -3 ( -1.0, -1.0)=   -3 ( -1.0, -1.0)=   -3 ( -1.0, -1.0)=   -3 ( -1.0, -1.0)=   -3 ( -1.0, -1.0)=   -3 ( -1.0, -1.0)=   -3 ( -1.0, -1.0)=   -3 ( -1.0, -1.0)=   -3 ( -1.0, -1.0)=   -3 ( -1.0, -1.0)=   -3 ( -1.0, -1.0)=   -3 ( -1.0, -1.0)=   -3 ( -1.0, -1.0)=   -3 ( -1.0, -1.0)=   -3 ( -1.0, -1.0)=   -3 ( -1.0, -1.0)=   -3 ( -1.0, -1.0)=   -3 ( -1.0, -1.0)=   -3 ( -1.0, -1.0)=   -3 ( -1.0, -1.0)=   -3 ( -1.0, -1.0)=   -3 ( -1.0, -1.0)=   -3 ( -1.0, -1.0)=   -3 ( -1.0, -1.0)=   -3 ( -1.0, -1.0)=   -3 ( -1.0, -1.0)=   -3 ( -1.0, -1.0)=   -3 ( -1.0, -1.0)=   -3 ( -1.0, -1.0)=   -3 ( -1.0, -1.0)=   -3 ( -1.0, -1.0)=   -3 ( -1.0, -1.0)=   -3 ( -1.0, -1.0)=   -3 ( -1.0, -1.0)=   -3 ( -1.0, -1.0)=   -3 ( -1.0, -1.0)=   -3 ( -1.0, -1.0)=   -3 ( -1.0, -1.0)=   -3 ( -1.0, -1.0)=   -3 ( -1.0, -1.0)=   -3 ( -1.0, -1.0)=   -3 ( -1.0, -1.0)=   -3 ( -1.0, -1.0)=   -3 ( -1.0, -1.0)=   -3 ( -1.0, -1.0)=   -3 ( -1.0, -1.0)=   -3 ( -1.0, -1.0)=   -3 ( -1.0, -1.0)=   -3 ( -1.0, -1.0)=   -3 ( -1.0, -1.0)=   -3 ( -1.0, -1.0)=   -3 ( -1.0, -1.0)=   -3 ( -1.0, -1.0)=   -3 ( -1.0, -1.0)=   -3 ( -1.0, -1.0)=   -3 ( -1.0, -1.0)=   -3 ( -1.0, -1.0)=   -3 ( -1.0, -1.0)=   -3 ( -1.0, -1.0)=   -3 ( -1.0, -1.0)=   -3 ( -1.0, -1.0)=   -3 ( -1.0, -1.0)=   -3 ( -1.0, -1.0)=   -3 ( -1.0, -1.0)=   -3 ( -1.0, -1.0)=   -3 ( -1.0, -1.0)=   -3 ( -1.0, -1.0)=   -3 ( -1.0, -1.0)=   -3 ( -1.0, -1.0)=   -3 ( -1.0, -1.0)=   -3 ( -1.0, -1.0)=   -3 ( -1.0, -1.0)=   -3 ( -1.0, -1.0)=   -3 ( -1.0, -1.0)=   -3 ( -1.0, -1.0)=   -3 ( -1.0, -1.0)=   -3 ( -1.0, -1.0)=   -3 ( -1.0, -1.0)=   -3 ( -1.0, -1.0)=   -3 ( -1.0, -1.0)=   -3 ( -1.0, -1.0)=   -3 ( -1.0, -1.0)=   -3 ( -1.0, -1.0)=   -3 ( -1.0, -1.0)=   -3 ( -1.0, -1.0)=   -3 ( -1.0, -1.0)=   -3 ( -1.0, -1.0)=   -3 ( -1.0, -1.0)=   -3 ( -1.0, -1.0)=   -3 ( -1.0, -1.0)=   -3 ( -1.0, -1.0)=   -3 ( -1.0, -1.0)=   -3 ( -1.0, -1.0)=   -3 ( -1.0, -1.0)=   -3 ( -1.0, -1.0)=   -3 ( -1.0, -1.0)=   -3 ( -1.0, -1.0)=   -3 ( -1.0, -1.0)=   -3 ( -1.0, -1.0)=   -3 ( -1.0, -1.0)=   -3 ( -1.0, -1.0)=   -3 ( -1.0, -1.0)=   -3 ( -1.0, -1.0)=   -3 ( -1.0, -1.0)=   -3 ( -1.0, -1.0)=   -3 ( -1.0, -1.0)=   -3 ( -1.0, -1.0)=   -3 ( -1.0, -1.0)=   -3 ( -1.0, -1.0)=   -3 ( -1.0, -1.0)=   -3 ( -1.0, -1.0)=   -3 ( -1.0, -1.0)=   -3 ( -1.0, -1.0)=   -3 ( -1.0, -1.0)=   -3 ( -1.0, -1.0)=   -3 ( -1.0, -1.0)=   -3 ( -1.0, -1.0)=   -3 ( -1.0, -1.0)=   -3 ( -1.0, -1.0)=   -3 ( -1.0, -1.0)=   -3 ( -1.0, -1.0)=   -3 ( -1.0, -1.0)=   -3 ( -1.0, -1.0)=   -3 ( -1.0, -1.0)=   -3 ( -1.0, -1.0)=   -3 ( -1.0, -1.0)=   -3 ( -1.0, -1.0)=   -3 ( -1.0, -1.0)=   -3 ( -1.0, -1.0)=   -3 ( -1.0, -1.0)=   -3 ( -1.0, -1.0)=   -3 ( -1.0, -1.0)=   -3 ( -1.0, -1.0)=   -3 ( -1.0, -1.0)=   -3 ( -1.0, -1.0)=   -3 ( -1.0, -1.0)=   -3 ( -1.0, -1.0)=   -3 ( -1.0, -1.0)=   -3 ( -1.0, -1.0)=   -3 ( -1.0, -1.0)=   -3 ( -1.0, -1.0)=   -3 ( -1.0, -1.0)=   -3 ( -1.0, -1.0)=   -3 ( -1.0, -1.0)=   -3 ( -1.0, -1.0)=   -3 ( -1.0, -1.0)=   -3 ( -1.0, -1.0)=   -3 
    133 | ( 40.0,524.0)= 9346 ( 40.2,524.3)=    0 ( 40.9,524.3)=    0 ( 41.4,524.3)=    0 ( 41.7,524.2)=    0 ( 42.3,524.1)=    0 ( 42.9,523.9)=    0 ( 43.0,523.9)=    0 ( 43.5,524.1)=    0 ( 44.0,524.1)=    0 ( 44.4,524.2)=    0 ( 44.7,524.1)=    0 ( 45.2,523.8)=    0 ( 45.6,523.5)=    0 ( 45.9,523.1)=    0 ( 46.4,522.6)=    0 ( 46.6,522.2)=    0 ( 47.0,521.8)=    0 ( 47.3,521.4)=    0 ( 47.4,520.9)=    0 ( 47.4,520.7)=    0 ( 47.5,520.5)=    0 ( 47.6,520.2)=    0 ( 47.8,520.1)=    0 ( 47.9,520.0)=    0 ( 48.3,519.9)=    0 ( 48.7,519.5)=    0 ( 49.0,519.5)=    0 ( 49.5,519.4)=    0 ( 50.1,519.3)=    0 ( 50.8,519.1)=    0 ( 51.7,518.9)=    0 ( 52.5,518.7)=    0 ( 53.3,518.7)=    0 ( 54.2,518.8)=    0 ( 54.8,518.7)=    0 ( 55.5,518.8)=    0 ( 56.0,518.8)=    0 ( 56.5,518.9)=    0 ( 57.1,518.9)=    0 ( 57.8,518.9)=    0 ( 58.3,518.9)=    0 ( 58.6,518.9)=    0 ( 59.1,519.2)=    0 ( 59.5,519.2)=    0 ( 60.2,519.1)=    0 ( 60.7,519.1)=    0 ( 60.9,519.1)=    0 ( 61.5,519.2)=    0 ( 61.9,519.4)=    0 ( 61.9,519.8)=    0 ( 62.2,520.0)=    0 ( 62.6,520.1)=    0 ( 62.9,520.4)=    0 ( 63.5,520.4)=    0 ( 63.8,520.2)=    0 ( 64.0,520.1)=    0 ( 64.4,520.0)=    0 ( 64.8,519.8)=    0 ( 65.4,519.6)=    0 ( 65.6,519.6)=    0 ( 65.9,519.6)=    0 ( 66.3,519.4)=    0 ( 66.3,519.4)=    0 ( 66.5,519.3)=    0 ( 66.5,519.1)=    0 ( 66.7,519.3)=    0 ( 67.2,519.3)=    0 ( 67.4,519.5)=    0 ( 67.7,519.7)=    0 ( 68.1,519.8)=    0 ( 68.4,520.0)=    0 ( 68.9,520.3)=    0 ( 69.3,520.2)=    0 ( 69.8,519.9)=    0 ( 70.4,519.8)=    0 ( 70.7,519.6)=    0 ( 71.2,519.7)=    0 ( 71.7,519.9)=    0 ( 72.2,519.9)=    0 ( 72.5,520.3)=    0 ( 73.1,520.5)=    0 ( 73.6,520.4)=    0 ( 73.8,520.4)=    0 ( 74.1,520.5)=    0 ( 74.6,520.6)=    0 ( 74.9,520.5)=    0 ( 75.2,520.5)=    0 ( 75.4,520.6)=    0 ( 75.7,520.6)=    0 ( 76.1,520.5)=    0 ( 76.5,520.4)=    0 ( 76.7,520.3)=    0 ( 77.3,520.2)=    0 ( 77.7,520.0)=    0 ( 77.8,520.1)=    0 ( 78.2,520.2)=    0 ( 78.4,520.5)=    0 ( 79.0,520.8)=    0 ( 79.3,521.0)=    0 ( 79.8,521.3)=    0 ( 80.3,521.3)=    0 ( 80.8,521.5)=    0 ( 81.2,521.7)=    0 ( 81.7,521.8)=    0 ( 82.2,522.1)=    0 ( 82.6,522.4)=    0 ( 83.1,522.7)=    0 ( 83.6,522.8)=    0 ( 84.3,522.9)=    0 ( 84.7,523.2)=    0 ( 85.2,523.2)=    0 ( 85.7,523.4)=    0 ( 86.2,523.7)=    0 ( 87.0,524.2)=    0 ( 87.6,524.5)=    0 ( 88.4,524.8)=    0 ( 89.2,524.7)=    0 ( 89.4,524.5)=    0 ( 89.9,524.5)=    0 ( 90.7,524.4)=    0 ( 91.4,524.2)=    0 ( 92.0,524.4)=    0 ( 92.8,524.4)=    0 ( 93.6,524.4)=    0 ( 94.2,524.4)=    0 ( 94.9,524.3)=    0 ( 95.8,524.0)=    0 ( 96.5,523.7)=    0 ( 97.1,523.6)=    0 ( 97.5,523.6)=    0 ( 98.3,523.7)=    0 ( 98.6,523.6)=    0 ( 99.1,523.4)=    0 ( 99.5,523.1)=    0 ( 99.7,522.7)=    0 (100.0,522.3)=    0 (100.5,522.1)=    0 (101.0,521.8)=    0 (101.6,521.4)=    0 (102.3,521.3)=    0 (102.9,521.4)=    0 (103.6,521.3)=    0 (103.9,521.3)=    0 (104.9,521.3)=    0 (105.7,521.1)=    0 (106.5,520.9)=    0 (107.2,521.2)=    0 (108.1,521.5)=    0 (109.0,521.8)=    0 (109.8,522.4)=    0 (110.6,522.7)=    0 (111.3,522.9)=    0 (112.1,523.3)=    0 (112.8,523.7)=    0 (113.8,524.4)=    0 (114.9,524.8)=    0 (115.7,525.3)=    0 (116.4,526.0)=    0 (117.1,526.5)=    0 (117.8,526.6)=    0 (118.1,526.6)=    0 (118.2,526.3)=    0 (118.3,526.2)=    0 (118.5,526.2)=    0 (119.0,526.2)=    0 (119.3,526.5)=    0 (119.7,526.6)=    0 (120.1,526.8)=    0 (120.5,527.0)=    0 (120.8,527.1)=    0 (121.3,527.1)=    0 (121.8,527.3)=    0 (122.3,527.7)=    0 (122.9,527.9)=    0 (123.2,528.3)=    0 ( -1.0, -1.0)=   -3 ( -1.0, -1.0)=   -3 ( -1.0, -1.0)=   -3 ( -1.0, -1.0)=   -3 ( -1.0, -1.0)=   -3 ( -1.0, -1.0)=   -3 ( -1.0, -1.0)=   -3 ( -1.0, -1.0)=   -3 ( -1.0, -1.0)=   -3 ( -1.0, -1.0)=   -3 ( -1.0, -1.0)=   -3 ( -1.0, -1.0)=   -3 ( -1.0, -1.0)=   -3 ( -1.0, -1.0)=   -3 ( -1.0, -1.0)=   -3 ( -1.0, -1.0)=   -3 ( -1.0, -1.0)=   -3 ( -1.0, -1.0)=   -3 ( -1.0, -1.0)=   -3 ( -1.0, -1.0)=   -3 ( -1.0, -1.0)=   -3 ( -1.0, -1.0)=   -3 ( -1.0, -1.0)=   -3 ( -1.0, -1.0)=   -3 ( -1.0, -1.0)=   -3 ( -1.0, -1.0)=   -3 ( -1.0, -1.0)=   -3 ( -1.0, -1.0)=   -3 ( -1.0, -1.0)=   -3 ( -1.0, -1.0)=   -3 ( -1.0, -1.0)=   -3 ( -1.0, -1.0)=   -3 ( -1.0, -1.0)=   -3 ( -1.0, -1.0)=   -3 ( -1.0, -1.0)=   -3 ( -1.0, -1.0)=   -3 ( -1.0, -1.0)=   -3 ( -1.0, -1.0)=   -3 ( -1.0, -1.0)=   -3 ( -1.0, -1.0)=   -3 ( -1.0, -1.0)=   -3 ( -1.0, -1.0)=   -3 ( -1.0, -1.0)=   -3 ( -1.0, -1.0)=   -3 ( -1.0, -1.0)=   -3 ( -1.0, -1.0)=   -3 ( -1.0, -1.0)=   -3 ( -1.0, -1.0)=   -3 ( -1.0, -1.0)=   -3 ( -1.0, -1.0)=   -3 ( -1.0, -1.0)=   -3 ( -1.0, -1.0)=   -3 ( -1.0, -1.0)=   -3 ( -1.0, -1.0)=   -3 ( -1.0, -1.0)=   -3 ( -1.0, -1.0)=   -3 ( -1.0, -1.0)=   -3 ( -1.0, -1.0)=   -3 ( -1.0, -1.0)=   -3 ( -1.0, -1.0)=   -3 ( -1.0, -1.0)=   -3 ( -1.0, -1.0)=   -3 ( -1.0, -1.0)=   -3 ( -1.0, -1.0)=   -3 ( -1.0, -1.0)=   -3 ( -1.0, -1.0)=   -3 ( -1.0, -1.0)=   -3 ( -1.0, -1.0)=   -3 ( -1.0, -1.0)=   -3 ( -1.0, -1.0)=   -3 ( -1.0, -1.0)=   -3 ( -1.0, -1.0)=   -3 ( -1.0, -1.0)=   -3 ( -1.0, -1.0)=   -3 ( -1.0, -1.0)=   -3 ( -1.0, -1.0)=   -3 ( -1.0, -1.0)=   -3 ( -1.0, -1.0)=   -3 ( -1.0, -1.0)=   -3 ( -1.0, -1.0)=   -3 ( -1.0, -1.0)=   -3 ( -1.0, -1.0)=   -3 ( -1.0, -1.0)=   -3 ( -1.0, -1.0)=   -3 ( -1.0, -1.0)=   -3 ( -1.0, -1.0)=   -3 ( -1.0, -1.0)=   -3 ( -1.0, -1.0)=   -3 ( -1.0, -1.0)=   -3 ( -1.0, -1.0)=   -3 ( -1.0, -1.0)=   -3 ( -1.0, -1.0)=   -3 ( -1.0, -1.0)=   -3 ( -1.0, -1.0)=   -3 ( -1.0, -1.0)=   -3 ( -1.0, -1.0)=   -3 ( -1.0, -1.0)=   -3 ( -1.0, -1.0)=   -3 ( -1.0, -1.0)=   -3 ( -1.0, -1.0)=   -3 ( -1.0, -1.0)=   -3 ( -1.0, -1.0)=   -3 ( -1.0, -1.0)=   -3 ( -1.0, -1.0)=   -3 ( -1.0, -1.0)=   -3 
    134 | ( 25.0,517.0)= 9324 ( 25.4,517.2)=    0 ( -1.0, -1.0)=   -5 ( -1.0, -1.0)=   -5 ( -1.0, -1.0)=   -5 ( -1.0, -1.0)=   -5 ( -1.0, -1.0)=   -5 ( -1.0, -1.0)=   -5 ( -1.0, -1.0)=   -5 ( -1.0, -1.0)=   -5 ( -1.0, -1.0)=   -5 ( -1.0, -1.0)=   -5 ( -1.0, -1.0)=   -5 ( -1.0, -1.0)=   -5 ( -1.0, -1.0)=   -5 ( -1.0, -1.0)=   -5 ( -1.0, -1.0)=   -5 ( -1.0, -1.0)=   -5 ( -1.0, -1.0)=   -5 ( -1.0, -1.0)=   -5 ( -1.0, -1.0)=   -5 ( -1.0, -1.0)=   -5 ( -1.0, -1.0)=   -5 ( -1.0, -1.0)=   -5 ( -1.0, -1.0)=   -5 ( -1.0, -1.0)=   -5 ( -1.0, -1.0)=   -5 ( -1.0, -1.0)=   -5 ( -1.0, -1.0)=   -5 ( -1.0, -1.0)=   -5 ( -1.0, -1.0)=   -5 ( -1.0, -1.0)=   -5 ( -1.0, -1.0)=   -5 ( -1.0, -1.0)=   -5 ( -1.0, -1.0)=   -5 ( -1.0, -1.0)=   -5 ( -1.0, -1.0)=   -5 ( -1.0, -1.0)=   -5 ( -1.0, -1.0)=   -5 ( -1.0, -1.0)=   -5 ( -1.0, -1.0)=   -5 ( -1.0, -1.0)=   -5 ( -1.0, -1.0)=   -5 ( -1.0, -1.0)=   -5 ( -1.0, -1.0)=   -5 ( -1.0, -1.0)=   -5 ( -1.0, -1.0)=   -5 ( -1.0, -1.0)=   -5 ( -1.0, -1.0)=   -5 ( -1.0, -1.0)=   -5 ( -1.0, -1.0)=   -5 ( -1.0, -1.0)=   -5 ( -1.0, -1.0)=   -5 ( -1.0, -1.0)=   -5 ( -1.0, -1.0)=   -5 ( -1.0, -1.0)=   -5 ( -1.0, -1.0)=   -5 ( -1.0, -1.0)=   -5 ( -1.0, -1.0)=   -5 ( -1.0, -1.0)=   -5 ( -1.0, -1.0)=   -5 ( -1.0, -1.0)=   -5 ( -1.0, -1.0)=   -5 ( -1.0, -1.0)=   -5 ( -1.0, -1.0)=   -5 ( -1.0, -1.0)=   -5 ( -1.0, -1.0)=   -5 ( -1.0, -1.0)=   -5 ( -1.0, -1.0)=   -5 ( -1.0, -1.0)=   -5 ( -1.0, -1.0)=   -5 ( -1.0, -1.0)=   -5 ( -1.0, -1.0)=   -5 ( -1.0, -1.0)=   -5 ( -1.0, -1.0)=   -5 ( -1.0, -1.0)=   -5 ( -1.0, -1.0)=   -5 ( -1.0, -1.0)=   -5 ( -1.0, -1.0)=   -5 ( -1.0, -1.0)=   -5 ( -1.0, -1.0)=   -5 ( -1.0, -1.0)=   -5 ( -1.0, -1.0)=   -5 ( -1.0, -1.0)=   -5 ( -1.0, -1.0)=   -5 ( -1.0, -1.0)=   -5 ( -1.0, -1.0)=   -5 ( -1.0, -1.0)=   -5 ( -1.0, -1.0)=   -5 ( -1.0, -1.0)=   -5 ( -1.0, -1.0)=   -5 ( -1.0, -1.0)=   -5 ( -1.0, -1.0)=   -5 ( -1.0, -1.0)=   -5 ( -1.0, -1.0)=   -5 ( -1.0, -1.0)=   -5 ( -1.0, -1.0)=   -5 ( -1.0, -1.0)=   -5 ( -1.0, -1.0)=   -5 ( -1.0, -1.0)=   -5 ( -1.0, -1.0)=   -5 ( -1.0, -1.0)=   -5 ( -1.0, -1.0)=   -5 ( -1.0, -1.0)=   -5 ( -1.0, -1.0)=   -5 ( -1.0, -1.0)=   -5 ( -1.0, -1.0)=   -5 ( -1.0, -1.0)=   -5 ( -1.0, -1.0)=   -5 ( -1.0, -1.0)=   -5 ( -1.0, -1.0)=   -5 ( -1.0, -1.0)=   -5 ( -1.0, -1.0)=   -5 ( -1.0, -1.0)=   -5 ( -1.0, -1.0)=   -5 ( -1.0, -1.0)=   -5 ( -1.0, -1.0)=   -5 ( -1.0, -1.0)=   -5 ( -1.0, -1.0)=   -5 ( -1.0, -1.0)=   -5 ( -1.0, -1.0)=   -5 ( -1.0, -1.0)=   -5 ( -1.0, -1.0)=   -5 ( -1.0, -1.0)=   -5 ( -1.0, -1.0)=   -5 ( -1.0, -1.0)=   -5 ( -1.0, -1.0)=   -5 ( -1.0, -1.0)=   -5 ( -1.0, -1.0)=   -5 ( -1.0, -1.0)=   -5 ( -1.0, -1.0)=   -5 ( -1.0, -1.0)=   -5 ( -1.0, -1.0)=   -5 ( -1.0, -1.0)=   -5 ( -1.0, -1.0)=   -5 ( -1.0, -1.0)=   -5 ( -1.0, -1.0)=   -5 ( -1.0, -1.0)=   -5 ( -1.0, -1.0)=   -5 ( -1.0, -1.0)=   -5 ( -1.0, -1.0)=   -5 ( -1.0, -1.0)=   -5 ( -1.0, -1.0)=   -5 ( -1.0, -1.0)=   -5 ( -1.0, -1.0)=   -5 ( -1.0, -1.0)=   -5 ( -1.0, -1.0)=   -5 ( -1.0, -1.0)=   -5 ( -1.0, -1.0)=   -5 ( -1.0, -1.0)=   -5 ( -1.0, -1.0)=   -5 ( -1.0, -1.0)=   -5 ( -1.0, -1.0)=   -5 ( -1.0, -1.0)=   -5 ( -1.0, -1.0)=   -5 ( -1.0, -1.0)=   -5 ( -1.0, -1.0)=   -5 ( -1.0, -1.0)=   -5 ( -1.0, -1.0)=   -5 ( -1.0, -1.0)=   -5 ( -1.0, -1.0)=   -5 ( -1.0, -1.0)=   -5 ( -1.0, -1.0)=   -5 ( -1.0, -1.0)=   -5 ( -1.0, -1.0)=   -5 ( -1.0, -1.0)=   -5 ( -1.0, -1.0)=   -5 ( -1.0, -1.0)=   -5 ( -1.0, -1.0)=   -5 ( -1.0, -1.0)=   -5 ( -1.0, -1.0)=   -5 ( -1.0, -1.0)=   -5 ( -1.0, -1.0)=   -5 ( -1.0, -1.0)=   -5 ( -1.0, -1.0)=   -5 ( -1.0, -1.0)=   -5 ( -1.0, -1.0)=   -5 ( -1.0, -1.0)=   -5 ( -1.0, -1.0)=   -5 ( -1.0, -1.0)=   -5 ( -1.0, -1.0)=   -5 ( -1.0, -1.0)=   -5 ( -1.0, -1.0)=   -5 ( -1.0, -1.0)=   -5 ( -1.0, -1.0)=   -5 ( -1.0, -1.0)=   -5 ( -1.0, -1.0)=   -5 ( -1.0, -1.0)=   -5 ( -1.0, -1.0)=   -5 ( -1.0, -1.0)=   -5 ( -1.0, -1.0)=   -5 ( -1.0, -1.0)=   -5 ( -1.0, -1.0)=   -5 ( -1.0, -1.0)=   -5 ( -1.0, -1.0)=   -5 ( -1.0, -1.0)=   -5 ( -1.0, -1.0)=   -5 ( -1.0, -1.0)=   -5 ( -1.0, -1.0)=   -5 ( -1.0, -1.0)=   -5 ( -1.0, -1.0)=   -5 ( -1.0, -1.0)=   -5 ( -1.0, -1.0)=   -5 ( -1.0, -1.0)=   -5 ( -1.0, -1.0)=   -5 ( -1.0, -1.0)=   -5 ( -1.0, -1.0)=   -5 ( -1.0, -1.0)=   -5 ( -1.0, -1.0)=   -5 ( -1.0, -1.0)=   -5 ( -1.0, -1.0)=   -5 ( -1.0, -1.0)=   -5 ( -1.0, -1.0)=   -5 ( -1.0, -1.0)=   -5 ( -1.0, -1.0)=   -5 ( -1.0, -1.0)=   -5 ( -1.0, -1.0)=   -5 ( -1.0, -1.0)=   -5 ( -1.0, -1.0)=   -5 ( -1.0, -1.0)=   -5 ( -1.0, -1.0)=   -5 ( -1.0, -1.0)=   -5 ( -1.0, -1.0)=   -5 ( -1.0, -1.0)=   -5 ( -1.0, -1.0)=   -5 ( -1.0, -1.0)=   -5 ( -1.0, -1.0)=   -5 ( -1.0, -1.0)=   -5 ( -1.0, -1.0)=   -5 ( -1.0, -1.0)=   -5 ( -1.0, -1.0)=   -5 ( -1.0, -1.0)=   -5 ( -1.0, -1.0)=   -5 ( -1.0, -1.0)=   -5 ( -1.0, -1.0)=   -5 ( -1.0, -1.0)=   -5 ( -1.0, -1.0)=   -5 ( -1.0, -1.0)=   -5 ( -1.0, -1.0)=   -5 ( -1.0, -1.0)=   -5 ( -1.0, -1.0)=   -5 ( -1.0, -1.0)=   -5 ( -1.0, -1.0)=   -5 ( -1.0, -1.0)=   -5 ( -1.0, -1.0)=   -5 ( -1.0, -1.0)=   -5 ( -1.0, -1.0)=   -5 ( -1.0, -1.0)=   -5 ( -1.0, -1.0)=   -5 ( -1.0, -1.0)=   -5 ( -1.0, -1.0)=   -5 ( -1.0, -1.0)=   -5 ( -1.0, -1.0)=   -5 ( -1.0, -1.0)=   -5 ( -1.0, -1.0)=   -5 ( -1.0, -1.0)=   -5 ( -1.0, -1.0)=   -5 ( -1.0, -1.0)=   -5 ( -1.0, -1.0)=   -5 ( -1.0, -1.0)=   -5 ( -1.0, -1.0)=   -5 ( -1.0, -1.0)=   -5 ( -1.0, -1.0)=   -5 ( -1.0, -1.0)=   -5 ( -1.0, -1.0)=   -5 ( -1.0, -1.0)=   -5 ( -1.0, -1.0)=   -5 ( -1.0, -1.0)=   -5 ( -1.0, -1.0)=   -5 ( -1.0, -1.0)=   -5 ( -1.0, -1.0)=   -5 ( -1.0, -1.0)=   -5 ( -1.0, -1.0)=   -5 ( -1.0, -1.0)=   -5 ( -1.0, -1.0)=   -5 ( -1.0, -1.0)=   -5 ( -1.0, -1.0)=   -5 ( -1.0, -1.0)=   -5 ( -1.0, -1.0)=   -5 ( -1.0, -1.0)=   -5 ( -1.0, -1.0)=   -5 
    135 | ( 72.0,513.0)= 9135 ( 72.2,513.3)=    0 ( 72.9,513.4)=    0 ( 73.4,513.2)=    0 ( 73.7,513.3)=    0 ( 74.2,513.2)=    0 ( 74.8,513.0)=    0 ( 75.0,513.1)=    0 ( 75.4,513.3)=    0 ( 75.9,513.3)=    0 ( 76.4,513.3)=    0 ( 76.7,513.2)=    0 ( 77.2,513.0)=    0 ( 77.7,512.6)=    0 ( 77.9,512.4)=    0 ( 78.5,512.0)=    0 ( 78.7,511.6)=    0 ( 79.2,511.2)=    0 ( 79.4,510.7)=    0 ( 79.4,510.3)=    0 ( 79.4,510.1)=    0 ( 79.5,509.8)=    0 ( 79.6,509.6)=    0 ( 79.8,509.4)=    0 ( 80.0,509.2)=    0 ( 80.3,509.2)=    0 ( 80.7,508.9)=    0 ( 81.1,508.8)=    0 ( 81.6,508.7)=    0 ( 82.3,508.7)=    0 ( 82.7,508.5)=    0 ( 83.6,508.3)=    0 ( 84.4,508.1)=    0 ( 85.3,508.1)=    0 ( 86.1,508.2)=    0 ( 86.6,508.2)=    0 ( 87.2,508.3)=    0 ( 87.8,508.3)=    0 ( 88.3,508.5)=    0 ( 88.8,508.5)=    0 ( 89.4,508.4)=    0 ( 89.8,508.4)=    0 ( 90.1,508.4)=    0 ( 90.6,508.6)=    0 ( 91.1,508.6)=    0 ( 91.6,508.6)=    0 ( 92.4,508.5)=    0 ( 92.6,508.6)=    0 ( 93.0,508.6)=    0 ( 93.4,508.8)=    0 ( 93.5,509.2)=    0 ( 93.8,509.5)=    0 ( 94.3,509.7)=    0 ( 94.7,509.9)=    0 ( 95.2,509.9)=    0 ( 95.6,509.7)=    0 ( 95.9,509.6)=    0 ( 96.1,509.6)=    0 ( 96.5,509.4)=    0 ( 97.1,509.1)=    0 ( 97.1,509.3)=    0 ( 97.5,509.4)=    0 ( 97.9,509.1)=    0 ( 97.9,509.1)=    0 ( 98.2,509.1)=    0 ( 98.1,508.7)=    0 ( 98.2,508.9)=    0 ( 98.6,509.2)=    0 ( 99.0,509.2)=    0 ( 99.3,509.5)=    0 ( 99.5,509.6)=    0 ( 99.9,509.7)=    0 (100.4,509.9)=    0 (100.9,509.9)=    0 (101.3,509.7)=    0 (101.8,509.6)=    0 (102.3,509.5)=    0 (102.7,509.5)=    0 (103.3,509.7)=    0 (103.8,509.7)=    0 (104.1,510.0)=    0 (104.6,510.3)=    0 (105.1,510.2)=    0 (105.3,510.2)=    0 (105.5,510.2)=    0 (105.9,510.3)=    0 (106.3,510.2)=    0 (106.5,510.3)=    0 (106.7,510.4)=    0 (106.9,510.4)=    0 (107.3,510.2)=    0 (107.7,510.1)=    0 (108.0,509.9)=    0 (108.5,510.0)=    0 (108.9,509.7)=    0 (109.0,509.9)=    0 (109.5,510.0)=    0 (109.7,510.2)=    0 (110.3,510.4)=    0 (110.5,510.6)=    0 (111.0,510.9)=    0 (111.5,510.9)=    0 (112.0,511.3)=    0 (112.4,511.4)=    0 (113.0,511.5)=    0 (113.3,511.7)=    0 (113.8,511.9)=    0 (114.3,512.2)=    0 (114.8,512.4)=    0 (115.5,512.7)=    0 (116.1,513.0)=    0 (116.4,513.0)=    0 (116.8,513.2)=    0 (117.4,513.4)=    0 (118.3,514.0)=    0 (118.8,514.1)=    0 (119.4,514.3)=    0 (120.2,514.3)=    0 (120.6,514.1)=    0 (121.0,514.0)=    0 (121.7,514.1)=    0 (122.3,514.0)=    0 (122.9,514.1)=    0 (123.8,514.0)=    0 (124.6,514.2)=    0 (125.3,514.2)=    0 (125.9,514.1)=    0 (126.8,513.8)=    0 (127.4,513.6)=    0 (128.0,513.6)=    0 (128.5,513.4)=    0 (129.1,513.4)=    0 (129.6,513.3)=    0 (130.1,513.2)=    0 (130.3,512.9)=    0 (130.5,512.6)=    0 (130.7,512.2)=    0 (131.2,511.9)=    0 (131.9,511.6)=    0 (132.4,511.5)=    0 (133.2,511.4)=    0 (133.8,511.3)=    0 (134.6,511.4)=    0 (134.9,511.3)=    0 (135.6,511.4)=    0 (136.6,511.2)=    0 (137.4,511.2)=    0 (138.1,511.3)=    0 (139.1,511.8)=    0 (140.0,512.2)=    0 (140.9,512.6)=    0 (141.6,512.9)=    0 (142.3,513.2)=    0 (143.0,513.6)=    0 (143.9,514.2)=    0 (144.8,514.9)=    0 (145.8,515.4)=    0 (146.4,515.8)=    0 (147.4,516.5)=    0 (148.2,517.0)=    0 (148.5,517.2)=    0 (148.7,517.1)=    0 (149.0,516.9)=    0 (149.2,516.8)=    0 (149.4,516.8)=    0 (149.8,516.7)=    0 (150.2,517.1)=    0 (150.5,517.3)=    0 (150.8,517.3)=    0 (151.2,517.6)=    0 (151.5,517.6)=    0 (152.0,517.8)=    0 (152.6,517.8)=    0 (153.1,518.1)=    0 (153.5,518.5)=    0 (154.1,518.8)=    0 (154.8,519.3)=    0 (155.2,519.5)=    0 (155.6,519.8)=    0 (156.2,519.8)=    0 (156.4,519.9)=    0 (156.7,520.0)=    0 (157.1,520.1)=    0 (157.4,520.3)=    0 (157.4,520.5)=    0 (157.8,520.7)=    0 (158.1,520.8)=    0 (158.3,520.8)=    0 (158.4,520.8)=    0 (158.7,521.0)=    0 (158.9,521.0)=    0 (159.2,521.2)=    0 (159.4,521.1)=    0 (159.9,521.1)=    0 (160.2,521.1)=    0 (160.4,520.9)=    0 (160.8,520.8)=    0 (161.0,520.9)=    0 (161.3,520.9)=    0 (161.5,521.1)=    0 (161.5,521.3)=    0 (161.7,521.4)=    0 (161.8,521.4)=    0 (162.1,521.4)=    0 (162.3,521.4)=    0 (162.4,521.4)=    0 (162.5,521.6)=    0 (162.8,521.6)=    0 (163.0,521.7)=    0 (163.3,522.0)=    0 (163.6,522.0)=    0 (163.9,522.0)=    0 (164.2,522.1)=    0 (164.7,522.0)=    0 (164.9,522.0)=    0 (165.2,521.9)=    0 (165.7,521.9)=    0 (166.3,521.9)=    0 (166.4,522.0)=    0 (166.7,522.0)=    0 (167.2,522.0)=    0 (167.5,521.9)=    0 (167.9,521.8)=    0 (168.1,521.6)=    0 (168.4,521.6)=    0 (168.8,521.8)=    0 (168.9,521.9)=    0 (169.3,522.2)=    0 (169.6,522.2)=    0 (170.0,522.0)=    0 (170.1,522.0)=    0 (170.4,522.0)=    0 (170.9,521.7)=    0 (171.2,522.0)=    0 (171.7,522.1)=    0 (172.2,522.1)=    0 (172.7,522.2)=    0 (173.2,522.2)=    0 (173.9,522.2)=    0 (174.3,522.2)=    0 (175.0,522.1)=    0 (175.5,521.9)=    0 (175.7,521.9)=    0 (176.2,522.1)=    0 (176.8,522.2)=    0 (177.2,522.2)=    0 (177.8,522.2)=    0 (178.3,522.2)=    0 (178.8,522.2)=    0 (179.3,522.2)=    0 (180.0,522.2)=    0 (180.5,522.4)=    0 (181.0,522.4)=    0 (181.8,522.4)=    0 (182.3,522.4)=    0 (183.1,522.3)=    0 (183.6,522.3)=    0 (184.2,522.2)=    0 (184.6,522.1)=    0 (185.1,522.0)=    0 (185.8,521.9)=    0 (186.4,521.7)=    0 (187.1,521.7)=    0 (187.6,521.7)=    0 (188.4,521.5)=    0 (188.9,521.3)=    0 (189.6,521.0)=    0 (190.2,520.5)=    0 (190.9,520.4)=    0 (191.5,520.3)=    0 (191.7,520.2)=    0 (192.3,520.2)=    0 (192.7,520.1)=    0 (193.2,520.1)=    0 (193.6,520.0)=    0 (194.3,519.7)=    0 (195.0,519.6)=    0 (195.7,519.5)=    0 (196.4,519.5)=    0 (197.4,519.5)=    0 (198.4,519.4)=    0 
    136 | (165.0,529.0)= 9123 (165.5,529.3)=    0 (166.0,529.5)=    0 (166.5,529.4)=    0 (166.8,529.4)=    0 (167.3,529.3)=    0 (167.8,529.2)=    0 (168.1,529.3)=    0 (168.3,529.5)=    0 (168.9,529.5)=    0 (169.3,529.5)=    0 (169.6,529.5)=    0 (170.1,529.3)=    0 (170.6,529.0)=    0 (170.9,528.7)=    0 (171.4,528.3)=    0 (171.6,527.9)=    0 (172.1,527.6)=    0 (172.4,527.2)=    0 (172.4,526.6)=    0 (172.4,526.4)=    0 (172.4,526.2)=    0 (172.6,526.0)=    0 (172.8,525.9)=    0 (173.0,525.9)=    0 (173.2,525.9)=    0 (173.4,525.5)=    0 (173.9,525.4)=    0 (174.3,525.4)=    0 (174.8,525.4)=    0 (175.5,525.3)=    0 (176.3,525.1)=    0 (177.2,524.8)=    0 (177.9,524.8)=    0 (178.6,524.9)=    0 (179.3,525.0)=    0 (179.8,525.2)=    0 (180.4,525.2)=    0 (180.9,525.4)=    0 (181.4,525.5)=    0 (182.1,525.5)=    0 (182.4,525.5)=    0 (182.7,525.6)=    0 (183.2,525.9)=    0 (183.5,526.1)=    0 (184.1,525.9)=    0 (184.6,525.9)=    0 (185.1,525.8)=    0 (185.3,526.1)=    0 (185.7,526.3)=    0 (186.0,526.5)=    0 (186.2,526.9)=    0 (186.5,527.1)=    0 (186.9,527.4)=    0 (187.4,527.4)=    0 (187.9,527.4)=    0 (188.2,527.2)=    0 (188.5,527.1)=    0 (188.8,527.0)=    0 (189.1,526.6)=    0 (189.3,526.9)=    0 (189.4,527.0)=    0 (189.7,526.8)=    0 (189.9,526.7)=    0 (190.2,526.6)=    0 (190.2,526.4)=    0 (190.3,526.5)=    0 (190.7,526.8)=    0 (191.0,526.8)=    0 (191.2,527.2)=    0 (191.4,527.3)=    0 (191.9,527.4)=    0 (192.4,527.7)=    0 (192.8,527.5)=    0 (193.3,527.4)=    0 (193.7,527.3)=    0 (194.3,527.2)=    0 (194.5,527.2)=    0 (195.1,527.3)=    0 (195.4,527.4)=    0 (195.9,527.6)=    0 (196.4,527.9)=    0 (196.9,528.0)=    0 (197.1,528.0)=    0 (197.4,528.0)=    0 (197.6,528.1)=    0 (198.1,527.9)=    0 (198.3,528.1)=    0 (198.5,528.2)=    0 (198.8,528.2)=    0 (199.3,528.1)=    0 (199.8,528.1)=    0 (200.0,527.9)=    0 (200.5,527.8)=    0 (200.8,527.6)=    0 (201.0,527.6)=    0 (201.3,527.8)=    0 (201.6,528.1)=    0 (202.1,528.4)=    0 (202.3,528.7)=    0 (202.9,529.0)=    0 (203.3,529.1)=    0 (203.7,529.3)=    0 (204.3,529.6)=    0 (204.6,529.7)=    0 (204.9,529.9)=    0 (205.4,530.2)=    0 (205.9,530.4)=    0 (206.3,530.5)=    0 (207.1,530.8)=    0 (207.6,531.0)=    0 (208.1,531.0)=    0 (208.5,531.4)=    0 (209.1,531.9)=    0 (209.7,532.5)=    0 (210.5,532.8)=    0 (211.2,532.9)=    0 (211.7,532.8)=    0 (212.2,532.6)=    0 (212.7,532.5)=    0 (213.2,532.6)=    0 (214.0,532.6)=    0 (214.5,532.6)=    0 (215.3,532.7)=    0 (216.2,532.8)=    0 (216.9,532.9)=    0 (217.4,532.8)=    0 (218.3,532.6)=    0 (219.0,532.4)=    0 (219.5,532.4)=    0 (220.1,532.2)=    0 (220.6,532.2)=    0 (221.2,532.2)=    0 (221.4,532.0)=    0 (222.0,532.0)=    0 (222.1,531.5)=    0 (222.5,531.1)=    0 (223.0,530.8)=    0 (223.5,530.5)=    0 (224.0,530.2)=    0 (224.7,530.2)=    0 (225.2,530.4)=    0 (225.9,530.4)=    0 (226.4,530.4)=    0 (227.2,530.4)=    0 (228.0,530.4)=    0 (228.9,530.2)=    0 (229.6,530.3)=    0 (230.4,530.9)=    0 (231.1,531.2)=    0 (232.1,531.9)=    0 (232.8,532.1)=    0 (233.5,532.5)=    0 (234.3,533.0)=    0 (235.1,533.5)=    0 (236.0,534.3)=    0 (236.7,534.7)=    0 (237.6,535.4)=    0 (238.3,536.2)=    0 (239.1,536.8)=    0 (239.7,537.0)=    0 (239.9,537.0)=    0 (240.1,536.9)=    0 (240.2,536.7)=    0 (240.3,536.7)=    0 (240.5,536.6)=    0 (241.1,536.9)=    0 (241.4,537.3)=    0 (241.8,537.4)=    0 (242.2,537.6)=    0 (242.5,537.6)=    0 (243.1,537.7)=    0 (243.5,537.9)=    0 (244.0,538.3)=    0 (244.4,538.6)=    0 (245.0,539.1)=    0 (245.6,539.6)=    0 (246.2,539.9)=    0 (246.6,540.2)=    0 (247.0,540.3)=    0 (247.3,540.5)=    0 (247.7,540.7)=    0 (248.0,540.8)=    0 (248.2,540.9)=    0 (248.4,541.2)=    0 (248.6,541.2)=    0 (248.9,541.2)=    0 (249.2,541.3)=    0 (249.3,541.4)=    0 (249.6,541.6)=    0 (249.9,541.6)=    0 (250.2,541.7)=    0 (250.4,541.7)=    0 (250.8,541.8)=    0 (251.2,541.8)=    0 (251.6,541.7)=    0 (251.9,541.6)=    0 (252.1,541.7)=    0 (252.4,541.7)=    0 (252.5,541.9)=    0 (252.6,542.2)=    0 (252.7,542.3)=    0 (252.9,542.3)=    0 (253.1,542.3)=    0 (253.3,542.4)=    0 (253.4,542.3)=    0 (253.5,542.6)=    0 (253.8,542.6)=    0 (254.0,542.7)=    0 (254.2,543.0)=    0 (254.6,543.1)=    0 (254.9,543.2)=    0 (255.2,543.2)=    0 (255.7,543.1)=    0 (256.0,543.0)=    0 (256.2,543.1)=    0 (256.8,543.1)=    0 (257.3,543.2)=    0 (257.4,543.3)=    0 (257.8,543.3)=    0 (258.4,543.3)=    0 (258.6,543.2)=    0 (259.1,543.2)=    0 (259.3,543.0)=    0 (259.5,543.0)=    0 (259.7,543.2)=    0 (260.0,543.3)=    0 (260.1,543.4)=    0 (260.4,543.5)=    0 (260.8,543.3)=    0 (261.1,543.3)=    0 (261.3,543.3)=    0 (261.7,543.2)=    0 (262.1,543.4)=    0 (262.6,543.6)=    0 (263.2,543.4)=    0 (263.6,543.6)=    0 (264.2,543.8)=    0 (264.7,543.7)=    0 (265.3,543.7)=    0 (266.0,543.6)=    0 (266.5,543.5)=    0 (266.7,543.5)=    0 (267.2,543.8)=    0 (267.7,543.8)=    0 (268.2,543.9)=    0 (268.7,543.9)=    0 (269.3,543.8)=    0 (269.7,544.0)=    0 (270.3,544.1)=    0 (270.9,544.1)=    0 (271.5,544.4)=    0 (272.1,544.4)=    0 (272.6,544.4)=    0 (273.3,544.5)=    0 (274.1,544.4)=    0 (274.6,544.4)=    0 (275.2,544.4)=    0 (275.6,544.4)=    0 (276.1,544.4)=    0 (276.8,544.3)=    0 (277.5,544.3)=    0 (278.3,544.3)=    0 (278.8,544.3)=    0 (279.5,544.1)=    0 (280.1,543.8)=    0 (280.7,543.5)=    0 (281.3,543.1)=    0 (282.0,543.1)=    0 (282.5,542.8)=    0 (282.8,542.6)=    0 (283.4,542.7)=    0 (283.9,542.7)=    0 (284.3,542.7)=    0 (284.8,542.7)=    0 (285.4,542.6)=    0 (286.2,542.4)=    0 (287.0,542.3)=    0 (287.7,542.2)=    0 (288.6,542.3)=    0 (289.4,542.2)=    0 
    137 | (322.0,553.0)= 9058 (322.5,553.3)=    0 (323.0,553.6)=    0 (323.5,553.6)=    0 (323.9,553.5)=    0 (324.4,553.5)=    0 (324.8,553.3)=    0 (325.1,553.5)=    0 (325.4,553.8)=    0 (326.0,553.9)=    0 (326.5,554.0)=    0 (326.7,553.9)=    0 (327.3,553.9)=    0 (327.7,553.6)=    0 (328.2,553.4)=    0 (328.4,553.1)=    0 (328.9,552.7)=    0 (329.3,552.5)=    0 (329.3,552.0)=    0 (329.5,551.7)=    0 (329.5,551.4)=    0 (329.5,551.2)=    0 (329.6,551.0)=    0 (329.9,550.9)=    0 (330.2,550.9)=    0 (330.3,550.9)=    0 (330.5,550.7)=    0 (331.0,550.7)=    0 (331.5,550.6)=    0 (332.0,550.7)=    0 (332.6,550.7)=    0 (333.3,550.5)=    0 (334.3,550.5)=    0 (335.2,550.5)=    0 (336.0,550.6)=    0 (336.6,550.7)=    0 (337.1,551.0)=    0 (337.6,551.0)=    0 (338.1,551.3)=    0 (338.6,551.4)=    0 (339.0,551.4)=    0 (339.5,551.5)=    0 (339.9,551.6)=    0 (340.5,551.9)=    0 (340.7,552.2)=    0 (341.2,552.2)=    0 (341.8,552.2)=    0 (342.3,552.2)=    0 (342.5,552.5)=    0 (343.2,552.8)=    0 (343.3,553.1)=    0 (343.6,553.5)=    0 (343.9,553.6)=    0 (344.3,554.0)=    0 (344.8,554.0)=    0 (345.1,554.1)=    0 (345.5,553.9)=    0 (345.7,553.9)=    0 (346.0,553.8)=    0 (346.0,553.4)=    0 (346.2,553.5)=    0 (346.4,553.6)=    0 (346.6,553.6)=    0 (346.8,553.5)=    0 (347.2,553.5)=    0 (347.5,553.3)=    0 (347.5,553.3)=    0 (347.8,553.6)=    0 (348.1,553.7)=    0 (348.3,554.0)=    0 (348.6,554.0)=    0 (348.9,554.3)=    0 (349.4,554.5)=    0 (349.9,554.5)=    0 (350.4,554.5)=    0 (350.9,554.3)=    0 (351.4,554.3)=    0 (351.9,554.2)=    0 (352.4,554.4)=    0 (352.9,554.5)=    0 (353.3,554.8)=    0 (353.8,555.1)=    0 (354.1,555.1)=    0 (354.6,555.1)=    0 (354.8,555.1)=    0 (355.0,555.3)=    0 (355.5,555.3)=    0 (355.7,555.3)=    0 (356.0,555.3)=    0 (356.2,555.3)=    0 (356.7,555.2)=    0 (357.2,555.3)=    0 (357.7,555.2)=    0 (357.9,555.1)=    0 (358.6,555.1)=    0 (358.8,555.1)=    0 (359.1,555.2)=    0 (359.3,555.4)=    0 (359.7,555.9)=    0 (360.0,556.0)=    0 (360.5,556.3)=    0 (360.8,556.6)=    0 (361.3,556.9)=    0 (361.7,557.1)=    0 (362.2,557.4)=    0 (362.6,557.6)=    0 (363.3,558.0)=    0 (363.6,558.3)=    0 (364.2,558.4)=    0 (365.0,558.8)=    0 (365.5,559.3)=    0 (365.8,559.3)=    0 (366.4,559.8)=    0 (367.1,560.1)=    0 (367.9,560.6)=    0 (368.6,560.8)=    0 (369.4,561.1)=    0 (369.9,561.3)=    0 (370.4,561.1)=    0 (371.0,561.2)=    0 (371.6,561.2)=    0 (372.2,561.2)=    0 (372.9,561.4)=    0 (373.6,561.5)=    0 (374.6,561.6)=    0 (375.4,561.7)=    0 (376.1,561.6)=    0 (376.9,561.5)=    0 (377.7,561.3)=    0 (378.2,561.4)=    0 (378.7,561.4)=    0 (379.2,561.4)=    0 (379.8,561.4)=    0 (380.3,561.4)=    0 (380.6,561.2)=    0 (380.9,560.9)=    0 (381.3,560.6)=    0 (381.8,560.3)=    0 (382.3,560.1)=    0 (383.1,559.9)=    0 (383.8,559.8)=    0 (384.4,559.9)=    0 (384.9,560.0)=    0 (385.4,560.0)=    0 (386.1,560.2)=    0 (387.2,560.2)=    0 (387.9,560.0)=    0 (388.8,560.3)=    0 (389.6,561.0)=    0 (390.5,561.4)=    0 (391.4,562.0)=    0 (392.2,562.5)=    0 (392.9,562.8)=    0 (393.7,563.3)=    0 (394.2,563.8)=    0 (395.2,564.8)=    0 (396.1,565.5)=    0 (397.0,566.2)=    0 (397.9,567.2)=    0 (398.7,567.8)=    0 (398.9,568.0)=    0 (399.2,568.2)=    0 (399.5,568.1)=    0 (399.7,568.0)=    0 (399.8,568.0)=    0 (400.0,568.0)=    0 (400.4,568.3)=    0 (400.9,568.7)=    0 (401.1,568.8)=    0 (401.7,569.2)=    0 (402.0,569.4)=    0 (402.5,569.6)=    0 (403.0,569.8)=    0 (403.5,570.1)=    0 (404.0,570.5)=    0 (404.5,570.9)=    0 (405.0,571.4)=    0 (405.6,571.9)=    0 (406.1,572.3)=    0 (406.6,572.6)=    0 (406.8,572.6)=    0 (407.3,573.0)=    0 (407.6,573.0)=    0 (407.8,573.2)=    0 (408.1,573.4)=    0 (408.4,573.8)=    0 (408.6,573.9)=    0 (409.0,574.0)=    0 (409.2,574.2)=    0 (409.3,574.2)=    0 (409.6,574.3)=    0 (409.8,574.4)=    0 (410.0,574.5)=    0 (410.4,574.5)=    0 (410.8,574.5)=    0 (411.2,574.5)=    0 (411.6,574.4)=    0 (411.8,574.5)=    0 (412.1,574.6)=    0 (412.4,574.7)=    0 (412.5,575.0)=    0 (412.5,575.1)=    0 (412.7,575.2)=    0 (412.9,575.2)=    0 (413.1,575.2)=    0 (413.4,575.4)=    0 (413.4,575.5)=    0 (413.6,575.6)=    0 (413.8,575.9)=    0 (414.1,576.0)=    0 (414.3,576.3)=    0 (414.6,576.3)=    0 (415.1,576.5)=    0 (415.4,576.4)=    0 (415.8,576.3)=    0 (416.2,576.4)=    0 (416.5,576.3)=    0 (417.1,576.5)=    0 (417.3,576.7)=    0 (417.9,576.7)=    0 (418.4,576.8)=    0 (418.7,576.7)=    0 (419.2,576.7)=    0 (419.4,576.5)=    0 (419.7,576.5)=    0 (420.0,576.7)=    0 (420.2,576.8)=    0 (420.4,577.1)=    0 (420.7,577.1)=    0 (420.9,577.0)=    0 (421.2,577.0)=    0 (421.3,577.0)=    0 (421.6,576.7)=    0 (422.3,577.1)=    0 (422.8,577.4)=    0 (423.2,577.3)=    0 (423.9,577.5)=    0 (424.2,577.6)=    0 (424.7,577.5)=    0 (425.5,577.6)=    0 (426.3,577.6)=    0 (426.7,577.5)=    0 (427.3,577.5)=    0 (427.5,577.9)=    0 (428.1,577.9)=    0 (428.6,578.1)=    0 (429.1,578.2)=    0 (429.8,578.2)=    0 (430.5,578.3)=    0 (430.7,578.5)=    0 (431.3,578.6)=    0 (432.3,578.8)=    0 (432.7,578.9)=    0 (433.4,579.2)=    0 (434.2,579.2)=    0 (434.9,579.3)=    0 (435.5,579.3)=    0 (436.1,579.3)=    0 (436.7,579.3)=    0 (437.2,579.3)=    0 (438.0,579.3)=    0 (438.7,579.3)=    0 (439.4,579.3)=    0 (440.0,579.3)=    0 (440.7,579.3)=    0 (441.5,579.0)=    0 (442.2,578.8)=    0 (442.8,578.3)=    0 (443.6,578.3)=    0 (444.1,578.1)=    0 (444.8,578.0)=    0 (445.3,578.0)=    0 (445.9,578.2)=    0 (446.4,578.2)=    0 (446.9,578.2)=    0 (447.4,578.1)=    0 (448.2,578.0)=    0 (449.2,577.9)=    0 (449.9,577.9)=    0 (450.9,577.9)=    0 (451.9,577.9)=    0 
    138 | (204.0,587.0)= 8961 ( -1.0, -1.0)=   -3 ( -1.0, -1.0)=   -3 ( -1.0, -1.0)=   -3 ( -1.0, -1.0)=   -3 ( -1.0, -1.0)=   -3 ( -1.0, -1.0)=   -3 ( -1.0, -1.0)=   -3 ( -1.0, -1.0)=   -3 ( -1.0, -1.0)=   -3 ( -1.0, -1.0)=   -3 ( -1.0, -1.0)=   -3 ( -1.0, -1.0)=   -3 ( -1.0, -1.0)=   -3 ( -1.0, -1.0)=   -3 ( -1.0, -1.0)=   -3 ( -1.0, -1.0)=   -3 ( -1.0, -1.0)=   -3 ( -1.0, -1.0)=   -3 ( -1.0, -1.0)=   -3 ( -1.0, -1.0)=   -3 ( -1.0, -1.0)=   -3 ( -1.0, -1.0)=   -3 ( -1.0, -1.0)=   -3 ( -1.0, -1.0)=   -3 ( -1.0, -1.0)=   -3 ( -1.0, -1.0)=   -3 ( -1.0, -1.0)=   -3 ( -1.0, -1.0)=   -3 ( -1.0, -1.0)=   -3 ( -1.0, -1.0)=   -3 ( -1.0, -1.0)=   -3 ( -1.0, -1.0)=   -3 ( -1.0, -1.0)=   -3 ( -1.0, -1.0)=   -3 ( -1.0, -1.0)=   -3 ( -1.0, -1.0)=   -3 ( -1.0, -1.0)=   -3 ( -1.0, -1.0)=   -3 ( -1.0, -1.0)=   -3 ( -1.0, -1.0)=   -3 ( -1.0, -1.0)=   -3 ( -1.0, -1.0)=   -3 ( -1.0, -1.0)=   -3 ( -1.0, -1.0)=   -3 ( -1.0, -1.0)=   -3 ( -1.0, -1.0)=   -3 ( -1.0, -1.0)=   -3 ( -1.0, -1.0)=   -3 ( -1.0, -1.0)=   -3 ( -1.0, -1.0)=   -3 ( -1.0, -1.0)=   -3 ( -1.0, -1.0)=   -3 ( -1.0, -1.0)=   -3 ( -1.0, -1.0)=   -3 ( -1.0, -1.0)=   -3 ( -1.0, -1.0)=   -3 ( -1.0, -1.0)=   -3 ( -1.0, -1.0)=   -3 ( -1.0, -1.0)=   -3 ( -1.0, -1.0)=   -3 ( -1.0, -1.0)=   -3 ( -1.0, -1.0)=   -3 ( -1.0, -1.0)=   -3 ( -1.0, -1.0)=   -3 ( -1.0, -1.0)=   -3 ( -1.0, -1.0)=   -3 ( -1.0, -1.0)=   -3 ( -1.0, -1.0)=   -3 ( -1.0, -1.0)=   -3 ( -1.0, -1.0)=   -3 ( -1.0, -1.0)=   -3 ( -1.0, -1.0)=   -3 ( -1.0, -1.0)=   -3 ( -1.0, -1.0)=   -3 ( -1.0, -1.0)=   -3 ( -1.0, -1.0)=   -3 ( -1.0, -1.0)=   -3 ( -1.0, -1.0)=   -3 ( -1.0, -1.0)=   -3 ( -1.0, -1.0)=   -3 ( -1.0, -1.0)=   -3 ( -1.0, -1.0)=   -3 ( -1.0, -1.0)=   -3 ( -1.0, -1.0)=   -3 ( -1.0, -1.0)=   -3 ( -1.0, -1.0)=   -3 ( -1.0, -1.0)=   -3 ( -1.0, -1.0)=   -3 ( -1.0, -1.0)=   -3 ( -1.0, -1.0)=   -3 ( -1.0, -1.0)=   -3 ( -1.0, -1.0)=   -3 ( -1.0, -1.0)=   -3 ( -1.0, -1.0)=   -3 ( -1.0, -1.0)=   -3 ( -1.0, -1.0)=   -3 ( -1.0, -1.0)=   -3 ( -1.0, -1.0)=   -3 ( -1.0, -1.0)=   -3 ( -1.0, -1.0)=   -3 ( -1.0, -1.0)=   -3 ( -1.0, -1.0)=   -3 ( -1.0, -1.0)=   -3 ( -1.0, -1.0)=   -3 ( -1.0, -1.0)=   -3 ( -1.0, -1.0)=   -3 ( -1.0, -1.0)=   -3 ( -1.0, -1.0)=   -3 ( -1.0, -1.0)=   -3 ( -1.0, -1.0)=   -3 ( -1.0, -1.0)=   -3 ( -1.0, -1.0)=   -3 ( -1.0, -1.0)=   -3 ( -1.0, -1.0)=   -3 ( -1.0, -1.0)=   -3 ( -1.0, -1.0)=   -3 ( -1.0, -1.0)=   -3 ( -1.0, -1.0)=   -3 ( -1.0, -1.0)=   -3 ( -1.0, -1.0)=   -3 ( -1.0, -1.0)=   -3 ( -1.0, -1.0)=   -3 ( -1.0, -1.0)=   -3 ( -1.0, -1.0)=   -3 ( -1.0, -1.0)=   -3 ( -1.0, -1.0)=   -3 ( -1.0, -1.0)=   -3 ( -1.0, -1.0)=   -3 ( -1.0, -1.0)=   -3 ( -1.0, -1.0)=   -3 ( -1.0, -1.0)=   -3 ( -1.0, -1.0)=   -3 ( -1.0, -1.0)=   -3 ( -1.0, -1.0)=   -3 ( -1.0, -1.0)=   -3 ( -1.0, -1.0)=   -3 ( -1.0, -1.0)=   -3 ( -1.0, -1.0)=   -3 ( -1.0, -1.0)=   -3 ( -1.0, -1.0)=   -3 ( -1.0, -1.0)=   -3 ( -1.0, -1.0)=   -3 ( -1.0, -1.0)=   -3 ( -1.0, -1.0)=   -3 ( -1.0, -1.0)=   -3 ( -1.0, -1.0)=   -3 ( -1.0, -1.0)=   -3 ( -1.0, -1.0)=   -3 ( -1.0, -1.0)=   -3 ( -1.0, -1.0)=   -3 ( -1.0, -1.0)=   -3 ( -1.0, -1.0)=   -3 ( -1.0, -1.0)=   -3 ( -1.0, -1.0)=   -3 ( -1.0, -1.0)=   -3 ( -1.0, -1.0)=   -3 ( -1.0, -1.0)=   -3 ( -1.0, -1.0)=   -3 ( -1.0, -1.0)=   -3 ( -1.0, -1.0)=   -3 ( -1.0, -1.0)=   -3 ( -1.0, -1.0)=   -3 ( -1.0, -1.0)=   -3 ( -1.0, -1.0)=   -3 ( -1.0, -1.0)=   -3 ( -1.0, -1.0)=   -3 ( -1.0, -1.0)=   -3 ( -1.0, -1.0)=   -3 ( -1.0, -1.0)=   -3 ( -1.0, -1.0)=   -3 ( -1.0, -1.0)=   -3 ( -1.0, -1.0)=   -3 ( -1.0, -1.0)=   -3 ( -1.0, -1.0)=   -3 ( -1.0, -1.0)=   -3 ( -1.0, -1.0)=   -3 ( -1.0, -1.0)=   -3 ( -1.0, -1.0)=   -3 ( -1.0, -1.0)=   -3 ( -1.0, -1.0)=   -3 ( -1.0, -1.0)=   -3 ( -1.0, -1.0)=   -3 ( -1.0, -1.0)=   -3 ( -1.0, -1.0)=   -3 ( -1.0, -1.0)=   -3 ( -1.0, -1.0)=   -3 ( -1.0, -1.0)=   -3 ( -1.0, -1.0)=   -3 ( -1.0, -1.0)=   -3 ( -1.0, -1.0)=   -3 ( -1.0, -1.0)=   -3 ( -1.0, -1.0)=   -3 ( -1.0, -1.0)=   -3 ( -1.0, -1.0)=   -3 ( -1.0, -1.0)=   -3 ( -1.0, -1.0)=   -3 ( -1.0, -1.0)=   -3 ( -1.0, -1.0)=   -3 ( -1.0, -1.0)=   -3 ( -1.0, -1.0)=   -3 ( -1.0, -1.0)=   -3 ( -1.0, -1.0)=   -3 ( -1.0, -1.0)=   -3 ( -1.0, -1.0)=   -3 ( -1.0, -1.0)=   -3 ( -1.0, -1.0)=   -3 ( -1.0, -1.0)=   -3 ( -1.0, -1.0)=   -3 ( -1.0, -1.0)=   -3 ( -1.0, -1.0)=   -3 ( -1.0, -1.0)=   -3 ( -1.0, -1.0)=   -3 ( -1.0, -1.0)=   -3 ( -1.0, -1.0)=   -3 ( -1.0, -1.0)=   -3 ( -1.0, -1.0)=   -3 ( -1.0, -1.0)=   -3 ( -1.0, -1.0)=   -3 ( -1.0, -1.0)=   -3 ( -1.0, -1.0)=   -3 ( -1.0, -1.0)=   -3 ( -1.0, -1.0)=   -3 ( -1.0, -1.0)=   -3 ( -1.0, -1.0)=   -3 ( -1.0, -1.0)=   -3 ( -1.0, -1.0)=   -3 ( -1.0, -1.0)=   -3 ( -1.0, -1.0)=   -3 ( -1.0, -1.0)=   -3 ( -1.0, -1.0)=   -3 ( -1.0, -1.0)=   -3 ( -1.0, -1.0)=   -3 ( -1.0, -1.0)=   -3 ( -1.0, -1.0)=   -3 ( -1.0, -1.0)=   -3 ( -1.0, -1.0)=   -3 ( -1.0, -1.0)=   -3 ( -1.0, -1.0)=   -3 ( -1.0, -1.0)=   -3 ( -1.0, -1.0)=   -3 ( -1.0, -1.0)=   -3 ( -1.0, -1.0)=   -3 ( -1.0, -1.0)=   -3 ( -1.0, -1.0)=   -3 ( -1.0, -1.0)=   -3 ( -1.0, -1.0)=   -3 ( -1.0, -1.0)=   -3 ( -1.0, -1.0)=   -3 ( -1.0, -1.0)=   -3 ( -1.0, -1.0)=   -3 ( -1.0, -1.0)=   -3 ( -1.0, -1.0)=   -3 ( -1.0, -1.0)=   -3 ( -1.0, -1.0)=   -3 ( -1.0, -1.0)=   -3 ( -1.0, -1.0)=   -3 ( -1.0, -1.0)=   -3 ( -1.0, -1.0)=   -3 ( -1.0, -1.0)=   -3 ( -1.0, -1.0)=   -3 ( -1.0, -1.0)=   -3 ( -1.0, -1.0)=   -3 ( -1.0, -1.0)=   -3 ( -1.0, -1.0)=   -3 ( -1.0, -1.0)=   -3 ( -1.0, -1.0)=   -3 ( -1.0, -1.0)=   -3 ( -1.0, -1.0)=   -3 ( -1.0, -1.0)=   -3 ( -1.0, -1.0)=   -3 ( -1.0, -1.0)=   -3 ( -1.0, -1.0)=   -3 ( -1.0, -1.0)=   -3 ( -1.0, -1.0)=   -3 ( -1.0, -1.0)=   -3 ( -1.0, -1.0)=   -3 ( -1.0, -1.0)=   -3 ( -1.0, -1.0)=   -3 ( -1.0, -1.0)=   -3 ( -1.0, -1.0)=   -3 
    139 | (242.0,564.0)= 8906 (242.4,564.3)=    0 (242.9,564.5)=    0 (243.4,564.5)=    0 (243.9,564.5)=    0 (244.2,564.5)=    0 (244.9,564.4)=    0 (244.9,564.4)=    0 (245.4,564.7)=    0 (245.7,564.7)=    0 (246.3,564.7)=    0 (246.7,564.8)=    0 (247.2,564.6)=    0 (247.6,564.4)=    0 (248.0,564.1)=    0 (248.4,563.9)=    0 (248.7,563.3)=    0 (249.2,563.0)=    0 (249.2,562.7)=    0 (249.3,562.2)=    0 (249.3,561.9)=    0 (249.3,561.8)=    0 (249.3,561.5)=    0 (249.6,561.3)=    0 (249.8,561.4)=    0 (250.1,561.4)=    0 (250.2,561.1)=    0 (250.7,561.1)=    0 (251.1,561.2)=    0 (251.6,561.2)=    0 (252.3,561.1)=    0 (253.0,560.8)=    0 (253.9,560.6)=    0 (254.8,560.6)=    0 (255.5,560.8)=    0 (256.1,560.9)=    0 (256.6,561.1)=    0 (257.1,561.0)=    0 (257.6,561.4)=    0 (258.2,561.5)=    0 (258.7,561.5)=    0 (259.2,561.7)=    0 (259.5,561.7)=    0 (260.0,562.0)=    0 (260.3,562.2)=    0 (260.7,562.2)=    0 (261.3,562.2)=    0 (261.7,562.2)=    0 (262.0,562.4)=    0 (262.7,562.6)=    0 (262.7,562.9)=    0 (263.0,563.4)=    0 (263.3,563.6)=    0 (263.7,563.8)=    0 (264.2,563.9)=    0 (264.5,563.9)=    0 (264.9,563.7)=    0 (265.2,563.7)=    0 (265.5,563.6)=    0 (265.5,563.1)=    0 (265.7,563.4)=    0 (265.8,563.6)=    0 (266.1,563.2)=    0 (266.3,563.2)=    0 (266.6,563.2)=    0 (266.7,563.0)=    0 (267.0,563.0)=    0 (267.2,563.2)=    0 (267.6,563.3)=    0 (267.8,563.8)=    0 (268.1,563.8)=    0 (268.5,564.1)=    0 (269.0,564.3)=    0 (269.4,564.6)=    0 (269.9,564.3)=    0 (270.5,564.1)=    0 (270.9,564.0)=    0 (271.4,564.0)=    0 (271.9,564.2)=    0 (272.4,564.2)=    0 (272.6,564.5)=    0 (273.1,564.7)=    0 (273.6,564.7)=    0 (273.8,564.7)=    0 (274.0,564.8)=    0 (274.4,564.9)=    0 (274.7,564.8)=    0 (275.0,564.8)=    0 (275.3,564.9)=    0 (275.5,564.9)=    0 (275.9,564.9)=    0 (276.5,564.8)=    0 (276.8,564.8)=    0 (277.3,564.5)=    0 (277.7,564.5)=    0 (277.8,564.6)=    0 (278.3,564.8)=    0 (278.5,564.8)=    0 (278.8,565.4)=    0 (279.1,565.7)=    0 (279.6,565.9)=    0 (280.1,566.0)=    0 (280.6,566.2)=    0 (280.8,566.4)=    0 (281.4,566.6)=    0 (281.7,566.8)=    0 (282.2,567.1)=    0 (282.7,567.4)=    0 (283.3,567.6)=    0 (284.0,568.0)=    0 (284.4,568.3)=    0 (284.6,568.5)=    0 (285.3,568.8)=    0 (285.9,569.2)=    0 (286.6,569.7)=    0 (287.4,570.0)=    0 (288.1,570.3)=    0 (288.6,570.3)=    0 (289.1,570.1)=    0 (289.6,570.1)=    0 (290.4,570.1)=    0 (291.0,570.2)=    0 (291.7,570.4)=    0 (292.5,570.4)=    0 (293.4,570.6)=    0 (294.2,570.6)=    0 (294.8,570.5)=    0 (295.6,570.4)=    0 (296.3,570.1)=    0 (296.8,570.1)=    0 (297.3,570.1)=    0 (297.8,570.0)=    0 (298.3,570.1)=    0 (298.8,570.0)=    0 (299.1,569.8)=    0 (299.5,569.5)=    0 (299.6,569.0)=    0 (300.2,569.0)=    0 (300.7,568.7)=    0 (301.4,568.4)=    0 (302.1,568.4)=    0 (302.5,568.5)=    0 (303.3,568.5)=    0 (303.8,568.5)=    0 (304.5,568.6)=    0 (305.4,568.6)=    0 (306.2,568.5)=    0 (307.1,568.7)=    0 (307.8,569.1)=    0 (308.6,569.6)=    0 (309.6,570.3)=    0 (310.4,570.6)=    0 (311.1,570.9)=    0 (311.8,571.6)=    0 (312.6,572.1)=    0 (313.4,572.8)=    0 (314.2,573.6)=    0 (315.2,574.1)=    0 (316.0,574.9)=    0 (316.6,575.4)=    0 (317.1,575.8)=    0 (317.4,575.9)=    0 (317.6,575.7)=    0 (317.6,575.6)=    0 (317.8,575.6)=    0 (318.1,575.6)=    0 (318.4,576.0)=    0 (319.0,576.3)=    0 (319.2,576.5)=    0 (319.7,576.7)=    0 (320.0,576.8)=    0 (320.5,577.0)=    0 (320.9,577.3)=    0 (321.4,577.6)=    0 (321.9,578.1)=    0 (322.4,578.5)=    0 (323.1,579.1)=    0 (323.6,579.5)=    0 (324.1,579.8)=    0 (324.5,579.9)=    0 (324.7,580.0)=    0 (324.9,580.2)=    0 (325.4,580.2)=    0 (325.6,580.2)=    0 (325.8,580.6)=    0 (326.1,581.0)=    0 (326.3,581.0)=    0 (326.5,581.0)=    0 (326.6,581.3)=    0 (326.9,581.3)=    0 (327.1,581.4)=    0 (327.4,581.5)=    0 (327.5,581.6)=    0 (328.1,581.6)=    0 (328.5,581.6)=    0 (328.7,581.6)=    0 (329.1,581.5)=    0 (329.4,581.6)=    0 (329.7,581.6)=    0 (330.0,581.7)=    0 (329.9,582.0)=    0 (330.1,582.0)=    0 (330.2,582.2)=    0 (330.4,582.3)=    0 (330.6,582.2)=    0 (330.7,582.3)=    0 (330.7,582.6)=    0 (330.9,582.6)=    0 (331.2,582.7)=    0 (331.5,583.0)=    0 (331.7,583.0)=    0 (332.2,583.1)=    0 (332.4,583.4)=    0 (332.9,583.2)=    0 (333.3,583.2)=    0 (333.6,583.3)=    0 (334.2,583.3)=    0 (334.5,583.4)=    0 (334.9,583.5)=    0 (335.2,583.5)=    0 (335.7,583.6)=    0 (336.1,583.5)=    0 (336.6,583.5)=    0 (337.0,583.3)=    0 (337.2,583.2)=    0 (337.4,583.4)=    0 (337.5,583.5)=    0 (337.7,583.7)=    0 (338.0,583.8)=    0 (338.4,583.7)=    0 (338.7,583.7)=    0 (338.8,583.7)=    0 (339.3,583.5)=    0 (339.7,583.7)=    0 (340.2,583.9)=    0 (340.7,583.9)=    0 (341.3,584.0)=    0 (341.7,584.0)=    0 (342.3,584.1)=    0 (342.8,584.1)=    0 (343.6,584.1)=    0 (344.2,584.1)=    0 (344.6,584.2)=    0 (345.0,584.4)=    0 (345.5,584.4)=    0 (345.8,584.5)=    0 (346.5,584.6)=    0 (347.2,584.7)=    0 (347.6,584.7)=    0 (348.0,584.9)=    0 (348.6,585.0)=    0 (349.3,585.3)=    0 (349.9,585.3)=    0 (350.5,585.3)=    0 (351.0,585.4)=    0 (351.8,585.5)=    0 (352.5,585.5)=    0 (353.2,585.5)=    0 (353.6,585.5)=    0 (354.1,585.5)=    0 (354.8,585.4)=    0 (355.6,585.4)=    0 (356.2,585.4)=    0 (356.7,585.4)=    0 (357.5,585.2)=    0 (358.0,584.9)=    0 (358.7,584.8)=    0 (359.2,584.3)=    0 (360.0,584.3)=    0 (360.6,584.0)=    0 (361.1,584.0)=    0 (361.6,584.0)=    0 (362.1,584.1)=    0 (362.6,584.1)=    0 (363.0,584.1)=    0 (363.5,584.0)=    0 (364.3,583.8)=    0 (365.1,583.8)=    0 (365.8,583.8)=    0 (366.8,583.9)=    0 (367.6,583.8)=    0 
    140 | (378.0,562.0)= 8838 (378.5,562.3)=    0 (379.0,562.5)=    0 (379.3,562.6)=    0 (380.0,562.6)=    0 (380.4,562.6)=    0 (380.9,562.6)=    0 (381.1,562.6)=    0 (381.5,562.9)=    0 (382.0,563.0)=    0 (382.6,563.2)=    0 (382.9,563.2)=    0 (383.4,563.2)=    0 (384.0,562.9)=    0 (384.2,562.7)=    0 (384.7,562.5)=    0 (385.2,562.1)=    0 (385.4,561.8)=    0 (385.7,561.4)=    0 (385.7,560.9)=    0 (385.7,560.7)=    0 (385.6,560.6)=    0 (385.8,560.4)=    0 (386.1,560.3)=    0 (386.3,560.3)=    0 (386.6,560.3)=    0 (386.8,560.2)=    0 (387.3,560.2)=    0 (387.7,560.1)=    0 (388.3,560.2)=    0 (388.8,560.2)=    0 (389.7,560.2)=    0 (390.7,560.0)=    0 (391.5,560.1)=    0 (392.2,560.3)=    0 (392.7,560.3)=    0 (393.2,560.6)=    0 (393.8,560.7)=    0 (394.4,561.0)=    0 (394.8,561.2)=    0 (395.2,561.2)=    0 (395.8,561.3)=    0 (396.2,561.4)=    0 (396.7,561.7)=    0 (397.1,562.1)=    0 (397.4,562.0)=    0 (398.1,562.1)=    0 (398.3,562.0)=    0 (398.7,562.2)=    0 (399.2,562.4)=    0 (399.5,562.7)=    0 (399.7,563.2)=    0 (399.9,563.5)=    0 (400.4,563.8)=    0 (400.9,564.0)=    0 (401.2,564.0)=    0 (401.9,564.0)=    0 (402.2,564.0)=    0 (402.4,563.8)=    0 (402.2,563.2)=    0 (402.4,563.4)=    0 (402.4,563.6)=    0 (402.7,563.6)=    0 (403.0,563.5)=    0 (403.5,563.5)=    0 (403.7,563.3)=    0 (404.0,563.3)=    0 (404.2,563.5)=    0 (404.3,563.6)=    0 (404.7,564.0)=    0 (405.0,564.2)=    0 (405.2,564.4)=    0 (405.8,564.7)=    0 (406.3,564.7)=    0 (406.7,564.7)=    0 (407.3,564.5)=    0 (407.8,564.5)=    0 (408.3,564.4)=    0 (408.8,564.5)=    0 (409.3,564.6)=    0 (409.7,565.0)=    0 (410.1,565.3)=    0 (410.5,565.3)=    0 (410.7,565.4)=    0 (411.0,565.4)=    0 (411.4,565.5)=    0 (411.7,565.4)=    0 (412.1,565.4)=    0 (412.3,565.5)=    0 (412.7,565.5)=    0 (413.1,565.5)=    0 (413.6,565.5)=    0 (414.1,565.4)=    0 (414.5,565.4)=    0 (415.0,565.2)=    0 (415.3,565.2)=    0 (415.7,565.4)=    0 (415.9,565.5)=    0 (416.2,566.0)=    0 (416.4,566.3)=    0 (417.0,566.6)=    0 (417.5,566.9)=    0 (418.0,567.2)=    0 (418.3,567.4)=    0 (418.8,567.7)=    0 (419.3,567.9)=    0 (419.8,568.2)=    0 (420.3,568.5)=    0 (420.8,568.8)=    0 (421.6,569.4)=    0 (422.3,569.6)=    0 (422.6,569.7)=    0 (423.1,569.9)=    0 (423.9,570.5)=    0 (424.7,571.0)=    0 (425.2,571.3)=    0 (425.9,571.6)=    0 (426.7,571.8)=    0 (427.2,571.8)=    0 (427.9,571.8)=    0 (428.5,571.9)=    0 (429.2,571.8)=    0 (430.0,572.1)=    0 (430.7,572.1)=    0 (431.7,572.3)=    0 (432.5,572.4)=    0 (433.3,572.5)=    0 (434.2,572.5)=    0 (435.0,572.2)=    0 (435.5,572.3)=    0 (435.9,572.2)=    0 (436.2,572.3)=    0 (436.9,572.3)=    0 (437.4,572.3)=    0 (437.9,572.2)=    0 (438.2,571.9)=    0 (438.7,571.6)=    0 (439.2,571.5)=    0 (439.7,571.3)=    0 (440.4,571.0)=    0 (441.4,571.0)=    0 (442.0,571.1)=    0 (442.5,571.1)=    0 (443.0,571.1)=    0 (443.7,571.3)=    0 (444.8,571.4)=    0 (445.5,571.3)=    0 (446.5,571.5)=    0 (447.3,572.1)=    0 (448.1,572.6)=    0 (449.1,573.4)=    0 (449.8,573.8)=    0 (450.6,574.3)=    0 (451.3,574.9)=    0 (451.8,575.4)=    0 (452.8,576.3)=    0 ( -1.0, -1.0)=   -4 ( -1.0, -1.0)=   -4 ( -1.0, -1.0)=   -4 ( -1.0, -1.0)=   -4 ( -1.0, -1.0)=   -4 ( -1.0, -1.0)=   -4 ( -1.0, -1.0)=   -4 ( -1.0, -1.0)=   -4 ( -1.0, -1.0)=   -4 ( -1.0, -1.0)=   -4 ( -1.0, -1.0)=   -4 ( -1.0, -1.0)=   -4 ( -1.0, -1.0)=   -4 ( -1.0, -1.0)=   -4 ( -1.0, -1.0)=   -4 ( -1.0, -1.0)=   -4 ( -1.0, -1.0)=   -4 ( -1.0, -1.0)=   -4 ( -1.0, -1.0)=   -4 ( -1.0, -1.0)=   -4 ( -1.0, -1.0)=   -4 ( -1.0, -1.0)=   -4 ( -1.0, -1.0)=   -4 ( -1.0, -1.0)=   -4 ( -1.0, -1.0)=   -4 ( -1.0, -1.0)=   -4 ( -1.0, -1.0)=   -4 ( -1.0, -1.0)=   -4 ( -1.0, -1.0)=   -4 ( -1.0, -1.0)=   -4 ( -1.0, -1.0)=   -4 ( -1.0, -1.0)=   -4 ( -1.0, -1.0)=   -4 ( -1.0, -1.0)=   -4 ( -1.0, -1.0)=   -4 ( -1.0, -1.0)=   -4 ( -1.0, -1.0)=   -4 ( -1.0, -1.0)=   -4 ( -1.0, -1.0)=   -4 ( -1.0, -1.0)=   -4 ( -1.0, -1.0)=   -4 ( -1.0, -1.0)=   -4 ( -1.0, -1.0)=   -4 ( -1.0, -1.0)=   -4 ( -1.0, -1.0)=   -4 ( -1.0, -1.0)=   -4 ( -1.0, -1.0)=   -4 ( -1.0, -1.0)=   -4 ( -1.0, -1.0)=   -4 ( -1.0, -1.0)=   -4 ( -1.0, -1.0)=   -4 ( -1.0, -1.0)=   -4 ( -1.0, -1.0)=   -4 ( -1.0, -1.0)=   -4 ( -1.0, -1.0)=   -4 ( -1.0, -1.0)=   -4 ( -1.0, -1.0)=   -4 ( -1.0, -1.0)=   -4 ( -1.0, -1.0)=   -4 ( -1.0, -1.0)=   -4 ( -1.0, -1.0)=   -4 ( -1.0, -1.0)=   -4 ( -1.0, -1.0)=   -4 ( -1.0, -1.0)=   -4 ( -1.0, -1.0)=   -4 ( -1.0, -1.0)=   -4 ( -1.0, -1.0)=   -4 ( -1.0, -1.0)=   -4 ( -1.0, -1.0)=   -4 ( -1.0, -1.0)=   -4 ( -1.0, -1.0)=   -4 ( -1.0, -1.0)=   -4 ( -1.0, -1.0)=   -4 ( -1.0, -1.0)=   -4 ( -1.0, -1.0)=   -4 ( -1.0, -1.0)=   -4 ( -1.0, -1.0)=   -4 ( -1.0, -1.0)=   -4 ( -1.0, -1.0)=   -4 ( -1.0, -1.0)=   -4 ( -1.0, -1.0)=   -4 ( -1.0, -1.0)=   -4 ( -1.0, -1.0)=   -4 ( -1.0, -1.0)=   -4 ( -1.0, -1.0)=   -4 ( -1.0, -1.0)=   -4 ( -1.0, -1.0)=   -4 ( -1.0, -1.0)=   -4 ( -1.0, -1.0)=   -4 ( -1.0, -1.0)=   -4 ( -1.0, -1.0)=   -4 ( -1.0, -1.0)=   -4 ( -1.0, -1.0)=   -4 ( -1.0, -1.0)=   -4 ( -1.0, -1.0)=   -4 ( -1.0, -1.0)=   -4 ( -1.0, -1.0)=   -4 ( -1.0, -1.0)=   -4 ( -1.0, -1.0)=   -4 ( -1.0, -1.0)=   -4 ( -1.0, -1.0)=   -4 ( -1.0, -1.0)=   -4 ( -1.0, -1.0)=   -4 ( -1.0, -1.0)=   -4 ( -1.0, -1.0)=   -4 ( -1.0, -1.0)=   -4 ( -1.0, -1.0)=   -4 ( -1.0, -1.0)=   -4 ( -1.0, -1.0)=   -4 ( -1.0, -1.0)=   -4 ( -1.0, -1.0)=   -4 ( -1.0, -1.0)=   -4 ( -1.0, -1.0)=   -4 ( -1.0, -1.0)=   -4 ( -1.0, -1.0)=   -4 ( -1.0, -1.0)=   -4 ( -1.0, -1.0)=   -4 ( -1.0, -1.0)=   -4 ( -1.0, -1.0)=   -4 ( -1.0, -1.0)=   -4 ( -1.0, -1.0)=   -4 ( -1.0, -1.0)=   -4 ( -1.0, -1.0)=   -4 ( -1.0, -1.0)=   -4 ( -1.0, -1.0)=   -4 
    141 | (176.0,278.0)= 8817 ( -1.0, -1.0)=   -3 ( -1.0, -1.0)=   -3 ( -1.0, -1.0)=   -3 ( -1.0, -1.0)=   -3 ( -1.0, -1.0)=   -3 ( -1.0, -1.0)=   -3 ( -1.0, -1.0)=   -3 ( -1.0, -1.0)=   -3 ( -1.0, -1.0)=   -3 ( -1.0, -1.0)=   -3 ( -1.0, -1.0)=   -3 ( -1.0, -1.0)=   -3 ( -1.0, -1.0)=   -3 ( -1.0, -1.0)=   -3 ( -1.0, -1.0)=   -3 ( -1.0, -1.0)=   -3 ( -1.0, -1.0)=   -3 ( -1.0, -1.0)=   -3 ( -1.0, -1.0)=   -3 ( -1.0, -1.0)=   -3 ( -1.0, -1.0)=   -3 ( -1.0, -1.0)=   -3 ( -1.0, -1.0)=   -3 ( -1.0, -1.0)=   -3 ( -1.0, -1.0)=   -3 ( -1.0, -1.0)=   -3 ( -1.0, -1.0)=   -3 ( -1.0, -1.0)=   -3 ( -1.0, -1.0)=   -3 ( -1.0, -1.0)=   -3 ( -1.0, -1.0)=   -3 ( -1.0, -1.0)=   -3 ( -1.0, -1.0)=   -3 ( -1.0, -1.0)=   -3 ( -1.0, -1.0)=   -3 ( -1.0, -1.0)=   -3 ( -1.0, -1.0)=   -3 ( -1.0, -1.0)=   -3 ( -1.0, -1.0)=   -3 ( -1.0, -1.0)=   -3 ( -1.0, -1.0)=   -3 ( -1.0, -1.0)=   -3 ( -1.0, -1.0)=   -3 ( -1.0, -1.0)=   -3 ( -1.0, -1.0)=   -3 ( -1.0, -1.0)=   -3 ( -1.0, -1.0)=   -3 ( -1.0, -1.0)=   -3 ( -1.0, -1.0)=   -3 ( -1.0, -1.0)=   -3 ( -1.0, -1.0)=   -3 ( -1.0, -1.0)=   -3 ( -1.0, -1.0)=   -3 ( -1.0, -1.0)=   -3 ( -1.0, -1.0)=   -3 ( -1.0, -1.0)=   -3 ( -1.0, -1.0)=   -3 ( -1.0, -1.0)=   -3 ( -1.0, -1.0)=   -3 ( -1.0, -1.0)=   -3 ( -1.0, -1.0)=   -3 ( -1.0, -1.0)=   -3 ( -1.0, -1.0)=   -3 ( -1.0, -1.0)=   -3 ( -1.0, -1.0)=   -3 ( -1.0, -1.0)=   -3 ( -1.0, -1.0)=   -3 ( -1.0, -1.0)=   -3 ( -1.0, -1.0)=   -3 ( -1.0, -1.0)=   -3 ( -1.0, -1.0)=   -3 ( -1.0, -1.0)=   -3 ( -1.0, -1.0)=   -3 ( -1.0, -1.0)=   -3 ( -1.0, -1.0)=   -3 ( -1.0, -1.0)=   -3 ( -1.0, -1.0)=   -3 ( -1.0, -1.0)=   -3 ( -1.0, -1.0)=   -3 ( -1.0, -1.0)=   -3 ( -1.0, -1.0)=   -3 ( -1.0, -1.0)=   -3 ( -1.0, -1.0)=   -3 ( -1.0, -1.0)=   -3 ( -1.0, -1.0)=   -3 ( -1.0, -1.0)=   -3 ( -1.0, -1.0)=   -3 ( -1.0, -1.0)=   -3 ( -1.0, -1.0)=   -3 ( -1.0, -1.0)=   -3 ( -1.0, -1.0)=   -3 ( -1.0, -1.0)=   -3 ( -1.0, -1.0)=   -3 ( -1.0, -1.0)=   -3 ( -1.0, -1.0)=   -3 ( -1.0, -1.0)=   -3 ( -1.0, -1.0)=   -3 ( -1.0, -1.0)=   -3 ( -1.0, -1.0)=   -3 ( -1.0, -1.0)=   -3 ( -1.0, -1.0)=   -3 ( -1.0, -1.0)=   -3 ( -1.0, -1.0)=   -3 ( -1.0, -1.0)=   -3 ( -1.0, -1.0)=   -3 ( -1.0, -1.0)=   -3 ( -1.0, -1.0)=   -3 ( -1.0, -1.0)=   -3 ( -1.0, -1.0)=   -3 ( -1.0, -1.0)=   -3 ( -1.0, -1.0)=   -3 ( -1.0, -1.0)=   -3 ( -1.0, -1.0)=   -3 ( -1.0, -1.0)=   -3 ( -1.0, -1.0)=   -3 ( -1.0, -1.0)=   -3 ( -1.0, -1.0)=   -3 ( -1.0, -1.0)=   -3 ( -1.0, -1.0)=   -3 ( -1.0, -1.0)=   -3 ( -1.0, -1.0)=   -3 ( -1.0, -1.0)=   -3 ( -1.0, -1.0)=   -3 ( -1.0, -1.0)=   -3 ( -1.0, -1.0)=   -3 ( -1.0, -1.0)=   -3 ( -1.0, -1.0)=   -3 ( -1.0, -1.0)=   -3 ( -1.0, -1.0)=   -3 ( -1.0, -1.0)=   -3 ( -1.0, -1.0)=   -3 ( -1.0, -1.0)=   -3 ( -1.0, -1.0)=   -3 ( -1.0, -1.0)=   -3 ( -1.0, -1.0)=   -3 ( -1.0, -1.0)=   -3 ( -1.0, -1.0)=   -3 ( -1.0, -1.0)=   -3 ( -1.0, -1.0)=   -3 ( -1.0, -1.0)=   -3 ( -1.0, -1.0)=   -3 ( -1.0, -1.0)=   -3 ( -1.0, -1.0)=   -3 ( -1.0, -1.0)=   -3 ( -1.0, -1.0)=   -3 ( -1.0, -1.0)=   -3 ( -1.0, -1.0)=   -3 ( -1.0, -1.0)=   -3 ( -1.0, -1.0)=   -3 ( -1.0, -1.0)=   -3 ( -1.0, -1.0)=   -3 ( -1.0, -1.0)=   -3 ( -1.0, -1.0)=   -3 ( -1.0, -1.0)=   -3 ( -1.0, -1.0)=   -3 ( -1.0, -1.0)=   -3 ( -1.0, -1.0)=   -3 ( -1.0, -1.0)=   -3 ( -1.0, -1.0)=   -3 ( -1.0, -1.0)=   -3 ( -1.0, -1.0)=   -3 ( -1.0, -1.0)=   -3 ( -1.0, -1.0)=   -3 ( -1.0, -1.0)=   -3 ( -1.0, -1.0)=   -3 ( -1.0, -1.0)=   -3 ( -1.0, -1.0)=   -3 ( -1.0, -1.0)=   -3 ( -1.0, -1.0)=   -3 ( -1.0, -1.0)=   -3 ( -1.0, -1.0)=   -3 ( -1.0, -1.0)=   -3 ( -1.0, -1.0)=   -3 ( -1.0, -1.0)=   -3 ( -1.0, -1.0)=   -3 ( -1.0, -1.0)=   -3 ( -1.0, -1.0)=   -3 ( -1.0, -1.0)=   -3 ( -1.0, -1.0)=   -3 ( -1.0, -1.0)=   -3 ( -1.0, -1.0)=   -3 ( -1.0, -1.0)=   -3 ( -1.0, -1.0)=   -3 ( -1.0, -1.0)=   -3 ( -1.0, -1.0)=   -3 ( -1.0, -1.0)=   -3 ( -1.0, -1.0)=   -3 ( -1.0, -1.0)=   -3 ( -1.0, -1.0)=   -3 ( -1.0, -1.0)=   -3 ( -1.0, -1.0)=   -3 ( -1.0, -1.0)=   -3 ( -1.0, -1.0)=   -3 ( -1.0, -1.0)=   -3 ( -1.0, -1.0)=   -3 ( -1.0, -1.0)=   -3 ( -1.0, -1.0)=   -3 ( -1.0, -1.0)=   -3 ( -1.0, -1.0)=   -3 ( -1.0, -1.0)=   -3 ( -1.0, -1.0)=   -3 ( -1.0, -1.0)=   -3 ( -1.0, -1.0)=   -3 ( -1.0, -1.0)=   -3 ( -1.0, -1.0)=   -3 ( -1.0, -1.0)=   -3 ( -1.0, -1.0)=   -3 ( -1.0, -1.0)=   -3 ( -1.0, -1.0)=   -3 ( -1.0, -1.0)=   -3 ( -1.0, -1.0)=   -3 ( -1.0, -1.0)=   -3 ( -1.0, -1.0)=   -3 ( -1.0, -1.0)=   -3 ( -1.0, -1.0)=   -3 ( -1.0, -1.0)=   -3 ( -1.0, -1.0)=   -3 ( -1.0, -1.0)=   -3 ( -1.0, -1.0)=   -3 ( -1.0, -1.0)=   -3 ( -1.0, -1.0)=   -3 ( -1.0, -1.0)=   -3 ( -1.0, -1.0)=   -3 ( -1.0, -1.0)=   -3 ( -1.0, -1.0)=   -3 ( -1.0, -1.0)=   -3 ( -1.0, -1.0)=   -3 ( -1.0, -1.0)=   -3 ( -1.0, -1.0)=   -3 ( -1.0, -1.0)=   -3 ( -1.0, -1.0)=   -3 ( -1.0, -1.0)=   -3 ( -1.0, -1.0)=   -3 ( -1.0, -1.0)=   -3 ( -1.0, -1.0)=   -3 ( -1.0, -1.0)=   -3 ( -1.0, -1.0)=   -3 ( -1.0, -1.0)=   -3 ( -1.0, -1.0)=   -3 ( -1.0, -1.0)=   -3 ( -1.0, -1.0)=   -3 ( -1.0, -1.0)=   -3 ( -1.0, -1.0)=   -3 ( -1.0, -1.0)=   -3 ( -1.0, -1.0)=   -3 ( -1.0, -1.0)=   -3 ( -1.0, -1.0)=   -3 ( -1.0, -1.0)=   -3 ( -1.0, -1.0)=   -3 ( -1.0, -1.0)=   -3 ( -1.0, -1.0)=   -3 ( -1.0, -1.0)=   -3 ( -1.0, -1.0)=   -3 ( -1.0, -1.0)=   -3 ( -1.0, -1.0)=   -3 ( -1.0, -1.0)=   -3 ( -1.0, -1.0)=   -3 ( -1.0, -1.0)=   -3 ( -1.0, -1.0)=   -3 ( -1.0, -1.0)=   -3 ( -1.0, -1.0)=   -3 ( -1.0, -1.0)=   -3 ( -1.0, -1.0)=   -3 ( -1.0, -1.0)=   -3 ( -1.0, -1.0)=   -3 ( -1.0, -1.0)=   -3 ( -1.0, -1.0)=   -3 ( -1.0, -1.0)=   -3 ( -1.0, -1.0)=   -3 ( -1.0, -1.0)=   -3 ( -1.0, -1.0)=   -3 ( -1.0, -1.0)=   -3 ( -1.0, -1.0)=   -3 ( -1.0, -1.0)=   -3 ( -1.0, -1.0)=   -3 ( -1.0, -1.0)=   -3 ( -1.0, -1.0)=   -3 ( -1.0, -1.0)=   -3 ( -1.0, -1.0)=   -3 ( -1.0, -1.0)=   -3 
    142 | (273.0,543.0)= 8788 (273.4,543.2)=    0 (273.9,543.5)=    0 (274.4,543.5)=    0 (274.8,543.5)=    0 (275.3,543.5)=    0 (275.8,543.3)=    0 (276.1,543.4)=    0 (276.4,543.6)=    0 (276.8,543.7)=    0 (277.3,543.9)=    0 (277.6,543.9)=    0 (278.1,543.7)=    0 (278.6,543.4)=    0 (279.1,543.2)=    0 (279.4,542.9)=    0 (279.8,542.4)=    0 (280.2,542.1)=    0 (280.4,541.6)=    0 (280.6,541.3)=    0 (280.5,541.2)=    0 (280.5,541.0)=    0 (280.6,540.7)=    0 (280.9,540.7)=    0 (281.1,540.7)=    0 (281.2,540.6)=    0 (281.5,540.3)=    0 (281.9,540.3)=    0 (282.5,540.4)=    0 (283.0,540.4)=    0 (283.7,540.4)=    0 (284.5,540.3)=    0 (285.3,540.2)=    0 (286.2,540.1)=    0 (286.9,540.4)=    0 (287.4,540.3)=    0 (287.9,540.5)=    0 (288.5,540.6)=    0 (289.0,540.8)=    0 (289.5,540.8)=    0 (289.9,540.9)=    0 (290.4,541.1)=    0 (290.8,541.2)=    0 (291.3,541.5)=    0 (291.6,541.7)=    0 (292.2,541.6)=    0 (292.7,541.6)=    0 (293.0,541.6)=    0 (293.4,541.8)=    0 (293.9,542.1)=    0 (294.0,542.4)=    0 (294.4,542.7)=    0 (294.6,543.0)=    0 (295.1,543.2)=    0 (295.6,543.4)=    0 (295.9,543.4)=    0 (296.4,543.3)=    0 (296.7,543.2)=    0 (296.8,543.1)=    0 (296.8,542.6)=    0 (297.1,542.9)=    0 (297.2,542.9)=    0 (297.5,542.8)=    0 (297.8,542.8)=    0 (298.1,542.8)=    0 (298.1,542.5)=    0 (298.4,542.6)=    0 (298.6,543.0)=    0 (298.8,543.0)=    0 (299.1,543.3)=    0 (299.4,543.6)=    0 (299.7,543.7)=    0 (300.3,544.0)=    0 (300.8,544.0)=    0 (301.3,543.9)=    0 (301.7,543.7)=    0 (302.2,543.6)=    0 (302.7,543.5)=    0 (303.3,543.7)=    0 (303.8,543.9)=    0 (304.0,544.2)=    0 (304.5,544.4)=    0 (304.9,544.4)=    0 (305.1,544.4)=    0 (305.4,544.4)=    0 (305.7,544.6)=    0 (306.1,544.4)=    0 (306.3,544.4)=    0 (306.6,544.5)=    0 (306.8,544.5)=    0 (307.3,544.5)=    0 (307.8,544.4)=    0 (308.3,544.2)=    0 (308.7,544.2)=    0 (309.2,544.1)=    0 (309.4,544.1)=    0 (309.7,544.3)=    0 (310.0,544.4)=    0 (310.4,544.9)=    0 (310.8,545.2)=    0 (311.1,545.4)=    0 (311.6,545.5)=    0 (312.1,545.8)=    0 (312.4,546.1)=    0 (312.8,546.4)=    0 (313.2,546.6)=    0 (313.7,547.1)=    0 (314.3,547.4)=    0 (314.7,547.5)=    0 (315.5,547.8)=    0 (316.0,548.1)=    0 (316.5,548.2)=    0 (316.9,548.5)=    0 (317.6,548.9)=    0 (318.3,549.4)=    0 (318.9,549.6)=    0 (319.6,549.9)=    0 (320.2,550.0)=    0 (320.7,549.8)=    0 (321.4,549.9)=    0 (321.9,549.9)=    0 (322.7,549.8)=    0 (323.3,550.0)=    0 (324.0,550.0)=    0 (325.0,550.4)=    0 (325.7,550.4)=    0 (326.4,550.3)=    0 (327.3,550.1)=    0 (327.9,550.0)=    0 (328.4,550.0)=    0 (328.9,550.0)=    0 (329.3,549.9)=    0 (329.8,549.9)=    0 (330.4,549.8)=    0 (330.9,549.7)=    0 (331.1,549.4)=    0 (331.3,549.2)=    0 (331.9,548.8)=    0 (332.4,548.6)=    0 (333.1,548.3)=    0 (333.9,548.3)=    0 (334.4,548.4)=    0 (335.1,548.6)=    0 (335.5,548.5)=    0 (336.3,548.5)=    0 (337.0,548.6)=    0 (338.0,548.5)=    0 (338.9,548.7)=    0 (339.6,549.3)=    0 (340.4,549.7)=    0 (341.3,550.3)=    0 (342.1,550.8)=    0 (342.8,551.1)=    0 (343.6,551.6)=    0 (344.4,552.1)=    0 (345.3,552.9)=    0 (346.2,553.5)=    0 (346.9,554.2)=    0 (347.6,555.2)=    0 (348.5,555.8)=    0 (348.7,556.0)=    0 (349.0,556.0)=    0 (349.4,556.0)=    0 (349.4,555.8)=    0 (349.5,555.7)=    0 (349.9,555.8)=    0 (350.3,556.1)=    0 (350.7,556.5)=    0 (350.9,556.6)=    0 (351.4,556.9)=    0 (351.7,557.0)=    0 (352.2,557.2)=    0 (352.6,557.4)=    0 (353.2,557.8)=    0 (353.7,558.2)=    0 (354.2,558.6)=    0 (354.8,559.2)=    0 (355.3,559.5)=    0 (355.8,560.0)=    0 (356.3,560.0)=    0 (356.5,560.1)=    0 (357.0,560.3)=    0 (357.3,560.5)=    0 (357.6,560.7)=    0 (357.9,560.9)=    0 (358.2,561.3)=    0 (358.3,561.2)=    0 (358.6,561.4)=    0 (358.7,561.6)=    0 (358.9,561.7)=    0 (359.2,561.7)=    0 (359.5,561.8)=    0 (359.7,561.8)=    0 (360.0,562.0)=    0 (360.6,562.0)=    0 (360.8,561.9)=    0 (361.2,561.8)=    0 (361.5,561.8)=    0 (361.7,561.9)=    0 (362.0,562.0)=    0 (362.0,562.4)=    0 (362.3,562.4)=    0 (362.2,562.4)=    0 (362.4,562.5)=    0 (362.6,562.5)=    0 (362.7,562.6)=    0 (362.8,562.8)=    0 (363.1,562.8)=    0 (363.3,563.0)=    0 (363.5,563.3)=    0 (363.8,563.3)=    0 (364.1,563.4)=    0 (364.3,563.5)=    0 (364.8,563.6)=    0 (365.2,563.4)=    0 (365.5,563.4)=    0 (366.0,563.5)=    0 (366.3,563.5)=    0 (366.6,563.7)=    0 (367.0,563.7)=    0 (367.6,563.8)=    0 (368.0,563.7)=    0 (368.3,563.6)=    0 (368.3,563.4)=    0 (368.6,563.5)=    0 (369.1,563.7)=    0 (369.3,563.7)=    0 (369.4,564.1)=    0 (369.9,564.1)=    0 (370.2,564.1)=    0 (370.4,564.0)=    0 (370.6,564.0)=    0 (371.1,563.9)=    0 (371.4,564.1)=    0 (371.9,564.4)=    0 (372.4,564.4)=    0 (373.0,564.5)=    0 (373.3,564.6)=    0 (374.0,564.6)=    0 (374.5,564.5)=    0 (375.3,564.5)=    0 (375.9,564.5)=    0 (376.3,564.4)=    0 (376.6,564.6)=    0 (377.1,564.7)=    0 (377.6,564.9)=    0 (378.0,565.1)=    0 (378.7,565.0)=    0 (379.3,565.1)=    0 (379.8,565.2)=    0 (380.4,565.3)=    0 (381.2,565.5)=    0 (381.5,565.6)=    0 (382.3,565.7)=    0 (383.0,565.7)=    0 (383.7,565.7)=    0 (384.2,565.8)=    0 (384.9,565.8)=    0 (385.4,565.8)=    0 (385.8,565.8)=    0 (386.6,565.7)=    0 (387.3,565.7)=    0 (388.1,565.7)=    0 (388.7,565.7)=    0 (389.4,565.5)=    0 (390.1,565.4)=    0 (390.7,565.3)=    0 (391.2,564.7)=    0 (392.0,564.7)=    0 (392.7,564.4)=    0 (393.0,564.3)=    0 (393.6,564.4)=    0 (394.1,564.4)=    0 (394.7,564.5)=    0 (395.2,564.5)=    0 (395.7,564.5)=    0 (396.5,564.3)=    0 (397.3,564.2)=    0 (398.1,564.2)=    0 (399.1,564.2)=    0 (400.1,564.2)=    0 
    143 | (247.0,539.0)= 8654 (247.5,539.2)=    0 (248.0,539.4)=    0 (248.6,539.4)=    0 (249.0,539.4)=    0 (249.5,539.3)=    0 (249.9,539.2)=    0 (250.2,539.1)=    0 (250.5,539.4)=    0 (251.0,539.6)=    0 (251.6,539.7)=    0 (251.9,539.7)=    0 (252.4,539.5)=    0 (252.9,539.3)=    0 (253.2,539.0)=    0 (253.6,538.7)=    0 (253.9,538.3)=    0 (254.3,538.1)=    0 (254.6,537.6)=    0 (254.6,537.2)=    0 (254.6,536.9)=    0 (254.6,536.7)=    0 (254.8,536.5)=    0 (255.1,536.4)=    0 (255.3,536.3)=    0 (255.5,536.3)=    0 (255.7,536.0)=    0 (256.2,536.1)=    0 (256.7,536.1)=    0 (257.2,536.1)=    0 (257.9,536.1)=    0 (258.6,535.8)=    0 (259.5,535.7)=    0 (260.4,535.7)=    0 (261.1,535.9)=    0 (261.6,535.9)=    0 (262.1,536.1)=    0 (262.7,536.2)=    0 (263.3,536.4)=    0 (263.7,536.5)=    0 (264.2,536.5)=    0 (264.7,536.6)=    0 (265.0,536.7)=    0 (265.5,537.0)=    0 (265.7,537.3)=    0 (266.3,537.3)=    0 (266.8,537.3)=    0 (267.3,537.2)=    0 (267.7,537.4)=    0 (268.2,537.6)=    0 (268.5,537.9)=    0 (268.7,538.4)=    0 (269.0,538.5)=    0 (269.4,538.8)=    0 (269.9,538.8)=    0 (270.3,538.8)=    0 (270.6,538.7)=    0 (270.8,538.7)=    0 (271.1,538.6)=    0 (271.2,538.1)=    0 (271.4,538.3)=    0 (271.5,538.4)=    0 (271.9,538.4)=    0 (272.1,538.4)=    0 (272.5,538.2)=    0 (272.5,538.0)=    0 (272.7,538.1)=    0 (272.9,538.5)=    0 (273.1,538.5)=    0 (273.4,538.8)=    0 (273.7,539.0)=    0 (274.1,539.1)=    0 (274.4,539.4)=    0 (274.9,539.4)=    0 (275.4,539.4)=    0 (275.8,539.2)=    0 (276.3,539.1)=    0 (276.7,539.1)=    0 (277.4,539.2)=    0 (277.9,539.4)=    0 (278.1,539.5)=    0 (278.6,539.8)=    0 (279.0,539.8)=    0 (279.3,539.8)=    0 (279.6,539.9)=    0 (279.9,539.9)=    0 (280.3,540.0)=    0 (280.6,539.9)=    0 (280.9,540.0)=    0 (281.2,540.0)=    0 (281.5,540.0)=    0 (282.0,539.9)=    0 (282.3,539.8)=    0 (282.9,539.8)=    0 (283.2,539.8)=    0 (283.3,539.7)=    0 (284.0,539.9)=    0 (284.1,540.0)=    0 (284.4,540.5)=    0 (284.7,540.7)=    0 (285.1,540.8)=    0 (285.6,541.2)=    0 (286.1,541.3)=    0 (286.4,541.6)=    0 (287.0,541.8)=    0 (287.3,542.1)=    0 (287.9,542.4)=    0 (288.5,542.6)=    0 (288.8,542.7)=    0 (289.5,543.3)=    0 (290.0,543.6)=    0 (290.4,543.6)=    0 (290.9,543.8)=    0 (291.6,544.3)=    0 (292.3,544.8)=    0 (293.0,545.1)=    0 (293.8,545.4)=    0 (294.3,545.4)=    0 (294.8,545.2)=    0 (295.3,545.2)=    0 (296.1,545.2)=    0 (296.6,545.3)=    0 (297.2,545.4)=    0 (297.9,545.5)=    0 (299.0,545.7)=    0 (299.8,545.8)=    0 (300.4,545.6)=    0 (301.2,545.5)=    0 (302.0,545.3)=    0 (302.5,545.3)=    0 (302.9,545.2)=    0 (303.5,545.2)=    0 (303.9,545.2)=    0 (304.5,545.1)=    0 (304.8,544.9)=    0 (305.0,544.6)=    0 (305.4,544.3)=    0 (305.9,544.0)=    0 (306.4,543.6)=    0 (307.1,543.4)=    0 (307.8,543.3)=    0 (308.4,543.4)=    0 (309.2,543.5)=    0 (309.5,543.5)=    0 (310.4,543.5)=    0 (311.1,543.5)=    0 (312.0,543.5)=    0 (312.7,543.7)=    0 (313.5,544.2)=    0 (314.4,544.6)=    0 (315.4,545.2)=    0 (316.1,545.7)=    0 (316.9,546.0)=    0 (317.6,546.5)=    0 (318.4,547.0)=    0 (319.3,547.7)=    0 (320.0,548.5)=    0 (320.9,549.2)=    0 (321.7,550.0)=    0 (322.5,550.5)=    0 (322.9,550.8)=    0 (323.1,550.8)=    0 (323.3,550.8)=    0 (323.5,550.5)=    0 (323.7,550.5)=    0 (324.0,550.6)=    0 (324.3,550.9)=    0 (324.7,551.3)=    0 (325.0,551.5)=    0 (325.6,551.7)=    0 (325.8,551.8)=    0 (326.3,551.9)=    0 (326.8,552.1)=    0 (327.4,552.5)=    0 (327.9,553.1)=    0 (328.2,553.4)=    0 (328.9,554.0)=    0 (329.4,554.4)=    0 (329.8,554.9)=    0 (330.1,554.8)=    0 (330.6,555.0)=    0 (330.8,555.3)=    0 (331.1,555.3)=    0 (331.5,555.3)=    0 (331.7,555.6)=    0 (332.2,555.9)=    0 (332.3,556.0)=    0 (332.5,556.0)=    0 (332.7,556.3)=    0 (332.9,556.4)=    0 (333.1,556.4)=    0 (333.2,556.6)=    0 (333.4,556.6)=    0 (333.8,556.6)=    0 (334.3,556.7)=    0 (334.7,556.6)=    0 (335.2,556.6)=    0 (335.2,556.6)=    0 (335.5,556.7)=    0 (335.7,556.8)=    0 (335.8,557.1)=    0 (336.0,557.3)=    0 (336.0,557.4)=    0 (336.2,557.4)=    0 (336.5,557.4)=    0 (336.7,557.5)=    0 (336.7,557.6)=    0 (337.0,557.6)=    0 (337.2,557.8)=    0 (337.5,558.0)=    0 (337.7,558.2)=    0 (338.1,558.3)=    0 (338.4,558.3)=    0 (338.9,558.2)=    0 (339.2,558.2)=    0 (339.4,558.3)=    0 (340.0,558.3)=    0 (340.4,558.4)=    0 (340.7,558.5)=    0 (341.1,558.5)=    0 (341.6,558.6)=    0 (341.9,558.5)=    0 (342.4,558.5)=    0 (342.5,558.4)=    0 (342.7,558.3)=    0 (343.0,558.5)=    0 (343.2,558.6)=    0 (343.4,558.9)=    0 (343.7,558.9)=    0 (344.1,558.9)=    0 (344.3,558.9)=    0 (344.5,558.9)=    0 (344.9,558.7)=    0 (345.4,558.9)=    0 (345.8,559.1)=    0 (346.3,559.0)=    0 (346.7,559.1)=    0 (347.3,559.3)=    0 (347.9,559.3)=    0 (348.4,559.2)=    0 (349.2,559.3)=    0 (349.8,559.3)=    0 (350.0,559.2)=    0 (350.4,559.4)=    0 (351.0,559.5)=    0 (351.4,559.7)=    0 (352.0,559.8)=    0 (352.6,559.7)=    0 (353.1,559.8)=    0 (353.4,559.9)=    0 (354.0,560.0)=    0 (354.7,560.3)=    0 (355.3,560.3)=    0 (356.0,560.4)=    0 (356.5,560.4)=    0 (357.3,560.4)=    0 (357.9,560.5)=    0 (358.4,560.5)=    0 (358.9,560.5)=    0 (359.4,560.5)=    0 (360.1,560.4)=    0 (360.8,560.4)=    0 (361.6,560.4)=    0 (362.1,560.4)=    0 (362.9,560.2)=    0 (363.6,559.9)=    0 (364.1,559.8)=    0 (364.8,559.2)=    0 (365.6,559.1)=    0 (366.1,558.9)=    0 (366.4,558.8)=    0 (367.0,558.9)=    0 (367.6,558.9)=    0 (368.0,559.0)=    0 (368.6,559.0)=    0 (369.0,558.8)=    0 (369.8,558.8)=    0 (370.6,558.6)=    0 (371.3,558.6)=    0 (372.3,558.7)=    0 (373.3,558.7)=    0 
    144 | (300.0,547.0)= 8415 (300.5,547.2)=    0 (301.0,547.5)=    0 (301.5,547.5)=    0 (302.0,547.5)=    0 (302.5,547.5)=    0 (302.9,547.4)=    0 (303.2,547.4)=    0 (303.5,547.6)=    0 (303.8,547.7)=    0 (304.5,547.9)=    0 (304.7,547.9)=    0 (305.2,547.8)=    0 (305.8,547.5)=    0 (306.1,547.3)=    0 (306.5,546.9)=    0 (306.9,546.5)=    0 (307.4,546.2)=    0 (307.5,545.8)=    0 (307.7,545.4)=    0 (307.6,545.2)=    0 (307.6,545.0)=    0 (307.6,544.8)=    0 (307.9,544.7)=    0 (308.1,544.6)=    0 (308.3,544.6)=    0 (308.6,544.4)=    0 (309.0,544.4)=    0 (309.5,544.4)=    0 (310.1,544.4)=    0 (310.8,544.5)=    0 (311.6,544.4)=    0 (312.5,544.2)=    0 (313.2,544.3)=    0 (314.2,544.5)=    0 (314.7,544.4)=    0 (315.2,544.6)=    0 (315.7,544.7)=    0 (316.1,544.9)=    0 (316.7,545.0)=    0 (317.1,545.0)=    0 (317.6,545.1)=    0 (317.9,545.2)=    0 (318.5,545.5)=    0 (318.9,545.8)=    0 (319.4,545.7)=    0 (319.9,545.8)=    0 (320.3,545.7)=    0 (320.6,546.0)=    0 (321.2,546.2)=    0 (321.2,546.5)=    0 (321.5,547.0)=    0 (321.9,547.0)=    0 (322.2,547.4)=    0 (322.7,547.6)=    0 (323.2,547.6)=    0 (323.6,547.5)=    0 (323.8,547.5)=    0 (324.1,547.4)=    0 (324.1,546.8)=    0 (324.2,547.1)=    0 (324.4,547.1)=    0 (324.7,547.1)=    0 (325.0,547.0)=    0 (325.2,546.9)=    0 (325.4,546.6)=    0 (325.6,546.5)=    0 (325.9,546.8)=    0 (326.1,547.0)=    0 (326.4,547.2)=    0 (326.6,547.5)=    0 (327.0,547.7)=    0 (327.5,548.0)=    0 (328.0,548.1)=    0 (328.5,548.0)=    0 (329.0,547.8)=    0 (329.5,547.8)=    0 (330.0,547.8)=    0 (330.6,547.8)=    0 (331.1,548.0)=    0 (331.3,548.2)=    0 (331.8,548.5)=    0 (332.3,548.5)=    0 (332.5,548.6)=    0 (332.9,548.6)=    0 (333.2,548.8)=    0 (333.6,548.7)=    0 (333.8,548.7)=    0 (334.1,548.8)=    0 (334.5,548.7)=    0 (334.9,548.6)=    0 (335.4,548.6)=    0 (335.8,548.5)=    0 (336.2,548.5)=    0 (336.6,548.4)=    0 (336.7,548.4)=    0 (337.0,548.7)=    0 (337.3,548.8)=    0 (337.6,549.3)=    0 (337.9,549.5)=    0 (338.4,549.7)=    0 (338.8,549.9)=    0 (339.3,550.2)=    0 (339.6,550.5)=    0 (340.1,550.8)=    0 (340.6,551.1)=    0 (341.2,551.3)=    0 (341.6,551.6)=    0 (342.2,551.8)=    0 (342.9,552.2)=    0 (343.3,552.4)=    0 (343.9,552.6)=    0 (344.3,553.0)=    0 (345.0,553.5)=    0 (345.8,554.0)=    0 (346.4,554.3)=    0 (347.1,554.5)=    0 (347.7,554.6)=    0 (348.3,554.4)=    0 (348.9,554.4)=    0 (349.5,554.4)=    0 (350.1,554.5)=    0 (350.8,554.7)=    0 (351.6,554.7)=    0 (352.5,555.0)=    0 (353.3,555.1)=    0 (354.0,555.0)=    0 (354.9,554.8)=    0 (355.7,554.7)=    0 (356.1,554.7)=    0 (356.6,554.6)=    0 (357.1,554.7)=    0 (357.6,554.7)=    0 (358.2,554.6)=    0 (358.4,554.4)=    0 (358.9,554.2)=    0 (359.2,554.0)=    0 (359.7,553.7)=    0 (360.2,553.5)=    0 (360.9,553.2)=    0 (361.7,553.1)=    0 (362.2,553.2)=    0 (362.9,553.3)=    0 (363.5,553.2)=    0 (364.2,553.4)=    0 (365.0,553.4)=    0 (365.8,553.4)=    0 (366.7,553.6)=    0 (367.6,554.1)=    0 (368.5,554.6)=    0 (369.4,555.1)=    0 (370.2,555.6)=    0 (370.8,555.9)=    0 (371.5,556.6)=    0 (372.3,557.1)=    0 (373.2,557.8)=    0 (374.1,558.6)=    0 (374.9,559.1)=    0 (375.7,560.0)=    0 (376.4,560.6)=    0 (376.8,560.9)=    0 (377.0,560.9)=    0 (377.3,560.9)=    0 (377.5,560.7)=    0 (377.7,560.7)=    0 (377.9,560.8)=    0 (378.5,561.2)=    0 (378.8,561.5)=    0 (379.0,561.8)=    0 (379.5,562.1)=    0 (379.8,562.3)=    0 (380.3,562.3)=    0 (380.7,562.5)=    0 (381.3,562.9)=    0 (381.8,563.5)=    0 (382.3,563.8)=    0 (382.9,564.3)=    0 (383.5,564.6)=    0 (384.0,565.2)=    0 (384.4,565.1)=    0 (384.7,565.2)=    0 (385.2,565.5)=    0 (385.5,565.6)=    0 (385.7,565.7)=    0 (386.0,566.0)=    0 (386.3,566.4)=    0 (386.5,566.5)=    0 (386.7,566.6)=    0 (387.0,566.7)=    0 (387.2,566.9)=    0 (387.5,567.0)=    0 (387.6,567.2)=    0 (387.8,567.2)=    0 (388.2,567.2)=    0 (388.5,567.1)=    0 (389.0,567.2)=    0 (389.3,567.1)=    0 (389.6,567.1)=    0 (389.8,567.2)=    0 (390.1,567.3)=    0 (390.2,567.6)=    0 (390.3,567.8)=    0 (390.4,567.8)=    0 (390.7,567.9)=    0 (390.9,568.0)=    0 (391.1,568.2)=    0 (391.1,568.3)=    0 (391.2,568.4)=    0 (391.4,568.5)=    0 (391.7,568.7)=    0 (392.0,568.9)=    0 (392.3,569.0)=    0 (392.6,569.2)=    0 (393.0,569.2)=    0 (393.4,569.0)=    0 (393.7,569.1)=    0 (394.1,569.1)=    0 (394.6,569.2)=    0 (395.0,569.5)=    0 (395.3,569.5)=    0 (395.8,569.5)=    0 (396.2,569.4)=    0 (396.5,569.4)=    0 (396.7,569.2)=    0 (397.0,569.2)=    0 (397.3,569.3)=    0 (397.6,569.4)=    0 (397.8,569.7)=    0 (398.2,569.7)=    0 (398.5,569.7)=    0 (398.7,569.7)=    0 (398.9,569.6)=    0 (399.2,569.5)=    0 (399.7,569.8)=    0 (400.3,570.1)=    0 (400.7,570.0)=    0 (401.2,570.3)=    0 (401.7,570.3)=    0 (402.3,570.2)=    0 (402.8,570.2)=    0 (403.6,570.2)=    0 (404.3,570.1)=    0 (404.7,570.1)=    0 (405.0,570.4)=    0 (405.5,570.3)=    0 (405.9,570.5)=    0 (406.4,570.8)=    0 (407.2,570.8)=    0 (407.6,570.8)=    0 (408.0,571.1)=    0 (408.6,571.1)=    0 (409.4,571.4)=    0 (409.8,571.4)=    0 (410.6,571.6)=    0 (411.1,571.6)=    0 (412.0,571.7)=    0 (412.6,571.6)=    0 (413.3,571.6)=    0 (413.8,571.6)=    0 (414.3,571.6)=    0 (415.0,571.6)=    0 (415.7,571.6)=    0 (416.5,571.7)=    0 (416.9,571.7)=    0 (417.8,571.5)=    0 (418.5,571.2)=    0 (419.2,570.9)=    0 (419.7,570.4)=    0 (420.7,570.4)=    0 (421.3,570.3)=    0 (421.6,570.3)=    0 (422.1,570.3)=    0 (422.7,570.3)=    0 (423.3,570.4)=    0 (423.7,570.4)=    0 (424.3,570.4)=    0 (425.0,570.2)=    0 (425.9,570.2)=    0 (426.7,570.2)=    0 (427.7,570.2)=    0 (428.7,570.1)=    0 
    145 | (270.0,681.0)= 8144 (270.3,681.3)=    0 (270.8,681.6)=    0 (271.3,681.5)=    0 (271.9,681.5)=    0 (272.3,681.5)=    0 (272.7,681.4)=    0 (273.1,681.5)=    0 (273.4,681.7)=    0 (273.9,681.9)=    0 (274.3,682.1)=    0 (274.6,682.1)=    0 (275.3,681.9)=    0 (275.7,681.5)=    0 (276.2,681.3)=    0 (276.5,680.9)=    0 (276.6,680.4)=    0 (277.4,680.1)=    0 (277.4,679.6)=    0 (277.6,679.1)=    0 (277.4,678.9)=    0 (277.3,678.6)=    0 (277.3,678.4)=    0 (277.6,678.4)=    0 (277.7,678.3)=    0 (277.8,678.3)=    0 (278.1,678.1)=    0 (278.5,678.1)=    0 (278.9,678.2)=    0 (279.3,678.2)=    0 (280.0,678.3)=    0 (280.7,678.1)=    0 (281.7,677.9)=    0 (282.6,678.1)=    0 (283.3,678.1)=    0 (284.1,678.1)=    0 (284.6,678.3)=    0 (285.1,678.4)=    0 (285.5,678.7)=    0 (286.0,678.7)=    0 (286.4,678.8)=    0 (287.1,678.9)=    0 (287.4,679.0)=    0 (287.8,679.2)=    0 (288.2,679.4)=    0 (288.6,679.3)=    0 (289.2,679.3)=    0 (289.5,679.3)=    0 (290.0,679.6)=    0 (290.5,680.0)=    0 (290.6,680.4)=    0 (290.7,680.8)=    0 (291.0,681.1)=    0 (291.5,681.4)=    0 (292.2,681.4)=    0 (292.4,681.4)=    0 (292.6,681.4)=    0 (293.0,681.4)=    0 (293.3,681.1)=    0 (293.3,680.4)=    0 (293.5,680.6)=    0 (293.6,680.7)=    0 (293.9,680.5)=    0 (294.3,680.5)=    0 (294.5,680.6)=    0 (294.6,680.4)=    0 (294.8,680.6)=    0 (295.4,680.7)=    0 (295.6,680.9)=    0 (295.9,681.2)=    0 (296.1,681.4)=    0 (296.6,681.7)=    0 (297.0,682.0)=    0 (297.4,682.0)=    0 (298.0,681.7)=    0 (298.4,681.7)=    0 (299.0,681.6)=    0 (299.4,681.6)=    0 (300.0,681.8)=    0 (300.5,681.8)=    0 (300.7,682.2)=    0 (301.2,682.4)=    0 (301.6,682.4)=    0 (302.0,682.5)=    0 (302.2,682.6)=    0 (302.4,682.7)=    0 (303.0,682.5)=    0 (303.4,682.6)=    0 (303.6,682.8)=    0 (304.0,682.8)=    0 (304.5,682.7)=    0 (305.1,682.7)=    0 (305.4,682.6)=    0 (306.0,682.5)=    0 (306.4,682.4)=    0 (306.4,682.5)=    0 (306.7,682.6)=    0 (307.0,682.8)=    0 (307.2,683.2)=    0 (307.7,683.5)=    0 (308.3,683.8)=    0 (308.6,684.0)=    0 (309.2,684.2)=    0 (309.7,684.5)=    0 (310.2,684.7)=    0 (310.6,685.0)=    0 (311.0,685.5)=    0 (311.5,685.7)=    0 (312.1,686.0)=    0 (312.8,686.3)=    0 (313.3,686.7)=    0 (313.6,686.8)=    0 (314.1,687.1)=    0 (314.6,687.8)=    0 (315.5,688.4)=    0 (316.2,688.6)=    0 (317.0,689.0)=    0 (317.6,689.0)=    0 (318.0,688.8)=    0 (318.4,688.8)=    0 (319.0,689.0)=    0 (319.7,688.9)=    0 (320.4,689.1)=    0 (321.2,689.3)=    0 (322.2,689.5)=    0 (323.0,689.5)=    0 (323.7,689.6)=    0 (324.5,689.5)=    0 (325.2,689.2)=    0 (325.9,689.2)=    0 (326.3,689.0)=    0 (326.7,689.0)=    0 (327.2,689.0)=    0 (327.7,689.0)=    0 (328.1,688.8)=    0 (328.3,688.5)=    0 (328.5,688.2)=    0 (329.0,688.2)=    0 (329.4,687.7)=    0 (330.1,687.4)=    0 (330.9,687.5)=    0 (331.4,687.7)=    0 (332.1,687.7)=    0 (332.6,687.7)=    0 (333.4,687.9)=    0 (334.3,687.9)=    0 (335.1,687.8)=    0 (336.0,688.1)=    0 (336.7,688.7)=    0 (337.5,689.1)=    0 (338.5,689.9)=    0 (339.3,690.4)=    0 (340.0,690.6)=    0 (340.6,691.2)=    0 (341.4,691.7)=    0 (342.2,692.4)=    0 (343.1,693.1)=    0 (344.1,694.0)=    0 (344.9,695.0)=    0 (345.5,695.5)=    0 (346.1,696.0)=    0 (346.3,696.0)=    0 (346.5,695.7)=    0 (346.6,695.6)=    0 (346.8,695.7)=    0 (347.3,695.7)=    0 (347.5,696.2)=    0 (347.7,696.4)=    0 (348.2,696.6)=    0 (348.5,696.8)=    0 (348.7,696.9)=    0 (349.0,697.1)=    0 (349.4,697.4)=    0 (350.3,697.9)=    0 (350.8,698.4)=    0 (351.2,699.0)=    0 (351.7,699.4)=    0 (352.3,699.9)=    0 (352.9,700.3)=    0 (353.2,700.5)=    0 (353.7,700.7)=    0 (354.1,701.0)=    0 (354.3,701.1)=    0 (354.5,701.4)=    0 (354.8,701.6)=    0 (355.1,702.0)=    0 (355.2,702.0)=    0 (355.4,702.1)=    0 (355.6,702.3)=    0 (355.9,702.3)=    0 (356.2,702.3)=    0 (356.4,702.6)=    0 (356.6,702.6)=    0 (357.0,702.7)=    0 (357.3,702.7)=    0 (357.7,702.6)=    0 (358.1,702.5)=    0 (358.3,702.6)=    0 (358.6,702.7)=    0 (358.9,702.8)=    0 (359.1,703.2)=    0 (359.2,703.3)=    0 (359.3,703.3)=    0 (359.4,703.4)=    0 (359.7,703.5)=    0 (360.0,703.6)=    0 (360.1,703.7)=    0 (360.2,703.8)=    0 (360.3,704.0)=    0 (360.6,704.2)=    0 (360.8,704.2)=    0 (361.1,704.4)=    0 (361.5,704.4)=    0 (362.0,704.4)=    0 (362.2,704.3)=    0 (362.7,704.6)=    0 (363.0,704.4)=    0 (363.5,704.7)=    0 (363.9,704.7)=    0 (364.3,704.8)=    0 (364.8,704.9)=    0 (365.3,704.8)=    0 (365.8,704.8)=    0 (365.8,704.6)=    0 (366.1,704.6)=    0 (366.5,704.7)=    0 (366.6,704.9)=    0 (366.8,705.1)=    0 (367.2,705.1)=    0 (367.5,705.0)=    0 (367.7,705.0)=    0 (367.6,704.8)=    0 (368.3,704.6)=    0 (368.8,705.0)=    0 (369.3,705.1)=    0 (369.9,705.1)=    0 (370.3,705.4)=    0 (370.8,705.4)=    0 (371.4,705.4)=    0 (372.0,705.5)=    0 (372.7,705.5)=    0 (373.4,705.4)=    0 (373.7,705.4)=    0 (374.1,705.7)=    0 (374.5,705.7)=    0 (375.1,706.0)=    0 (375.5,706.2)=    0 (376.2,706.1)=    0 (376.8,706.3)=    0 (377.1,706.4)=    0 (377.7,706.4)=    0 (378.5,706.8)=    0 (379.0,706.9)=    0 (379.7,707.0)=    0 (380.2,707.3)=    0 (381.1,707.3)=    0 (381.5,707.2)=    0 (382.2,707.3)=    0 (382.6,707.3)=    0 (383.2,707.3)=    0 (384.0,707.3)=    0 (384.6,707.3)=    0 (385.3,707.3)=    0 (385.9,707.3)=    0 (386.5,707.1)=    0 (387.3,706.9)=    0 (388.1,706.9)=    0 (388.6,706.2)=    0 (389.4,706.2)=    0 (390.0,706.1)=    0 (390.4,706.1)=    0 (390.9,706.3)=    0 (391.4,706.4)=    0 (391.8,706.5)=    0 (392.1,706.5)=    0 (392.8,706.3)=    0 (393.5,706.2)=    0 (394.3,706.2)=    0 (395.1,706.2)=    0 (396.1,706.3)=    0 (397.0,706.3)=    0 
    146 | (355.0,556.0)= 8071 (355.5,556.2)=    0 (356.1,556.5)=    0 (356.6,556.5)=    0 (357.1,556.5)=    0 (357.5,556.5)=    0 (358.0,556.5)=    0 (358.3,556.5)=    0 (358.5,556.7)=    0 (359.0,557.0)=    0 (359.6,557.2)=    0 (359.9,557.1)=    0 (360.5,556.9)=    0 (361.1,556.8)=    0 (361.3,556.5)=    0 (361.7,556.3)=    0 (362.0,555.8)=    0 (362.6,555.5)=    0 (362.8,555.3)=    0 (362.8,554.8)=    0 (362.7,554.6)=    0 (362.6,554.5)=    0 (362.8,554.3)=    0 (363.1,554.3)=    0 (363.3,554.2)=    0 (363.3,554.2)=    0 (363.8,553.9)=    0 (364.1,554.0)=    0 (364.7,554.1)=    0 (365.2,554.1)=    0 (365.9,554.0)=    0 (366.7,554.0)=    0 (367.6,553.9)=    0 (368.5,553.9)=    0 (369.3,554.2)=    0 (369.8,554.1)=    0 (370.4,554.4)=    0 (370.8,554.5)=    0 (371.3,554.7)=    0 (371.8,555.0)=    0 (372.3,554.8)=    0 (372.7,555.0)=    0 (373.1,555.1)=    0 (373.6,555.3)=    0 (373.8,555.6)=    0 (374.3,555.6)=    0 (374.8,555.6)=    0 (375.3,555.6)=    0 (375.7,555.8)=    0 (376.3,556.2)=    0 (376.4,556.3)=    0 (376.7,556.8)=    0 (376.9,557.1)=    0 (377.3,557.4)=    0 (377.8,557.6)=    0 (378.3,557.5)=    0 (378.8,557.4)=    0 (379.1,557.5)=    0 (379.3,557.4)=    0 (379.1,556.9)=    0 (379.3,556.9)=    0 (379.4,557.2)=    0 (379.7,557.1)=    0 (380.1,557.0)=    0 (380.4,556.9)=    0 (380.5,556.6)=    0 (380.7,556.7)=    0 (381.0,557.0)=    0 (381.2,557.2)=    0 (381.4,557.4)=    0 (381.7,557.7)=    0 (382.1,558.0)=    0 (382.6,558.3)=    0 (383.1,558.3)=    0 (383.6,558.0)=    0 (384.2,557.9)=    0 (384.7,557.8)=    0 (385.2,557.8)=    0 (385.6,557.9)=    0 (386.2,558.2)=    0 (386.5,558.4)=    0 (387.0,558.8)=    0 (387.3,558.7)=    0 (387.7,558.8)=    0 (388.0,558.9)=    0 (388.3,559.0)=    0 (388.6,558.9)=    0 (389.0,558.9)=    0 (389.3,559.0)=    0 (389.5,559.0)=    0 (390.0,558.9)=    0 (390.5,558.9)=    0 (390.9,558.7)=    0 (391.3,558.6)=    0 (391.9,558.6)=    0 (392.1,558.6)=    0 (392.4,558.8)=    0 (392.7,559.0)=    0 (393.0,559.5)=    0 (393.3,559.8)=    0 (393.7,560.1)=    0 (394.1,560.3)=    0 (394.6,560.6)=    0 (395.1,560.8)=    0 (395.6,561.1)=    0 (395.9,561.3)=    0 (396.7,561.7)=    0 (397.1,561.9)=    0 (397.7,562.1)=    0 (398.3,562.5)=    0 (398.9,562.7)=    0 (399.3,562.9)=    0 (399.8,563.4)=    0 (400.6,563.8)=    0 (401.3,564.4)=    0 (401.9,564.6)=    0 (402.7,564.9)=    0 (403.4,565.1)=    0 (404.0,565.0)=    0 (404.6,564.9)=    0 (405.2,564.9)=    0 (405.8,565.0)=    0 (406.5,565.2)=    0 (407.4,565.3)=    0 (408.4,565.6)=    0 (409.3,565.8)=    0 (409.9,565.7)=    0 (410.7,565.7)=    0 (411.5,565.4)=    0 (412.0,565.5)=    0 (412.5,565.5)=    0 (413.0,565.5)=    0 (413.5,565.4)=    0 (413.9,565.5)=    0 (414.3,565.2)=    0 (414.8,565.0)=    0 (415.0,564.7)=    0 (415.7,564.5)=    0 (416.2,564.3)=    0 (417.0,564.1)=    0 (417.6,564.1)=    0 (418.2,564.1)=    0 (418.8,564.1)=    0 (419.3,564.1)=    0 (420.2,564.2)=    0 (420.9,564.3)=    0 (421.9,564.2)=    0 (422.9,564.5)=    0 (423.8,565.1)=    0 (424.5,565.6)=    0 (425.5,566.3)=    0 (426.2,566.8)=    0 (426.9,567.0)=    0 (427.7,567.5)=    0 (428.4,568.2)=    0 (429.3,569.0)=    0 (430.2,569.7)=    0 (430.9,570.2)=    0 (431.9,571.2)=    0 (432.6,572.0)=    0 (432.9,572.3)=    0 (433.1,572.3)=    0 (433.5,572.3)=    0 (433.6,572.1)=    0 (433.7,572.3)=    0 (434.1,572.2)=    0 (434.5,572.5)=    0 (434.9,572.9)=    0 (435.2,573.1)=    0 (435.6,573.4)=    0 (435.9,573.6)=    0 (436.4,573.7)=    0 (436.8,574.1)=    0 (437.6,574.5)=    0 (438.2,574.9)=    0 (438.7,575.4)=    0 (439.2,575.9)=    0 (439.6,576.3)=    0 (440.2,576.8)=    0 (440.7,576.9)=    0 (441.1,577.1)=    0 (441.4,577.4)=    0 (441.7,577.7)=    0 (442.0,577.7)=    0 (442.5,578.0)=    0 (442.8,578.4)=    0 (442.8,578.6)=    0 (443.1,578.6)=    0 (443.3,578.7)=    0 (443.6,578.8)=    0 (443.8,578.8)=    0 (444.1,579.0)=    0 (444.4,579.0)=    0 (444.7,579.0)=    0 (445.1,579.2)=    0 (445.4,579.3)=    0 (445.8,579.3)=    0 (446.1,579.3)=    0 (446.3,579.4)=    0 (446.6,579.5)=    0 (446.9,579.7)=    0 (446.9,579.8)=    0 (447.0,580.0)=    0 (447.3,580.0)=    0 (447.5,580.0)=    0 (447.6,580.2)=    0 (447.7,580.4)=    0 (447.8,580.6)=    0 (448.0,580.6)=    0 (448.4,580.9)=    0 (448.6,581.0)=    0 (448.9,581.2)=    0 (449.2,581.3)=    0 (449.7,581.2)=    0 (450.1,581.3)=    0 (450.5,581.3)=    0 (450.7,581.3)=    0 (451.3,581.4)=    0 (451.8,581.6)=    0 (452.2,581.6)=    0 (452.7,581.6)=    0 ( -1.0, -1.0)=   -4 ( -1.0, -1.0)=   -4 ( -1.0, -1.0)=   -4 ( -1.0, -1.0)=   -4 ( -1.0, -1.0)=   -4 ( -1.0, -1.0)=   -4 ( -1.0, -1.0)=   -4 ( -1.0, -1.0)=   -4 ( -1.0, -1.0)=   -4 ( -1.0, -1.0)=   -4 ( -1.0, -1.0)=   -4 ( -1.0, -1.0)=   -4 ( -1.0, -1.0)=   -4 ( -1.0, -1.0)=   -4 ( -1.0, -1.0)=   -4 ( -1.0, -1.0)=   -4 ( -1.0, -1.0)=   -4 ( -1.0, -1.0)=   -4 ( -1.0, -1.0)=   -4 ( -1.0, -1.0)=   -4 ( -1.0, -1.0)=   -4 ( -1.0, -1.0)=   -4 ( -1.0, -1.0)=   -4 ( -1.0, -1.0)=   -4 ( -1.0, -1.0)=   -4 ( -1.0, -1.0)=   -4 ( -1.0, -1.0)=   -4 ( -1.0, -1.0)=   -4 ( -1.0, -1.0)=   -4 ( -1.0, -1.0)=   -4 ( -1.0, -1.0)=   -4 ( -1.0, -1.0)=   -4 ( -1.0, -1.0)=   -4 ( -1.0, -1.0)=   -4 ( -1.0, -1.0)=   -4 ( -1.0, -1.0)=   -4 ( -1.0, -1.0)=   -4 ( -1.0, -1.0)=   -4 ( -1.0, -1.0)=   -4 ( -1.0, -1.0)=   -4 ( -1.0, -1.0)=   -4 ( -1.0, -1.0)=   -4 ( -1.0, -1.0)=   -4 ( -1.0, -1.0)=   -4 ( -1.0, -1.0)=   -4 ( -1.0, -1.0)=   -4 ( -1.0, -1.0)=   -4 ( -1.0, -1.0)=   -4 ( -1.0, -1.0)=   -4 ( -1.0, -1.0)=   -4 ( -1.0, -1.0)=   -4 ( -1.0, -1.0)=   -4 ( -1.0, -1.0)=   -4 ( -1.0, -1.0)=   -4 ( -1.0, -1.0)=   -4 ( -1.0, -1.0)=   -4 ( -1.0, -1.0)=   -4 ( -1.0, -1.0)=   -4 ( -1.0, -1.0)=   -4 ( -1.0, -1.0)=   -4 
    147 | (406.0,566.0)= 7963 (406.5,566.3)=    0 (407.1,566.5)=    0 (407.6,566.5)=    0 (408.1,566.5)=    0 (408.6,566.6)=    0 (409.0,566.5)=    0 (409.3,566.6)=    0 (409.6,566.8)=    0 (410.1,567.1)=    0 (410.6,567.1)=    0 (410.9,567.1)=    0 (411.5,567.1)=    0 (412.0,566.8)=    0 (412.5,566.7)=    0 (412.7,566.4)=    0 (413.3,566.0)=    0 (413.7,565.8)=    0 (413.8,565.4)=    0 (414.1,565.0)=    0 (414.0,564.7)=    0 (413.7,564.6)=    0 (414.0,564.5)=    0 (414.3,564.4)=    0 (414.5,564.4)=    0 (414.8,564.4)=    0 (414.8,564.2)=    0 (415.4,564.2)=    0 (415.9,564.3)=    0 (416.5,564.3)=    0 (417.0,564.3)=    0 (417.8,564.4)=    0 (418.8,564.2)=    0 (419.8,564.2)=    0 (420.6,564.5)=    0 (421.1,564.5)=    0 (421.5,564.8)=    0 (422.0,564.8)=    0 (422.5,565.1)=    0 (423.0,565.3)=    0 (423.4,565.4)=    0 (423.9,565.4)=    0 (424.4,565.6)=    0 (424.9,565.9)=    0 (425.2,566.2)=    0 (425.6,566.2)=    0 (426.2,566.3)=    0 (426.7,566.2)=    0 (427.0,566.4)=    0 (427.7,566.7)=    0 (427.7,567.0)=    0 (428.0,567.6)=    0 (428.4,567.8)=    0 (428.8,568.1)=    0 (429.2,568.3)=    0 (429.6,568.2)=    0 (430.1,568.3)=    0 (430.6,568.3)=    0 (430.8,568.1)=    0 (430.5,567.6)=    0 (430.5,567.7)=    0 (430.7,568.0)=    0 (430.9,567.8)=    0 (431.4,567.8)=    0 (431.7,567.8)=    0 (431.8,567.6)=    0 (432.1,567.6)=    0 (432.6,567.9)=    0 (432.7,568.1)=    0 (433.0,568.4)=    0 (433.2,568.7)=    0 (433.6,568.8)=    0 (434.1,569.0)=    0 (434.6,569.1)=    0 (435.1,569.0)=    0 (435.7,568.9)=    0 (436.2,568.8)=    0 (436.7,568.8)=    0 (437.3,569.1)=    0 (437.8,569.2)=    0 (438.0,569.4)=    0 (438.5,569.6)=    0 (438.9,569.8)=    0 (439.3,569.8)=    0 (439.5,569.9)=    0 (439.9,569.9)=    0 (440.3,569.9)=    0 (440.6,570.0)=    0 (440.9,570.1)=    0 (441.2,570.0)=    0 (441.6,570.0)=    0 (442.2,570.0)=    0 (442.5,569.8)=    0 (442.8,569.7)=    0 (443.6,569.7)=    0 (443.5,569.7)=    0 (444.1,570.0)=    0 (444.5,570.2)=    0 (444.7,570.6)=    0 (445.0,570.9)=    0 (445.4,571.1)=    0 (445.7,571.3)=    0 (446.3,571.6)=    0 (446.6,571.8)=    0 (447.2,572.3)=    0 (447.6,572.4)=    0 (448.3,572.9)=    0 (448.9,573.3)=    0 (449.4,573.5)=    0 (450.1,574.0)=    0 (450.6,574.2)=    0 (451.0,574.3)=    0 (451.5,574.6)=    0 (452.3,575.1)=    0 ( -1.0, -1.0)=   -4 ( -1.0, -1.0)=   -4 ( -1.0, -1.0)=   -4 ( -1.0, -1.0)=   -4 ( -1.0, -1.0)=   -4 ( -1.0, -1.0)=   -4 ( -1.0, -1.0)=   -4 ( -1.0, -1.0)=   -4 ( -1.0, -1.0)=   -4 ( -1.0, -1.0)=   -4 ( -1.0, -1.0)=   -4 ( -1.0, -1.0)=   -4 ( -1.0, -1.0)=   -4 ( -1.0, -1.0)=   -4 ( -1.0, -1.0)=   -4 ( -1.0, -1.0)=   -4 ( -1.0, -1.0)=   -4 ( -1.0, -1.0)=   -4 ( -1.0, -1.0)=   -4 ( -1.0, -1.0)=   -4 ( -1.0, -1.0)=   -4 ( -1.0, -1.0)=   -4 ( -1.0, -1.0)=   -4 ( -1.0, -1.0)=   -4 ( -1.0, -1.0)=   -4 ( -1.0, -1.0)=   -4 ( -1.0, -1.0)=   -4 ( -1.0, -1.0)=   -4 ( -1.0, -1.0)=   -4 ( -1.0, -1.0)=   -4 ( -1.0, -1.0)=   -4 ( -1.0, -1.0)=   -4 ( -1.0, -1.0)=   -4 ( -1.0, -1.0)=   -4 ( -1.0, -1.0)=   -4 ( -1.0, -1.0)=   -4 ( -1.0, -1.0)=   -4 ( -1.0, -1.0)=   -4 ( -1.0, -1.0)=   -4 ( -1.0, -1.0)=   -4 ( -1.0, -1.0)=   -4 ( -1.0, -1.0)=   -4 ( -1.0, -1.0)=   -4 ( -1.0, -1.0)=   -4 ( -1.0, -1.0)=   -4 ( -1.0, -1.0)=   -4 ( -1.0, -1.0)=   -4 ( -1.0, -1.0)=   -4 ( -1.0, -1.0)=   -4 ( -1.0, -1.0)=   -4 ( -1.0, -1.0)=   -4 ( -1.0, -1.0)=   -4 ( -1.0, -1.0)=   -4 ( -1.0, -1.0)=   -4 ( -1.0, -1.0)=   -4 ( -1.0, -1.0)=   -4 ( -1.0, -1.0)=   -4 ( -1.0, -1.0)=   -4 ( -1.0, -1.0)=   -4 ( -1.0, -1.0)=   -4 ( -1.0, -1.0)=   -4 ( -1.0, -1.0)=   -4 ( -1.0, -1.0)=   -4 ( -1.0, -1.0)=   -4 ( -1.0, -1.0)=   -4 ( -1.0, -1.0)=   -4 ( -1.0, -1.0)=   -4 ( -1.0, -1.0)=   -4 ( -1.0, -1.0)=   -4 ( -1.0, -1.0)=   -4 ( -1.0, -1.0)=   -4 ( -1.0, -1.0)=   -4 ( -1.0, -1.0)=   -4 ( -1.0, -1.0)=   -4 ( -1.0, -1.0)=   -4 ( -1.0, -1.0)=   -4 ( -1.0, -1.0)=   -4 ( -1.0, -1.0)=   -4 ( -1.0, -1.0)=   -4 ( -1.0, -1.0)=   -4 ( -1.0, -1.0)=   -4 ( -1.0, -1.0)=   -4 ( -1.0, -1.0)=   -4 ( -1.0, -1.0)=   -4 ( -1.0, -1.0)=   -4 ( -1.0, -1.0)=   -4 ( -1.0, -1.0)=   -4 ( -1.0, -1.0)=   -4 ( -1.0, -1.0)=   -4 ( -1.0, -1.0)=   -4 ( -1.0, -1.0)=   -4 ( -1.0, -1.0)=   -4 ( -1.0, -1.0)=   -4 ( -1.0, -1.0)=   -4 ( -1.0, -1.0)=   -4 ( -1.0, -1.0)=   -4 ( -1.0, -1.0)=   -4 ( -1.0, -1.0)=   -4 ( -1.0, -1.0)=   -4 ( -1.0, -1.0)=   -4 ( -1.0, -1.0)=   -4 ( -1.0, -1.0)=   -4 ( -1.0, -1.0)=   -4 ( -1.0, -1.0)=   -4 ( -1.0, -1.0)=   -4 ( -1.0, -1.0)=   -4 ( -1.0, -1.0)=   -4 ( -1.0, -1.0)=   -4 ( -1.0, -1.0)=   -4 ( -1.0, -1.0)=   -4 ( -1.0, -1.0)=   -4 ( -1.0, -1.0)=   -4 ( -1.0, -1.0)=   -4 ( -1.0, -1.0)=   -4 ( -1.0, -1.0)=   -4 ( -1.0, -1.0)=   -4 ( -1.0, -1.0)=   -4 ( -1.0, -1.0)=   -4 ( -1.0, -1.0)=   -4 ( -1.0, -1.0)=   -4 ( -1.0, -1.0)=   -4 ( -1.0, -1.0)=   -4 ( -1.0, -1.0)=   -4 ( -1.0, -1.0)=   -4 ( -1.0, -1.0)=   -4 ( -1.0, -1.0)=   -4 ( -1.0, -1.0)=   -4 ( -1.0, -1.0)=   -4 ( -1.0, -1.0)=   -4 ( -1.0, -1.0)=   -4 ( -1.0, -1.0)=   -4 ( -1.0, -1.0)=   -4 ( -1.0, -1.0)=   -4 ( -1.0, -1.0)=   -4 ( -1.0, -1.0)=   -4 ( -1.0, -1.0)=   -4 ( -1.0, -1.0)=   -4 ( -1.0, -1.0)=   -4 ( -1.0, -1.0)=   -4 ( -1.0, -1.0)=   -4 ( -1.0, -1.0)=   -4 ( -1.0, -1.0)=   -4 ( -1.0, -1.0)=   -4 ( -1.0, -1.0)=   -4 ( -1.0, -1.0)=   -4 ( -1.0, -1.0)=   -4 ( -1.0, -1.0)=   -4 ( -1.0, -1.0)=   -4 ( -1.0, -1.0)=   -4 ( -1.0, -1.0)=   -4 ( -1.0, -1.0)=   -4 ( -1.0, -1.0)=   -4 ( -1.0, -1.0)=   -4 ( -1.0, -1.0)=   -4 ( -1.0, -1.0)=   -4 ( -1.0, -1.0)=   -4 ( -1.0, -1.0)=   -4 ( -1.0, -1.0)=   -4 ( -1.0, -1.0)=   -4 ( -1.0, -1.0)=   -4 ( -1.0, -1.0)=   -4 ( -1.0, -1.0)=   -4 ( -1.0, -1.0)=   -4 ( -1.0, -1.0)=   -4 ( -1.0, -1.0)=   -4 ( -1.0, -1.0)=   -4 ( -1.0, -1.0)=   -4 
    148 | (441.0,516.0)= 7958 (441.4,516.3)=    0 (442.1,516.6)=    0 (442.4,516.6)=    0 (443.1,516.6)=    0 (443.5,516.6)=    0 (444.1,516.6)=    0 (444.3,516.6)=    0 (444.6,516.9)=    0 (445.1,517.2)=    0 (445.7,517.4)=    0 (446.0,517.4)=    0 (446.4,517.3)=    0 (447.1,517.1)=    0 (447.5,516.9)=    0 (447.9,516.7)=    0 (448.3,516.4)=    0 (448.8,516.1)=    0 (449.0,515.8)=    0 (449.3,515.3)=    0 (449.2,515.1)=    0 (449.2,514.9)=    0 (449.2,514.8)=    0 (449.6,514.7)=    0 (450.0,514.7)=    0 (450.3,514.7)=    0 (450.4,514.7)=    0 (450.8,514.6)=    0 (451.4,514.7)=    0 (452.1,514.7)=    0 (452.7,514.8)=    0 ( -1.0, -1.0)=   -4 ( -1.0, -1.0)=   -4 ( -1.0, -1.0)=   -4 ( -1.0, -1.0)=   -4 ( -1.0, -1.0)=   -4 ( -1.0, -1.0)=   -4 ( -1.0, -1.0)=   -4 ( -1.0, -1.0)=   -4 ( -1.0, -1.0)=   -4 ( -1.0, -1.0)=   -4 ( -1.0, -1.0)=   -4 ( -1.0, -1.0)=   -4 ( -1.0, -1.0)=   -4 ( -1.0, -1.0)=   -4 ( -1.0, -1.0)=   -4 ( -1.0, -1.0)=   -4 ( -1.0, -1.0)=   -4 ( -1.0, -1.0)=   -4 ( -1.0, -1.0)=   -4 ( -1.0, -1.0)=   -4 ( -1.0, -1.0)=   -4 ( -1.0, -1.0)=   -4 ( -1.0, -1.0)=   -4 ( -1.0, -1.0)=   -4 ( -1.0, -1.0)=   -4 ( -1.0, -1.0)=   -4 ( -1.0, -1.0)=   -4 ( -1.0, -1.0)=   -4 ( -1.0, -1.0)=   -4 ( -1.0, -1.0)=   -4 ( -1.0, -1.0)=   -4 ( -1.0, -1.0)=   -4 ( -1.0, -1.0)=   -4 ( -1.0, -1.0)=   -4 ( -1.0, -1.0)=   -4 ( -1.0, -1.0)=   -4 ( -1.0, -1.0)=   -4 ( -1.0, -1.0)=   -4 ( -1.0, -1.0)=   -4 ( -1.0, -1.0)=   -4 ( -1.0, -1.0)=   -4 ( -1.0, -1.0)=   -4 ( -1.0, -1.0)=   -4 ( -1.0, -1.0)=   -4 ( -1.0, -1.0)=   -4 ( -1.0, -1.0)=   -4 ( -1.0, -1.0)=   -4 ( -1.0, -1.0)=   -4 ( -1.0, -1.0)=   -4 ( -1.0, -1.0)=   -4 ( -1.0, -1.0)=   -4 ( -1.0, -1.0)=   -4 ( -1.0, -1.0)=   -4 ( -1.0, -1.0)=   -4 ( -1.0, -1.0)=   -4 ( -1.0, -1.0)=   -4 ( -1.0, -1.0)=   -4 ( -1.0, -1.0)=   -4 ( -1.0, -1.0)=   -4 ( -1.0, -1.0)=   -4 ( -1.0, -1.0)=   -4 ( -1.0, -1.0)=   -4 ( -1.0, -1.0)=   -4 ( -1.0, -1.0)=   -4 ( -1.0, -1.0)=   -4 ( -1.0, -1.0)=   -4 ( -1.0, -1.0)=   -4 ( -1.0, -1.0)=   -4 ( -1.0, -1.0)=   -4 ( -1.0, -1.0)=   -4 ( -1.0, -1.0)=   -4 ( -1.0, -1.0)=   -4 ( -1.0, -1.0)=   -4 ( -1.0, -1.0)=   -4 ( -1.0, -1.0)=   -4 ( -1.0, -1.0)=   -4 ( -1.0, -1.0)=   -4 ( -1.0, -1.0)=   -4 ( -1.0, -1.0)=   -4 ( -1.0, -1.0)=   -4 ( -1.0, -1.0)=   -4 ( -1.0, -1.0)=   -4 ( -1.0, -1.0)=   -4 ( -1.0, -1.0)=   -4 ( -1.0, -1.0)=   -4 ( -1.0, -1.0)=   -4 ( -1.0, -1.0)=   -4 ( -1.0, -1.0)=   -4 ( -1.0, -1.0)=   -4 ( -1.0, -1.0)=   -4 ( -1.0, -1.0)=   -4 ( -1.0, -1.0)=   -4 ( -1.0, -1.0)=   -4 ( -1.0, -1.0)=   -4 ( -1.0, -1.0)=   -4 ( -1.0, -1.0)=   -4 ( -1.0, -1.0)=   -4 ( -1.0, -1.0)=   -4 ( -1.0, -1.0)=   -4 ( -1.0, -1.0)=   -4 ( -1.0, -1.0)=   -4 ( -1.0, -1.0)=   -4 ( -1.0, -1.0)=   -4 ( -1.0, -1.0)=   -4 ( -1.0, -1.0)=   -4 ( -1.0, -1.0)=   -4 ( -1.0, -1.0)=   -4 ( -1.0, -1.0)=   -4 ( -1.0, -1.0)=   -4 ( -1.0, -1.0)=   -4 ( -1.0, -1.0)=   -4 ( -1.0, -1.0)=   -4 ( -1.0, -1.0)=   -4 ( -1.0, -1.0)=   -4 ( -1.0, -1.0)=   -4 ( -1.0, -1.0)=   -4 ( -1.0, -1.0)=   -4 ( -1.0, -1.0)=   -4 ( -1.0, -1.0)=   -4 ( -1.0, -1.0)=   -4 ( -1.0, -1.0)=   -4 ( -1.0, -1.0)=   -4 ( -1.0, -1.0)=   -4 ( -1.0, -1.0)=   -4 ( -1.0, -1.0)=   -4 ( -1.0, -1.0)=   -4 ( -1.0, -1.0)=   -4 ( -1.0, -1.0)=   -4 ( -1.0, -1.0)=   -4 ( -1.0, -1.0)=   -4 ( -1.0, -1.0)=   -4 ( -1.0, -1.0)=   -4 ( -1.0, -1.0)=   -4 ( -1.0, -1.0)=   -4 ( -1.0, -1.0)=   -4 ( -1.0, -1.0)=   -4 ( -1.0, -1.0)=   -4 ( -1.0, -1.0)=   -4 ( -1.0, -1.0)=   -4 ( -1.0, -1.0)=   -4 ( -1.0, -1.0)=   -4 ( -1.0, -1.0)=   -4 ( -1.0, -1.0)=   -4 ( -1.0, -1.0)=   -4 ( -1.0, -1.0)=   -4 ( -1.0, -1.0)=   -4 ( -1.0, -1.0)=   -4 ( -1.0, -1.0)=   -4 ( -1.0, -1.0)=   -4 ( -1.0, -1.0)=   -4 ( -1.0, -1.0)=   -4 ( -1.0, -1.0)=   -4 ( -1.0, -1.0)=   -4 ( -1.0, -1.0)=   -4 ( -1.0, -1.0)=   -4 ( -1.0, -1.0)=   -4 ( -1.0, -1.0)=   -4 ( -1.0, -1.0)=   -4 ( -1.0, -1.0)=   -4 ( -1.0, -1.0)=   -4 ( -1.0, -1.0)=   -4 ( -1.0, -1.0)=   -4 ( -1.0, -1.0)=   -4 ( -1.0, -1.0)=   -4 ( -1.0, -1.0)=   -4 ( -1.0, -1.0)=   -4 ( -1.0, -1.0)=   -4 ( -1.0, -1.0)=   -4 ( -1.0, -1.0)=   -4 ( -1.0, -1.0)=   -4 ( -1.0, -1.0)=   -4 ( -1.0, -1.0)=   -4 ( -1.0, -1.0)=   -4 ( -1.0, -1.0)=   -4 ( -1.0, -1.0)=   -4 ( -1.0, -1.0)=   -4 ( -1.0, -1.0)=   -4 ( -1.0, -1.0)=   -4 ( -1.0, -1.0)=   -4 ( -1.0, -1.0)=   -4 ( -1.0, -1.0)=   -4 ( -1.0, -1.0)=   -4 ( -1.0, -1.0)=   -4 ( -1.0, -1.0)=   -4 ( -1.0, -1.0)=   -4 ( -1.0, -1.0)=   -4 ( -1.0, -1.0)=   -4 ( -1.0, -1.0)=   -4 ( -1.0, -1.0)=   -4 ( -1.0, -1.0)=   -4 ( -1.0, -1.0)=   -4 ( -1.0, -1.0)=   -4 ( -1.0, -1.0)=   -4 ( -1.0, -1.0)=   -4 ( -1.0, -1.0)=   -4 ( -1.0, -1.0)=   -4 ( -1.0, -1.0)=   -4 ( -1.0, -1.0)=   -4 ( -1.0, -1.0)=   -4 ( -1.0, -1.0)=   -4 ( -1.0, -1.0)=   -4 ( -1.0, -1.0)=   -4 ( -1.0, -1.0)=   -4 ( -1.0, -1.0)=   -4 ( -1.0, -1.0)=   -4 ( -1.0, -1.0)=   -4 ( -1.0, -1.0)=   -4 ( -1.0, -1.0)=   -4 ( -1.0, -1.0)=   -4 ( -1.0, -1.0)=   -4 ( -1.0, -1.0)=   -4 ( -1.0, -1.0)=   -4 ( -1.0, -1.0)=   -4 ( -1.0, -1.0)=   -4 ( -1.0, -1.0)=   -4 ( -1.0, -1.0)=   -4 ( -1.0, -1.0)=   -4 ( -1.0, -1.0)=   -4 ( -1.0, -1.0)=   -4 ( -1.0, -1.0)=   -4 ( -1.0, -1.0)=   -4 ( -1.0, -1.0)=   -4 ( -1.0, -1.0)=   -4 ( -1.0, -1.0)=   -4 ( -1.0, -1.0)=   -4 ( -1.0, -1.0)=   -4 ( -1.0, -1.0)=   -4 ( -1.0, -1.0)=   -4 ( -1.0, -1.0)=   -4 ( -1.0, -1.0)=   -4 ( -1.0, -1.0)=   -4 ( -1.0, -1.0)=   -4 ( -1.0, -1.0)=   -4 ( -1.0, -1.0)=   -4 ( -1.0, -1.0)=   -4 ( -1.0, -1.0)=   -4 ( -1.0, -1.0)=   -4 ( -1.0, -1.0)=   -4 ( -1.0, -1.0)=   -4 ( -1.0, -1.0)=   -4 ( -1.0, -1.0)=   -4 ( -1.0, -1.0)=   -4 ( -1.0, -1.0)=   -4 ( -1.0, -1.0)=   -4 ( -1.0, -1.0)=   -4 ( -1.0, -1.0)=   -4 ( -1.0, -1.0)=   -4 ( -1.0, -1.0)=   -4 ( -1.0, -1.0)=   -4 ( -1.0, -1.0)=   -4 
    149 | (219.0,282.0)= 7913 ( -1.0, -1.0)=   -5 ( -1.0, -1.0)=   -5 ( -1.0, -1.0)=   -5 ( -1.0, -1.0)=   -5 ( -1.0, -1.0)=   -5 ( -1.0, -1.0)=   -5 ( -1.0, -1.0)=   -5 ( -1.0, -1.0)=   -5 ( -1.0, -1.0)=   -5 ( -1.0, -1.0)=   -5 ( -1.0, -1.0)=   -5 ( -1.0, -1.0)=   -5 ( -1.0, -1.0)=   -5 ( -1.0, -1.0)=   -5 ( -1.0, -1.0)=   -5 ( -1.0, -1.0)=   -5 ( -1.0, -1.0)=   -5 ( -1.0, -1.0)=   -5 ( -1.0, -1.0)=   -5 ( -1.0, -1.0)=   -5 ( -1.0, -1.0)=   -5 ( -1.0, -1.0)=   -5 ( -1.0, -1.0)=   -5 ( -1.0, -1.0)=   -5 ( -1.0, -1.0)=   -5 ( -1.0, -1.0)=   -5 ( -1.0, -1.0)=   -5 ( -1.0, -1.0)=   -5 ( -1.0, -1.0)=   -5 ( -1.0, -1.0)=   -5 ( -1.0, -1.0)=   -5 ( -1.0, -1.0)=   -5 ( -1.0, -1.0)=   -5 ( -1.0, -1.0)=   -5 ( -1.0, -1.0)=   -5 ( -1.0, -1.0)=   -5 ( -1.0, -1.0)=   -5 ( -1.0, -1.0)=   -5 ( -1.0, -1.0)=   -5 ( -1.0, -1.0)=   -5 ( -1.0, -1.0)=   -5 ( -1.0, -1.0)=   -5 ( -1.0, -1.0)=   -5 ( -1.0, -1.0)=   -5 ( -1.0, -1.0)=   -5 ( -1.0, -1.0)=   -5 ( -1.0, -1.0)=   -5 ( -1.0, -1.0)=   -5 ( -1.0, -1.0)=   -5 ( -1.0, -1.0)=   -5 ( -1.0, -1.0)=   -5 ( -1.0, -1.0)=   -5 ( -1.0, -1.0)=   -5 ( -1.0, -1.0)=   -5 ( -1.0, -1.0)=   -5 ( -1.0, -1.0)=   -5 ( -1.0, -1.0)=   -5 ( -1.0, -1.0)=   -5 ( -1.0, -1.0)=   -5 ( -1.0, -1.0)=   -5 ( -1.0, -1.0)=   -5 ( -1.0, -1.0)=   -5 ( -1.0, -1.0)=   -5 ( -1.0, -1.0)=   -5 ( -1.0, -1.0)=   -5 ( -1.0, -1.0)=   -5 ( -1.0, -1.0)=   -5 ( -1.0, -1.0)=   -5 ( -1.0, -1.0)=   -5 ( -1.0, -1.0)=   -5 ( -1.0, -1.0)=   -5 ( -1.0, -1.0)=   -5 ( -1.0, -1.0)=   -5 ( -1.0, -1.0)=   -5 ( -1.0, -1.0)=   -5 ( -1.0, -1.0)=   -5 ( -1.0, -1.0)=   -5 ( -1.0, -1.0)=   -5 ( -1.0, -1.0)=   -5 ( -1.0, -1.0)=   -5 ( -1.0, -1.0)=   -5 ( -1.0, -1.0)=   -5 ( -1.0, -1.0)=   -5 ( -1.0, -1.0)=   -5 ( -1.0, -1.0)=   -5 ( -1.0, -1.0)=   -5 ( -1.0, -1.0)=   -5 ( -1.0, -1.0)=   -5 ( -1.0, -1.0)=   -5 ( -1.0, -1.0)=   -5 ( -1.0, -1.0)=   -5 ( -1.0, -1.0)=   -5 ( -1.0, -1.0)=   -5 ( -1.0, -1.0)=   -5 ( -1.0, -1.0)=   -5 ( -1.0, -1.0)=   -5 ( -1.0, -1.0)=   -5 ( -1.0, -1.0)=   -5 ( -1.0, -1.0)=   -5 ( -1.0, -1.0)=   -5 ( -1.0, -1.0)=   -5 ( -1.0, -1.0)=   -5 ( -1.0, -1.0)=   -5 ( -1.0, -1.0)=   -5 ( -1.0, -1.0)=   -5 ( -1.0, -1.0)=   -5 ( -1.0, -1.0)=   -5 ( -1.0, -1.0)=   -5 ( -1.0, -1.0)=   -5 ( -1.0, -1.0)=   -5 ( -1.0, -1.0)=   -5 ( -1.0, -1.0)=   -5 ( -1.0, -1.0)=   -5 ( -1.0, -1.0)=   -5 ( -1.0, -1.0)=   -5 ( -1.0, -1.0)=   -5 ( -1.0, -1.0)=   -5 ( -1.0, -1.0)=   -5 ( -1.0, -1.0)=   -5 ( -1.0, -1.0)=   -5 ( -1.0, -1.0)=   -5 ( -1.0, -1.0)=   -5 ( -1.0, -1.0)=   -5 ( -1.0, -1.0)=   -5 ( -1.0, -1.0)=   -5 ( -1.0, -1.0)=   -5 ( -1.0, -1.0)=   -5 ( -1.0, -1.0)=   -5 ( -1.0, -1.0)=   -5 ( -1.0, -1.0)=   -5 ( -1.0, -1.0)=   -5 ( -1.0, -1.0)=   -5 ( -1.0, -1.0)=   -5 ( -1.0, -1.0)=   -5 ( -1.0, -1.0)=   -5 ( -1.0, -1.0)=   -5 ( -1.0, -1.0)=   -5 ( -1.0, -1.0)=   -5 ( -1.0, -1.0)=   -5 ( -1.0, -1.0)=   -5 ( -1.0, -1.0)=   -5 ( -1.0, -1.0)=   -5 ( -1.0, -1.0)=   -5 ( -1.0, -1.0)=   -5 ( -1.0, -1.0)=   -5 ( -1.0, -1.0)=   -5 ( -1.0, -1.0)=   -5 ( -1.0, -1.0)=   -5 ( -1.0, -1.0)=   -5 ( -1.0, -1.0)=   -5 ( -1.0, -1.0)=   -5 ( -1.0, -1.0)=   -5 ( -1.0, -1.0)=   -5 ( -1.0, -1.0)=   -5 ( -1.0, -1.0)=   -5 ( -1.0, -1.0)=   -5 ( -1.0, -1.0)=   -5 ( -1.0, -1.0)=   -5 ( -1.0, -1.0)=   -5 ( -1.0, -1.0)=   -5 ( -1.0, -1.0)=   -5 ( -1.0, -1.0)=   -5 ( -1.0, -1.0)=   -5 ( -1.0, -1.0)=   -5 ( -1.0, -1.0)=   -5 ( -1.0, -1.0)=   -5 ( -1.0, -1.0)=   -5 ( -1.0, -1.0)=   -5 ( -1.0, -1.0)=   -5 ( -1.0, -1.0)=   -5 ( -1.0, -1.0)=   -5 ( -1.0, -1.0)=   -5 ( -1.0, -1.0)=   -5 ( -1.0, -1.0)=   -5 ( -1.0, -1.0)=   -5 ( -1.0, -1.0)=   -5 ( -1.0, -1.0)=   -5 ( -1.0, -1.0)=   -5 ( -1.0, -1.0)=   -5 ( -1.0, -1.0)=   -5 ( -1.0, -1.0)=   -5 ( -1.0, -1.0)=   -5 ( -1.0, -1.0)=   -5 ( -1.0, -1.0)=   -5 ( -1.0, -1.0)=   -5 ( -1.0, -1.0)=   -5 ( -1.0, -1.0)=   -5 ( -1.0, -1.0)=   -5 ( -1.0, -1.0)=   -5 ( -1.0, -1.0)=   -5 ( -1.0, -1.0)=   -5 ( -1.0, -1.0)=   -5 ( -1.0, -1.0)=   -5 ( -1.0, -1.0)=   -5 ( -1.0, -1.0)=   -5 ( -1.0, -1.0)=   -5 ( -1.0, -1.0)=   -5 ( -1.0, -1.0)=   -5 ( -1.0, -1.0)=   -5 ( -1.0, -1.0)=   -5 ( -1.0, -1.0)=   -5 ( -1.0, -1.0)=   -5 ( -1.0, -1.0)=   -5 ( -1.0, -1.0)=   -5 ( -1.0, -1.0)=   -5 ( -1.0, -1.0)=   -5 ( -1.0, -1.0)=   -5 ( -1.0, -1.0)=   -5 ( -1.0, -1.0)=   -5 ( -1.0, -1.0)=   -5 ( -1.0, -1.0)=   -5 ( -1.0, -1.0)=   -5 ( -1.0, -1.0)=   -5 ( -1.0, -1.0)=   -5 ( -1.0, -1.0)=   -5 ( -1.0, -1.0)=   -5 ( -1.0, -1.0)=   -5 ( -1.0, -1.0)=   -5 ( -1.0, -1.0)=   -5 ( -1.0, -1.0)=   -5 ( -1.0, -1.0)=   -5 ( -1.0, -1.0)=   -5 ( -1.0, -1.0)=   -5 ( -1.0, -1.0)=   -5 ( -1.0, -1.0)=   -5 ( -1.0, -1.0)=   -5 ( -1.0, -1.0)=   -5 ( -1.0, -1.0)=   -5 ( -1.0, -1.0)=   -5 ( -1.0, -1.0)=   -5 ( -1.0, -1.0)=   -5 ( -1.0, -1.0)=   -5 ( -1.0, -1.0)=   -5 ( -1.0, -1.0)=   -5 ( -1.0, -1.0)=   -5 ( -1.0, -1.0)=   -5 ( -1.0, -1.0)=   -5 ( -1.0, -1.0)=   -5 ( -1.0, -1.0)=   -5 ( -1.0, -1.0)=   -5 ( -1.0, -1.0)=   -5 ( -1.0, -1.0)=   -5 ( -1.0, -1.0)=   -5 ( -1.0, -1.0)=   -5 ( -1.0, -1.0)=   -5 ( -1.0, -1.0)=   -5 ( -1.0, -1.0)=   -5 ( -1.0, -1.0)=   -5 ( -1.0, -1.0)=   -5 ( -1.0, -1.0)=   -5 ( -1.0, -1.0)=   -5 ( -1.0, -1.0)=   -5 ( -1.0, -1.0)=   -5 ( -1.0, -1.0)=   -5 ( -1.0, -1.0)=   -5 ( -1.0, -1.0)=   -5 ( -1.0, -1.0)=   -5 ( -1.0, -1.0)=   -5 ( -1.0, -1.0)=   -5 ( -1.0, -1.0)=   -5 ( -1.0, -1.0)=   -5 ( -1.0, -1.0)=   -5 ( -1.0, -1.0)=   -5 ( -1.0, -1.0)=   -5 ( -1.0, -1.0)=   -5 ( -1.0, -1.0)=   -5 ( -1.0, -1.0)=   -5 ( -1.0, -1.0)=   -5 ( -1.0, -1.0)=   -5 ( -1.0, -1.0)=   -5 ( -1.0, -1.0)=   -5 ( -1.0, -1.0)=   -5 ( -1.0, -1.0)=   -5 ( -1.0, -1.0)=   -5 ( -1.0, -1.0)=   -5 ( -1.0, -1.0)=   -5 ( -1.0, -1.0)=   -5 ( -1.0, -1.0)=   -5 ( -1.0, -1.0)=   -5 ( -1.0, -1.0)=   -5 
